Analysis & Synthesis report for laba8_var1
Sun May 03 19:35:32 2026
Quartus II Version 9.1 Build 222 10/21/2009 SJ Web Edition


---------------------
; Table of Contents ;
---------------------
  1. Legal Notice
  2. Analysis & Synthesis Summary
  3. Analysis & Synthesis Settings
  4. Parallel Compilation
  5. Analysis & Synthesis Source Files Read
  6. Analysis & Synthesis Resource Usage Summary
  7. Analysis & Synthesis Resource Utilization by Entity
  8. General Register Statistics
  9. Multiplexer Restructuring Statistics (Restructuring Performed)
 10. Parameter Settings for User Entity Instance: cache_set_2_way:inst|cache_line_bank:inst1|lpm_dff3:inst1|lpm_ff:lpm_ff_component
 11. Parameter Settings for User Entity Instance: cache_set_2_way:inst|cache_line_bank:inst1|lpm_compare0:inst8|lpm_compare:lpm_compare_component
 12. Parameter Settings for User Entity Instance: cache_set_2_way:inst|cache_line_bank:inst1|lpm_dff0:inst|lpm_ff:lpm_ff_component
 13. Parameter Settings for User Entity Instance: cache_set_2_way:inst|cache_line_bank:inst1|lpm_mux0:inst6|LPM_MUX:lpm_mux_component
 14. Parameter Settings for User Entity Instance: cache_set_2_way:inst|cache_line_bank:inst1|lpm_dff2:inst3|lpm_ff:lpm_ff_component
 15. Parameter Settings for User Entity Instance: cache_set_2_way:inst|cache_line_bank:inst1|lpm_dff1:inst2|lpm_ff:lpm_ff_component
 16. Parameter Settings for User Entity Instance: cache_set_2_way:inst|cache_controller:inst2|lpm_dff4:inst10|lpm_ff:lpm_ff_component
 17. Parameter Settings for User Entity Instance: cache_set_2_way:inst|cache_line_bank:inst|lpm_dff3:inst1|lpm_ff:lpm_ff_component
 18. Parameter Settings for User Entity Instance: cache_set_2_way:inst|cache_line_bank:inst|lpm_compare0:inst8|lpm_compare:lpm_compare_component
 19. Parameter Settings for User Entity Instance: cache_set_2_way:inst|cache_line_bank:inst|lpm_dff0:inst|lpm_ff:lpm_ff_component
 20. Parameter Settings for User Entity Instance: cache_set_2_way:inst|cache_line_bank:inst|lpm_mux0:inst6|LPM_MUX:lpm_mux_component
 21. Parameter Settings for User Entity Instance: cache_set_2_way:inst|cache_line_bank:inst|lpm_dff2:inst3|lpm_ff:lpm_ff_component
 22. Parameter Settings for User Entity Instance: cache_set_2_way:inst|cache_line_bank:inst|lpm_dff1:inst2|lpm_ff:lpm_ff_component
 23. Parameter Settings for User Entity Instance: cache_set_2_way:inst|lpm_mux1:inst9|LPM_MUX:lpm_mux_component
 24. Parameter Settings for User Entity Instance: lpm_decode0:inst10|lpm_decode:lpm_decode_component
 25. Parameter Settings for User Entity Instance: cache_set_2_way:inst2|cache_line_bank:inst1|lpm_dff3:inst1|lpm_ff:lpm_ff_component
 26. Parameter Settings for User Entity Instance: cache_set_2_way:inst2|cache_line_bank:inst1|lpm_compare0:inst8|lpm_compare:lpm_compare_component
 27. Parameter Settings for User Entity Instance: cache_set_2_way:inst2|cache_line_bank:inst1|lpm_dff0:inst|lpm_ff:lpm_ff_component
 28. Parameter Settings for User Entity Instance: cache_set_2_way:inst2|cache_line_bank:inst1|lpm_mux0:inst6|LPM_MUX:lpm_mux_component
 29. Parameter Settings for User Entity Instance: cache_set_2_way:inst2|cache_line_bank:inst1|lpm_dff2:inst3|lpm_ff:lpm_ff_component
 30. Parameter Settings for User Entity Instance: cache_set_2_way:inst2|cache_line_bank:inst1|lpm_dff1:inst2|lpm_ff:lpm_ff_component
 31. Parameter Settings for User Entity Instance: cache_set_2_way:inst2|cache_controller:inst2|lpm_dff4:inst10|lpm_ff:lpm_ff_component
 32. Parameter Settings for User Entity Instance: cache_set_2_way:inst2|cache_line_bank:inst|lpm_dff3:inst1|lpm_ff:lpm_ff_component
 33. Parameter Settings for User Entity Instance: cache_set_2_way:inst2|cache_line_bank:inst|lpm_compare0:inst8|lpm_compare:lpm_compare_component
 34. Parameter Settings for User Entity Instance: cache_set_2_way:inst2|cache_line_bank:inst|lpm_dff0:inst|lpm_ff:lpm_ff_component
 35. Parameter Settings for User Entity Instance: cache_set_2_way:inst2|cache_line_bank:inst|lpm_mux0:inst6|LPM_MUX:lpm_mux_component
 36. Parameter Settings for User Entity Instance: cache_set_2_way:inst2|cache_line_bank:inst|lpm_dff2:inst3|lpm_ff:lpm_ff_component
 37. Parameter Settings for User Entity Instance: cache_set_2_way:inst2|cache_line_bank:inst|lpm_dff1:inst2|lpm_ff:lpm_ff_component
 38. Parameter Settings for User Entity Instance: cache_set_2_way:inst2|lpm_mux1:inst9|LPM_MUX:lpm_mux_component
 39. Parameter Settings for User Entity Instance: cache_set_2_way:inst3|cache_line_bank:inst1|lpm_dff3:inst1|lpm_ff:lpm_ff_component
 40. Parameter Settings for User Entity Instance: cache_set_2_way:inst3|cache_line_bank:inst1|lpm_compare0:inst8|lpm_compare:lpm_compare_component
 41. Parameter Settings for User Entity Instance: cache_set_2_way:inst3|cache_line_bank:inst1|lpm_dff0:inst|lpm_ff:lpm_ff_component
 42. Parameter Settings for User Entity Instance: cache_set_2_way:inst3|cache_line_bank:inst1|lpm_mux0:inst6|LPM_MUX:lpm_mux_component
 43. Parameter Settings for User Entity Instance: cache_set_2_way:inst3|cache_line_bank:inst1|lpm_dff2:inst3|lpm_ff:lpm_ff_component
 44. Parameter Settings for User Entity Instance: cache_set_2_way:inst3|cache_line_bank:inst1|lpm_dff1:inst2|lpm_ff:lpm_ff_component
 45. Parameter Settings for User Entity Instance: cache_set_2_way:inst3|cache_controller:inst2|lpm_dff4:inst10|lpm_ff:lpm_ff_component
 46. Parameter Settings for User Entity Instance: cache_set_2_way:inst3|cache_line_bank:inst|lpm_dff3:inst1|lpm_ff:lpm_ff_component
 47. Parameter Settings for User Entity Instance: cache_set_2_way:inst3|cache_line_bank:inst|lpm_compare0:inst8|lpm_compare:lpm_compare_component
 48. Parameter Settings for User Entity Instance: cache_set_2_way:inst3|cache_line_bank:inst|lpm_dff0:inst|lpm_ff:lpm_ff_component
 49. Parameter Settings for User Entity Instance: cache_set_2_way:inst3|cache_line_bank:inst|lpm_mux0:inst6|LPM_MUX:lpm_mux_component
 50. Parameter Settings for User Entity Instance: cache_set_2_way:inst3|cache_line_bank:inst|lpm_dff2:inst3|lpm_ff:lpm_ff_component
 51. Parameter Settings for User Entity Instance: cache_set_2_way:inst3|cache_line_bank:inst|lpm_dff1:inst2|lpm_ff:lpm_ff_component
 52. Parameter Settings for User Entity Instance: cache_set_2_way:inst3|lpm_mux1:inst9|LPM_MUX:lpm_mux_component
 53. Parameter Settings for User Entity Instance: cache_set_2_way:inst1|cache_line_bank:inst1|lpm_dff3:inst1|lpm_ff:lpm_ff_component
 54. Parameter Settings for User Entity Instance: cache_set_2_way:inst1|cache_line_bank:inst1|lpm_compare0:inst8|lpm_compare:lpm_compare_component
 55. Parameter Settings for User Entity Instance: cache_set_2_way:inst1|cache_line_bank:inst1|lpm_dff0:inst|lpm_ff:lpm_ff_component
 56. Parameter Settings for User Entity Instance: cache_set_2_way:inst1|cache_line_bank:inst1|lpm_mux0:inst6|LPM_MUX:lpm_mux_component
 57. Parameter Settings for User Entity Instance: cache_set_2_way:inst1|cache_line_bank:inst1|lpm_dff2:inst3|lpm_ff:lpm_ff_component
 58. Parameter Settings for User Entity Instance: cache_set_2_way:inst1|cache_line_bank:inst1|lpm_dff1:inst2|lpm_ff:lpm_ff_component
 59. Parameter Settings for User Entity Instance: cache_set_2_way:inst1|cache_controller:inst2|lpm_dff4:inst10|lpm_ff:lpm_ff_component
 60. Parameter Settings for User Entity Instance: cache_set_2_way:inst1|cache_line_bank:inst|lpm_dff3:inst1|lpm_ff:lpm_ff_component
 61. Parameter Settings for User Entity Instance: cache_set_2_way:inst1|cache_line_bank:inst|lpm_compare0:inst8|lpm_compare:lpm_compare_component
 62. Parameter Settings for User Entity Instance: cache_set_2_way:inst1|cache_line_bank:inst|lpm_dff0:inst|lpm_ff:lpm_ff_component
 63. Parameter Settings for User Entity Instance: cache_set_2_way:inst1|cache_line_bank:inst|lpm_mux0:inst6|LPM_MUX:lpm_mux_component
 64. Parameter Settings for User Entity Instance: cache_set_2_way:inst1|cache_line_bank:inst|lpm_dff2:inst3|lpm_ff:lpm_ff_component
 65. Parameter Settings for User Entity Instance: cache_set_2_way:inst1|cache_line_bank:inst|lpm_dff1:inst2|lpm_ff:lpm_ff_component
 66. Parameter Settings for User Entity Instance: cache_set_2_way:inst1|lpm_mux1:inst9|LPM_MUX:lpm_mux_component
 67. Parameter Settings for User Entity Instance: lpm_bustri0:inst7|lpm_bustri:lpm_bustri_component
 68. Parameter Settings for User Entity Instance: lpm_bustri0:inst6|lpm_bustri:lpm_bustri_component
 69. Parameter Settings for User Entity Instance: lpm_bustri0:inst5|lpm_bustri:lpm_bustri_component
 70. Parameter Settings for User Entity Instance: lpm_bustri0:inst4|lpm_bustri:lpm_bustri_component
 71. Analysis & Synthesis Messages



----------------
; Legal Notice ;
----------------
Copyright (C) 1991-2009 Altera Corporation
Your use of Altera Corporation's design tools, logic functions 
and other software and tools, and its AMPP partner logic 
functions, and any output files from any of the foregoing 
(including device programming or simulation files), and any 
associated documentation or information are expressly subject 
to the terms and conditions of the Altera Program License 
Subscription Agreement, Altera MegaCore Function License 
Agreement, or other applicable license agreement, including, 
without limitation, that your use is for the sole purpose of 
programming logic devices manufactured by Altera and sold by 
Altera or its authorized distributors.  Please refer to the 
applicable agreement for further details.



+-------------------------------------------------------------------------+
; Analysis & Synthesis Summary                                            ;
+-------------------------------+-----------------------------------------+
; Analysis & Synthesis Status   ; Successful - Sun May 03 19:35:32 2026   ;
; Quartus II Version            ; 9.1 Build 222 10/21/2009 SJ Web Edition ;
; Revision Name                 ; laba8_var1                              ;
; Top-level Entity Name         ; cache_top_level                         ;
; Family                        ; Stratix II                              ;
; Logic utilization             ; N/A                                     ;
;     Combinational ALUTs       ; 101                                     ;
;     Dedicated logic registers ; 180                                     ;
; Total registers               ; 180                                     ;
; Total pins                    ; 36                                      ;
; Total virtual pins            ; 0                                       ;
; Total block memory bits       ; 0                                       ;
; DSP block 9-bit elements      ; 0                                       ;
; Total PLLs                    ; 0                                       ;
; Total DLLs                    ; 0                                       ;
+-------------------------------+-----------------------------------------+


+----------------------------------------------------------------------------------------------------------------------+
; Analysis & Synthesis Settings                                                                                        ;
+----------------------------------------------------------------------------+--------------------+--------------------+
; Option                                                                     ; Setting            ; Default Value      ;
+----------------------------------------------------------------------------+--------------------+--------------------+
; Top-level entity name                                                      ; cache_top_level    ; laba8_var1         ;
; Family name                                                                ; Stratix II         ; Stratix II         ;
; Optimization Technique                                                     ; Speed              ; Balanced           ;
; Use smart compilation                                                      ; Off                ; Off                ;
; Enable parallel Assembler and TimeQuest Timing Analyzer during compilation ; On                 ; On                 ;
; Enable compact report table                                                ; Off                ; Off                ;
; Restructure Multiplexers                                                   ; Auto               ; Auto               ;
; Create Debugging Nodes for IP Cores                                        ; Off                ; Off                ;
; Preserve fewer node names                                                  ; On                 ; On                 ;
; Disable OpenCore Plus hardware evaluation                                  ; Off                ; Off                ;
; Verilog Version                                                            ; Verilog_2001       ; Verilog_2001       ;
; VHDL Version                                                               ; VHDL_1993          ; VHDL_1993          ;
; State Machine Processing                                                   ; Auto               ; Auto               ;
; Safe State Machine                                                         ; Off                ; Off                ;
; Extract Verilog State Machines                                             ; On                 ; On                 ;
; Extract VHDL State Machines                                                ; On                 ; On                 ;
; Ignore Verilog initial constructs                                          ; Off                ; Off                ;
; Iteration limit for constant Verilog loops                                 ; 5000               ; 5000               ;
; Iteration limit for non-constant Verilog loops                             ; 250                ; 250                ;
; Add Pass-Through Logic to Inferred RAMs                                    ; On                 ; On                 ;
; Parallel Synthesis                                                         ; On                 ; On                 ;
; DSP Block Balancing                                                        ; Auto               ; Auto               ;
; NOT Gate Push-Back                                                         ; On                 ; On                 ;
; Power-Up Don't Care                                                        ; On                 ; On                 ;
; Remove Redundant Logic Cells                                               ; Off                ; Off                ;
; Remove Duplicate Registers                                                 ; On                 ; On                 ;
; Ignore CARRY Buffers                                                       ; Off                ; Off                ;
; Ignore CASCADE Buffers                                                     ; Off                ; Off                ;
; Ignore GLOBAL Buffers                                                      ; Off                ; Off                ;
; Ignore ROW GLOBAL Buffers                                                  ; Off                ; Off                ;
; Ignore LCELL Buffers                                                       ; Off                ; Off                ;
; Ignore SOFT Buffers                                                        ; On                 ; On                 ;
; Limit AHDL Integers to 32 Bits                                             ; Off                ; Off                ;
; Carry Chain Length                                                         ; 70                 ; 70                 ;
; Auto Carry Chains                                                          ; On                 ; On                 ;
; Auto Open-Drain Pins                                                       ; On                 ; On                 ;
; Perform WYSIWYG Primitive Resynthesis                                      ; Off                ; Off                ;
; Auto ROM Replacement                                                       ; On                 ; On                 ;
; Auto RAM Replacement                                                       ; On                 ; On                 ;
; Auto DSP Block Replacement                                                 ; On                 ; On                 ;
; Auto Shift Register Replacement                                            ; Auto               ; Auto               ;
; Auto Clock Enable Replacement                                              ; On                 ; On                 ;
; Strict RAM Replacement                                                     ; Off                ; Off                ;
; Allow Synchronous Control Signals                                          ; On                 ; On                 ;
; Force Use of Synchronous Clear Signals                                     ; Off                ; Off                ;
; Auto RAM Block Balancing                                                   ; On                 ; On                 ;
; Auto RAM to Logic Cell Conversion                                          ; Off                ; Off                ;
; Auto Resource Sharing                                                      ; Off                ; Off                ;
; Allow Any RAM Size For Recognition                                         ; Off                ; Off                ;
; Allow Any ROM Size For Recognition                                         ; Off                ; Off                ;
; Allow Any Shift Register Size For Recognition                              ; Off                ; Off                ;
; Use LogicLock Constraints during Resource Balancing                        ; On                 ; On                 ;
; Ignore translate_off and synthesis_off directives                          ; Off                ; Off                ;
; Timing-Driven Synthesis                                                    ; Off                ; Off                ;
; Show Parameter Settings Tables in Synthesis Report                         ; On                 ; On                 ;
; Ignore Maximum Fan-Out Assignments                                         ; Off                ; Off                ;
; Synchronization Register Chain Length                                      ; 2                  ; 2                  ;
; PowerPlay Power Optimization                                               ; Normal compilation ; Normal compilation ;
; HDL message level                                                          ; Level2             ; Level2             ;
; Suppress Register Optimization Related Messages                            ; Off                ; Off                ;
; Number of Removed Registers Reported in Synthesis Report                   ; 100                ; 100                ;
; Number of Inverted Registers Reported in Synthesis Report                  ; 100                ; 100                ;
; Clock MUX Protection                                                       ; On                 ; On                 ;
; Auto Gated Clock Conversion                                                ; Off                ; Off                ;
; Block Design Naming                                                        ; Auto               ; Auto               ;
; SDC constraint protection                                                  ; Off                ; Off                ;
; Synthesis Effort                                                           ; Auto               ; Auto               ;
; Shift Register Replacement - Allow Asynchronous Clear Signal               ; On                 ; On                 ;
; Analysis & Synthesis Message Level                                         ; Medium             ; Medium             ;
; Disable Register Merging Across Hierarchies                                ; Auto               ; Auto               ;
; Resource Aware Inference For Block RAM                                     ; On                 ; On                 ;
+----------------------------------------------------------------------------+--------------------+--------------------+


Parallel compilation was disabled, but you have multiple processors available. Enable parallel compilation to reduce compilation time.
+-------------------------------------+
; Parallel Compilation                ;
+----------------------------+--------+
; Processors                 ; Number ;
+----------------------------+--------+
; Number detected on machine ; 6      ;
; Maximum allowed            ; 1      ;
+----------------------------+--------+


+-------------------------------------------------------------------------------------------------------------------------------------------------------------------+
; Analysis & Synthesis Source Files Read                                                                                                                            ;
+----------------------------------+-----------------+------------------------------------+-------------------------------------------------------------------------+
; File Name with User-Entered Path ; Used in Netlist ; File Type                          ; File Name with Absolute Path                                            ;
+----------------------------------+-----------------+------------------------------------+-------------------------------------------------------------------------+
; cache_line_bank.bdf              ; yes             ; User Block Diagram/Schematic File  ; C:/Users/lapshet/Desktop/labs/Laba 8/lab8_var12_v1/cache_line_bank.bdf  ;
; cache_set_2_way.bdf              ; yes             ; User Block Diagram/Schematic File  ; C:/Users/lapshet/Desktop/labs/Laba 8/lab8_var12_v1/cache_set_2_way.bdf  ;
; cache_top_level.bdf              ; yes             ; User Block Diagram/Schematic File  ; C:/Users/lapshet/Desktop/labs/Laba 8/lab8_var12_v1/cache_top_level.bdf  ;
; lpm_bustri0.vhd                  ; yes             ; User Wizard-Generated File         ; C:/Users/lapshet/Desktop/labs/Laba 8/lab8_var12_v1/lpm_bustri0.vhd      ;
; lpm_compare0.vhd                 ; yes             ; User Wizard-Generated File         ; C:/Users/lapshet/Desktop/labs/Laba 8/lab8_var12_v1/lpm_compare0.vhd     ;
; lpm_decode0.vhd                  ; yes             ; User Wizard-Generated File         ; C:/Users/lapshet/Desktop/labs/Laba 8/lab8_var12_v1/lpm_decode0.vhd      ;
; lpm_dff0.vhd                     ; yes             ; User Wizard-Generated File         ; C:/Users/lapshet/Desktop/labs/Laba 8/lab8_var12_v1/lpm_dff0.vhd         ;
; lpm_dff1.vhd                     ; yes             ; User Wizard-Generated File         ; C:/Users/lapshet/Desktop/labs/Laba 8/lab8_var12_v1/lpm_dff1.vhd         ;
; lpm_dff2.vhd                     ; yes             ; User Wizard-Generated File         ; C:/Users/lapshet/Desktop/labs/Laba 8/lab8_var12_v1/lpm_dff2.vhd         ;
; lpm_dff3.vhd                     ; yes             ; User Wizard-Generated File         ; C:/Users/lapshet/Desktop/labs/Laba 8/lab8_var12_v1/lpm_dff3.vhd         ;
; lpm_dff4.vhd                     ; yes             ; User Wizard-Generated File         ; C:/Users/lapshet/Desktop/labs/Laba 8/lab8_var12_v1/lpm_dff4.vhd         ;
; lpm_mux0.vhd                     ; yes             ; User Wizard-Generated File         ; C:/Users/lapshet/Desktop/labs/Laba 8/lab8_var12_v1/lpm_mux0.vhd         ;
; lpm_mux1.vhd                     ; yes             ; User Wizard-Generated File         ; C:/Users/lapshet/Desktop/labs/Laba 8/lab8_var12_v1/lpm_mux1.vhd         ;
; cache_controller.bdf             ; yes             ; User Block Diagram/Schematic File  ; C:/Users/lapshet/Desktop/labs/Laba 8/lab8_var12_v1/cache_controller.bdf ;
; lpm_ff.tdf                       ; yes             ; Megafunction                       ; c:/altera/91/quartus/libraries/megafunctions/lpm_ff.tdf                 ;
; lpm_compare.tdf                  ; yes             ; Megafunction                       ; c:/altera/91/quartus/libraries/megafunctions/lpm_compare.tdf            ;
; db/cmpr_cig.tdf                  ; yes             ; Auto-Generated Megafunction        ; C:/Users/lapshet/Desktop/labs/Laba 8/lab8_var12_v1/db/cmpr_cig.tdf      ;
; lpm_mux.tdf                      ; yes             ; Megafunction                       ; c:/altera/91/quartus/libraries/megafunctions/lpm_mux.tdf                ;
; db/mux_94e.tdf                   ; yes             ; Auto-Generated Megafunction        ; C:/Users/lapshet/Desktop/labs/Laba 8/lab8_var12_v1/db/mux_94e.tdf       ;
; lpm_decode.tdf                   ; yes             ; Megafunction                       ; c:/altera/91/quartus/libraries/megafunctions/lpm_decode.tdf             ;
; db/decode_0sf.tdf                ; yes             ; Auto-Generated Megafunction        ; C:/Users/lapshet/Desktop/labs/Laba 8/lab8_var12_v1/db/decode_0sf.tdf    ;
; lpm_bustri.tdf                   ; yes             ; Megafunction                       ; c:/altera/91/quartus/libraries/megafunctions/lpm_bustri.tdf             ;
+----------------------------------+-----------------+------------------------------------+-------------------------------------------------------------------------+


+-------------------------------------------------------+
; Analysis & Synthesis Resource Usage Summary           ;
+-----------------------------------------------+-------+
; Resource                                      ; Usage ;
+-----------------------------------------------+-------+
; Estimated ALUTs Used                          ; 101   ;
; Dedicated logic registers                     ; 180   ;
;                                               ;       ;
; Estimated ALUTs Unavailable                   ; 0     ;
;                                               ;       ;
; Total combinational functions                 ; 101   ;
; Combinational ALUT usage by number of inputs  ;       ;
;     -- 7 input functions                      ; 0     ;
;     -- 6 input functions                      ; 40    ;
;     -- 5 input functions                      ; 18    ;
;     -- 4 input functions                      ; 23    ;
;     -- <=3 input functions                    ; 20    ;
;                                               ;       ;
; Combinational ALUTs by mode                   ;       ;
;     -- normal mode                            ; 101   ;
;     -- extended LUT mode                      ; 0     ;
;     -- arithmetic mode                        ; 0     ;
;     -- shared arithmetic mode                 ; 0     ;
;                                               ;       ;
; Estimated ALUT/register pairs used            ; 251   ;
;                                               ;       ;
; Total registers                               ; 180   ;
;     -- Dedicated logic registers              ; 180   ;
;     -- I/O registers                          ; 0     ;
;                                               ;       ;
; Estimated ALMs:  partially or completely used ; 126   ;
;                                               ;       ;
; I/O pins                                      ; 36    ;
; Maximum fan-out node                          ; clk   ;
; Maximum fan-out                               ; 180   ;
; Total fan-out                                 ; 1193  ;
; Average fan-out                               ; 3.76  ;
+-----------------------------------------------+-------+


+------------------------------------------------------------------------------------------------------------------------------------------------------------------------------------------------------------------------------------------------------------------------------------------------------------------------------------------+
; Analysis & Synthesis Resource Utilization by Entity                                                                                                                                                                                                                                                                                      ;
+-------------------------------------------------+-------------------+--------------+-------------------+--------------+---------+-----------+-----------+------+--------------+-------------------------------------------------------------------------------------------------------------------------------------------+--------------+
; Compilation Hierarchy Node                      ; LC Combinationals ; LC Registers ; Block Memory Bits ; DSP Elements ; DSP 9x9 ; DSP 18x18 ; DSP 36x36 ; Pins ; Virtual Pins ; Full Hierarchy Name                                                                                                                       ; Library Name ;
+-------------------------------------------------+-------------------+--------------+-------------------+--------------+---------+-----------+-----------+------+--------------+-------------------------------------------------------------------------------------------------------------------------------------------+--------------+
; |cache_top_level                                ; 101 (1)           ; 180 (0)      ; 0                 ; 0            ; 0       ; 0         ; 0         ; 36   ; 0            ; |cache_top_level                                                                                                                          ; work         ;
;    |cache_set_2_way:inst1|                      ; 20 (1)            ; 45 (0)       ; 0                 ; 0            ; 0       ; 0         ; 0         ; 0    ; 0            ; |cache_top_level|cache_set_2_way:inst1                                                                                                    ; work         ;
;       |cache_controller:inst2|                  ; 4 (3)             ; 1 (0)        ; 0                 ; 0            ; 0       ; 0         ; 0         ; 0    ; 0            ; |cache_top_level|cache_set_2_way:inst1|cache_controller:inst2                                                                             ; work         ;
;          |lpm_dff4:inst10|                      ; 1 (0)             ; 1 (0)        ; 0                 ; 0            ; 0       ; 0         ; 0         ; 0    ; 0            ; |cache_top_level|cache_set_2_way:inst1|cache_controller:inst2|lpm_dff4:inst10                                                             ; work         ;
;             |lpm_ff:lpm_ff_component|           ; 1 (1)             ; 1 (1)        ; 0                 ; 0            ; 0       ; 0         ; 0         ; 0    ; 0            ; |cache_top_level|cache_set_2_way:inst1|cache_controller:inst2|lpm_dff4:inst10|lpm_ff:lpm_ff_component                                     ; work         ;
;       |cache_line_bank:inst1|                   ; 4 (3)             ; 22 (0)       ; 0                 ; 0            ; 0       ; 0         ; 0         ; 0    ; 0            ; |cache_top_level|cache_set_2_way:inst1|cache_line_bank:inst1                                                                              ; work         ;
;          |lpm_compare0:inst8|                   ; 1 (0)             ; 0 (0)        ; 0                 ; 0            ; 0       ; 0         ; 0         ; 0    ; 0            ; |cache_top_level|cache_set_2_way:inst1|cache_line_bank:inst1|lpm_compare0:inst8                                                           ; work         ;
;             |lpm_compare:lpm_compare_component| ; 1 (0)             ; 0 (0)        ; 0                 ; 0            ; 0       ; 0         ; 0         ; 0    ; 0            ; |cache_top_level|cache_set_2_way:inst1|cache_line_bank:inst1|lpm_compare0:inst8|lpm_compare:lpm_compare_component                         ; work         ;
;                |cmpr_cig:auto_generated|        ; 1 (1)             ; 0 (0)        ; 0                 ; 0            ; 0       ; 0         ; 0         ; 0    ; 0            ; |cache_top_level|cache_set_2_way:inst1|cache_line_bank:inst1|lpm_compare0:inst8|lpm_compare:lpm_compare_component|cmpr_cig:auto_generated ; work         ;
;          |lpm_dff0:inst|                        ; 0 (0)             ; 5 (0)        ; 0                 ; 0            ; 0       ; 0         ; 0         ; 0    ; 0            ; |cache_top_level|cache_set_2_way:inst1|cache_line_bank:inst1|lpm_dff0:inst                                                                ; work         ;
;             |lpm_ff:lpm_ff_component|           ; 0 (0)             ; 5 (5)        ; 0                 ; 0            ; 0       ; 0         ; 0         ; 0    ; 0            ; |cache_top_level|cache_set_2_way:inst1|cache_line_bank:inst1|lpm_dff0:inst|lpm_ff:lpm_ff_component                                        ; work         ;
;          |lpm_dff1:inst2|                       ; 0 (0)             ; 8 (0)        ; 0                 ; 0            ; 0       ; 0         ; 0         ; 0    ; 0            ; |cache_top_level|cache_set_2_way:inst1|cache_line_bank:inst1|lpm_dff1:inst2                                                               ; work         ;
;             |lpm_ff:lpm_ff_component|           ; 0 (0)             ; 8 (8)        ; 0                 ; 0            ; 0       ; 0         ; 0         ; 0    ; 0            ; |cache_top_level|cache_set_2_way:inst1|cache_line_bank:inst1|lpm_dff1:inst2|lpm_ff:lpm_ff_component                                       ; work         ;
;          |lpm_dff2:inst3|                       ; 0 (0)             ; 8 (0)        ; 0                 ; 0            ; 0       ; 0         ; 0         ; 0    ; 0            ; |cache_top_level|cache_set_2_way:inst1|cache_line_bank:inst1|lpm_dff2:inst3                                                               ; work         ;
;             |lpm_ff:lpm_ff_component|           ; 0 (0)             ; 8 (8)        ; 0                 ; 0            ; 0       ; 0         ; 0         ; 0    ; 0            ; |cache_top_level|cache_set_2_way:inst1|cache_line_bank:inst1|lpm_dff2:inst3|lpm_ff:lpm_ff_component                                       ; work         ;
;          |lpm_dff3:inst1|                       ; 0 (0)             ; 1 (0)        ; 0                 ; 0            ; 0       ; 0         ; 0         ; 0    ; 0            ; |cache_top_level|cache_set_2_way:inst1|cache_line_bank:inst1|lpm_dff3:inst1                                                               ; work         ;
;             |lpm_ff:lpm_ff_component|           ; 0 (0)             ; 1 (1)        ; 0                 ; 0            ; 0       ; 0         ; 0         ; 0    ; 0            ; |cache_top_level|cache_set_2_way:inst1|cache_line_bank:inst1|lpm_dff3:inst1|lpm_ff:lpm_ff_component                                       ; work         ;
;       |cache_line_bank:inst|                    ; 3 (3)             ; 22 (0)       ; 0                 ; 0            ; 0       ; 0         ; 0         ; 0    ; 0            ; |cache_top_level|cache_set_2_way:inst1|cache_line_bank:inst                                                                               ; work         ;
;          |lpm_dff0:inst|                        ; 0 (0)             ; 5 (0)        ; 0                 ; 0            ; 0       ; 0         ; 0         ; 0    ; 0            ; |cache_top_level|cache_set_2_way:inst1|cache_line_bank:inst|lpm_dff0:inst                                                                 ; work         ;
;             |lpm_ff:lpm_ff_component|           ; 0 (0)             ; 5 (5)        ; 0                 ; 0            ; 0       ; 0         ; 0         ; 0    ; 0            ; |cache_top_level|cache_set_2_way:inst1|cache_line_bank:inst|lpm_dff0:inst|lpm_ff:lpm_ff_component                                         ; work         ;
;          |lpm_dff1:inst2|                       ; 0 (0)             ; 8 (0)        ; 0                 ; 0            ; 0       ; 0         ; 0         ; 0    ; 0            ; |cache_top_level|cache_set_2_way:inst1|cache_line_bank:inst|lpm_dff1:inst2                                                                ; work         ;
;             |lpm_ff:lpm_ff_component|           ; 0 (0)             ; 8 (8)        ; 0                 ; 0            ; 0       ; 0         ; 0         ; 0    ; 0            ; |cache_top_level|cache_set_2_way:inst1|cache_line_bank:inst|lpm_dff1:inst2|lpm_ff:lpm_ff_component                                        ; work         ;
;          |lpm_dff2:inst3|                       ; 0 (0)             ; 8 (0)        ; 0                 ; 0            ; 0       ; 0         ; 0         ; 0    ; 0            ; |cache_top_level|cache_set_2_way:inst1|cache_line_bank:inst|lpm_dff2:inst3                                                                ; work         ;
;             |lpm_ff:lpm_ff_component|           ; 0 (0)             ; 8 (8)        ; 0                 ; 0            ; 0       ; 0         ; 0         ; 0    ; 0            ; |cache_top_level|cache_set_2_way:inst1|cache_line_bank:inst|lpm_dff2:inst3|lpm_ff:lpm_ff_component                                        ; work         ;
;          |lpm_dff3:inst1|                       ; 0 (0)             ; 1 (0)        ; 0                 ; 0            ; 0       ; 0         ; 0         ; 0    ; 0            ; |cache_top_level|cache_set_2_way:inst1|cache_line_bank:inst|lpm_dff3:inst1                                                                ; work         ;
;             |lpm_ff:lpm_ff_component|           ; 0 (0)             ; 1 (1)        ; 0                 ; 0            ; 0       ; 0         ; 0         ; 0    ; 0            ; |cache_top_level|cache_set_2_way:inst1|cache_line_bank:inst|lpm_dff3:inst1|lpm_ff:lpm_ff_component                                        ; work         ;
;       |lpm_mux1:inst9|                          ; 8 (0)             ; 0 (0)        ; 0                 ; 0            ; 0       ; 0         ; 0         ; 0    ; 0            ; |cache_top_level|cache_set_2_way:inst1|lpm_mux1:inst9                                                                                     ; work         ;
;          |lpm_mux:lpm_mux_component|            ; 8 (0)             ; 0 (0)        ; 0                 ; 0            ; 0       ; 0         ; 0         ; 0    ; 0            ; |cache_top_level|cache_set_2_way:inst1|lpm_mux1:inst9|lpm_mux:lpm_mux_component                                                           ; work         ;
;             |mux_94e:auto_generated|            ; 8 (8)             ; 0 (0)        ; 0                 ; 0            ; 0       ; 0         ; 0         ; 0    ; 0            ; |cache_top_level|cache_set_2_way:inst1|lpm_mux1:inst9|lpm_mux:lpm_mux_component|mux_94e:auto_generated                                    ; work         ;
;    |cache_set_2_way:inst2|                      ; 20 (1)            ; 45 (0)       ; 0                 ; 0            ; 0       ; 0         ; 0         ; 0    ; 0            ; |cache_top_level|cache_set_2_way:inst2                                                                                                    ; work         ;
;       |cache_controller:inst2|                  ; 4 (3)             ; 1 (0)        ; 0                 ; 0            ; 0       ; 0         ; 0         ; 0    ; 0            ; |cache_top_level|cache_set_2_way:inst2|cache_controller:inst2                                                                             ; work         ;
;          |lpm_dff4:inst10|                      ; 1 (0)             ; 1 (0)        ; 0                 ; 0            ; 0       ; 0         ; 0         ; 0    ; 0            ; |cache_top_level|cache_set_2_way:inst2|cache_controller:inst2|lpm_dff4:inst10                                                             ; work         ;
;             |lpm_ff:lpm_ff_component|           ; 1 (1)             ; 1 (1)        ; 0                 ; 0            ; 0       ; 0         ; 0         ; 0    ; 0            ; |cache_top_level|cache_set_2_way:inst2|cache_controller:inst2|lpm_dff4:inst10|lpm_ff:lpm_ff_component                                     ; work         ;
;       |cache_line_bank:inst1|                   ; 4 (3)             ; 22 (0)       ; 0                 ; 0            ; 0       ; 0         ; 0         ; 0    ; 0            ; |cache_top_level|cache_set_2_way:inst2|cache_line_bank:inst1                                                                              ; work         ;
;          |lpm_compare0:inst8|                   ; 1 (0)             ; 0 (0)        ; 0                 ; 0            ; 0       ; 0         ; 0         ; 0    ; 0            ; |cache_top_level|cache_set_2_way:inst2|cache_line_bank:inst1|lpm_compare0:inst8                                                           ; work         ;
;             |lpm_compare:lpm_compare_component| ; 1 (0)             ; 0 (0)        ; 0                 ; 0            ; 0       ; 0         ; 0         ; 0    ; 0            ; |cache_top_level|cache_set_2_way:inst2|cache_line_bank:inst1|lpm_compare0:inst8|lpm_compare:lpm_compare_component                         ; work         ;
;                |cmpr_cig:auto_generated|        ; 1 (1)             ; 0 (0)        ; 0                 ; 0            ; 0       ; 0         ; 0         ; 0    ; 0            ; |cache_top_level|cache_set_2_way:inst2|cache_line_bank:inst1|lpm_compare0:inst8|lpm_compare:lpm_compare_component|cmpr_cig:auto_generated ; work         ;
;          |lpm_dff0:inst|                        ; 0 (0)             ; 5 (0)        ; 0                 ; 0            ; 0       ; 0         ; 0         ; 0    ; 0            ; |cache_top_level|cache_set_2_way:inst2|cache_line_bank:inst1|lpm_dff0:inst                                                                ; work         ;
;             |lpm_ff:lpm_ff_component|           ; 0 (0)             ; 5 (5)        ; 0                 ; 0            ; 0       ; 0         ; 0         ; 0    ; 0            ; |cache_top_level|cache_set_2_way:inst2|cache_line_bank:inst1|lpm_dff0:inst|lpm_ff:lpm_ff_component                                        ; work         ;
;          |lpm_dff1:inst2|                       ; 0 (0)             ; 8 (0)        ; 0                 ; 0            ; 0       ; 0         ; 0         ; 0    ; 0            ; |cache_top_level|cache_set_2_way:inst2|cache_line_bank:inst1|lpm_dff1:inst2                                                               ; work         ;
;             |lpm_ff:lpm_ff_component|           ; 0 (0)             ; 8 (8)        ; 0                 ; 0            ; 0       ; 0         ; 0         ; 0    ; 0            ; |cache_top_level|cache_set_2_way:inst2|cache_line_bank:inst1|lpm_dff1:inst2|lpm_ff:lpm_ff_component                                       ; work         ;
;          |lpm_dff2:inst3|                       ; 0 (0)             ; 8 (0)        ; 0                 ; 0            ; 0       ; 0         ; 0         ; 0    ; 0            ; |cache_top_level|cache_set_2_way:inst2|cache_line_bank:inst1|lpm_dff2:inst3                                                               ; work         ;
;             |lpm_ff:lpm_ff_component|           ; 0 (0)             ; 8 (8)        ; 0                 ; 0            ; 0       ; 0         ; 0         ; 0    ; 0            ; |cache_top_level|cache_set_2_way:inst2|cache_line_bank:inst1|lpm_dff2:inst3|lpm_ff:lpm_ff_component                                       ; work         ;
;          |lpm_dff3:inst1|                       ; 0 (0)             ; 1 (0)        ; 0                 ; 0            ; 0       ; 0         ; 0         ; 0    ; 0            ; |cache_top_level|cache_set_2_way:inst2|cache_line_bank:inst1|lpm_dff3:inst1                                                               ; work         ;
;             |lpm_ff:lpm_ff_component|           ; 0 (0)             ; 1 (1)        ; 0                 ; 0            ; 0       ; 0         ; 0         ; 0    ; 0            ; |cache_top_level|cache_set_2_way:inst2|cache_line_bank:inst1|lpm_dff3:inst1|lpm_ff:lpm_ff_component                                       ; work         ;
;       |cache_line_bank:inst|                    ; 3 (3)             ; 22 (0)       ; 0                 ; 0            ; 0       ; 0         ; 0         ; 0    ; 0            ; |cache_top_level|cache_set_2_way:inst2|cache_line_bank:inst                                                                               ; work         ;
;          |lpm_dff0:inst|                        ; 0 (0)             ; 5 (0)        ; 0                 ; 0            ; 0       ; 0         ; 0         ; 0    ; 0            ; |cache_top_level|cache_set_2_way:inst2|cache_line_bank:inst|lpm_dff0:inst                                                                 ; work         ;
;             |lpm_ff:lpm_ff_component|           ; 0 (0)             ; 5 (5)        ; 0                 ; 0            ; 0       ; 0         ; 0         ; 0    ; 0            ; |cache_top_level|cache_set_2_way:inst2|cache_line_bank:inst|lpm_dff0:inst|lpm_ff:lpm_ff_component                                         ; work         ;
;          |lpm_dff1:inst2|                       ; 0 (0)             ; 8 (0)        ; 0                 ; 0            ; 0       ; 0         ; 0         ; 0    ; 0            ; |cache_top_level|cache_set_2_way:inst2|cache_line_bank:inst|lpm_dff1:inst2                                                                ; work         ;
;             |lpm_ff:lpm_ff_component|           ; 0 (0)             ; 8 (8)        ; 0                 ; 0            ; 0       ; 0         ; 0         ; 0    ; 0            ; |cache_top_level|cache_set_2_way:inst2|cache_line_bank:inst|lpm_dff1:inst2|lpm_ff:lpm_ff_component                                        ; work         ;
;          |lpm_dff2:inst3|                       ; 0 (0)             ; 8 (0)        ; 0                 ; 0            ; 0       ; 0         ; 0         ; 0    ; 0            ; |cache_top_level|cache_set_2_way:inst2|cache_line_bank:inst|lpm_dff2:inst3                                                                ; work         ;
;             |lpm_ff:lpm_ff_component|           ; 0 (0)             ; 8 (8)        ; 0                 ; 0            ; 0       ; 0         ; 0         ; 0    ; 0            ; |cache_top_level|cache_set_2_way:inst2|cache_line_bank:inst|lpm_dff2:inst3|lpm_ff:lpm_ff_component                                        ; work         ;
;          |lpm_dff3:inst1|                       ; 0 (0)             ; 1 (0)        ; 0                 ; 0            ; 0       ; 0         ; 0         ; 0    ; 0            ; |cache_top_level|cache_set_2_way:inst2|cache_line_bank:inst|lpm_dff3:inst1                                                                ; work         ;
;             |lpm_ff:lpm_ff_component|           ; 0 (0)             ; 1 (1)        ; 0                 ; 0            ; 0       ; 0         ; 0         ; 0    ; 0            ; |cache_top_level|cache_set_2_way:inst2|cache_line_bank:inst|lpm_dff3:inst1|lpm_ff:lpm_ff_component                                        ; work         ;
;       |lpm_mux1:inst9|                          ; 8 (0)             ; 0 (0)        ; 0                 ; 0            ; 0       ; 0         ; 0         ; 0    ; 0            ; |cache_top_level|cache_set_2_way:inst2|lpm_mux1:inst9                                                                                     ; work         ;
;          |lpm_mux:lpm_mux_component|            ; 8 (0)             ; 0 (0)        ; 0                 ; 0            ; 0       ; 0         ; 0         ; 0    ; 0            ; |cache_top_level|cache_set_2_way:inst2|lpm_mux1:inst9|lpm_mux:lpm_mux_component                                                           ; work         ;
;             |mux_94e:auto_generated|            ; 8 (8)             ; 0 (0)        ; 0                 ; 0            ; 0       ; 0         ; 0         ; 0    ; 0            ; |cache_top_level|cache_set_2_way:inst2|lpm_mux1:inst9|lpm_mux:lpm_mux_component|mux_94e:auto_generated                                    ; work         ;
;    |cache_set_2_way:inst3|                      ; 20 (1)            ; 45 (0)       ; 0                 ; 0            ; 0       ; 0         ; 0         ; 0    ; 0            ; |cache_top_level|cache_set_2_way:inst3                                                                                                    ; work         ;
;       |cache_controller:inst2|                  ; 4 (3)             ; 1 (0)        ; 0                 ; 0            ; 0       ; 0         ; 0         ; 0    ; 0            ; |cache_top_level|cache_set_2_way:inst3|cache_controller:inst2                                                                             ; work         ;
;          |lpm_dff4:inst10|                      ; 1 (0)             ; 1 (0)        ; 0                 ; 0            ; 0       ; 0         ; 0         ; 0    ; 0            ; |cache_top_level|cache_set_2_way:inst3|cache_controller:inst2|lpm_dff4:inst10                                                             ; work         ;
;             |lpm_ff:lpm_ff_component|           ; 1 (1)             ; 1 (1)        ; 0                 ; 0            ; 0       ; 0         ; 0         ; 0    ; 0            ; |cache_top_level|cache_set_2_way:inst3|cache_controller:inst2|lpm_dff4:inst10|lpm_ff:lpm_ff_component                                     ; work         ;
;       |cache_line_bank:inst1|                   ; 4 (3)             ; 22 (0)       ; 0                 ; 0            ; 0       ; 0         ; 0         ; 0    ; 0            ; |cache_top_level|cache_set_2_way:inst3|cache_line_bank:inst1                                                                              ; work         ;
;          |lpm_compare0:inst8|                   ; 1 (0)             ; 0 (0)        ; 0                 ; 0            ; 0       ; 0         ; 0         ; 0    ; 0            ; |cache_top_level|cache_set_2_way:inst3|cache_line_bank:inst1|lpm_compare0:inst8                                                           ; work         ;
;             |lpm_compare:lpm_compare_component| ; 1 (0)             ; 0 (0)        ; 0                 ; 0            ; 0       ; 0         ; 0         ; 0    ; 0            ; |cache_top_level|cache_set_2_way:inst3|cache_line_bank:inst1|lpm_compare0:inst8|lpm_compare:lpm_compare_component                         ; work         ;
;                |cmpr_cig:auto_generated|        ; 1 (1)             ; 0 (0)        ; 0                 ; 0            ; 0       ; 0         ; 0         ; 0    ; 0            ; |cache_top_level|cache_set_2_way:inst3|cache_line_bank:inst1|lpm_compare0:inst8|lpm_compare:lpm_compare_component|cmpr_cig:auto_generated ; work         ;
;          |lpm_dff0:inst|                        ; 0 (0)             ; 5 (0)        ; 0                 ; 0            ; 0       ; 0         ; 0         ; 0    ; 0            ; |cache_top_level|cache_set_2_way:inst3|cache_line_bank:inst1|lpm_dff0:inst                                                                ; work         ;
;             |lpm_ff:lpm_ff_component|           ; 0 (0)             ; 5 (5)        ; 0                 ; 0            ; 0       ; 0         ; 0         ; 0    ; 0            ; |cache_top_level|cache_set_2_way:inst3|cache_line_bank:inst1|lpm_dff0:inst|lpm_ff:lpm_ff_component                                        ; work         ;
;          |lpm_dff1:inst2|                       ; 0 (0)             ; 8 (0)        ; 0                 ; 0            ; 0       ; 0         ; 0         ; 0    ; 0            ; |cache_top_level|cache_set_2_way:inst3|cache_line_bank:inst1|lpm_dff1:inst2                                                               ; work         ;
;             |lpm_ff:lpm_ff_component|           ; 0 (0)             ; 8 (8)        ; 0                 ; 0            ; 0       ; 0         ; 0         ; 0    ; 0            ; |cache_top_level|cache_set_2_way:inst3|cache_line_bank:inst1|lpm_dff1:inst2|lpm_ff:lpm_ff_component                                       ; work         ;
;          |lpm_dff2:inst3|                       ; 0 (0)             ; 8 (0)        ; 0                 ; 0            ; 0       ; 0         ; 0         ; 0    ; 0            ; |cache_top_level|cache_set_2_way:inst3|cache_line_bank:inst1|lpm_dff2:inst3                                                               ; work         ;
;             |lpm_ff:lpm_ff_component|           ; 0 (0)             ; 8 (8)        ; 0                 ; 0            ; 0       ; 0         ; 0         ; 0    ; 0            ; |cache_top_level|cache_set_2_way:inst3|cache_line_bank:inst1|lpm_dff2:inst3|lpm_ff:lpm_ff_component                                       ; work         ;
;          |lpm_dff3:inst1|                       ; 0 (0)             ; 1 (0)        ; 0                 ; 0            ; 0       ; 0         ; 0         ; 0    ; 0            ; |cache_top_level|cache_set_2_way:inst3|cache_line_bank:inst1|lpm_dff3:inst1                                                               ; work         ;
;             |lpm_ff:lpm_ff_component|           ; 0 (0)             ; 1 (1)        ; 0                 ; 0            ; 0       ; 0         ; 0         ; 0    ; 0            ; |cache_top_level|cache_set_2_way:inst3|cache_line_bank:inst1|lpm_dff3:inst1|lpm_ff:lpm_ff_component                                       ; work         ;
;       |cache_line_bank:inst|                    ; 3 (3)             ; 22 (0)       ; 0                 ; 0            ; 0       ; 0         ; 0         ; 0    ; 0            ; |cache_top_level|cache_set_2_way:inst3|cache_line_bank:inst                                                                               ; work         ;
;          |lpm_dff0:inst|                        ; 0 (0)             ; 5 (0)        ; 0                 ; 0            ; 0       ; 0         ; 0         ; 0    ; 0            ; |cache_top_level|cache_set_2_way:inst3|cache_line_bank:inst|lpm_dff0:inst                                                                 ; work         ;
;             |lpm_ff:lpm_ff_component|           ; 0 (0)             ; 5 (5)        ; 0                 ; 0            ; 0       ; 0         ; 0         ; 0    ; 0            ; |cache_top_level|cache_set_2_way:inst3|cache_line_bank:inst|lpm_dff0:inst|lpm_ff:lpm_ff_component                                         ; work         ;
;          |lpm_dff1:inst2|                       ; 0 (0)             ; 8 (0)        ; 0                 ; 0            ; 0       ; 0         ; 0         ; 0    ; 0            ; |cache_top_level|cache_set_2_way:inst3|cache_line_bank:inst|lpm_dff1:inst2                                                                ; work         ;
;             |lpm_ff:lpm_ff_component|           ; 0 (0)             ; 8 (8)        ; 0                 ; 0            ; 0       ; 0         ; 0         ; 0    ; 0            ; |cache_top_level|cache_set_2_way:inst3|cache_line_bank:inst|lpm_dff1:inst2|lpm_ff:lpm_ff_component                                        ; work         ;
;          |lpm_dff2:inst3|                       ; 0 (0)             ; 8 (0)        ; 0                 ; 0            ; 0       ; 0         ; 0         ; 0    ; 0            ; |cache_top_level|cache_set_2_way:inst3|cache_line_bank:inst|lpm_dff2:inst3                                                                ; work         ;
;             |lpm_ff:lpm_ff_component|           ; 0 (0)             ; 8 (8)        ; 0                 ; 0            ; 0       ; 0         ; 0         ; 0    ; 0            ; |cache_top_level|cache_set_2_way:inst3|cache_line_bank:inst|lpm_dff2:inst3|lpm_ff:lpm_ff_component                                        ; work         ;
;          |lpm_dff3:inst1|                       ; 0 (0)             ; 1 (0)        ; 0                 ; 0            ; 0       ; 0         ; 0         ; 0    ; 0            ; |cache_top_level|cache_set_2_way:inst3|cache_line_bank:inst|lpm_dff3:inst1                                                                ; work         ;
;             |lpm_ff:lpm_ff_component|           ; 0 (0)             ; 1 (1)        ; 0                 ; 0            ; 0       ; 0         ; 0         ; 0    ; 0            ; |cache_top_level|cache_set_2_way:inst3|cache_line_bank:inst|lpm_dff3:inst1|lpm_ff:lpm_ff_component                                        ; work         ;
;       |lpm_mux1:inst9|                          ; 8 (0)             ; 0 (0)        ; 0                 ; 0            ; 0       ; 0         ; 0         ; 0    ; 0            ; |cache_top_level|cache_set_2_way:inst3|lpm_mux1:inst9                                                                                     ; work         ;
;          |lpm_mux:lpm_mux_component|            ; 8 (0)             ; 0 (0)        ; 0                 ; 0            ; 0       ; 0         ; 0         ; 0    ; 0            ; |cache_top_level|cache_set_2_way:inst3|lpm_mux1:inst9|lpm_mux:lpm_mux_component                                                           ; work         ;
;             |mux_94e:auto_generated|            ; 8 (8)             ; 0 (0)        ; 0                 ; 0            ; 0       ; 0         ; 0         ; 0    ; 0            ; |cache_top_level|cache_set_2_way:inst3|lpm_mux1:inst9|lpm_mux:lpm_mux_component|mux_94e:auto_generated                                    ; work         ;
;    |cache_set_2_way:inst|                       ; 20 (1)            ; 45 (0)       ; 0                 ; 0            ; 0       ; 0         ; 0         ; 0    ; 0            ; |cache_top_level|cache_set_2_way:inst                                                                                                     ;              ;
;       |cache_controller:inst2|                  ; 4 (3)             ; 1 (0)        ; 0                 ; 0            ; 0       ; 0         ; 0         ; 0    ; 0            ; |cache_top_level|cache_set_2_way:inst|cache_controller:inst2                                                                              ; work         ;
;          |lpm_dff4:inst10|                      ; 1 (0)             ; 1 (0)        ; 0                 ; 0            ; 0       ; 0         ; 0         ; 0    ; 0            ; |cache_top_level|cache_set_2_way:inst|cache_controller:inst2|lpm_dff4:inst10                                                              ; work         ;
;             |lpm_ff:lpm_ff_component|           ; 1 (1)             ; 1 (1)        ; 0                 ; 0            ; 0       ; 0         ; 0         ; 0    ; 0            ; |cache_top_level|cache_set_2_way:inst|cache_controller:inst2|lpm_dff4:inst10|lpm_ff:lpm_ff_component                                      ; work         ;
;       |cache_line_bank:inst1|                   ; 4 (3)             ; 22 (0)       ; 0                 ; 0            ; 0       ; 0         ; 0         ; 0    ; 0            ; |cache_top_level|cache_set_2_way:inst|cache_line_bank:inst1                                                                               ; work         ;
;          |lpm_compare0:inst8|                   ; 1 (0)             ; 0 (0)        ; 0                 ; 0            ; 0       ; 0         ; 0         ; 0    ; 0            ; |cache_top_level|cache_set_2_way:inst|cache_line_bank:inst1|lpm_compare0:inst8                                                            ; work         ;
;             |lpm_compare:lpm_compare_component| ; 1 (0)             ; 0 (0)        ; 0                 ; 0            ; 0       ; 0         ; 0         ; 0    ; 0            ; |cache_top_level|cache_set_2_way:inst|cache_line_bank:inst1|lpm_compare0:inst8|lpm_compare:lpm_compare_component                          ; work         ;
;                |cmpr_cig:auto_generated|        ; 1 (1)             ; 0 (0)        ; 0                 ; 0            ; 0       ; 0         ; 0         ; 0    ; 0            ; |cache_top_level|cache_set_2_way:inst|cache_line_bank:inst1|lpm_compare0:inst8|lpm_compare:lpm_compare_component|cmpr_cig:auto_generated  ; work         ;
;          |lpm_dff0:inst|                        ; 0 (0)             ; 5 (0)        ; 0                 ; 0            ; 0       ; 0         ; 0         ; 0    ; 0            ; |cache_top_level|cache_set_2_way:inst|cache_line_bank:inst1|lpm_dff0:inst                                                                 ; work         ;
;             |lpm_ff:lpm_ff_component|           ; 0 (0)             ; 5 (5)        ; 0                 ; 0            ; 0       ; 0         ; 0         ; 0    ; 0            ; |cache_top_level|cache_set_2_way:inst|cache_line_bank:inst1|lpm_dff0:inst|lpm_ff:lpm_ff_component                                         ; work         ;
;          |lpm_dff1:inst2|                       ; 0 (0)             ; 8 (0)        ; 0                 ; 0            ; 0       ; 0         ; 0         ; 0    ; 0            ; |cache_top_level|cache_set_2_way:inst|cache_line_bank:inst1|lpm_dff1:inst2                                                                ; work         ;
;             |lpm_ff:lpm_ff_component|           ; 0 (0)             ; 8 (8)        ; 0                 ; 0            ; 0       ; 0         ; 0         ; 0    ; 0            ; |cache_top_level|cache_set_2_way:inst|cache_line_bank:inst1|lpm_dff1:inst2|lpm_ff:lpm_ff_component                                        ; work         ;
;          |lpm_dff2:inst3|                       ; 0 (0)             ; 8 (0)        ; 0                 ; 0            ; 0       ; 0         ; 0         ; 0    ; 0            ; |cache_top_level|cache_set_2_way:inst|cache_line_bank:inst1|lpm_dff2:inst3                                                                ; work         ;
;             |lpm_ff:lpm_ff_component|           ; 0 (0)             ; 8 (8)        ; 0                 ; 0            ; 0       ; 0         ; 0         ; 0    ; 0            ; |cache_top_level|cache_set_2_way:inst|cache_line_bank:inst1|lpm_dff2:inst3|lpm_ff:lpm_ff_component                                        ; work         ;
;          |lpm_dff3:inst1|                       ; 0 (0)             ; 1 (0)        ; 0                 ; 0            ; 0       ; 0         ; 0         ; 0    ; 0            ; |cache_top_level|cache_set_2_way:inst|cache_line_bank:inst1|lpm_dff3:inst1                                                                ; work         ;
;             |lpm_ff:lpm_ff_component|           ; 0 (0)             ; 1 (1)        ; 0                 ; 0            ; 0       ; 0         ; 0         ; 0    ; 0            ; |cache_top_level|cache_set_2_way:inst|cache_line_bank:inst1|lpm_dff3:inst1|lpm_ff:lpm_ff_component                                        ; work         ;
;       |cache_line_bank:inst|                    ; 3 (3)             ; 22 (0)       ; 0                 ; 0            ; 0       ; 0         ; 0         ; 0    ; 0            ; |cache_top_level|cache_set_2_way:inst|cache_line_bank:inst                                                                                ; work         ;
;          |lpm_dff0:inst|                        ; 0 (0)             ; 5 (0)        ; 0                 ; 0            ; 0       ; 0         ; 0         ; 0    ; 0            ; |cache_top_level|cache_set_2_way:inst|cache_line_bank:inst|lpm_dff0:inst                                                                  ; work         ;
;             |lpm_ff:lpm_ff_component|           ; 0 (0)             ; 5 (5)        ; 0                 ; 0            ; 0       ; 0         ; 0         ; 0    ; 0            ; |cache_top_level|cache_set_2_way:inst|cache_line_bank:inst|lpm_dff0:inst|lpm_ff:lpm_ff_component                                          ; work         ;
;          |lpm_dff1:inst2|                       ; 0 (0)             ; 8 (0)        ; 0                 ; 0            ; 0       ; 0         ; 0         ; 0    ; 0            ; |cache_top_level|cache_set_2_way:inst|cache_line_bank:inst|lpm_dff1:inst2                                                                 ; work         ;
;             |lpm_ff:lpm_ff_component|           ; 0 (0)             ; 8 (8)        ; 0                 ; 0            ; 0       ; 0         ; 0         ; 0    ; 0            ; |cache_top_level|cache_set_2_way:inst|cache_line_bank:inst|lpm_dff1:inst2|lpm_ff:lpm_ff_component                                         ; work         ;
;          |lpm_dff2:inst3|                       ; 0 (0)             ; 8 (0)        ; 0                 ; 0            ; 0       ; 0         ; 0         ; 0    ; 0            ; |cache_top_level|cache_set_2_way:inst|cache_line_bank:inst|lpm_dff2:inst3                                                                 ; work         ;
;             |lpm_ff:lpm_ff_component|           ; 0 (0)             ; 8 (8)        ; 0                 ; 0            ; 0       ; 0         ; 0         ; 0    ; 0            ; |cache_top_level|cache_set_2_way:inst|cache_line_bank:inst|lpm_dff2:inst3|lpm_ff:lpm_ff_component                                         ; work         ;
;          |lpm_dff3:inst1|                       ; 0 (0)             ; 1 (0)        ; 0                 ; 0            ; 0       ; 0         ; 0         ; 0    ; 0            ; |cache_top_level|cache_set_2_way:inst|cache_line_bank:inst|lpm_dff3:inst1                                                                 ; work         ;
;             |lpm_ff:lpm_ff_component|           ; 0 (0)             ; 1 (1)        ; 0                 ; 0            ; 0       ; 0         ; 0         ; 0    ; 0            ; |cache_top_level|cache_set_2_way:inst|cache_line_bank:inst|lpm_dff3:inst1|lpm_ff:lpm_ff_component                                         ; work         ;
;       |lpm_mux1:inst9|                          ; 8 (0)             ; 0 (0)        ; 0                 ; 0            ; 0       ; 0         ; 0         ; 0    ; 0            ; |cache_top_level|cache_set_2_way:inst|lpm_mux1:inst9                                                                                      ; work         ;
;          |lpm_mux:lpm_mux_component|            ; 8 (0)             ; 0 (0)        ; 0                 ; 0            ; 0       ; 0         ; 0         ; 0    ; 0            ; |cache_top_level|cache_set_2_way:inst|lpm_mux1:inst9|lpm_mux:lpm_mux_component                                                            ; work         ;
;             |mux_94e:auto_generated|            ; 8 (8)             ; 0 (0)        ; 0                 ; 0            ; 0       ; 0         ; 0         ; 0    ; 0            ; |cache_top_level|cache_set_2_way:inst|lpm_mux1:inst9|lpm_mux:lpm_mux_component|mux_94e:auto_generated                                     ; work         ;
;    |lpm_bustri0:inst7|                          ; 16 (0)            ; 0 (0)        ; 0                 ; 0            ; 0       ; 0         ; 0         ; 0    ; 0            ; |cache_top_level|lpm_bustri0:inst7                                                                                                        ; work         ;
;       |lpm_bustri:lpm_bustri_component|         ; 16 (16)           ; 0 (0)        ; 0                 ; 0            ; 0       ; 0         ; 0         ; 0    ; 0            ; |cache_top_level|lpm_bustri0:inst7|lpm_bustri:lpm_bustri_component                                                                        ; work         ;
;    |lpm_decode0:inst10|                         ; 4 (0)             ; 0 (0)        ; 0                 ; 0            ; 0       ; 0         ; 0         ; 0    ; 0            ; |cache_top_level|lpm_decode0:inst10                                                                                                       ; work         ;
;       |lpm_decode:lpm_decode_component|         ; 4 (0)             ; 0 (0)        ; 0                 ; 0            ; 0       ; 0         ; 0         ; 0    ; 0            ; |cache_top_level|lpm_decode0:inst10|lpm_decode:lpm_decode_component                                                                       ; work         ;
;          |decode_0sf:auto_generated|            ; 4 (4)             ; 0 (0)        ; 0                 ; 0            ; 0       ; 0         ; 0         ; 0    ; 0            ; |cache_top_level|lpm_decode0:inst10|lpm_decode:lpm_decode_component|decode_0sf:auto_generated                                             ; work         ;
+-------------------------------------------------+-------------------+--------------+-------------------+--------------+---------+-----------+-----------+------+--------------+-------------------------------------------------------------------------------------------------------------------------------------------+--------------+
Note: For table entries with two numbers listed, the numbers in parentheses indicate the number of resources of the given type used by the specific entity alone. The numbers listed outside of parentheses indicate the total resources of the given type used by the specific entity and all of its sub-entities in the hierarchy.


+------------------------------------------------------+
; General Register Statistics                          ;
+----------------------------------------------+-------+
; Statistic                                    ; Value ;
+----------------------------------------------+-------+
; Total registers                              ; 180   ;
; Number of registers using Synchronous Clear  ; 0     ;
; Number of registers using Synchronous Load   ; 0     ;
; Number of registers using Asynchronous Clear ; 180   ;
; Number of registers using Asynchronous Load  ; 0     ;
; Number of registers using Clock Enable       ; 180   ;
; Number of registers using Preset             ; 0     ;
+----------------------------------------------+-------+


+-------------------------------------------------------------------------------------------------------------------------------------------------------------------------------------------------------------------------------------------+
; Multiplexer Restructuring Statistics (Restructuring Performed)                                                                                                                                                                            ;
+--------------------+-----------+---------------+----------------------+------------------------+------------+-----------------------------------------------------------------------------------------------------------------------------+
; Multiplexer Inputs ; Bus Width ; Baseline Area ; Area if Restructured ; Saving if Restructured ; Registered ; Example Multiplexer Output                                                                                                  ;
+--------------------+-----------+---------------+----------------------+------------------------+------------+-----------------------------------------------------------------------------------------------------------------------------+
; 4:1                ; 8 bits    ; 16 ALUTs      ; 16 ALUTs             ; 0 ALUTs                ; No         ; |cache_top_level|cache_set_2_way:inst|lpm_mux1:inst9|lpm_mux:lpm_mux_component|mux_94e:auto_generated|l1_w7_n0_mux_dataout  ;
; 4:1                ; 8 bits    ; 16 ALUTs      ; 16 ALUTs             ; 0 ALUTs                ; No         ; |cache_top_level|cache_set_2_way:inst2|lpm_mux1:inst9|lpm_mux:lpm_mux_component|mux_94e:auto_generated|l1_w7_n0_mux_dataout ;
; 4:1                ; 8 bits    ; 16 ALUTs      ; 16 ALUTs             ; 0 ALUTs                ; No         ; |cache_top_level|cache_set_2_way:inst3|lpm_mux1:inst9|lpm_mux:lpm_mux_component|mux_94e:auto_generated|l1_w7_n0_mux_dataout ;
; 4:1                ; 8 bits    ; 16 ALUTs      ; 16 ALUTs             ; 0 ALUTs                ; No         ; |cache_top_level|cache_set_2_way:inst1|lpm_mux1:inst9|lpm_mux:lpm_mux_component|mux_94e:auto_generated|l1_w7_n0_mux_dataout ;
+--------------------+-----------+---------------+----------------------+------------------------+------------+-----------------------------------------------------------------------------------------------------------------------------+


+--------------------------------------------------------------------------------------------------------------------------------+
; Parameter Settings for User Entity Instance: cache_set_2_way:inst|cache_line_bank:inst1|lpm_dff3:inst1|lpm_ff:lpm_ff_component ;
+------------------------+------------+------------------------------------------------------------------------------------------+
; Parameter Name         ; Value      ; Type                                                                                     ;
+------------------------+------------+------------------------------------------------------------------------------------------+
; LPM_WIDTH              ; 1          ; Signed Integer                                                                           ;
; LPM_AVALUE             ; UNUSED     ; Untyped                                                                                  ;
; LPM_SVALUE             ; UNUSED     ; Untyped                                                                                  ;
; LPM_FFTYPE             ; DFF        ; Untyped                                                                                  ;
; DEVICE_FAMILY          ; Stratix II ; Untyped                                                                                  ;
; CBXI_PARAMETER         ; NOTHING    ; Untyped                                                                                  ;
; AUTO_CARRY_CHAINS      ; ON         ; AUTO_CARRY                                                                               ;
; IGNORE_CARRY_BUFFERS   ; OFF        ; IGNORE_CARRY                                                                             ;
; AUTO_CASCADE_CHAINS    ; ON         ; AUTO_CASCADE                                                                             ;
; IGNORE_CASCADE_BUFFERS ; OFF        ; IGNORE_CASCADE                                                                           ;
+------------------------+------------+------------------------------------------------------------------------------------------+
Note: In order to hide this table in the UI and the text report file, please set the "Show Parameter Settings Tables in Synthesis Report" option in "Analysis and Synthesis Settings -> More Settings" to "Off".


+----------------------------------------------------------------------------------------------------------------------------------------------+
; Parameter Settings for User Entity Instance: cache_set_2_way:inst|cache_line_bank:inst1|lpm_compare0:inst8|lpm_compare:lpm_compare_component ;
+------------------------+------------+--------------------------------------------------------------------------------------------------------+
; Parameter Name         ; Value      ; Type                                                                                                   ;
+------------------------+------------+--------------------------------------------------------------------------------------------------------+
; lpm_width              ; 5          ; Signed Integer                                                                                         ;
; LPM_REPRESENTATION     ; UNSIGNED   ; Untyped                                                                                                ;
; LPM_PIPELINE           ; 0          ; Untyped                                                                                                ;
; CHAIN_SIZE             ; 8          ; Untyped                                                                                                ;
; ONE_INPUT_IS_CONSTANT  ; NO         ; Untyped                                                                                                ;
; CARRY_CHAIN            ; MANUAL     ; Untyped                                                                                                ;
; CASCADE_CHAIN          ; MANUAL     ; Untyped                                                                                                ;
; CARRY_CHAIN_LENGTH     ; 48         ; CARRY_CHAIN_LENGTH                                                                                     ;
; CASCADE_CHAIN_LENGTH   ; 2          ; CASCADE_CHAIN_LENGTH                                                                                   ;
; DEVICE_FAMILY          ; Stratix II ; Untyped                                                                                                ;
; CBXI_PARAMETER         ; cmpr_cig   ; Untyped                                                                                                ;
; AUTO_CARRY_CHAINS      ; ON         ; AUTO_CARRY                                                                                             ;
; IGNORE_CARRY_BUFFERS   ; OFF        ; IGNORE_CARRY                                                                                           ;
; AUTO_CASCADE_CHAINS    ; ON         ; AUTO_CASCADE                                                                                           ;
; IGNORE_CASCADE_BUFFERS ; OFF        ; IGNORE_CASCADE                                                                                         ;
+------------------------+------------+--------------------------------------------------------------------------------------------------------+
Note: In order to hide this table in the UI and the text report file, please set the "Show Parameter Settings Tables in Synthesis Report" option in "Analysis and Synthesis Settings -> More Settings" to "Off".


+-------------------------------------------------------------------------------------------------------------------------------+
; Parameter Settings for User Entity Instance: cache_set_2_way:inst|cache_line_bank:inst1|lpm_dff0:inst|lpm_ff:lpm_ff_component ;
+------------------------+------------+-----------------------------------------------------------------------------------------+
; Parameter Name         ; Value      ; Type                                                                                    ;
+------------------------+------------+-----------------------------------------------------------------------------------------+
; LPM_WIDTH              ; 5          ; Signed Integer                                                                          ;
; LPM_AVALUE             ; UNUSED     ; Untyped                                                                                 ;
; LPM_SVALUE             ; UNUSED     ; Untyped                                                                                 ;
; LPM_FFTYPE             ; DFF        ; Untyped                                                                                 ;
; DEVICE_FAMILY          ; Stratix II ; Untyped                                                                                 ;
; CBXI_PARAMETER         ; NOTHING    ; Untyped                                                                                 ;
; AUTO_CARRY_CHAINS      ; ON         ; AUTO_CARRY                                                                              ;
; IGNORE_CARRY_BUFFERS   ; OFF        ; IGNORE_CARRY                                                                            ;
; AUTO_CASCADE_CHAINS    ; ON         ; AUTO_CASCADE                                                                            ;
; IGNORE_CASCADE_BUFFERS ; OFF        ; IGNORE_CASCADE                                                                          ;
+------------------------+------------+-----------------------------------------------------------------------------------------+
Note: In order to hide this table in the UI and the text report file, please set the "Show Parameter Settings Tables in Synthesis Report" option in "Analysis and Synthesis Settings -> More Settings" to "Off".


+----------------------------------------------------------------------------------------------------------------------------------+
; Parameter Settings for User Entity Instance: cache_set_2_way:inst|cache_line_bank:inst1|lpm_mux0:inst6|LPM_MUX:lpm_mux_component ;
+------------------------+------------+--------------------------------------------------------------------------------------------+
; Parameter Name         ; Value      ; Type                                                                                       ;
+------------------------+------------+--------------------------------------------------------------------------------------------+
; AUTO_CARRY_CHAINS      ; ON         ; AUTO_CARRY                                                                                 ;
; IGNORE_CARRY_BUFFERS   ; OFF        ; IGNORE_CARRY                                                                               ;
; AUTO_CASCADE_CHAINS    ; ON         ; AUTO_CASCADE                                                                               ;
; IGNORE_CASCADE_BUFFERS ; OFF        ; IGNORE_CASCADE                                                                             ;
; LPM_WIDTH              ; 8          ; Signed Integer                                                                             ;
; LPM_SIZE               ; 2          ; Signed Integer                                                                             ;
; LPM_WIDTHS             ; 1          ; Signed Integer                                                                             ;
; LPM_PIPELINE           ; 0          ; Signed Integer                                                                             ;
; CBXI_PARAMETER         ; mux_94e    ; Untyped                                                                                    ;
; DEVICE_FAMILY          ; Stratix II ; Untyped                                                                                    ;
+------------------------+------------+--------------------------------------------------------------------------------------------+
Note: In order to hide this table in the UI and the text report file, please set the "Show Parameter Settings Tables in Synthesis Report" option in "Analysis and Synthesis Settings -> More Settings" to "Off".


+--------------------------------------------------------------------------------------------------------------------------------+
; Parameter Settings for User Entity Instance: cache_set_2_way:inst|cache_line_bank:inst1|lpm_dff2:inst3|lpm_ff:lpm_ff_component ;
+------------------------+------------+------------------------------------------------------------------------------------------+
; Parameter Name         ; Value      ; Type                                                                                     ;
+------------------------+------------+------------------------------------------------------------------------------------------+
; LPM_WIDTH              ; 8          ; Signed Integer                                                                           ;
; LPM_AVALUE             ; UNUSED     ; Untyped                                                                                  ;
; LPM_SVALUE             ; UNUSED     ; Untyped                                                                                  ;
; LPM_FFTYPE             ; DFF        ; Untyped                                                                                  ;
; DEVICE_FAMILY          ; Stratix II ; Untyped                                                                                  ;
; CBXI_PARAMETER         ; NOTHING    ; Untyped                                                                                  ;
; AUTO_CARRY_CHAINS      ; ON         ; AUTO_CARRY                                                                               ;
; IGNORE_CARRY_BUFFERS   ; OFF        ; IGNORE_CARRY                                                                             ;
; AUTO_CASCADE_CHAINS    ; ON         ; AUTO_CASCADE                                                                             ;
; IGNORE_CASCADE_BUFFERS ; OFF        ; IGNORE_CASCADE                                                                           ;
+------------------------+------------+------------------------------------------------------------------------------------------+
Note: In order to hide this table in the UI and the text report file, please set the "Show Parameter Settings Tables in Synthesis Report" option in "Analysis and Synthesis Settings -> More Settings" to "Off".


+--------------------------------------------------------------------------------------------------------------------------------+
; Parameter Settings for User Entity Instance: cache_set_2_way:inst|cache_line_bank:inst1|lpm_dff1:inst2|lpm_ff:lpm_ff_component ;
+------------------------+------------+------------------------------------------------------------------------------------------+
; Parameter Name         ; Value      ; Type                                                                                     ;
+------------------------+------------+------------------------------------------------------------------------------------------+
; LPM_WIDTH              ; 8          ; Signed Integer                                                                           ;
; LPM_AVALUE             ; UNUSED     ; Untyped                                                                                  ;
; LPM_SVALUE             ; UNUSED     ; Untyped                                                                                  ;
; LPM_FFTYPE             ; DFF        ; Untyped                                                                                  ;
; DEVICE_FAMILY          ; Stratix II ; Untyped                                                                                  ;
; CBXI_PARAMETER         ; NOTHING    ; Untyped                                                                                  ;
; AUTO_CARRY_CHAINS      ; ON         ; AUTO_CARRY                                                                               ;
; IGNORE_CARRY_BUFFERS   ; OFF        ; IGNORE_CARRY                                                                             ;
; AUTO_CASCADE_CHAINS    ; ON         ; AUTO_CASCADE                                                                             ;
; IGNORE_CASCADE_BUFFERS ; OFF        ; IGNORE_CASCADE                                                                           ;
+------------------------+------------+------------------------------------------------------------------------------------------+
Note: In order to hide this table in the UI and the text report file, please set the "Show Parameter Settings Tables in Synthesis Report" option in "Analysis and Synthesis Settings -> More Settings" to "Off".


+----------------------------------------------------------------------------------------------------------------------------------+
; Parameter Settings for User Entity Instance: cache_set_2_way:inst|cache_controller:inst2|lpm_dff4:inst10|lpm_ff:lpm_ff_component ;
+------------------------+------------+--------------------------------------------------------------------------------------------+
; Parameter Name         ; Value      ; Type                                                                                       ;
+------------------------+------------+--------------------------------------------------------------------------------------------+
; LPM_WIDTH              ; 1          ; Signed Integer                                                                             ;
; LPM_AVALUE             ; UNUSED     ; Untyped                                                                                    ;
; LPM_SVALUE             ; UNUSED     ; Untyped                                                                                    ;
; LPM_FFTYPE             ; DFF        ; Untyped                                                                                    ;
; DEVICE_FAMILY          ; Stratix II ; Untyped                                                                                    ;
; CBXI_PARAMETER         ; NOTHING    ; Untyped                                                                                    ;
; AUTO_CARRY_CHAINS      ; ON         ; AUTO_CARRY                                                                                 ;
; IGNORE_CARRY_BUFFERS   ; OFF        ; IGNORE_CARRY                                                                               ;
; AUTO_CASCADE_CHAINS    ; ON         ; AUTO_CASCADE                                                                               ;
; IGNORE_CASCADE_BUFFERS ; OFF        ; IGNORE_CASCADE                                                                             ;
+------------------------+------------+--------------------------------------------------------------------------------------------+
Note: In order to hide this table in the UI and the text report file, please set the "Show Parameter Settings Tables in Synthesis Report" option in "Analysis and Synthesis Settings -> More Settings" to "Off".


+-------------------------------------------------------------------------------------------------------------------------------+
; Parameter Settings for User Entity Instance: cache_set_2_way:inst|cache_line_bank:inst|lpm_dff3:inst1|lpm_ff:lpm_ff_component ;
+------------------------+------------+-----------------------------------------------------------------------------------------+
; Parameter Name         ; Value      ; Type                                                                                    ;
+------------------------+------------+-----------------------------------------------------------------------------------------+
; LPM_WIDTH              ; 1          ; Signed Integer                                                                          ;
; LPM_AVALUE             ; UNUSED     ; Untyped                                                                                 ;
; LPM_SVALUE             ; UNUSED     ; Untyped                                                                                 ;
; LPM_FFTYPE             ; DFF        ; Untyped                                                                                 ;
; DEVICE_FAMILY          ; Stratix II ; Untyped                                                                                 ;
; CBXI_PARAMETER         ; NOTHING    ; Untyped                                                                                 ;
; AUTO_CARRY_CHAINS      ; ON         ; AUTO_CARRY                                                                              ;
; IGNORE_CARRY_BUFFERS   ; OFF        ; IGNORE_CARRY                                                                            ;
; AUTO_CASCADE_CHAINS    ; ON         ; AUTO_CASCADE                                                                            ;
; IGNORE_CASCADE_BUFFERS ; OFF        ; IGNORE_CASCADE                                                                          ;
+------------------------+------------+-----------------------------------------------------------------------------------------+
Note: In order to hide this table in the UI and the text report file, please set the "Show Parameter Settings Tables in Synthesis Report" option in "Analysis and Synthesis Settings -> More Settings" to "Off".


+---------------------------------------------------------------------------------------------------------------------------------------------+
; Parameter Settings for User Entity Instance: cache_set_2_way:inst|cache_line_bank:inst|lpm_compare0:inst8|lpm_compare:lpm_compare_component ;
+------------------------+------------+-------------------------------------------------------------------------------------------------------+
; Parameter Name         ; Value      ; Type                                                                                                  ;
+------------------------+------------+-------------------------------------------------------------------------------------------------------+
; lpm_width              ; 5          ; Signed Integer                                                                                        ;
; LPM_REPRESENTATION     ; UNSIGNED   ; Untyped                                                                                               ;
; LPM_PIPELINE           ; 0          ; Untyped                                                                                               ;
; CHAIN_SIZE             ; 8          ; Untyped                                                                                               ;
; ONE_INPUT_IS_CONSTANT  ; NO         ; Untyped                                                                                               ;
; CARRY_CHAIN            ; MANUAL     ; Untyped                                                                                               ;
; CASCADE_CHAIN          ; MANUAL     ; Untyped                                                                                               ;
; CARRY_CHAIN_LENGTH     ; 48         ; CARRY_CHAIN_LENGTH                                                                                    ;
; CASCADE_CHAIN_LENGTH   ; 2          ; CASCADE_CHAIN_LENGTH                                                                                  ;
; DEVICE_FAMILY          ; Stratix II ; Untyped                                                                                               ;
; CBXI_PARAMETER         ; cmpr_cig   ; Untyped                                                                                               ;
; AUTO_CARRY_CHAINS      ; ON         ; AUTO_CARRY                                                                                            ;
; IGNORE_CARRY_BUFFERS   ; OFF        ; IGNORE_CARRY                                                                                          ;
; AUTO_CASCADE_CHAINS    ; ON         ; AUTO_CASCADE                                                                                          ;
; IGNORE_CASCADE_BUFFERS ; OFF        ; IGNORE_CASCADE                                                                                        ;
+------------------------+------------+-------------------------------------------------------------------------------------------------------+
Note: In order to hide this table in the UI and the text report file, please set the "Show Parameter Settings Tables in Synthesis Report" option in "Analysis and Synthesis Settings -> More Settings" to "Off".


+------------------------------------------------------------------------------------------------------------------------------+
; Parameter Settings for User Entity Instance: cache_set_2_way:inst|cache_line_bank:inst|lpm_dff0:inst|lpm_ff:lpm_ff_component ;
+------------------------+------------+----------------------------------------------------------------------------------------+
; Parameter Name         ; Value      ; Type                                                                                   ;
+------------------------+------------+----------------------------------------------------------------------------------------+
; LPM_WIDTH              ; 5          ; Signed Integer                                                                         ;
; LPM_AVALUE             ; UNUSED     ; Untyped                                                                                ;
; LPM_SVALUE             ; UNUSED     ; Untyped                                                                                ;
; LPM_FFTYPE             ; DFF        ; Untyped                                                                                ;
; DEVICE_FAMILY          ; Stratix II ; Untyped                                                                                ;
; CBXI_PARAMETER         ; NOTHING    ; Untyped                                                                                ;
; AUTO_CARRY_CHAINS      ; ON         ; AUTO_CARRY                                                                             ;
; IGNORE_CARRY_BUFFERS   ; OFF        ; IGNORE_CARRY                                                                           ;
; AUTO_CASCADE_CHAINS    ; ON         ; AUTO_CASCADE                                                                           ;
; IGNORE_CASCADE_BUFFERS ; OFF        ; IGNORE_CASCADE                                                                         ;
+------------------------+------------+----------------------------------------------------------------------------------------+
Note: In order to hide this table in the UI and the text report file, please set the "Show Parameter Settings Tables in Synthesis Report" option in "Analysis and Synthesis Settings -> More Settings" to "Off".


+---------------------------------------------------------------------------------------------------------------------------------+
; Parameter Settings for User Entity Instance: cache_set_2_way:inst|cache_line_bank:inst|lpm_mux0:inst6|LPM_MUX:lpm_mux_component ;
+------------------------+------------+-------------------------------------------------------------------------------------------+
; Parameter Name         ; Value      ; Type                                                                                      ;
+------------------------+------------+-------------------------------------------------------------------------------------------+
; AUTO_CARRY_CHAINS      ; ON         ; AUTO_CARRY                                                                                ;
; IGNORE_CARRY_BUFFERS   ; OFF        ; IGNORE_CARRY                                                                              ;
; AUTO_CASCADE_CHAINS    ; ON         ; AUTO_CASCADE                                                                              ;
; IGNORE_CASCADE_BUFFERS ; OFF        ; IGNORE_CASCADE                                                                            ;
; LPM_WIDTH              ; 8          ; Signed Integer                                                                            ;
; LPM_SIZE               ; 2          ; Signed Integer                                                                            ;
; LPM_WIDTHS             ; 1          ; Signed Integer                                                                            ;
; LPM_PIPELINE           ; 0          ; Signed Integer                                                                            ;
; CBXI_PARAMETER         ; mux_94e    ; Untyped                                                                                   ;
; DEVICE_FAMILY          ; Stratix II ; Untyped                                                                                   ;
+------------------------+------------+-------------------------------------------------------------------------------------------+
Note: In order to hide this table in the UI and the text report file, please set the "Show Parameter Settings Tables in Synthesis Report" option in "Analysis and Synthesis Settings -> More Settings" to "Off".


+-------------------------------------------------------------------------------------------------------------------------------+
; Parameter Settings for User Entity Instance: cache_set_2_way:inst|cache_line_bank:inst|lpm_dff2:inst3|lpm_ff:lpm_ff_component ;
+------------------------+------------+-----------------------------------------------------------------------------------------+
; Parameter Name         ; Value      ; Type                                                                                    ;
+------------------------+------------+-----------------------------------------------------------------------------------------+
; LPM_WIDTH              ; 8          ; Signed Integer                                                                          ;
; LPM_AVALUE             ; UNUSED     ; Untyped                                                                                 ;
; LPM_SVALUE             ; UNUSED     ; Untyped                                                                                 ;
; LPM_FFTYPE             ; DFF        ; Untyped                                                                                 ;
; DEVICE_FAMILY          ; Stratix II ; Untyped                                                                                 ;
; CBXI_PARAMETER         ; NOTHING    ; Untyped                                                                                 ;
; AUTO_CARRY_CHAINS      ; ON         ; AUTO_CARRY                                                                              ;
; IGNORE_CARRY_BUFFERS   ; OFF        ; IGNORE_CARRY                                                                            ;
; AUTO_CASCADE_CHAINS    ; ON         ; AUTO_CASCADE                                                                            ;
; IGNORE_CASCADE_BUFFERS ; OFF        ; IGNORE_CASCADE                                                                          ;
+------------------------+------------+-----------------------------------------------------------------------------------------+
Note: In order to hide this table in the UI and the text report file, please set the "Show Parameter Settings Tables in Synthesis Report" option in "Analysis and Synthesis Settings -> More Settings" to "Off".


+-------------------------------------------------------------------------------------------------------------------------------+
; Parameter Settings for User Entity Instance: cache_set_2_way:inst|cache_line_bank:inst|lpm_dff1:inst2|lpm_ff:lpm_ff_component ;
+------------------------+------------+-----------------------------------------------------------------------------------------+
; Parameter Name         ; Value      ; Type                                                                                    ;
+------------------------+------------+-----------------------------------------------------------------------------------------+
; LPM_WIDTH              ; 8          ; Signed Integer                                                                          ;
; LPM_AVALUE             ; UNUSED     ; Untyped                                                                                 ;
; LPM_SVALUE             ; UNUSED     ; Untyped                                                                                 ;
; LPM_FFTYPE             ; DFF        ; Untyped                                                                                 ;
; DEVICE_FAMILY          ; Stratix II ; Untyped                                                                                 ;
; CBXI_PARAMETER         ; NOTHING    ; Untyped                                                                                 ;
; AUTO_CARRY_CHAINS      ; ON         ; AUTO_CARRY                                                                              ;
; IGNORE_CARRY_BUFFERS   ; OFF        ; IGNORE_CARRY                                                                            ;
; AUTO_CASCADE_CHAINS    ; ON         ; AUTO_CASCADE                                                                            ;
; IGNORE_CASCADE_BUFFERS ; OFF        ; IGNORE_CASCADE                                                                          ;
+------------------------+------------+-----------------------------------------------------------------------------------------+
Note: In order to hide this table in the UI and the text report file, please set the "Show Parameter Settings Tables in Synthesis Report" option in "Analysis and Synthesis Settings -> More Settings" to "Off".


+------------------------------------------------------------------------------------------------------------+
; Parameter Settings for User Entity Instance: cache_set_2_way:inst|lpm_mux1:inst9|LPM_MUX:lpm_mux_component ;
+------------------------+------------+----------------------------------------------------------------------+
; Parameter Name         ; Value      ; Type                                                                 ;
+------------------------+------------+----------------------------------------------------------------------+
; AUTO_CARRY_CHAINS      ; ON         ; AUTO_CARRY                                                           ;
; IGNORE_CARRY_BUFFERS   ; OFF        ; IGNORE_CARRY                                                         ;
; AUTO_CASCADE_CHAINS    ; ON         ; AUTO_CASCADE                                                         ;
; IGNORE_CASCADE_BUFFERS ; OFF        ; IGNORE_CASCADE                                                       ;
; LPM_WIDTH              ; 8          ; Signed Integer                                                       ;
; LPM_SIZE               ; 2          ; Signed Integer                                                       ;
; LPM_WIDTHS             ; 1          ; Signed Integer                                                       ;
; LPM_PIPELINE           ; 0          ; Signed Integer                                                       ;
; CBXI_PARAMETER         ; mux_94e    ; Untyped                                                              ;
; DEVICE_FAMILY          ; Stratix II ; Untyped                                                              ;
+------------------------+------------+----------------------------------------------------------------------+
Note: In order to hide this table in the UI and the text report file, please set the "Show Parameter Settings Tables in Synthesis Report" option in "Analysis and Synthesis Settings -> More Settings" to "Off".


+-------------------------------------------------------------------------------------------------+
; Parameter Settings for User Entity Instance: lpm_decode0:inst10|lpm_decode:lpm_decode_component ;
+------------------------+------------+-----------------------------------------------------------+
; Parameter Name         ; Value      ; Type                                                      ;
+------------------------+------------+-----------------------------------------------------------+
; LPM_WIDTH              ; 2          ; Signed Integer                                            ;
; LPM_DECODES            ; 4          ; Signed Integer                                            ;
; LPM_PIPELINE           ; 0          ; Untyped                                                   ;
; CASCADE_CHAIN          ; MANUAL     ; Untyped                                                   ;
; DEVICE_FAMILY          ; Stratix II ; Untyped                                                   ;
; CBXI_PARAMETER         ; decode_0sf ; Untyped                                                   ;
; AUTO_CARRY_CHAINS      ; ON         ; AUTO_CARRY                                                ;
; IGNORE_CARRY_BUFFERS   ; OFF        ; IGNORE_CARRY                                              ;
; AUTO_CASCADE_CHAINS    ; ON         ; AUTO_CASCADE                                              ;
; IGNORE_CASCADE_BUFFERS ; OFF        ; IGNORE_CASCADE                                            ;
+------------------------+------------+-----------------------------------------------------------+
Note: In order to hide this table in the UI and the text report file, please set the "Show Parameter Settings Tables in Synthesis Report" option in "Analysis and Synthesis Settings -> More Settings" to "Off".


+---------------------------------------------------------------------------------------------------------------------------------+
; Parameter Settings for User Entity Instance: cache_set_2_way:inst2|cache_line_bank:inst1|lpm_dff3:inst1|lpm_ff:lpm_ff_component ;
+------------------------+------------+-------------------------------------------------------------------------------------------+
; Parameter Name         ; Value      ; Type                                                                                      ;
+------------------------+------------+-------------------------------------------------------------------------------------------+
; LPM_WIDTH              ; 1          ; Signed Integer                                                                            ;
; LPM_AVALUE             ; UNUSED     ; Untyped                                                                                   ;
; LPM_SVALUE             ; UNUSED     ; Untyped                                                                                   ;
; LPM_FFTYPE             ; DFF        ; Untyped                                                                                   ;
; DEVICE_FAMILY          ; Stratix II ; Untyped                                                                                   ;
; CBXI_PARAMETER         ; NOTHING    ; Untyped                                                                                   ;
; AUTO_CARRY_CHAINS      ; ON         ; AUTO_CARRY                                                                                ;
; IGNORE_CARRY_BUFFERS   ; OFF        ; IGNORE_CARRY                                                                              ;
; AUTO_CASCADE_CHAINS    ; ON         ; AUTO_CASCADE                                                                              ;
; IGNORE_CASCADE_BUFFERS ; OFF        ; IGNORE_CASCADE                                                                            ;
+------------------------+------------+-------------------------------------------------------------------------------------------+
Note: In order to hide this table in the UI and the text report file, please set the "Show Parameter Settings Tables in Synthesis Report" option in "Analysis and Synthesis Settings -> More Settings" to "Off".


+-----------------------------------------------------------------------------------------------------------------------------------------------+
; Parameter Settings for User Entity Instance: cache_set_2_way:inst2|cache_line_bank:inst1|lpm_compare0:inst8|lpm_compare:lpm_compare_component ;
+------------------------+------------+---------------------------------------------------------------------------------------------------------+
; Parameter Name         ; Value      ; Type                                                                                                    ;
+------------------------+------------+---------------------------------------------------------------------------------------------------------+
; lpm_width              ; 5          ; Signed Integer                                                                                          ;
; LPM_REPRESENTATION     ; UNSIGNED   ; Untyped                                                                                                 ;
; LPM_PIPELINE           ; 0          ; Untyped                                                                                                 ;
; CHAIN_SIZE             ; 8          ; Untyped                                                                                                 ;
; ONE_INPUT_IS_CONSTANT  ; NO         ; Untyped                                                                                                 ;
; CARRY_CHAIN            ; MANUAL     ; Untyped                                                                                                 ;
; CASCADE_CHAIN          ; MANUAL     ; Untyped                                                                                                 ;
; CARRY_CHAIN_LENGTH     ; 48         ; CARRY_CHAIN_LENGTH                                                                                      ;
; CASCADE_CHAIN_LENGTH   ; 2          ; CASCADE_CHAIN_LENGTH                                                                                    ;
; DEVICE_FAMILY          ; Stratix II ; Untyped                                                                                                 ;
; CBXI_PARAMETER         ; cmpr_cig   ; Untyped                                                                                                 ;
; AUTO_CARRY_CHAINS      ; ON         ; AUTO_CARRY                                                                                              ;
; IGNORE_CARRY_BUFFERS   ; OFF        ; IGNORE_CARRY                                                                                            ;
; AUTO_CASCADE_CHAINS    ; ON         ; AUTO_CASCADE                                                                                            ;
; IGNORE_CASCADE_BUFFERS ; OFF        ; IGNORE_CASCADE                                                                                          ;
+------------------------+------------+---------------------------------------------------------------------------------------------------------+
Note: In order to hide this table in the UI and the text report file, please set the "Show Parameter Settings Tables in Synthesis Report" option in "Analysis and Synthesis Settings -> More Settings" to "Off".


+--------------------------------------------------------------------------------------------------------------------------------+
; Parameter Settings for User Entity Instance: cache_set_2_way:inst2|cache_line_bank:inst1|lpm_dff0:inst|lpm_ff:lpm_ff_component ;
+------------------------+------------+------------------------------------------------------------------------------------------+
; Parameter Name         ; Value      ; Type                                                                                     ;
+------------------------+------------+------------------------------------------------------------------------------------------+
; LPM_WIDTH              ; 5          ; Signed Integer                                                                           ;
; LPM_AVALUE             ; UNUSED     ; Untyped                                                                                  ;
; LPM_SVALUE             ; UNUSED     ; Untyped                                                                                  ;
; LPM_FFTYPE             ; DFF        ; Untyped                                                                                  ;
; DEVICE_FAMILY          ; Stratix II ; Untyped                                                                                  ;
; CBXI_PARAMETER         ; NOTHING    ; Untyped                                                                                  ;
; AUTO_CARRY_CHAINS      ; ON         ; AUTO_CARRY                                                                               ;
; IGNORE_CARRY_BUFFERS   ; OFF        ; IGNORE_CARRY                                                                             ;
; AUTO_CASCADE_CHAINS    ; ON         ; AUTO_CASCADE                                                                             ;
; IGNORE_CASCADE_BUFFERS ; OFF        ; IGNORE_CASCADE                                                                           ;
+------------------------+------------+------------------------------------------------------------------------------------------+
Note: In order to hide this table in the UI and the text report file, please set the "Show Parameter Settings Tables in Synthesis Report" option in "Analysis and Synthesis Settings -> More Settings" to "Off".


+-----------------------------------------------------------------------------------------------------------------------------------+
; Parameter Settings for User Entity Instance: cache_set_2_way:inst2|cache_line_bank:inst1|lpm_mux0:inst6|LPM_MUX:lpm_mux_component ;
+------------------------+------------+---------------------------------------------------------------------------------------------+
; Parameter Name         ; Value      ; Type                                                                                        ;
+------------------------+------------+---------------------------------------------------------------------------------------------+
; AUTO_CARRY_CHAINS      ; ON         ; AUTO_CARRY                                                                                  ;
; IGNORE_CARRY_BUFFERS   ; OFF        ; IGNORE_CARRY                                                                                ;
; AUTO_CASCADE_CHAINS    ; ON         ; AUTO_CASCADE                                                                                ;
; IGNORE_CASCADE_BUFFERS ; OFF        ; IGNORE_CASCADE                                                                              ;
; LPM_WIDTH              ; 8          ; Signed Integer                                                                              ;
; LPM_SIZE               ; 2          ; Signed Integer                                                                              ;
; LPM_WIDTHS             ; 1          ; Signed Integer                                                                              ;
; LPM_PIPELINE           ; 0          ; Signed Integer                                                                              ;
; CBXI_PARAMETER         ; mux_94e    ; Untyped                                                                                     ;
; DEVICE_FAMILY          ; Stratix II ; Untyped                                                                                     ;
+------------------------+------------+---------------------------------------------------------------------------------------------+
Note: In order to hide this table in the UI and the text report file, please set the "Show Parameter Settings Tables in Synthesis Report" option in "Analysis and Synthesis Settings -> More Settings" to "Off".


+---------------------------------------------------------------------------------------------------------------------------------+
; Parameter Settings for User Entity Instance: cache_set_2_way:inst2|cache_line_bank:inst1|lpm_dff2:inst3|lpm_ff:lpm_ff_component ;
+------------------------+------------+-------------------------------------------------------------------------------------------+
; Parameter Name         ; Value      ; Type                                                                                      ;
+------------------------+------------+-------------------------------------------------------------------------------------------+
; LPM_WIDTH              ; 8          ; Signed Integer                                                                            ;
; LPM_AVALUE             ; UNUSED     ; Untyped                                                                                   ;
; LPM_SVALUE             ; UNUSED     ; Untyped                                                                                   ;
; LPM_FFTYPE             ; DFF        ; Untyped                                                                                   ;
; DEVICE_FAMILY          ; Stratix II ; Untyped                                                                                   ;
; CBXI_PARAMETER         ; NOTHING    ; Untyped                                                                                   ;
; AUTO_CARRY_CHAINS      ; ON         ; AUTO_CARRY                                                                                ;
; IGNORE_CARRY_BUFFERS   ; OFF        ; IGNORE_CARRY                                                                              ;
; AUTO_CASCADE_CHAINS    ; ON         ; AUTO_CASCADE                                                                              ;
; IGNORE_CASCADE_BUFFERS ; OFF        ; IGNORE_CASCADE                                                                            ;
+------------------------+------------+-------------------------------------------------------------------------------------------+
Note: In order to hide this table in the UI and the text report file, please set the "Show Parameter Settings Tables in Synthesis Report" option in "Analysis and Synthesis Settings -> More Settings" to "Off".


+---------------------------------------------------------------------------------------------------------------------------------+
; Parameter Settings for User Entity Instance: cache_set_2_way:inst2|cache_line_bank:inst1|lpm_dff1:inst2|lpm_ff:lpm_ff_component ;
+------------------------+------------+-------------------------------------------------------------------------------------------+
; Parameter Name         ; Value      ; Type                                                                                      ;
+------------------------+------------+-------------------------------------------------------------------------------------------+
; LPM_WIDTH              ; 8          ; Signed Integer                                                                            ;
; LPM_AVALUE             ; UNUSED     ; Untyped                                                                                   ;
; LPM_SVALUE             ; UNUSED     ; Untyped                                                                                   ;
; LPM_FFTYPE             ; DFF        ; Untyped                                                                                   ;
; DEVICE_FAMILY          ; Stratix II ; Untyped                                                                                   ;
; CBXI_PARAMETER         ; NOTHING    ; Untyped                                                                                   ;
; AUTO_CARRY_CHAINS      ; ON         ; AUTO_CARRY                                                                                ;
; IGNORE_CARRY_BUFFERS   ; OFF        ; IGNORE_CARRY                                                                              ;
; AUTO_CASCADE_CHAINS    ; ON         ; AUTO_CASCADE                                                                              ;
; IGNORE_CASCADE_BUFFERS ; OFF        ; IGNORE_CASCADE                                                                            ;
+------------------------+------------+-------------------------------------------------------------------------------------------+
Note: In order to hide this table in the UI and the text report file, please set the "Show Parameter Settings Tables in Synthesis Report" option in "Analysis and Synthesis Settings -> More Settings" to "Off".


+-----------------------------------------------------------------------------------------------------------------------------------+
; Parameter Settings for User Entity Instance: cache_set_2_way:inst2|cache_controller:inst2|lpm_dff4:inst10|lpm_ff:lpm_ff_component ;
+------------------------+------------+---------------------------------------------------------------------------------------------+
; Parameter Name         ; Value      ; Type                                                                                        ;
+------------------------+------------+---------------------------------------------------------------------------------------------+
; LPM_WIDTH              ; 1          ; Signed Integer                                                                              ;
; LPM_AVALUE             ; UNUSED     ; Untyped                                                                                     ;
; LPM_SVALUE             ; UNUSED     ; Untyped                                                                                     ;
; LPM_FFTYPE             ; DFF        ; Untyped                                                                                     ;
; DEVICE_FAMILY          ; Stratix II ; Untyped                                                                                     ;
; CBXI_PARAMETER         ; NOTHING    ; Untyped                                                                                     ;
; AUTO_CARRY_CHAINS      ; ON         ; AUTO_CARRY                                                                                  ;
; IGNORE_CARRY_BUFFERS   ; OFF        ; IGNORE_CARRY                                                                                ;
; AUTO_CASCADE_CHAINS    ; ON         ; AUTO_CASCADE                                                                                ;
; IGNORE_CASCADE_BUFFERS ; OFF        ; IGNORE_CASCADE                                                                              ;
+------------------------+------------+---------------------------------------------------------------------------------------------+
Note: In order to hide this table in the UI and the text report file, please set the "Show Parameter Settings Tables in Synthesis Report" option in "Analysis and Synthesis Settings -> More Settings" to "Off".


+--------------------------------------------------------------------------------------------------------------------------------+
; Parameter Settings for User Entity Instance: cache_set_2_way:inst2|cache_line_bank:inst|lpm_dff3:inst1|lpm_ff:lpm_ff_component ;
+------------------------+------------+------------------------------------------------------------------------------------------+
; Parameter Name         ; Value      ; Type                                                                                     ;
+------------------------+------------+------------------------------------------------------------------------------------------+
; LPM_WIDTH              ; 1          ; Signed Integer                                                                           ;
; LPM_AVALUE             ; UNUSED     ; Untyped                                                                                  ;
; LPM_SVALUE             ; UNUSED     ; Untyped                                                                                  ;
; LPM_FFTYPE             ; DFF        ; Untyped                                                                                  ;
; DEVICE_FAMILY          ; Stratix II ; Untyped                                                                                  ;
; CBXI_PARAMETER         ; NOTHING    ; Untyped                                                                                  ;
; AUTO_CARRY_CHAINS      ; ON         ; AUTO_CARRY                                                                               ;
; IGNORE_CARRY_BUFFERS   ; OFF        ; IGNORE_CARRY                                                                             ;
; AUTO_CASCADE_CHAINS    ; ON         ; AUTO_CASCADE                                                                             ;
; IGNORE_CASCADE_BUFFERS ; OFF        ; IGNORE_CASCADE                                                                           ;
+------------------------+------------+------------------------------------------------------------------------------------------+
Note: In order to hide this table in the UI and the text report file, please set the "Show Parameter Settings Tables in Synthesis Report" option in "Analysis and Synthesis Settings -> More Settings" to "Off".


+----------------------------------------------------------------------------------------------------------------------------------------------+
; Parameter Settings for User Entity Instance: cache_set_2_way:inst2|cache_line_bank:inst|lpm_compare0:inst8|lpm_compare:lpm_compare_component ;
+------------------------+------------+--------------------------------------------------------------------------------------------------------+
; Parameter Name         ; Value      ; Type                                                                                                   ;
+------------------------+------------+--------------------------------------------------------------------------------------------------------+
; lpm_width              ; 5          ; Signed Integer                                                                                         ;
; LPM_REPRESENTATION     ; UNSIGNED   ; Untyped                                                                                                ;
; LPM_PIPELINE           ; 0          ; Untyped                                                                                                ;
; CHAIN_SIZE             ; 8          ; Untyped                                                                                                ;
; ONE_INPUT_IS_CONSTANT  ; NO         ; Untyped                                                                                                ;
; CARRY_CHAIN            ; MANUAL     ; Untyped                                                                                                ;
; CASCADE_CHAIN          ; MANUAL     ; Untyped                                                                                                ;
; CARRY_CHAIN_LENGTH     ; 48         ; CARRY_CHAIN_LENGTH                                                                                     ;
; CASCADE_CHAIN_LENGTH   ; 2          ; CASCADE_CHAIN_LENGTH                                                                                   ;
; DEVICE_FAMILY          ; Stratix II ; Untyped                                                                                                ;
; CBXI_PARAMETER         ; cmpr_cig   ; Untyped                                                                                                ;
; AUTO_CARRY_CHAINS      ; ON         ; AUTO_CARRY                                                                                             ;
; IGNORE_CARRY_BUFFERS   ; OFF        ; IGNORE_CARRY                                                                                           ;
; AUTO_CASCADE_CHAINS    ; ON         ; AUTO_CASCADE                                                                                           ;
; IGNORE_CASCADE_BUFFERS ; OFF        ; IGNORE_CASCADE                                                                                         ;
+------------------------+------------+--------------------------------------------------------------------------------------------------------+
Note: In order to hide this table in the UI and the text report file, please set the "Show Parameter Settings Tables in Synthesis Report" option in "Analysis and Synthesis Settings -> More Settings" to "Off".


+-------------------------------------------------------------------------------------------------------------------------------+
; Parameter Settings for User Entity Instance: cache_set_2_way:inst2|cache_line_bank:inst|lpm_dff0:inst|lpm_ff:lpm_ff_component ;
+------------------------+------------+-----------------------------------------------------------------------------------------+
; Parameter Name         ; Value      ; Type                                                                                    ;
+------------------------+------------+-----------------------------------------------------------------------------------------+
; LPM_WIDTH              ; 5          ; Signed Integer                                                                          ;
; LPM_AVALUE             ; UNUSED     ; Untyped                                                                                 ;
; LPM_SVALUE             ; UNUSED     ; Untyped                                                                                 ;
; LPM_FFTYPE             ; DFF        ; Untyped                                                                                 ;
; DEVICE_FAMILY          ; Stratix II ; Untyped                                                                                 ;
; CBXI_PARAMETER         ; NOTHING    ; Untyped                                                                                 ;
; AUTO_CARRY_CHAINS      ; ON         ; AUTO_CARRY                                                                              ;
; IGNORE_CARRY_BUFFERS   ; OFF        ; IGNORE_CARRY                                                                            ;
; AUTO_CASCADE_CHAINS    ; ON         ; AUTO_CASCADE                                                                            ;
; IGNORE_CASCADE_BUFFERS ; OFF        ; IGNORE_CASCADE                                                                          ;
+------------------------+------------+-----------------------------------------------------------------------------------------+
Note: In order to hide this table in the UI and the text report file, please set the "Show Parameter Settings Tables in Synthesis Report" option in "Analysis and Synthesis Settings -> More Settings" to "Off".


+----------------------------------------------------------------------------------------------------------------------------------+
; Parameter Settings for User Entity Instance: cache_set_2_way:inst2|cache_line_bank:inst|lpm_mux0:inst6|LPM_MUX:lpm_mux_component ;
+------------------------+------------+--------------------------------------------------------------------------------------------+
; Parameter Name         ; Value      ; Type                                                                                       ;
+------------------------+------------+--------------------------------------------------------------------------------------------+
; AUTO_CARRY_CHAINS      ; ON         ; AUTO_CARRY                                                                                 ;
; IGNORE_CARRY_BUFFERS   ; OFF        ; IGNORE_CARRY                                                                               ;
; AUTO_CASCADE_CHAINS    ; ON         ; AUTO_CASCADE                                                                               ;
; IGNORE_CASCADE_BUFFERS ; OFF        ; IGNORE_CASCADE                                                                             ;
; LPM_WIDTH              ; 8          ; Signed Integer                                                                             ;
; LPM_SIZE               ; 2          ; Signed Integer                                                                             ;
; LPM_WIDTHS             ; 1          ; Signed Integer                                                                             ;
; LPM_PIPELINE           ; 0          ; Signed Integer                                                                             ;
; CBXI_PARAMETER         ; mux_94e    ; Untyped                                                                                    ;
; DEVICE_FAMILY          ; Stratix II ; Untyped                                                                                    ;
+------------------------+------------+--------------------------------------------------------------------------------------------+
Note: In order to hide this table in the UI and the text report file, please set the "Show Parameter Settings Tables in Synthesis Report" option in "Analysis and Synthesis Settings -> More Settings" to "Off".


+--------------------------------------------------------------------------------------------------------------------------------+
; Parameter Settings for User Entity Instance: cache_set_2_way:inst2|cache_line_bank:inst|lpm_dff2:inst3|lpm_ff:lpm_ff_component ;
+------------------------+------------+------------------------------------------------------------------------------------------+
; Parameter Name         ; Value      ; Type                                                                                     ;
+------------------------+------------+------------------------------------------------------------------------------------------+
; LPM_WIDTH              ; 8          ; Signed Integer                                                                           ;
; LPM_AVALUE             ; UNUSED     ; Untyped                                                                                  ;
; LPM_SVALUE             ; UNUSED     ; Untyped                                                                                  ;
; LPM_FFTYPE             ; DFF        ; Untyped                                                                                  ;
; DEVICE_FAMILY          ; Stratix II ; Untyped                                                                                  ;
; CBXI_PARAMETER         ; NOTHING    ; Untyped                                                                                  ;
; AUTO_CARRY_CHAINS      ; ON         ; AUTO_CARRY                                                                               ;
; IGNORE_CARRY_BUFFERS   ; OFF        ; IGNORE_CARRY                                                                             ;
; AUTO_CASCADE_CHAINS    ; ON         ; AUTO_CASCADE                                                                             ;
; IGNORE_CASCADE_BUFFERS ; OFF        ; IGNORE_CASCADE                                                                           ;
+------------------------+------------+------------------------------------------------------------------------------------------+
Note: In order to hide this table in the UI and the text report file, please set the "Show Parameter Settings Tables in Synthesis Report" option in "Analysis and Synthesis Settings -> More Settings" to "Off".


+--------------------------------------------------------------------------------------------------------------------------------+
; Parameter Settings for User Entity Instance: cache_set_2_way:inst2|cache_line_bank:inst|lpm_dff1:inst2|lpm_ff:lpm_ff_component ;
+------------------------+------------+------------------------------------------------------------------------------------------+
; Parameter Name         ; Value      ; Type                                                                                     ;
+------------------------+------------+------------------------------------------------------------------------------------------+
; LPM_WIDTH              ; 8          ; Signed Integer                                                                           ;
; LPM_AVALUE             ; UNUSED     ; Untyped                                                                                  ;
; LPM_SVALUE             ; UNUSED     ; Untyped                                                                                  ;
; LPM_FFTYPE             ; DFF        ; Untyped                                                                                  ;
; DEVICE_FAMILY          ; Stratix II ; Untyped                                                                                  ;
; CBXI_PARAMETER         ; NOTHING    ; Untyped                                                                                  ;
; AUTO_CARRY_CHAINS      ; ON         ; AUTO_CARRY                                                                               ;
; IGNORE_CARRY_BUFFERS   ; OFF        ; IGNORE_CARRY                                                                             ;
; AUTO_CASCADE_CHAINS    ; ON         ; AUTO_CASCADE                                                                             ;
; IGNORE_CASCADE_BUFFERS ; OFF        ; IGNORE_CASCADE                                                                           ;
+------------------------+------------+------------------------------------------------------------------------------------------+
Note: In order to hide this table in the UI and the text report file, please set the "Show Parameter Settings Tables in Synthesis Report" option in "Analysis and Synthesis Settings -> More Settings" to "Off".


+-------------------------------------------------------------------------------------------------------------+
; Parameter Settings for User Entity Instance: cache_set_2_way:inst2|lpm_mux1:inst9|LPM_MUX:lpm_mux_component ;
+------------------------+------------+-----------------------------------------------------------------------+
; Parameter Name         ; Value      ; Type                                                                  ;
+------------------------+------------+-----------------------------------------------------------------------+
; AUTO_CARRY_CHAINS      ; ON         ; AUTO_CARRY                                                            ;
; IGNORE_CARRY_BUFFERS   ; OFF        ; IGNORE_CARRY                                                          ;
; AUTO_CASCADE_CHAINS    ; ON         ; AUTO_CASCADE                                                          ;
; IGNORE_CASCADE_BUFFERS ; OFF        ; IGNORE_CASCADE                                                        ;
; LPM_WIDTH              ; 8          ; Signed Integer                                                        ;
; LPM_SIZE               ; 2          ; Signed Integer                                                        ;
; LPM_WIDTHS             ; 1          ; Signed Integer                                                        ;
; LPM_PIPELINE           ; 0          ; Signed Integer                                                        ;
; CBXI_PARAMETER         ; mux_94e    ; Untyped                                                               ;
; DEVICE_FAMILY          ; Stratix II ; Untyped                                                               ;
+------------------------+------------+-----------------------------------------------------------------------+
Note: In order to hide this table in the UI and the text report file, please set the "Show Parameter Settings Tables in Synthesis Report" option in "Analysis and Synthesis Settings -> More Settings" to "Off".


+---------------------------------------------------------------------------------------------------------------------------------+
; Parameter Settings for User Entity Instance: cache_set_2_way:inst3|cache_line_bank:inst1|lpm_dff3:inst1|lpm_ff:lpm_ff_component ;
+------------------------+------------+-------------------------------------------------------------------------------------------+
; Parameter Name         ; Value      ; Type                                                                                      ;
+------------------------+------------+-------------------------------------------------------------------------------------------+
; LPM_WIDTH              ; 1          ; Signed Integer                                                                            ;
; LPM_AVALUE             ; UNUSED     ; Untyped                                                                                   ;
; LPM_SVALUE             ; UNUSED     ; Untyped                                                                                   ;
; LPM_FFTYPE             ; DFF        ; Untyped                                                                                   ;
; DEVICE_FAMILY          ; Stratix II ; Untyped                                                                                   ;
; CBXI_PARAMETER         ; NOTHING    ; Untyped                                                                                   ;
; AUTO_CARRY_CHAINS      ; ON         ; AUTO_CARRY                                                                                ;
; IGNORE_CARRY_BUFFERS   ; OFF        ; IGNORE_CARRY                                                                              ;
; AUTO_CASCADE_CHAINS    ; ON         ; AUTO_CASCADE                                                                              ;
; IGNORE_CASCADE_BUFFERS ; OFF        ; IGNORE_CASCADE                                                                            ;
+------------------------+------------+-------------------------------------------------------------------------------------------+
Note: In order to hide this table in the UI and the text report file, please set the "Show Parameter Settings Tables in Synthesis Report" option in "Analysis and Synthesis Settings -> More Settings" to "Off".


+-----------------------------------------------------------------------------------------------------------------------------------------------+
; Parameter Settings for User Entity Instance: cache_set_2_way:inst3|cache_line_bank:inst1|lpm_compare0:inst8|lpm_compare:lpm_compare_component ;
+------------------------+------------+---------------------------------------------------------------------------------------------------------+
; Parameter Name         ; Value      ; Type                                                                                                    ;
+------------------------+------------+---------------------------------------------------------------------------------------------------------+
; lpm_width              ; 5          ; Signed Integer                                                                                          ;
; LPM_REPRESENTATION     ; UNSIGNED   ; Untyped                                                                                                 ;
; LPM_PIPELINE           ; 0          ; Untyped                                                                                                 ;
; CHAIN_SIZE             ; 8          ; Untyped                                                                                                 ;
; ONE_INPUT_IS_CONSTANT  ; NO         ; Untyped                                                                                                 ;
; CARRY_CHAIN            ; MANUAL     ; Untyped                                                                                                 ;
; CASCADE_CHAIN          ; MANUAL     ; Untyped                                                                                                 ;
; CARRY_CHAIN_LENGTH     ; 48         ; CARRY_CHAIN_LENGTH                                                                                      ;
; CASCADE_CHAIN_LENGTH   ; 2          ; CASCADE_CHAIN_LENGTH                                                                                    ;
; DEVICE_FAMILY          ; Stratix II ; Untyped                                                                                                 ;
; CBXI_PARAMETER         ; cmpr_cig   ; Untyped                                                                                                 ;
; AUTO_CARRY_CHAINS      ; ON         ; AUTO_CARRY                                                                                              ;
; IGNORE_CARRY_BUFFERS   ; OFF        ; IGNORE_CARRY                                                                                            ;
; AUTO_CASCADE_CHAINS    ; ON         ; AUTO_CASCADE                                                                                            ;
; IGNORE_CASCADE_BUFFERS ; OFF        ; IGNORE_CASCADE                                                                                          ;
+------------------------+------------+---------------------------------------------------------------------------------------------------------+
Note: In order to hide this table in the UI and the text report file, please set the "Show Parameter Settings Tables in Synthesis Report" option in "Analysis and Synthesis Settings -> More Settings" to "Off".


+--------------------------------------------------------------------------------------------------------------------------------+
; Parameter Settings for User Entity Instance: cache_set_2_way:inst3|cache_line_bank:inst1|lpm_dff0:inst|lpm_ff:lpm_ff_component ;
+------------------------+------------+------------------------------------------------------------------------------------------+
; Parameter Name         ; Value      ; Type                                                                                     ;
+------------------------+------------+------------------------------------------------------------------------------------------+
; LPM_WIDTH              ; 5          ; Signed Integer                                                                           ;
; LPM_AVALUE             ; UNUSED     ; Untyped                                                                                  ;
; LPM_SVALUE             ; UNUSED     ; Untyped                                                                                  ;
; LPM_FFTYPE             ; DFF        ; Untyped                                                                                  ;
; DEVICE_FAMILY          ; Stratix II ; Untyped                                                                                  ;
; CBXI_PARAMETER         ; NOTHING    ; Untyped                                                                                  ;
; AUTO_CARRY_CHAINS      ; ON         ; AUTO_CARRY                                                                               ;
; IGNORE_CARRY_BUFFERS   ; OFF        ; IGNORE_CARRY                                                                             ;
; AUTO_CASCADE_CHAINS    ; ON         ; AUTO_CASCADE                                                                             ;
; IGNORE_CASCADE_BUFFERS ; OFF        ; IGNORE_CASCADE                                                                           ;
+------------------------+------------+------------------------------------------------------------------------------------------+
Note: In order to hide this table in the UI and the text report file, please set the "Show Parameter Settings Tables in Synthesis Report" option in "Analysis and Synthesis Settings -> More Settings" to "Off".


+-----------------------------------------------------------------------------------------------------------------------------------+
; Parameter Settings for User Entity Instance: cache_set_2_way:inst3|cache_line_bank:inst1|lpm_mux0:inst6|LPM_MUX:lpm_mux_component ;
+------------------------+------------+---------------------------------------------------------------------------------------------+
; Parameter Name         ; Value      ; Type                                                                                        ;
+------------------------+------------+---------------------------------------------------------------------------------------------+
; AUTO_CARRY_CHAINS      ; ON         ; AUTO_CARRY                                                                                  ;
; IGNORE_CARRY_BUFFERS   ; OFF        ; IGNORE_CARRY                                                                                ;
; AUTO_CASCADE_CHAINS    ; ON         ; AUTO_CASCADE                                                                                ;
; IGNORE_CASCADE_BUFFERS ; OFF        ; IGNORE_CASCADE                                                                              ;
; LPM_WIDTH              ; 8          ; Signed Integer                                                                              ;
; LPM_SIZE               ; 2          ; Signed Integer                                                                              ;
; LPM_WIDTHS             ; 1          ; Signed Integer                                                                              ;
; LPM_PIPELINE           ; 0          ; Signed Integer                                                                              ;
; CBXI_PARAMETER         ; mux_94e    ; Untyped                                                                                     ;
; DEVICE_FAMILY          ; Stratix II ; Untyped                                                                                     ;
+------------------------+------------+---------------------------------------------------------------------------------------------+
Note: In order to hide this table in the UI and the text report file, please set the "Show Parameter Settings Tables in Synthesis Report" option in "Analysis and Synthesis Settings -> More Settings" to "Off".


+---------------------------------------------------------------------------------------------------------------------------------+
; Parameter Settings for User Entity Instance: cache_set_2_way:inst3|cache_line_bank:inst1|lpm_dff2:inst3|lpm_ff:lpm_ff_component ;
+------------------------+------------+-------------------------------------------------------------------------------------------+
; Parameter Name         ; Value      ; Type                                                                                      ;
+------------------------+------------+-------------------------------------------------------------------------------------------+
; LPM_WIDTH              ; 8          ; Signed Integer                                                                            ;
; LPM_AVALUE             ; UNUSED     ; Untyped                                                                                   ;
; LPM_SVALUE             ; UNUSED     ; Untyped                                                                                   ;
; LPM_FFTYPE             ; DFF        ; Untyped                                                                                   ;
; DEVICE_FAMILY          ; Stratix II ; Untyped                                                                                   ;
; CBXI_PARAMETER         ; NOTHING    ; Untyped                                                                                   ;
; AUTO_CARRY_CHAINS      ; ON         ; AUTO_CARRY                                                                                ;
; IGNORE_CARRY_BUFFERS   ; OFF        ; IGNORE_CARRY                                                                              ;
; AUTO_CASCADE_CHAINS    ; ON         ; AUTO_CASCADE                                                                              ;
; IGNORE_CASCADE_BUFFERS ; OFF        ; IGNORE_CASCADE                                                                            ;
+------------------------+------------+-------------------------------------------------------------------------------------------+
Note: In order to hide this table in the UI and the text report file, please set the "Show Parameter Settings Tables in Synthesis Report" option in "Analysis and Synthesis Settings -> More Settings" to "Off".


+---------------------------------------------------------------------------------------------------------------------------------+
; Parameter Settings for User Entity Instance: cache_set_2_way:inst3|cache_line_bank:inst1|lpm_dff1:inst2|lpm_ff:lpm_ff_component ;
+------------------------+------------+-------------------------------------------------------------------------------------------+
; Parameter Name         ; Value      ; Type                                                                                      ;
+------------------------+------------+-------------------------------------------------------------------------------------------+
; LPM_WIDTH              ; 8          ; Signed Integer                                                                            ;
; LPM_AVALUE             ; UNUSED     ; Untyped                                                                                   ;
; LPM_SVALUE             ; UNUSED     ; Untyped                                                                                   ;
; LPM_FFTYPE             ; DFF        ; Untyped                                                                                   ;
; DEVICE_FAMILY          ; Stratix II ; Untyped                                                                                   ;
; CBXI_PARAMETER         ; NOTHING    ; Untyped                                                                                   ;
; AUTO_CARRY_CHAINS      ; ON         ; AUTO_CARRY                                                                                ;
; IGNORE_CARRY_BUFFERS   ; OFF        ; IGNORE_CARRY                                                                              ;
; AUTO_CASCADE_CHAINS    ; ON         ; AUTO_CASCADE                                                                              ;
; IGNORE_CASCADE_BUFFERS ; OFF        ; IGNORE_CASCADE                                                                            ;
+------------------------+------------+-------------------------------------------------------------------------------------------+
Note: In order to hide this table in the UI and the text report file, please set the "Show Parameter Settings Tables in Synthesis Report" option in "Analysis and Synthesis Settings -> More Settings" to "Off".


+-----------------------------------------------------------------------------------------------------------------------------------+
; Parameter Settings for User Entity Instance: cache_set_2_way:inst3|cache_controller:inst2|lpm_dff4:inst10|lpm_ff:lpm_ff_component ;
+------------------------+------------+---------------------------------------------------------------------------------------------+
; Parameter Name         ; Value      ; Type                                                                                        ;
+------------------------+------------+---------------------------------------------------------------------------------------------+
; LPM_WIDTH              ; 1          ; Signed Integer                                                                              ;
; LPM_AVALUE             ; UNUSED     ; Untyped                                                                                     ;
; LPM_SVALUE             ; UNUSED     ; Untyped                                                                                     ;
; LPM_FFTYPE             ; DFF        ; Untyped                                                                                     ;
; DEVICE_FAMILY          ; Stratix II ; Untyped                                                                                     ;
; CBXI_PARAMETER         ; NOTHING    ; Untyped                                                                                     ;
; AUTO_CARRY_CHAINS      ; ON         ; AUTO_CARRY                                                                                  ;
; IGNORE_CARRY_BUFFERS   ; OFF        ; IGNORE_CARRY                                                                                ;
; AUTO_CASCADE_CHAINS    ; ON         ; AUTO_CASCADE                                                                                ;
; IGNORE_CASCADE_BUFFERS ; OFF        ; IGNORE_CASCADE                                                                              ;
+------------------------+------------+---------------------------------------------------------------------------------------------+
Note: In order to hide this table in the UI and the text report file, please set the "Show Parameter Settings Tables in Synthesis Report" option in "Analysis and Synthesis Settings -> More Settings" to "Off".


+--------------------------------------------------------------------------------------------------------------------------------+
; Parameter Settings for User Entity Instance: cache_set_2_way:inst3|cache_line_bank:inst|lpm_dff3:inst1|lpm_ff:lpm_ff_component ;
+------------------------+------------+------------------------------------------------------------------------------------------+
; Parameter Name         ; Value      ; Type                                                                                     ;
+------------------------+------------+------------------------------------------------------------------------------------------+
; LPM_WIDTH              ; 1          ; Signed Integer                                                                           ;
; LPM_AVALUE             ; UNUSED     ; Untyped                                                                                  ;
; LPM_SVALUE             ; UNUSED     ; Untyped                                                                                  ;
; LPM_FFTYPE             ; DFF        ; Untyped                                                                                  ;
; DEVICE_FAMILY          ; Stratix II ; Untyped                                                                                  ;
; CBXI_PARAMETER         ; NOTHING    ; Untyped                                                                                  ;
; AUTO_CARRY_CHAINS      ; ON         ; AUTO_CARRY                                                                               ;
; IGNORE_CARRY_BUFFERS   ; OFF        ; IGNORE_CARRY                                                                             ;
; AUTO_CASCADE_CHAINS    ; ON         ; AUTO_CASCADE                                                                             ;
; IGNORE_CASCADE_BUFFERS ; OFF        ; IGNORE_CASCADE                                                                           ;
+------------------------+------------+------------------------------------------------------------------------------------------+
Note: In order to hide this table in the UI and the text report file, please set the "Show Parameter Settings Tables in Synthesis Report" option in "Analysis and Synthesis Settings -> More Settings" to "Off".


+----------------------------------------------------------------------------------------------------------------------------------------------+
; Parameter Settings for User Entity Instance: cache_set_2_way:inst3|cache_line_bank:inst|lpm_compare0:inst8|lpm_compare:lpm_compare_component ;
+------------------------+------------+--------------------------------------------------------------------------------------------------------+
; Parameter Name         ; Value      ; Type                                                                                                   ;
+------------------------+------------+--------------------------------------------------------------------------------------------------------+
; lpm_width              ; 5          ; Signed Integer                                                                                         ;
; LPM_REPRESENTATION     ; UNSIGNED   ; Untyped                                                                                                ;
; LPM_PIPELINE           ; 0          ; Untyped                                                                                                ;
; CHAIN_SIZE             ; 8          ; Untyped                                                                                                ;
; ONE_INPUT_IS_CONSTANT  ; NO         ; Untyped                                                                                                ;
; CARRY_CHAIN            ; MANUAL     ; Untyped                                                                                                ;
; CASCADE_CHAIN          ; MANUAL     ; Untyped                                                                                                ;
; CARRY_CHAIN_LENGTH     ; 48         ; CARRY_CHAIN_LENGTH                                                                                     ;
; CASCADE_CHAIN_LENGTH   ; 2          ; CASCADE_CHAIN_LENGTH                                                                                   ;
; DEVICE_FAMILY          ; Stratix II ; Untyped                                                                                                ;
; CBXI_PARAMETER         ; cmpr_cig   ; Untyped                                                                                                ;
; AUTO_CARRY_CHAINS      ; ON         ; AUTO_CARRY                                                                                             ;
; IGNORE_CARRY_BUFFERS   ; OFF        ; IGNORE_CARRY                                                                                           ;
; AUTO_CASCADE_CHAINS    ; ON         ; AUTO_CASCADE                                                                                           ;
; IGNORE_CASCADE_BUFFERS ; OFF        ; IGNORE_CASCADE                                                                                         ;
+------------------------+------------+--------------------------------------------------------------------------------------------------------+
Note: In order to hide this table in the UI and the text report file, please set the "Show Parameter Settings Tables in Synthesis Report" option in "Analysis and Synthesis Settings -> More Settings" to "Off".


+-------------------------------------------------------------------------------------------------------------------------------+
; Parameter Settings for User Entity Instance: cache_set_2_way:inst3|cache_line_bank:inst|lpm_dff0:inst|lpm_ff:lpm_ff_component ;
+------------------------+------------+-----------------------------------------------------------------------------------------+
; Parameter Name         ; Value      ; Type                                                                                    ;
+------------------------+------------+-----------------------------------------------------------------------------------------+
; LPM_WIDTH              ; 5          ; Signed Integer                                                                          ;
; LPM_AVALUE             ; UNUSED     ; Untyped                                                                                 ;
; LPM_SVALUE             ; UNUSED     ; Untyped                                                                                 ;
; LPM_FFTYPE             ; DFF        ; Untyped                                                                                 ;
; DEVICE_FAMILY          ; Stratix II ; Untyped                                                                                 ;
; CBXI_PARAMETER         ; NOTHING    ; Untyped                                                                                 ;
; AUTO_CARRY_CHAINS      ; ON         ; AUTO_CARRY                                                                              ;
; IGNORE_CARRY_BUFFERS   ; OFF        ; IGNORE_CARRY                                                                            ;
; AUTO_CASCADE_CHAINS    ; ON         ; AUTO_CASCADE                                                                            ;
; IGNORE_CASCADE_BUFFERS ; OFF        ; IGNORE_CASCADE                                                                          ;
+------------------------+------------+-----------------------------------------------------------------------------------------+
Note: In order to hide this table in the UI and the text report file, please set the "Show Parameter Settings Tables in Synthesis Report" option in "Analysis and Synthesis Settings -> More Settings" to "Off".


+----------------------------------------------------------------------------------------------------------------------------------+
; Parameter Settings for User Entity Instance: cache_set_2_way:inst3|cache_line_bank:inst|lpm_mux0:inst6|LPM_MUX:lpm_mux_component ;
+------------------------+------------+--------------------------------------------------------------------------------------------+
; Parameter Name         ; Value      ; Type                                                                                       ;
+------------------------+------------+--------------------------------------------------------------------------------------------+
; AUTO_CARRY_CHAINS      ; ON         ; AUTO_CARRY                                                                                 ;
; IGNORE_CARRY_BUFFERS   ; OFF        ; IGNORE_CARRY                                                                               ;
; AUTO_CASCADE_CHAINS    ; ON         ; AUTO_CASCADE                                                                               ;
; IGNORE_CASCADE_BUFFERS ; OFF        ; IGNORE_CASCADE                                                                             ;
; LPM_WIDTH              ; 8          ; Signed Integer                                                                             ;
; LPM_SIZE               ; 2          ; Signed Integer                                                                             ;
; LPM_WIDTHS             ; 1          ; Signed Integer                                                                             ;
; LPM_PIPELINE           ; 0          ; Signed Integer                                                                             ;
; CBXI_PARAMETER         ; mux_94e    ; Untyped                                                                                    ;
; DEVICE_FAMILY          ; Stratix II ; Untyped                                                                                    ;
+------------------------+------------+--------------------------------------------------------------------------------------------+
Note: In order to hide this table in the UI and the text report file, please set the "Show Parameter Settings Tables in Synthesis Report" option in "Analysis and Synthesis Settings -> More Settings" to "Off".


+--------------------------------------------------------------------------------------------------------------------------------+
; Parameter Settings for User Entity Instance: cache_set_2_way:inst3|cache_line_bank:inst|lpm_dff2:inst3|lpm_ff:lpm_ff_component ;
+------------------------+------------+------------------------------------------------------------------------------------------+
; Parameter Name         ; Value      ; Type                                                                                     ;
+------------------------+------------+------------------------------------------------------------------------------------------+
; LPM_WIDTH              ; 8          ; Signed Integer                                                                           ;
; LPM_AVALUE             ; UNUSED     ; Untyped                                                                                  ;
; LPM_SVALUE             ; UNUSED     ; Untyped                                                                                  ;
; LPM_FFTYPE             ; DFF        ; Untyped                                                                                  ;
; DEVICE_FAMILY          ; Stratix II ; Untyped                                                                                  ;
; CBXI_PARAMETER         ; NOTHING    ; Untyped                                                                                  ;
; AUTO_CARRY_CHAINS      ; ON         ; AUTO_CARRY                                                                               ;
; IGNORE_CARRY_BUFFERS   ; OFF        ; IGNORE_CARRY                                                                             ;
; AUTO_CASCADE_CHAINS    ; ON         ; AUTO_CASCADE                                                                             ;
; IGNORE_CASCADE_BUFFERS ; OFF        ; IGNORE_CASCADE                                                                           ;
+------------------------+------------+------------------------------------------------------------------------------------------+
Note: In order to hide this table in the UI and the text report file, please set the "Show Parameter Settings Tables in Synthesis Report" option in "Analysis and Synthesis Settings -> More Settings" to "Off".


+--------------------------------------------------------------------------------------------------------------------------------+
; Parameter Settings for User Entity Instance: cache_set_2_way:inst3|cache_line_bank:inst|lpm_dff1:inst2|lpm_ff:lpm_ff_component ;
+------------------------+------------+------------------------------------------------------------------------------------------+
; Parameter Name         ; Value      ; Type                                                                                     ;
+------------------------+------------+------------------------------------------------------------------------------------------+
; LPM_WIDTH              ; 8          ; Signed Integer                                                                           ;
; LPM_AVALUE             ; UNUSED     ; Untyped                                                                                  ;
; LPM_SVALUE             ; UNUSED     ; Untyped                                                                                  ;
; LPM_FFTYPE             ; DFF        ; Untyped                                                                                  ;
; DEVICE_FAMILY          ; Stratix II ; Untyped                                                                                  ;
; CBXI_PARAMETER         ; NOTHING    ; Untyped                                                                                  ;
; AUTO_CARRY_CHAINS      ; ON         ; AUTO_CARRY                                                                               ;
; IGNORE_CARRY_BUFFERS   ; OFF        ; IGNORE_CARRY                                                                             ;
; AUTO_CASCADE_CHAINS    ; ON         ; AUTO_CASCADE                                                                             ;
; IGNORE_CASCADE_BUFFERS ; OFF        ; IGNORE_CASCADE                                                                           ;
+------------------------+------------+------------------------------------------------------------------------------------------+
Note: In order to hide this table in the UI and the text report file, please set the "Show Parameter Settings Tables in Synthesis Report" option in "Analysis and Synthesis Settings -> More Settings" to "Off".


+-------------------------------------------------------------------------------------------------------------+
; Parameter Settings for User Entity Instance: cache_set_2_way:inst3|lpm_mux1:inst9|LPM_MUX:lpm_mux_component ;
+------------------------+------------+-----------------------------------------------------------------------+
; Parameter Name         ; Value      ; Type                                                                  ;
+------------------------+------------+-----------------------------------------------------------------------+
; AUTO_CARRY_CHAINS      ; ON         ; AUTO_CARRY                                                            ;
; IGNORE_CARRY_BUFFERS   ; OFF        ; IGNORE_CARRY                                                          ;
; AUTO_CASCADE_CHAINS    ; ON         ; AUTO_CASCADE                                                          ;
; IGNORE_CASCADE_BUFFERS ; OFF        ; IGNORE_CASCADE                                                        ;
; LPM_WIDTH              ; 8          ; Signed Integer                                                        ;
; LPM_SIZE               ; 2          ; Signed Integer                                                        ;
; LPM_WIDTHS             ; 1          ; Signed Integer                                                        ;
; LPM_PIPELINE           ; 0          ; Signed Integer                                                        ;
; CBXI_PARAMETER         ; mux_94e    ; Untyped                                                               ;
; DEVICE_FAMILY          ; Stratix II ; Untyped                                                               ;
+------------------------+------------+-----------------------------------------------------------------------+
Note: In order to hide this table in the UI and the text report file, please set the "Show Parameter Settings Tables in Synthesis Report" option in "Analysis and Synthesis Settings -> More Settings" to "Off".


+---------------------------------------------------------------------------------------------------------------------------------+
; Parameter Settings for User Entity Instance: cache_set_2_way:inst1|cache_line_bank:inst1|lpm_dff3:inst1|lpm_ff:lpm_ff_component ;
+------------------------+------------+-------------------------------------------------------------------------------------------+
; Parameter Name         ; Value      ; Type                                                                                      ;
+------------------------+------------+-------------------------------------------------------------------------------------------+
; LPM_WIDTH              ; 1          ; Signed Integer                                                                            ;
; LPM_AVALUE             ; UNUSED     ; Untyped                                                                                   ;
; LPM_SVALUE             ; UNUSED     ; Untyped                                                                                   ;
; LPM_FFTYPE             ; DFF        ; Untyped                                                                                   ;
; DEVICE_FAMILY          ; Stratix II ; Untyped                                                                                   ;
; CBXI_PARAMETER         ; NOTHING    ; Untyped                                                                                   ;
; AUTO_CARRY_CHAINS      ; ON         ; AUTO_CARRY                                                                                ;
; IGNORE_CARRY_BUFFERS   ; OFF        ; IGNORE_CARRY                                                                              ;
; AUTO_CASCADE_CHAINS    ; ON         ; AUTO_CASCADE                                                                              ;
; IGNORE_CASCADE_BUFFERS ; OFF        ; IGNORE_CASCADE                                                                            ;
+------------------------+------------+-------------------------------------------------------------------------------------------+
Note: In order to hide this table in the UI and the text report file, please set the "Show Parameter Settings Tables in Synthesis Report" option in "Analysis and Synthesis Settings -> More Settings" to "Off".


+-----------------------------------------------------------------------------------------------------------------------------------------------+
; Parameter Settings for User Entity Instance: cache_set_2_way:inst1|cache_line_bank:inst1|lpm_compare0:inst8|lpm_compare:lpm_compare_component ;
+------------------------+------------+---------------------------------------------------------------------------------------------------------+
; Parameter Name         ; Value      ; Type                                                                                                    ;
+------------------------+------------+---------------------------------------------------------------------------------------------------------+
; lpm_width              ; 5          ; Signed Integer                                                                                          ;
; LPM_REPRESENTATION     ; UNSIGNED   ; Untyped                                                                                                 ;
; LPM_PIPELINE           ; 0          ; Untyped                                                                                                 ;
; CHAIN_SIZE             ; 8          ; Untyped                                                                                                 ;
; ONE_INPUT_IS_CONSTANT  ; NO         ; Untyped                                                                                                 ;
; CARRY_CHAIN            ; MANUAL     ; Untyped                                                                                                 ;
; CASCADE_CHAIN          ; MANUAL     ; Untyped                                                                                                 ;
; CARRY_CHAIN_LENGTH     ; 48         ; CARRY_CHAIN_LENGTH                                                                                      ;
; CASCADE_CHAIN_LENGTH   ; 2          ; CASCADE_CHAIN_LENGTH                                                                                    ;
; DEVICE_FAMILY          ; Stratix II ; Untyped                                                                                                 ;
; CBXI_PARAMETER         ; cmpr_cig   ; Untyped                                                                                                 ;
; AUTO_CARRY_CHAINS      ; ON         ; AUTO_CARRY                                                                                              ;
; IGNORE_CARRY_BUFFERS   ; OFF        ; IGNORE_CARRY                                                                                            ;
; AUTO_CASCADE_CHAINS    ; ON         ; AUTO_CASCADE                                                                                            ;
; IGNORE_CASCADE_BUFFERS ; OFF        ; IGNORE_CASCADE                                                                                          ;
+------------------------+------------+---------------------------------------------------------------------------------------------------------+
Note: In order to hide this table in the UI and the text report file, please set the "Show Parameter Settings Tables in Synthesis Report" option in "Analysis and Synthesis Settings -> More Settings" to "Off".


+--------------------------------------------------------------------------------------------------------------------------------+
; Parameter Settings for User Entity Instance: cache_set_2_way:inst1|cache_line_bank:inst1|lpm_dff0:inst|lpm_ff:lpm_ff_component ;
+------------------------+------------+------------------------------------------------------------------------------------------+
; Parameter Name         ; Value      ; Type                                                                                     ;
+------------------------+------------+------------------------------------------------------------------------------------------+
; LPM_WIDTH              ; 5          ; Signed Integer                                                                           ;
; LPM_AVALUE             ; UNUSED     ; Untyped                                                                                  ;
; LPM_SVALUE             ; UNUSED     ; Untyped                                                                                  ;
; LPM_FFTYPE             ; DFF        ; Untyped                                                                                  ;
; DEVICE_FAMILY          ; Stratix II ; Untyped                                                                                  ;
; CBXI_PARAMETER         ; NOTHING    ; Untyped                                                                                  ;
; AUTO_CARRY_CHAINS      ; ON         ; AUTO_CARRY                                                                               ;
; IGNORE_CARRY_BUFFERS   ; OFF        ; IGNORE_CARRY                                                                             ;
; AUTO_CASCADE_CHAINS    ; ON         ; AUTO_CASCADE                                                                             ;
; IGNORE_CASCADE_BUFFERS ; OFF        ; IGNORE_CASCADE                                                                           ;
+------------------------+------------+------------------------------------------------------------------------------------------+
Note: In order to hide this table in the UI and the text report file, please set the "Show Parameter Settings Tables in Synthesis Report" option in "Analysis and Synthesis Settings -> More Settings" to "Off".


+-----------------------------------------------------------------------------------------------------------------------------------+
; Parameter Settings for User Entity Instance: cache_set_2_way:inst1|cache_line_bank:inst1|lpm_mux0:inst6|LPM_MUX:lpm_mux_component ;
+------------------------+------------+---------------------------------------------------------------------------------------------+
; Parameter Name         ; Value      ; Type                                                                                        ;
+------------------------+------------+---------------------------------------------------------------------------------------------+
; AUTO_CARRY_CHAINS      ; ON         ; AUTO_CARRY                                                                                  ;
; IGNORE_CARRY_BUFFERS   ; OFF        ; IGNORE_CARRY                                                                                ;
; AUTO_CASCADE_CHAINS    ; ON         ; AUTO_CASCADE                                                                                ;
; IGNORE_CASCADE_BUFFERS ; OFF        ; IGNORE_CASCADE                                                                              ;
; LPM_WIDTH              ; 8          ; Signed Integer                                                                              ;
; LPM_SIZE               ; 2          ; Signed Integer                                                                              ;
; LPM_WIDTHS             ; 1          ; Signed Integer                                                                              ;
; LPM_PIPELINE           ; 0          ; Signed Integer                                                                              ;
; CBXI_PARAMETER         ; mux_94e    ; Untyped                                                                                     ;
; DEVICE_FAMILY          ; Stratix II ; Untyped                                                                                     ;
+------------------------+------------+---------------------------------------------------------------------------------------------+
Note: In order to hide this table in the UI and the text report file, please set the "Show Parameter Settings Tables in Synthesis Report" option in "Analysis and Synthesis Settings -> More Settings" to "Off".


+---------------------------------------------------------------------------------------------------------------------------------+
; Parameter Settings for User Entity Instance: cache_set_2_way:inst1|cache_line_bank:inst1|lpm_dff2:inst3|lpm_ff:lpm_ff_component ;
+------------------------+------------+-------------------------------------------------------------------------------------------+
; Parameter Name         ; Value      ; Type                                                                                      ;
+------------------------+------------+-------------------------------------------------------------------------------------------+
; LPM_WIDTH              ; 8          ; Signed Integer                                                                            ;
; LPM_AVALUE             ; UNUSED     ; Untyped                                                                                   ;
; LPM_SVALUE             ; UNUSED     ; Untyped                                                                                   ;
; LPM_FFTYPE             ; DFF        ; Untyped                                                                                   ;
; DEVICE_FAMILY          ; Stratix II ; Untyped                                                                                   ;
; CBXI_PARAMETER         ; NOTHING    ; Untyped                                                                                   ;
; AUTO_CARRY_CHAINS      ; ON         ; AUTO_CARRY                                                                                ;
; IGNORE_CARRY_BUFFERS   ; OFF        ; IGNORE_CARRY                                                                              ;
; AUTO_CASCADE_CHAINS    ; ON         ; AUTO_CASCADE                                                                              ;
; IGNORE_CASCADE_BUFFERS ; OFF        ; IGNORE_CASCADE                                                                            ;
+------------------------+------------+-------------------------------------------------------------------------------------------+
Note: In order to hide this table in the UI and the text report file, please set the "Show Parameter Settings Tables in Synthesis Report" option in "Analysis and Synthesis Settings -> More Settings" to "Off".


+---------------------------------------------------------------------------------------------------------------------------------+
; Parameter Settings for User Entity Instance: cache_set_2_way:inst1|cache_line_bank:inst1|lpm_dff1:inst2|lpm_ff:lpm_ff_component ;
+------------------------+------------+-------------------------------------------------------------------------------------------+
; Parameter Name         ; Value      ; Type                                                                                      ;
+------------------------+------------+-------------------------------------------------------------------------------------------+
; LPM_WIDTH              ; 8          ; Signed Integer                                                                            ;
; LPM_AVALUE             ; UNUSED     ; Untyped                                                                                   ;
; LPM_SVALUE             ; UNUSED     ; Untyped                                                                                   ;
; LPM_FFTYPE             ; DFF        ; Untyped                                                                                   ;
; DEVICE_FAMILY          ; Stratix II ; Untyped                                                                                   ;
; CBXI_PARAMETER         ; NOTHING    ; Untyped                                                                                   ;
; AUTO_CARRY_CHAINS      ; ON         ; AUTO_CARRY                                                                                ;
; IGNORE_CARRY_BUFFERS   ; OFF        ; IGNORE_CARRY                                                                              ;
; AUTO_CASCADE_CHAINS    ; ON         ; AUTO_CASCADE                                                                              ;
; IGNORE_CASCADE_BUFFERS ; OFF        ; IGNORE_CASCADE                                                                            ;
+------------------------+------------+-------------------------------------------------------------------------------------------+
Note: In order to hide this table in the UI and the text report file, please set the "Show Parameter Settings Tables in Synthesis Report" option in "Analysis and Synthesis Settings -> More Settings" to "Off".


+-----------------------------------------------------------------------------------------------------------------------------------+
; Parameter Settings for User Entity Instance: cache_set_2_way:inst1|cache_controller:inst2|lpm_dff4:inst10|lpm_ff:lpm_ff_component ;
+------------------------+------------+---------------------------------------------------------------------------------------------+
; Parameter Name         ; Value      ; Type                                                                                        ;
+------------------------+------------+---------------------------------------------------------------------------------------------+
; LPM_WIDTH              ; 1          ; Signed Integer                                                                              ;
; LPM_AVALUE             ; UNUSED     ; Untyped                                                                                     ;
; LPM_SVALUE             ; UNUSED     ; Untyped                                                                                     ;
; LPM_FFTYPE             ; DFF        ; Untyped                                                                                     ;
; DEVICE_FAMILY          ; Stratix II ; Untyped                                                                                     ;
; CBXI_PARAMETER         ; NOTHING    ; Untyped                                                                                     ;
; AUTO_CARRY_CHAINS      ; ON         ; AUTO_CARRY                                                                                  ;
; IGNORE_CARRY_BUFFERS   ; OFF        ; IGNORE_CARRY                                                                                ;
; AUTO_CASCADE_CHAINS    ; ON         ; AUTO_CASCADE                                                                                ;
; IGNORE_CASCADE_BUFFERS ; OFF        ; IGNORE_CASCADE                                                                              ;
+------------------------+------------+---------------------------------------------------------------------------------------------+
Note: In order to hide this table in the UI and the text report file, please set the "Show Parameter Settings Tables in Synthesis Report" option in "Analysis and Synthesis Settings -> More Settings" to "Off".


+--------------------------------------------------------------------------------------------------------------------------------+
; Parameter Settings for User Entity Instance: cache_set_2_way:inst1|cache_line_bank:inst|lpm_dff3:inst1|lpm_ff:lpm_ff_component ;
+------------------------+------------+------------------------------------------------------------------------------------------+
; Parameter Name         ; Value      ; Type                                                                                     ;
+------------------------+------------+------------------------------------------------------------------------------------------+
; LPM_WIDTH              ; 1          ; Signed Integer                                                                           ;
; LPM_AVALUE             ; UNUSED     ; Untyped                                                                                  ;
; LPM_SVALUE             ; UNUSED     ; Untyped                                                                                  ;
; LPM_FFTYPE             ; DFF        ; Untyped                                                                                  ;
; DEVICE_FAMILY          ; Stratix II ; Untyped                                                                                  ;
; CBXI_PARAMETER         ; NOTHING    ; Untyped                                                                                  ;
; AUTO_CARRY_CHAINS      ; ON         ; AUTO_CARRY                                                                               ;
; IGNORE_CARRY_BUFFERS   ; OFF        ; IGNORE_CARRY                                                                             ;
; AUTO_CASCADE_CHAINS    ; ON         ; AUTO_CASCADE                                                                             ;
; IGNORE_CASCADE_BUFFERS ; OFF        ; IGNORE_CASCADE                                                                           ;
+------------------------+------------+------------------------------------------------------------------------------------------+
Note: In order to hide this table in the UI and the text report file, please set the "Show Parameter Settings Tables in Synthesis Report" option in "Analysis and Synthesis Settings -> More Settings" to "Off".


+----------------------------------------------------------------------------------------------------------------------------------------------+
; Parameter Settings for User Entity Instance: cache_set_2_way:inst1|cache_line_bank:inst|lpm_compare0:inst8|lpm_compare:lpm_compare_component ;
+------------------------+------------+--------------------------------------------------------------------------------------------------------+
; Parameter Name         ; Value      ; Type                                                                                                   ;
+------------------------+------------+--------------------------------------------------------------------------------------------------------+
; lpm_width              ; 5          ; Signed Integer                                                                                         ;
; LPM_REPRESENTATION     ; UNSIGNED   ; Untyped                                                                                                ;
; LPM_PIPELINE           ; 0          ; Untyped                                                                                                ;
; CHAIN_SIZE             ; 8          ; Untyped                                                                                                ;
; ONE_INPUT_IS_CONSTANT  ; NO         ; Untyped                                                                                                ;
; CARRY_CHAIN            ; MANUAL     ; Untyped                                                                                                ;
; CASCADE_CHAIN          ; MANUAL     ; Untyped                                                                                                ;
; CARRY_CHAIN_LENGTH     ; 48         ; CARRY_CHAIN_LENGTH                                                                                     ;
; CASCADE_CHAIN_LENGTH   ; 2          ; CASCADE_CHAIN_LENGTH                                                                                   ;
; DEVICE_FAMILY          ; Stratix II ; Untyped                                                                                                ;
; CBXI_PARAMETER         ; cmpr_cig   ; Untyped                                                                                                ;
; AUTO_CARRY_CHAINS      ; ON         ; AUTO_CARRY                                                                                             ;
; IGNORE_CARRY_BUFFERS   ; OFF        ; IGNORE_CARRY                                                                                           ;
; AUTO_CASCADE_CHAINS    ; ON         ; AUTO_CASCADE                                                                                           ;
; IGNORE_CASCADE_BUFFERS ; OFF        ; IGNORE_CASCADE                                                                                         ;
+------------------------+------------+--------------------------------------------------------------------------------------------------------+
Note: In order to hide this table in the UI and the text report file, please set the "Show Parameter Settings Tables in Synthesis Report" option in "Analysis and Synthesis Settings -> More Settings" to "Off".


+-------------------------------------------------------------------------------------------------------------------------------+
; Parameter Settings for User Entity Instance: cache_set_2_way:inst1|cache_line_bank:inst|lpm_dff0:inst|lpm_ff:lpm_ff_component ;
+------------------------+------------+-----------------------------------------------------------------------------------------+
; Parameter Name         ; Value      ; Type                                                                                    ;
+------------------------+------------+-----------------------------------------------------------------------------------------+
; LPM_WIDTH              ; 5          ; Signed Integer                                                                          ;
; LPM_AVALUE             ; UNUSED     ; Untyped                                                                                 ;
; LPM_SVALUE             ; UNUSED     ; Untyped                                                                                 ;
; LPM_FFTYPE             ; DFF        ; Untyped                                                                                 ;
; DEVICE_FAMILY          ; Stratix II ; Untyped                                                                                 ;
; CBXI_PARAMETER         ; NOTHING    ; Untyped                                                                                 ;
; AUTO_CARRY_CHAINS      ; ON         ; AUTO_CARRY                                                                              ;
; IGNORE_CARRY_BUFFERS   ; OFF        ; IGNORE_CARRY                                                                            ;
; AUTO_CASCADE_CHAINS    ; ON         ; AUTO_CASCADE                                                                            ;
; IGNORE_CASCADE_BUFFERS ; OFF        ; IGNORE_CASCADE                                                                          ;
+------------------------+------------+-----------------------------------------------------------------------------------------+
Note: In order to hide this table in the UI and the text report file, please set the "Show Parameter Settings Tables in Synthesis Report" option in "Analysis and Synthesis Settings -> More Settings" to "Off".


+----------------------------------------------------------------------------------------------------------------------------------+
; Parameter Settings for User Entity Instance: cache_set_2_way:inst1|cache_line_bank:inst|lpm_mux0:inst6|LPM_MUX:lpm_mux_component ;
+------------------------+------------+--------------------------------------------------------------------------------------------+
; Parameter Name         ; Value      ; Type                                                                                       ;
+------------------------+------------+--------------------------------------------------------------------------------------------+
; AUTO_CARRY_CHAINS      ; ON         ; AUTO_CARRY                                                                                 ;
; IGNORE_CARRY_BUFFERS   ; OFF        ; IGNORE_CARRY                                                                               ;
; AUTO_CASCADE_CHAINS    ; ON         ; AUTO_CASCADE                                                                               ;
; IGNORE_CASCADE_BUFFERS ; OFF        ; IGNORE_CASCADE                                                                             ;
; LPM_WIDTH              ; 8          ; Signed Integer                                                                             ;
; LPM_SIZE               ; 2          ; Signed Integer                                                                             ;
; LPM_WIDTHS             ; 1          ; Signed Integer                                                                             ;
; LPM_PIPELINE           ; 0          ; Signed Integer                                                                             ;
; CBXI_PARAMETER         ; mux_94e    ; Untyped                                                                                    ;
; DEVICE_FAMILY          ; Stratix II ; Untyped                                                                                    ;
+------------------------+------------+--------------------------------------------------------------------------------------------+
Note: In order to hide this table in the UI and the text report file, please set the "Show Parameter Settings Tables in Synthesis Report" option in "Analysis and Synthesis Settings -> More Settings" to "Off".


+--------------------------------------------------------------------------------------------------------------------------------+
; Parameter Settings for User Entity Instance: cache_set_2_way:inst1|cache_line_bank:inst|lpm_dff2:inst3|lpm_ff:lpm_ff_component ;
+------------------------+------------+------------------------------------------------------------------------------------------+
; Parameter Name         ; Value      ; Type                                                                                     ;
+------------------------+------------+------------------------------------------------------------------------------------------+
; LPM_WIDTH              ; 8          ; Signed Integer                                                                           ;
; LPM_AVALUE             ; UNUSED     ; Untyped                                                                                  ;
; LPM_SVALUE             ; UNUSED     ; Untyped                                                                                  ;
; LPM_FFTYPE             ; DFF        ; Untyped                                                                                  ;
; DEVICE_FAMILY          ; Stratix II ; Untyped                                                                                  ;
; CBXI_PARAMETER         ; NOTHING    ; Untyped                                                                                  ;
; AUTO_CARRY_CHAINS      ; ON         ; AUTO_CARRY                                                                               ;
; IGNORE_CARRY_BUFFERS   ; OFF        ; IGNORE_CARRY                                                                             ;
; AUTO_CASCADE_CHAINS    ; ON         ; AUTO_CASCADE                                                                             ;
; IGNORE_CASCADE_BUFFERS ; OFF        ; IGNORE_CASCADE                                                                           ;
+------------------------+------------+------------------------------------------------------------------------------------------+
Note: In order to hide this table in the UI and the text report file, please set the "Show Parameter Settings Tables in Synthesis Report" option in "Analysis and Synthesis Settings -> More Settings" to "Off".


+--------------------------------------------------------------------------------------------------------------------------------+
; Parameter Settings for User Entity Instance: cache_set_2_way:inst1|cache_line_bank:inst|lpm_dff1:inst2|lpm_ff:lpm_ff_component ;
+------------------------+------------+------------------------------------------------------------------------------------------+
; Parameter Name         ; Value      ; Type                                                                                     ;
+------------------------+------------+------------------------------------------------------------------------------------------+
; LPM_WIDTH              ; 8          ; Signed Integer                                                                           ;
; LPM_AVALUE             ; UNUSED     ; Untyped                                                                                  ;
; LPM_SVALUE             ; UNUSED     ; Untyped                                                                                  ;
; LPM_FFTYPE             ; DFF        ; Untyped                                                                                  ;
; DEVICE_FAMILY          ; Stratix II ; Untyped                                                                                  ;
; CBXI_PARAMETER         ; NOTHING    ; Untyped                                                                                  ;
; AUTO_CARRY_CHAINS      ; ON         ; AUTO_CARRY                                                                               ;
; IGNORE_CARRY_BUFFERS   ; OFF        ; IGNORE_CARRY                                                                             ;
; AUTO_CASCADE_CHAINS    ; ON         ; AUTO_CASCADE                                                                             ;
; IGNORE_CASCADE_BUFFERS ; OFF        ; IGNORE_CASCADE                                                                           ;
+------------------------+------------+------------------------------------------------------------------------------------------+
Note: In order to hide this table in the UI and the text report file, please set the "Show Parameter Settings Tables in Synthesis Report" option in "Analysis and Synthesis Settings -> More Settings" to "Off".


+-------------------------------------------------------------------------------------------------------------+
; Parameter Settings for User Entity Instance: cache_set_2_way:inst1|lpm_mux1:inst9|LPM_MUX:lpm_mux_component ;
+------------------------+------------+-----------------------------------------------------------------------+
; Parameter Name         ; Value      ; Type                                                                  ;
+------------------------+------------+-----------------------------------------------------------------------+
; AUTO_CARRY_CHAINS      ; ON         ; AUTO_CARRY                                                            ;
; IGNORE_CARRY_BUFFERS   ; OFF        ; IGNORE_CARRY                                                          ;
; AUTO_CASCADE_CHAINS    ; ON         ; AUTO_CASCADE                                                          ;
; IGNORE_CASCADE_BUFFERS ; OFF        ; IGNORE_CASCADE                                                        ;
; LPM_WIDTH              ; 8          ; Signed Integer                                                        ;
; LPM_SIZE               ; 2          ; Signed Integer                                                        ;
; LPM_WIDTHS             ; 1          ; Signed Integer                                                        ;
; LPM_PIPELINE           ; 0          ; Signed Integer                                                        ;
; CBXI_PARAMETER         ; mux_94e    ; Untyped                                                               ;
; DEVICE_FAMILY          ; Stratix II ; Untyped                                                               ;
+------------------------+------------+-----------------------------------------------------------------------+
Note: In order to hide this table in the UI and the text report file, please set the "Show Parameter Settings Tables in Synthesis Report" option in "Analysis and Synthesis Settings -> More Settings" to "Off".


+------------------------------------------------------------------------------------------------+
; Parameter Settings for User Entity Instance: lpm_bustri0:inst7|lpm_bustri:lpm_bustri_component ;
+----------------+-------+-----------------------------------------------------------------------+
; Parameter Name ; Value ; Type                                                                  ;
+----------------+-------+-----------------------------------------------------------------------+
; LPM_WIDTH      ; 8     ; Signed Integer                                                        ;
+----------------+-------+-----------------------------------------------------------------------+
Note: In order to hide this table in the UI and the text report file, please set the "Show Parameter Settings Tables in Synthesis Report" option in "Analysis and Synthesis Settings -> More Settings" to "Off".


+------------------------------------------------------------------------------------------------+
; Parameter Settings for User Entity Instance: lpm_bustri0:inst6|lpm_bustri:lpm_bustri_component ;
+----------------+-------+-----------------------------------------------------------------------+
; Parameter Name ; Value ; Type                                                                  ;
+----------------+-------+-----------------------------------------------------------------------+
; LPM_WIDTH      ; 8     ; Signed Integer                                                        ;
+----------------+-------+-----------------------------------------------------------------------+
Note: In order to hide this table in the UI and the text report file, please set the "Show Parameter Settings Tables in Synthesis Report" option in "Analysis and Synthesis Settings -> More Settings" to "Off".


+------------------------------------------------------------------------------------------------+
; Parameter Settings for User Entity Instance: lpm_bustri0:inst5|lpm_bustri:lpm_bustri_component ;
+----------------+-------+-----------------------------------------------------------------------+
; Parameter Name ; Value ; Type                                                                  ;
+----------------+-------+-----------------------------------------------------------------------+
; LPM_WIDTH      ; 8     ; Signed Integer                                                        ;
+----------------+-------+-----------------------------------------------------------------------+
Note: In order to hide this table in the UI and the text report file, please set the "Show Parameter Settings Tables in Synthesis Report" option in "Analysis and Synthesis Settings -> More Settings" to "Off".


+------------------------------------------------------------------------------------------------+
; Parameter Settings for User Entity Instance: lpm_bustri0:inst4|lpm_bustri:lpm_bustri_component ;
+----------------+-------+-----------------------------------------------------------------------+
; Parameter Name ; Value ; Type                                                                  ;
+----------------+-------+-----------------------------------------------------------------------+
; LPM_WIDTH      ; 8     ; Signed Integer                                                        ;
+----------------+-------+-----------------------------------------------------------------------+
Note: In order to hide this table in the UI and the text report file, please set the "Show Parameter Settings Tables in Synthesis Report" option in "Analysis and Synthesis Settings -> More Settings" to "Off".


+-------------------------------+
; Analysis & Synthesis Messages ;
+-------------------------------+
Info: *******************************************************************
Info: Running Quartus II Analysis & Synthesis
    Info: Version 9.1 Build 222 10/21/2009 SJ Web Edition
    Info: Processing started: Sun May 03 19:35:29 2026
Info: Command: quartus_map --read_settings_files=on --write_settings_files=off lab8_var12_v1 -c laba8_var1
Info: Found 1 design units, including 1 entities, in source file cache_line_bank.bdf
    Info: Found entity 1: cache_line_bank
Info: Found 1 design units, including 1 entities, in source file cache_set_2_way.bdf
    Info: Found entity 1: cache_set_2_way
Info: Found 1 design units, including 1 entities, in source file cache_top_level.bdf
    Info: Found entity 1: cache_top_level
Info: Found 1 design units, including 1 entities, in source file laba8_var12_v1.bdf
    Info: Found entity 1: laba8_var12_v1
Info: Found 2 design units, including 1 entities, in source file lpm_bustri0.vhd
    Info: Found design unit 1: lpm_bustri0-SYN
    Info: Found entity 1: lpm_bustri0
Info: Found 2 design units, including 1 entities, in source file lpm_compare0.vhd
    Info: Found design unit 1: lpm_compare0-SYN
    Info: Found entity 1: lpm_compare0
Info: Found 2 design units, including 1 entities, in source file lpm_decode0.vhd
    Info: Found design unit 1: lpm_decode0-SYN
    Info: Found entity 1: lpm_decode0
Info: Found 2 design units, including 1 entities, in source file lpm_dff0.vhd
    Info: Found design unit 1: lpm_dff0-SYN
    Info: Found entity 1: lpm_dff0
Info: Found 2 design units, including 1 entities, in source file lpm_dff1.vhd
    Info: Found design unit 1: lpm_dff1-SYN
    Info: Found entity 1: lpm_dff1
Info: Found 2 design units, including 1 entities, in source file lpm_dff2.vhd
    Info: Found design unit 1: lpm_dff2-SYN
    Info: Found entity 1: lpm_dff2
Info: Found 2 design units, including 1 entities, in source file lpm_dff3.vhd
    Info: Found design unit 1: lpm_dff3-SYN
    Info: Found entity 1: lpm_dff3
Info: Found 2 design units, including 1 entities, in source file lpm_dff4.vhd
    Info: Found design unit 1: lpm_dff4-SYN
    Info: Found entity 1: lpm_dff4
Info: Found 2 design units, including 1 entities, in source file lpm_mux0.vhd
    Info: Found design unit 1: lpm_mux0-SYN
    Info: Found entity 1: lpm_mux0
Info: Found 2 design units, including 1 entities, in source file lpm_mux1.vhd
    Info: Found design unit 1: lpm_mux1-SYN
    Info: Found entity 1: lpm_mux1
Info: Found 2 design units, including 1 entities, in source file lpm_mux2.vhd
    Info: Found design unit 1: lpm_mux2-SYN
    Info: Found entity 1: lpm_mux2
Info: Found 1 design units, including 1 entities, in source file cache_controller.bdf
    Info: Found entity 1: cache_controller
Info: Found 1 design units, including 1 entities, in source file lab8_var12_v1.bdf
    Info: Found entity 1: lab8_var12_v1
Info: Elaborating entity "cache_top_level" for the top level hierarchy
Info: Elaborating entity "cache_set_2_way" for hierarchy "cache_set_2_way:inst"
Info: Elaborating entity "cache_line_bank" for hierarchy "cache_set_2_way:inst|cache_line_bank:inst1"
Info: Elaborating entity "lpm_dff3" for hierarchy "cache_set_2_way:inst|cache_line_bank:inst1|lpm_dff3:inst1"
Info: Elaborating entity "lpm_ff" for hierarchy "cache_set_2_way:inst|cache_line_bank:inst1|lpm_dff3:inst1|lpm_ff:lpm_ff_component"
Info: Elaborated megafunction instantiation "cache_set_2_way:inst|cache_line_bank:inst1|lpm_dff3:inst1|lpm_ff:lpm_ff_component"
Info: Instantiated megafunction "cache_set_2_way:inst|cache_line_bank:inst1|lpm_dff3:inst1|lpm_ff:lpm_ff_component" with the following parameter:
    Info: Parameter "lpm_fftype" = "DFF"
    Info: Parameter "lpm_type" = "LPM_FF"
    Info: Parameter "lpm_width" = "1"
Info: Elaborating entity "lpm_compare0" for hierarchy "cache_set_2_way:inst|cache_line_bank:inst1|lpm_compare0:inst8"
Info: Elaborating entity "lpm_compare" for hierarchy "cache_set_2_way:inst|cache_line_bank:inst1|lpm_compare0:inst8|lpm_compare:lpm_compare_component"
Info: Elaborated megafunction instantiation "cache_set_2_way:inst|cache_line_bank:inst1|lpm_compare0:inst8|lpm_compare:lpm_compare_component"
Info: Instantiated megafunction "cache_set_2_way:inst|cache_line_bank:inst1|lpm_compare0:inst8|lpm_compare:lpm_compare_component" with the following parameter:
    Info: Parameter "lpm_representation" = "UNSIGNED"
    Info: Parameter "lpm_type" = "LPM_COMPARE"
    Info: Parameter "lpm_width" = "5"
Info: Found 1 design units, including 1 entities, in source file db/cmpr_cig.tdf
    Info: Found entity 1: cmpr_cig
Info: Elaborating entity "cmpr_cig" for hierarchy "cache_set_2_way:inst|cache_line_bank:inst1|lpm_compare0:inst8|lpm_compare:lpm_compare_component|cmpr_cig:auto_generated"
Info: Elaborating entity "lpm_dff0" for hierarchy "cache_set_2_way:inst|cache_line_bank:inst1|lpm_dff0:inst"
Info: Elaborating entity "lpm_ff" for hierarchy "cache_set_2_way:inst|cache_line_bank:inst1|lpm_dff0:inst|lpm_ff:lpm_ff_component"
Info: Elaborated megafunction instantiation "cache_set_2_way:inst|cache_line_bank:inst1|lpm_dff0:inst|lpm_ff:lpm_ff_component"
Info: Instantiated megafunction "cache_set_2_way:inst|cache_line_bank:inst1|lpm_dff0:inst|lpm_ff:lpm_ff_component" with the following parameter:
    Info: Parameter "lpm_fftype" = "DFF"
    Info: Parameter "lpm_type" = "LPM_FF"
    Info: Parameter "lpm_width" = "5"
Info: Elaborating entity "lpm_mux0" for hierarchy "cache_set_2_way:inst|cache_line_bank:inst1|lpm_mux0:inst6"
Info: Elaborating entity "LPM_MUX" for hierarchy "cache_set_2_way:inst|cache_line_bank:inst1|lpm_mux0:inst6|LPM_MUX:lpm_mux_component"
Info: Elaborated megafunction instantiation "cache_set_2_way:inst|cache_line_bank:inst1|lpm_mux0:inst6|LPM_MUX:lpm_mux_component"
Info: Instantiated megafunction "cache_set_2_way:inst|cache_line_bank:inst1|lpm_mux0:inst6|LPM_MUX:lpm_mux_component" with the following parameter:
    Info: Parameter "LPM_WIDTH" = "8"
    Info: Parameter "LPM_SIZE" = "2"
    Info: Parameter "LPM_WIDTHS" = "1"
    Info: Parameter "LPM_PIPELINE" = "0"
    Info: Parameter "LPM_TYPE" = "LPM_MUX"
    Info: Parameter "LPM_HINT" = "UNUSED"
Info: Found 1 design units, including 1 entities, in source file db/mux_94e.tdf
    Info: Found entity 1: mux_94e
Info: Elaborating entity "mux_94e" for hierarchy "cache_set_2_way:inst|cache_line_bank:inst1|lpm_mux0:inst6|LPM_MUX:lpm_mux_component|mux_94e:auto_generated"
Info: Elaborating entity "lpm_dff2" for hierarchy "cache_set_2_way:inst|cache_line_bank:inst1|lpm_dff2:inst3"
Info: Elaborating entity "lpm_ff" for hierarchy "cache_set_2_way:inst|cache_line_bank:inst1|lpm_dff2:inst3|lpm_ff:lpm_ff_component"
Info: Elaborated megafunction instantiation "cache_set_2_way:inst|cache_line_bank:inst1|lpm_dff2:inst3|lpm_ff:lpm_ff_component"
Info: Instantiated megafunction "cache_set_2_way:inst|cache_line_bank:inst1|lpm_dff2:inst3|lpm_ff:lpm_ff_component" with the following parameter:
    Info: Parameter "lpm_fftype" = "DFF"
    Info: Parameter "lpm_type" = "LPM_FF"
    Info: Parameter "lpm_width" = "8"
Info: Elaborating entity "lpm_dff1" for hierarchy "cache_set_2_way:inst|cache_line_bank:inst1|lpm_dff1:inst2"
Info: Elaborating entity "cache_controller" for hierarchy "cache_set_2_way:inst|cache_controller:inst2"
Info: Elaborating entity "lpm_dff4" for hierarchy "cache_set_2_way:inst|cache_controller:inst2|lpm_dff4:inst10"
Info: Elaborating entity "lpm_mux1" for hierarchy "cache_set_2_way:inst|lpm_mux1:inst9"
Info: Elaborating entity "lpm_decode0" for hierarchy "lpm_decode0:inst10"
Info: Elaborating entity "lpm_decode" for hierarchy "lpm_decode0:inst10|lpm_decode:lpm_decode_component"
Info: Elaborated megafunction instantiation "lpm_decode0:inst10|lpm_decode:lpm_decode_component"
Info: Instantiated megafunction "lpm_decode0:inst10|lpm_decode:lpm_decode_component" with the following parameter:
    Info: Parameter "lpm_decodes" = "4"
    Info: Parameter "lpm_type" = "LPM_DECODE"
    Info: Parameter "lpm_width" = "2"
Info: Found 1 design units, including 1 entities, in source file db/decode_0sf.tdf
    Info: Found entity 1: decode_0sf
Info: Elaborating entity "decode_0sf" for hierarchy "lpm_decode0:inst10|lpm_decode:lpm_decode_component|decode_0sf:auto_generated"
Info: Elaborating entity "lpm_bustri0" for hierarchy "lpm_bustri0:inst7"
Info: Elaborating entity "lpm_bustri" for hierarchy "lpm_bustri0:inst7|lpm_bustri:lpm_bustri_component"
Info: Elaborated megafunction instantiation "lpm_bustri0:inst7|lpm_bustri:lpm_bustri_component"
Info: Instantiated megafunction "lpm_bustri0:inst7|lpm_bustri:lpm_bustri_component" with the following parameter:
    Info: Parameter "lpm_type" = "LPM_BUSTRI"
    Info: Parameter "lpm_width" = "8"
Info: Implemented 313 device resources after synthesis - the final resource count might be different
    Info: Implemented 27 input pins
    Info: Implemented 9 output pins
    Info: Implemented 277 logic cells
Info: Quartus II Analysis & Synthesis was successful. 0 errors, 0 warnings
    Info: Peak virtual memory: 262 megabytes
    Info: Processing ended: Sun May 03 19:35:32 2026
    Info: Elapsed time: 00:00:03
    Info: Total CPU time (on all processors): 00:00:05


