Simulator report for laba8_var1
Sun May 03 19:54:50 2026
Quartus II Version 9.1 Build 222 10/21/2009 SJ Web Edition


---------------------
; Table of Contents ;
---------------------
  1. Legal Notice
  2. Simulator Summary
  3. Simulator Settings
  4. Simulation Waveforms
  5. Coverage Summary
  6. Complete 1/0-Value Coverage
  7. Missing 1-Value Coverage
  8. Missing 0-Value Coverage
  9. Simulator INI Usage
 10. Simulator Messages



----------------
; Legal Notice ;
----------------
Copyright (C) 1991-2009 Altera Corporation
Your use of Altera Corporation's design tools, logic functions 
and other software and tools, and its AMPP partner logic 
functions, and any output files from any of the foregoing 
(including device programming or simulation files), and any 
associated documentation or information are expressly subject 
to the terms and conditions of the Altera Program License 
Subscription Agreement, Altera MegaCore Function License 
Agreement, or other applicable license agreement, including, 
without limitation, that your use is for the sole purpose of 
programming logic devices manufactured by Altera and sold by 
Altera or its authorized distributors.  Please refer to the 
applicable agreement for further details.



+--------------------------------------------+
; Simulator Summary                          ;
+-----------------------------+--------------+
; Type                        ; Value        ;
+-----------------------------+--------------+
; Simulation Start Time       ; 0 ps         ;
; Simulation End Time         ; 1.0 us       ;
; Simulation Netlist Size     ; 665 nodes    ;
; Simulation Coverage         ;      50.08 % ;
; Total Number of Transitions ; 3676         ;
; Simulation Breakpoints      ; 0            ;
; Family                      ; Stratix II   ;
+-----------------------------+--------------+


+----------------------------------------------------------------------------------------------------------------------------------+
; Simulator Settings                                                                                                               ;
+--------------------------------------------------------------------------------------------+---------------------+---------------+
; Option                                                                                     ; Setting             ; Default Value ;
+--------------------------------------------------------------------------------------------+---------------------+---------------+
; Simulation mode                                                                            ; Functional          ; Timing        ;
; Start time                                                                                 ; 0 ns                ; 0 ns          ;
; Simulation results format                                                                  ; CVWF                ;               ;
; Vector input source                                                                        ; cache_top_level.vwf ;               ;
; Add pins automatically to simulation output waveforms                                      ; On                  ; On            ;
; Check outputs                                                                              ; Off                 ; Off           ;
; Report simulation coverage                                                                 ; On                  ; On            ;
; Display complete 1/0 value coverage report                                                 ; On                  ; On            ;
; Display missing 1-value coverage report                                                    ; On                  ; On            ;
; Display missing 0-value coverage report                                                    ; On                  ; On            ;
; Detect setup and hold time violations                                                      ; Off                 ; Off           ;
; Detect glitches                                                                            ; Off                 ; Off           ;
; Disable timing delays in Timing Simulation                                                 ; Off                 ; Off           ;
; Generate Signal Activity File                                                              ; Off                 ; Off           ;
; Generate VCD File for PowerPlay Power Analyzer                                             ; Off                 ; Off           ;
; Group bus channels in simulation results                                                   ; Off                 ; Off           ;
; Preserve fewer signal transitions to reduce memory requirements                            ; On                  ; On            ;
; Trigger vector comparison with the specified mode                                          ; INPUT_EDGE          ; INPUT_EDGE    ;
; Disable setup and hold time violations detection in input registers of bi-directional pins ; Off                 ; Off           ;
; Overwrite Waveform Inputs With Simulation Outputs                                          ; Off                 ;               ;
; Perform Glitch Filtering in Timing Simulation                                              ; Auto                ; Auto          ;
+--------------------------------------------------------------------------------------------+---------------------+---------------+


+----------------------+
; Simulation Waveforms ;
+----------------------+
Waveform report data cannot be output to ASCII.
Please use Quartus II to view the waveform report data.


+--------------------------------------------------------------------+
; Coverage Summary                                                   ;
+-----------------------------------------------------+--------------+
; Type                                                ; Value        ;
+-----------------------------------------------------+--------------+
; Total coverage as a percentage                      ;      50.08 % ;
; Total nodes checked                                 ; 665          ;
; Total output ports checked                          ; 665          ;
; Total output ports with complete 1/0-value coverage ; 333          ;
; Total output ports with no 1/0-value coverage       ; 312          ;
; Total output ports with no 1-value coverage         ; 331          ;
; Total output ports with no 0-value coverage         ; 313          ;
+-----------------------------------------------------+--------------+


The following table displays output ports that toggle between 1 and 0 during simulation.
+------------------------------------------------------------------------------------------------------------------------------------------------------------------------------------------------------------------------------------------------------------------------------------------------------------------------------------------------------+
; Complete 1/0-Value Coverage                                                                                                                                                                                                                                                                                                                          ;
+-----------------------------------------------------------------------------------------------------------------------------------------------------------------+-----------------------------------------------------------------------------------------------------------------------------------------------------------------+------------------+
; Node Name                                                                                                                                                       ; Output Port Name                                                                                                                                                ; Output Port Type ;
+-----------------------------------------------------------------------------------------------------------------------------------------------------------------+-----------------------------------------------------------------------------------------------------------------------------------------------------------------+------------------+
; |cache_top_level|cache_hit                                                                                                                                      ; |cache_top_level|cache_hit                                                                                                                                      ; pin_out          ;
; |cache_top_level|inst13                                                                                                                                         ; |cache_top_level|inst13                                                                                                                                         ; out0             ;
; |cache_top_level|clk                                                                                                                                            ; |cache_top_level|clk                                                                                                                                            ; out              ;
; |cache_top_level|reset                                                                                                                                          ; |cache_top_level|reset                                                                                                                                          ; out              ;
; |cache_top_level|offset                                                                                                                                         ; |cache_top_level|offset                                                                                                                                         ; out              ;
; |cache_top_level|write_set                                                                                                                                      ; |cache_top_level|write_set                                                                                                                                      ; out              ;
; |cache_top_level|addr_index[1]                                                                                                                                  ; |cache_top_level|addr_index[1]                                                                                                                                  ; out              ;
; |cache_top_level|addr_index[0]                                                                                                                                  ; |cache_top_level|addr_index[0]                                                                                                                                  ; out              ;
; |cache_top_level|data_word0[4]                                                                                                                                  ; |cache_top_level|data_word0[4]                                                                                                                                  ; out              ;
; |cache_top_level|data_word0[3]                                                                                                                                  ; |cache_top_level|data_word0[3]                                                                                                                                  ; out              ;
; |cache_top_level|data_word0[2]                                                                                                                                  ; |cache_top_level|data_word0[2]                                                                                                                                  ; out              ;
; |cache_top_level|data_word0[1]                                                                                                                                  ; |cache_top_level|data_word0[1]                                                                                                                                  ; out              ;
; |cache_top_level|data_word0[0]                                                                                                                                  ; |cache_top_level|data_word0[0]                                                                                                                                  ; out              ;
; |cache_top_level|data_word1[4]                                                                                                                                  ; |cache_top_level|data_word1[4]                                                                                                                                  ; out              ;
; |cache_top_level|data_word1[3]                                                                                                                                  ; |cache_top_level|data_word1[3]                                                                                                                                  ; out              ;
; |cache_top_level|data_word1[2]                                                                                                                                  ; |cache_top_level|data_word1[2]                                                                                                                                  ; out              ;
; |cache_top_level|data_word1[1]                                                                                                                                  ; |cache_top_level|data_word1[1]                                                                                                                                  ; out              ;
; |cache_top_level|data_word1[0]                                                                                                                                  ; |cache_top_level|data_word1[0]                                                                                                                                  ; out              ;
; |cache_top_level|input_tag[4]                                                                                                                                   ; |cache_top_level|input_tag[4]                                                                                                                                   ; out              ;
; |cache_top_level|input_tag[3]                                                                                                                                   ; |cache_top_level|input_tag[3]                                                                                                                                   ; out              ;
; |cache_top_level|input_tag[2]                                                                                                                                   ; |cache_top_level|input_tag[2]                                                                                                                                   ; out              ;
; |cache_top_level|input_tag[1]                                                                                                                                   ; |cache_top_level|input_tag[1]                                                                                                                                   ; out              ;
; |cache_top_level|input_tag[0]                                                                                                                                   ; |cache_top_level|input_tag[0]                                                                                                                                   ; out              ;
; |cache_top_level|result[4]                                                                                                                                      ; |cache_top_level|result[4]                                                                                                                                      ; pin_out          ;
; |cache_top_level|result[3]                                                                                                                                      ; |cache_top_level|result[3]                                                                                                                                      ; pin_out          ;
; |cache_top_level|result[2]                                                                                                                                      ; |cache_top_level|result[2]                                                                                                                                      ; pin_out          ;
; |cache_top_level|result[1]                                                                                                                                      ; |cache_top_level|result[1]                                                                                                                                      ; pin_out          ;
; |cache_top_level|result[0]                                                                                                                                      ; |cache_top_level|result[0]                                                                                                                                      ; pin_out          ;
; |cache_top_level|gdfx_temp0[4]                                                                                                                                  ; |cache_top_level|gdfx_temp0[4]                                                                                                                                  ; out0             ;
; |cache_top_level|gdfx_temp0[3]                                                                                                                                  ; |cache_top_level|gdfx_temp0[3]                                                                                                                                  ; out0             ;
; |cache_top_level|gdfx_temp0[2]                                                                                                                                  ; |cache_top_level|gdfx_temp0[2]                                                                                                                                  ; out0             ;
; |cache_top_level|gdfx_temp0[1]                                                                                                                                  ; |cache_top_level|gdfx_temp0[1]                                                                                                                                  ; out0             ;
; |cache_top_level|gdfx_temp0[0]                                                                                                                                  ; |cache_top_level|gdfx_temp0[0]                                                                                                                                  ; out0             ;
; |cache_top_level|lpm_bustri0:inst4|lpm_bustri:lpm_bustri_component|dout[3]                                                                                      ; |cache_top_level|lpm_bustri0:inst4|lpm_bustri:lpm_bustri_component|dout[3]                                                                                      ; out              ;
; |cache_top_level|lpm_bustri0:inst4|lpm_bustri:lpm_bustri_component|dout[2]                                                                                      ; |cache_top_level|lpm_bustri0:inst4|lpm_bustri:lpm_bustri_component|dout[2]                                                                                      ; out              ;
; |cache_top_level|lpm_bustri0:inst4|lpm_bustri:lpm_bustri_component|dout[1]                                                                                      ; |cache_top_level|lpm_bustri0:inst4|lpm_bustri:lpm_bustri_component|dout[1]                                                                                      ; out              ;
; |cache_top_level|lpm_bustri0:inst4|lpm_bustri:lpm_bustri_component|dout[0]                                                                                      ; |cache_top_level|lpm_bustri0:inst4|lpm_bustri:lpm_bustri_component|dout[0]                                                                                      ; out              ;
; |cache_top_level|lpm_bustri0:inst5|lpm_bustri:lpm_bustri_component|dout[4]                                                                                      ; |cache_top_level|lpm_bustri0:inst5|lpm_bustri:lpm_bustri_component|dout[4]                                                                                      ; out              ;
; |cache_top_level|lpm_bustri0:inst5|lpm_bustri:lpm_bustri_component|dout[3]                                                                                      ; |cache_top_level|lpm_bustri0:inst5|lpm_bustri:lpm_bustri_component|dout[3]                                                                                      ; out              ;
; |cache_top_level|lpm_bustri0:inst5|lpm_bustri:lpm_bustri_component|dout[2]                                                                                      ; |cache_top_level|lpm_bustri0:inst5|lpm_bustri:lpm_bustri_component|dout[2]                                                                                      ; out              ;
; |cache_top_level|lpm_bustri0:inst5|lpm_bustri:lpm_bustri_component|dout[1]                                                                                      ; |cache_top_level|lpm_bustri0:inst5|lpm_bustri:lpm_bustri_component|dout[1]                                                                                      ; out              ;
; |cache_top_level|lpm_bustri0:inst5|lpm_bustri:lpm_bustri_component|dout[0]                                                                                      ; |cache_top_level|lpm_bustri0:inst5|lpm_bustri:lpm_bustri_component|dout[0]                                                                                      ; out              ;
; |cache_top_level|lpm_bustri0:inst6|lpm_bustri:lpm_bustri_component|dout[4]                                                                                      ; |cache_top_level|lpm_bustri0:inst6|lpm_bustri:lpm_bustri_component|dout[4]                                                                                      ; out              ;
; |cache_top_level|lpm_bustri0:inst6|lpm_bustri:lpm_bustri_component|dout[3]                                                                                      ; |cache_top_level|lpm_bustri0:inst6|lpm_bustri:lpm_bustri_component|dout[3]                                                                                      ; out              ;
; |cache_top_level|lpm_bustri0:inst6|lpm_bustri:lpm_bustri_component|dout[2]                                                                                      ; |cache_top_level|lpm_bustri0:inst6|lpm_bustri:lpm_bustri_component|dout[2]                                                                                      ; out              ;
; |cache_top_level|lpm_bustri0:inst6|lpm_bustri:lpm_bustri_component|dout[1]                                                                                      ; |cache_top_level|lpm_bustri0:inst6|lpm_bustri:lpm_bustri_component|dout[1]                                                                                      ; out              ;
; |cache_top_level|lpm_bustri0:inst6|lpm_bustri:lpm_bustri_component|dout[0]                                                                                      ; |cache_top_level|lpm_bustri0:inst6|lpm_bustri:lpm_bustri_component|dout[0]                                                                                      ; out              ;
; |cache_top_level|lpm_bustri0:inst7|lpm_bustri:lpm_bustri_component|dout[3]                                                                                      ; |cache_top_level|lpm_bustri0:inst7|lpm_bustri:lpm_bustri_component|dout[3]                                                                                      ; out              ;
; |cache_top_level|lpm_bustri0:inst7|lpm_bustri:lpm_bustri_component|dout[2]                                                                                      ; |cache_top_level|lpm_bustri0:inst7|lpm_bustri:lpm_bustri_component|dout[2]                                                                                      ; out              ;
; |cache_top_level|lpm_bustri0:inst7|lpm_bustri:lpm_bustri_component|dout[1]                                                                                      ; |cache_top_level|lpm_bustri0:inst7|lpm_bustri:lpm_bustri_component|dout[1]                                                                                      ; out              ;
; |cache_top_level|lpm_bustri0:inst7|lpm_bustri:lpm_bustri_component|dout[0]                                                                                      ; |cache_top_level|lpm_bustri0:inst7|lpm_bustri:lpm_bustri_component|dout[0]                                                                                      ; out              ;
; |cache_top_level|cache_set_2_way:inst1|inst7                                                                                                                    ; |cache_top_level|cache_set_2_way:inst1|inst7                                                                                                                    ; out0             ;
; |cache_top_level|cache_set_2_way:inst1|lpm_mux1:inst9|lpm_mux:lpm_mux_component|mux_94e:auto_generated|l1_w0_n0_mux_dataout~0                                   ; |cache_top_level|cache_set_2_way:inst1|lpm_mux1:inst9|lpm_mux:lpm_mux_component|mux_94e:auto_generated|l1_w0_n0_mux_dataout~0                                   ; out0             ;
; |cache_top_level|cache_set_2_way:inst1|lpm_mux1:inst9|lpm_mux:lpm_mux_component|mux_94e:auto_generated|l1_w0_n0_mux_dataout~1                                   ; |cache_top_level|cache_set_2_way:inst1|lpm_mux1:inst9|lpm_mux:lpm_mux_component|mux_94e:auto_generated|l1_w0_n0_mux_dataout~1                                   ; out0             ;
; |cache_top_level|cache_set_2_way:inst1|lpm_mux1:inst9|lpm_mux:lpm_mux_component|mux_94e:auto_generated|l1_w0_n0_mux_dataout                                     ; |cache_top_level|cache_set_2_way:inst1|lpm_mux1:inst9|lpm_mux:lpm_mux_component|mux_94e:auto_generated|l1_w0_n0_mux_dataout                                     ; out0             ;
; |cache_top_level|cache_set_2_way:inst1|lpm_mux1:inst9|lpm_mux:lpm_mux_component|mux_94e:auto_generated|l1_w1_n0_mux_dataout~0                                   ; |cache_top_level|cache_set_2_way:inst1|lpm_mux1:inst9|lpm_mux:lpm_mux_component|mux_94e:auto_generated|l1_w1_n0_mux_dataout~0                                   ; out0             ;
; |cache_top_level|cache_set_2_way:inst1|lpm_mux1:inst9|lpm_mux:lpm_mux_component|mux_94e:auto_generated|l1_w1_n0_mux_dataout                                     ; |cache_top_level|cache_set_2_way:inst1|lpm_mux1:inst9|lpm_mux:lpm_mux_component|mux_94e:auto_generated|l1_w1_n0_mux_dataout                                     ; out0             ;
; |cache_top_level|cache_set_2_way:inst1|lpm_mux1:inst9|lpm_mux:lpm_mux_component|mux_94e:auto_generated|l1_w2_n0_mux_dataout~1                                   ; |cache_top_level|cache_set_2_way:inst1|lpm_mux1:inst9|lpm_mux:lpm_mux_component|mux_94e:auto_generated|l1_w2_n0_mux_dataout~1                                   ; out0             ;
; |cache_top_level|cache_set_2_way:inst1|lpm_mux1:inst9|lpm_mux:lpm_mux_component|mux_94e:auto_generated|l1_w2_n0_mux_dataout                                     ; |cache_top_level|cache_set_2_way:inst1|lpm_mux1:inst9|lpm_mux:lpm_mux_component|mux_94e:auto_generated|l1_w2_n0_mux_dataout                                     ; out0             ;
; |cache_top_level|cache_set_2_way:inst1|lpm_mux1:inst9|lpm_mux:lpm_mux_component|mux_94e:auto_generated|l1_w3_n0_mux_dataout~0                                   ; |cache_top_level|cache_set_2_way:inst1|lpm_mux1:inst9|lpm_mux:lpm_mux_component|mux_94e:auto_generated|l1_w3_n0_mux_dataout~0                                   ; out0             ;
; |cache_top_level|cache_set_2_way:inst1|lpm_mux1:inst9|lpm_mux:lpm_mux_component|mux_94e:auto_generated|l1_w3_n0_mux_dataout                                     ; |cache_top_level|cache_set_2_way:inst1|lpm_mux1:inst9|lpm_mux:lpm_mux_component|mux_94e:auto_generated|l1_w3_n0_mux_dataout                                     ; out0             ;
; |cache_top_level|cache_set_2_way:inst1|lpm_mux1:inst9|lpm_mux:lpm_mux_component|mux_94e:auto_generated|l1_w4_n0_mux_dataout~1                                   ; |cache_top_level|cache_set_2_way:inst1|lpm_mux1:inst9|lpm_mux:lpm_mux_component|mux_94e:auto_generated|l1_w4_n0_mux_dataout~1                                   ; out0             ;
; |cache_top_level|cache_set_2_way:inst1|lpm_mux1:inst9|lpm_mux:lpm_mux_component|mux_94e:auto_generated|l1_w4_n0_mux_dataout                                     ; |cache_top_level|cache_set_2_way:inst1|lpm_mux1:inst9|lpm_mux:lpm_mux_component|mux_94e:auto_generated|l1_w4_n0_mux_dataout                                     ; out0             ;
; |cache_top_level|cache_set_2_way:inst1|cache_line_bank:inst|inst4                                                                                               ; |cache_top_level|cache_set_2_way:inst1|cache_line_bank:inst|inst4                                                                                               ; out0             ;
; |cache_top_level|cache_set_2_way:inst1|cache_line_bank:inst|lpm_dff1:inst2|lpm_ff:lpm_ff_component|dffs[3]                                                      ; |cache_top_level|cache_set_2_way:inst1|cache_line_bank:inst|lpm_dff1:inst2|lpm_ff:lpm_ff_component|dffs[3]                                                      ; regout           ;
; |cache_top_level|cache_set_2_way:inst1|cache_line_bank:inst|lpm_dff1:inst2|lpm_ff:lpm_ff_component|dffs[1]                                                      ; |cache_top_level|cache_set_2_way:inst1|cache_line_bank:inst|lpm_dff1:inst2|lpm_ff:lpm_ff_component|dffs[1]                                                      ; regout           ;
; |cache_top_level|cache_set_2_way:inst1|cache_line_bank:inst|lpm_dff2:inst3|lpm_ff:lpm_ff_component|dffs[3]                                                      ; |cache_top_level|cache_set_2_way:inst1|cache_line_bank:inst|lpm_dff2:inst3|lpm_ff:lpm_ff_component|dffs[3]                                                      ; regout           ;
; |cache_top_level|cache_set_2_way:inst1|cache_line_bank:inst|lpm_dff2:inst3|lpm_ff:lpm_ff_component|dffs[1]                                                      ; |cache_top_level|cache_set_2_way:inst1|cache_line_bank:inst|lpm_dff2:inst3|lpm_ff:lpm_ff_component|dffs[1]                                                      ; regout           ;
; |cache_top_level|cache_set_2_way:inst1|cache_line_bank:inst|lpm_dff2:inst3|lpm_ff:lpm_ff_component|dffs[0]                                                      ; |cache_top_level|cache_set_2_way:inst1|cache_line_bank:inst|lpm_dff2:inst3|lpm_ff:lpm_ff_component|dffs[0]                                                      ; regout           ;
; |cache_top_level|cache_set_2_way:inst1|cache_line_bank:inst|lpm_mux0:inst6|lpm_mux:lpm_mux_component|mux_94e:auto_generated|l1_w0_n0_mux_dataout~1              ; |cache_top_level|cache_set_2_way:inst1|cache_line_bank:inst|lpm_mux0:inst6|lpm_mux:lpm_mux_component|mux_94e:auto_generated|l1_w0_n0_mux_dataout~1              ; out0             ;
; |cache_top_level|cache_set_2_way:inst1|cache_line_bank:inst|lpm_mux0:inst6|lpm_mux:lpm_mux_component|mux_94e:auto_generated|l1_w0_n0_mux_dataout                ; |cache_top_level|cache_set_2_way:inst1|cache_line_bank:inst|lpm_mux0:inst6|lpm_mux:lpm_mux_component|mux_94e:auto_generated|l1_w0_n0_mux_dataout                ; out0             ;
; |cache_top_level|cache_set_2_way:inst1|cache_line_bank:inst|lpm_mux0:inst6|lpm_mux:lpm_mux_component|mux_94e:auto_generated|l1_w1_n0_mux_dataout~0              ; |cache_top_level|cache_set_2_way:inst1|cache_line_bank:inst|lpm_mux0:inst6|lpm_mux:lpm_mux_component|mux_94e:auto_generated|l1_w1_n0_mux_dataout~0              ; out0             ;
; |cache_top_level|cache_set_2_way:inst1|cache_line_bank:inst|lpm_mux0:inst6|lpm_mux:lpm_mux_component|mux_94e:auto_generated|l1_w1_n0_mux_dataout~1              ; |cache_top_level|cache_set_2_way:inst1|cache_line_bank:inst|lpm_mux0:inst6|lpm_mux:lpm_mux_component|mux_94e:auto_generated|l1_w1_n0_mux_dataout~1              ; out0             ;
; |cache_top_level|cache_set_2_way:inst1|cache_line_bank:inst|lpm_mux0:inst6|lpm_mux:lpm_mux_component|mux_94e:auto_generated|l1_w1_n0_mux_dataout                ; |cache_top_level|cache_set_2_way:inst1|cache_line_bank:inst|lpm_mux0:inst6|lpm_mux:lpm_mux_component|mux_94e:auto_generated|l1_w1_n0_mux_dataout                ; out0             ;
; |cache_top_level|cache_set_2_way:inst1|cache_line_bank:inst|lpm_mux0:inst6|lpm_mux:lpm_mux_component|mux_94e:auto_generated|l1_w3_n0_mux_dataout~0              ; |cache_top_level|cache_set_2_way:inst1|cache_line_bank:inst|lpm_mux0:inst6|lpm_mux:lpm_mux_component|mux_94e:auto_generated|l1_w3_n0_mux_dataout~0              ; out0             ;
; |cache_top_level|cache_set_2_way:inst1|cache_line_bank:inst|lpm_mux0:inst6|lpm_mux:lpm_mux_component|mux_94e:auto_generated|l1_w3_n0_mux_dataout~1              ; |cache_top_level|cache_set_2_way:inst1|cache_line_bank:inst|lpm_mux0:inst6|lpm_mux:lpm_mux_component|mux_94e:auto_generated|l1_w3_n0_mux_dataout~1              ; out0             ;
; |cache_top_level|cache_set_2_way:inst1|cache_line_bank:inst|lpm_mux0:inst6|lpm_mux:lpm_mux_component|mux_94e:auto_generated|l1_w3_n0_mux_dataout                ; |cache_top_level|cache_set_2_way:inst1|cache_line_bank:inst|lpm_mux0:inst6|lpm_mux:lpm_mux_component|mux_94e:auto_generated|l1_w3_n0_mux_dataout                ; out0             ;
; |cache_top_level|cache_set_2_way:inst1|cache_line_bank:inst|lpm_dff0:inst|lpm_ff:lpm_ff_component|dffs[3]                                                       ; |cache_top_level|cache_set_2_way:inst1|cache_line_bank:inst|lpm_dff0:inst|lpm_ff:lpm_ff_component|dffs[3]                                                       ; regout           ;
; |cache_top_level|cache_set_2_way:inst1|cache_line_bank:inst|lpm_dff0:inst|lpm_ff:lpm_ff_component|dffs[2]                                                       ; |cache_top_level|cache_set_2_way:inst1|cache_line_bank:inst|lpm_dff0:inst|lpm_ff:lpm_ff_component|dffs[2]                                                       ; regout           ;
; |cache_top_level|cache_set_2_way:inst1|cache_line_bank:inst|lpm_compare0:inst8|lpm_compare:lpm_compare_component|cmpr_cig:auto_generated|aneb_result_wire[0]~0  ; |cache_top_level|cache_set_2_way:inst1|cache_line_bank:inst|lpm_compare0:inst8|lpm_compare:lpm_compare_component|cmpr_cig:auto_generated|aneb_result_wire[0]~0  ; out0             ;
; |cache_top_level|cache_set_2_way:inst1|cache_line_bank:inst|lpm_compare0:inst8|lpm_compare:lpm_compare_component|cmpr_cig:auto_generated|aneb_result_wire[0]    ; |cache_top_level|cache_set_2_way:inst1|cache_line_bank:inst|lpm_compare0:inst8|lpm_compare:lpm_compare_component|cmpr_cig:auto_generated|aneb_result_wire[0]    ; out0             ;
; |cache_top_level|cache_set_2_way:inst1|cache_line_bank:inst|lpm_compare0:inst8|lpm_compare:lpm_compare_component|cmpr_cig:auto_generated|data_wire[2]           ; |cache_top_level|cache_set_2_way:inst1|cache_line_bank:inst|lpm_compare0:inst8|lpm_compare:lpm_compare_component|cmpr_cig:auto_generated|data_wire[2]           ; out0             ;
; |cache_top_level|cache_set_2_way:inst1|cache_line_bank:inst|lpm_compare0:inst8|lpm_compare:lpm_compare_component|cmpr_cig:auto_generated|data_wire[1]~0         ; |cache_top_level|cache_set_2_way:inst1|cache_line_bank:inst|lpm_compare0:inst8|lpm_compare:lpm_compare_component|cmpr_cig:auto_generated|data_wire[1]~0         ; out0             ;
; |cache_top_level|cache_set_2_way:inst1|cache_line_bank:inst|lpm_compare0:inst8|lpm_compare:lpm_compare_component|cmpr_cig:auto_generated|data_wire[1]~1         ; |cache_top_level|cache_set_2_way:inst1|cache_line_bank:inst|lpm_compare0:inst8|lpm_compare:lpm_compare_component|cmpr_cig:auto_generated|data_wire[1]~1         ; out0             ;
; |cache_top_level|cache_set_2_way:inst1|cache_line_bank:inst|lpm_compare0:inst8|lpm_compare:lpm_compare_component|cmpr_cig:auto_generated|data_wire[1]           ; |cache_top_level|cache_set_2_way:inst1|cache_line_bank:inst|lpm_compare0:inst8|lpm_compare:lpm_compare_component|cmpr_cig:auto_generated|data_wire[1]           ; out0             ;
; |cache_top_level|cache_set_2_way:inst1|cache_line_bank:inst|lpm_compare0:inst8|lpm_compare:lpm_compare_component|cmpr_cig:auto_generated|data_wire[0]~2         ; |cache_top_level|cache_set_2_way:inst1|cache_line_bank:inst|lpm_compare0:inst8|lpm_compare:lpm_compare_component|cmpr_cig:auto_generated|data_wire[0]~2         ; out0             ;
; |cache_top_level|cache_set_2_way:inst1|cache_line_bank:inst|lpm_compare0:inst8|lpm_compare:lpm_compare_component|cmpr_cig:auto_generated|data_wire[0]~3         ; |cache_top_level|cache_set_2_way:inst1|cache_line_bank:inst|lpm_compare0:inst8|lpm_compare:lpm_compare_component|cmpr_cig:auto_generated|data_wire[0]~3         ; out0             ;
; |cache_top_level|cache_set_2_way:inst1|cache_line_bank:inst|lpm_compare0:inst8|lpm_compare:lpm_compare_component|cmpr_cig:auto_generated|data_wire[0]           ; |cache_top_level|cache_set_2_way:inst1|cache_line_bank:inst|lpm_compare0:inst8|lpm_compare:lpm_compare_component|cmpr_cig:auto_generated|data_wire[0]           ; out0             ;
; |cache_top_level|cache_set_2_way:inst1|cache_line_bank:inst|lpm_dff3:inst1|lpm_ff:lpm_ff_component|dffs[0]                                                      ; |cache_top_level|cache_set_2_way:inst1|cache_line_bank:inst|lpm_dff3:inst1|lpm_ff:lpm_ff_component|dffs[0]                                                      ; regout           ;
; |cache_top_level|cache_set_2_way:inst1|cache_controller:inst2|inst26                                                                                            ; |cache_top_level|cache_set_2_way:inst1|cache_controller:inst2|inst26                                                                                            ; out0             ;
; |cache_top_level|cache_set_2_way:inst1|cache_controller:inst2|inst25                                                                                            ; |cache_top_level|cache_set_2_way:inst1|cache_controller:inst2|inst25                                                                                            ; out0             ;
; |cache_top_level|cache_set_2_way:inst1|cache_controller:inst2|inst24                                                                                            ; |cache_top_level|cache_set_2_way:inst1|cache_controller:inst2|inst24                                                                                            ; out0             ;
; |cache_top_level|cache_set_2_way:inst1|cache_controller:inst2|inst15                                                                                            ; |cache_top_level|cache_set_2_way:inst1|cache_controller:inst2|inst15                                                                                            ; out0             ;
; |cache_top_level|cache_set_2_way:inst1|cache_controller:inst2|inst23                                                                                            ; |cache_top_level|cache_set_2_way:inst1|cache_controller:inst2|inst23                                                                                            ; out0             ;
; |cache_top_level|cache_set_2_way:inst1|cache_controller:inst2|inst22                                                                                            ; |cache_top_level|cache_set_2_way:inst1|cache_controller:inst2|inst22                                                                                            ; out0             ;
; |cache_top_level|cache_set_2_way:inst1|cache_controller:inst2|inst21                                                                                            ; |cache_top_level|cache_set_2_way:inst1|cache_controller:inst2|inst21                                                                                            ; out0             ;
; |cache_top_level|cache_set_2_way:inst1|cache_controller:inst2|lpm_dff4:inst10|lpm_ff:lpm_ff_component|dffs[0]                                                   ; |cache_top_level|cache_set_2_way:inst1|cache_controller:inst2|lpm_dff4:inst10|lpm_ff:lpm_ff_component|dffs[0]                                                   ; regout           ;
; |cache_top_level|cache_set_2_way:inst1|cache_line_bank:inst1|inst4                                                                                              ; |cache_top_level|cache_set_2_way:inst1|cache_line_bank:inst1|inst4                                                                                              ; out0             ;
; |cache_top_level|cache_set_2_way:inst1|cache_line_bank:inst1|lpm_dff1:inst2|lpm_ff:lpm_ff_component|dffs[4]                                                     ; |cache_top_level|cache_set_2_way:inst1|cache_line_bank:inst1|lpm_dff1:inst2|lpm_ff:lpm_ff_component|dffs[4]                                                     ; regout           ;
; |cache_top_level|cache_set_2_way:inst1|cache_line_bank:inst1|lpm_dff1:inst2|lpm_ff:lpm_ff_component|dffs[2]                                                     ; |cache_top_level|cache_set_2_way:inst1|cache_line_bank:inst1|lpm_dff1:inst2|lpm_ff:lpm_ff_component|dffs[2]                                                     ; regout           ;
; |cache_top_level|cache_set_2_way:inst1|cache_line_bank:inst1|lpm_dff2:inst3|lpm_ff:lpm_ff_component|dffs[4]                                                     ; |cache_top_level|cache_set_2_way:inst1|cache_line_bank:inst1|lpm_dff2:inst3|lpm_ff:lpm_ff_component|dffs[4]                                                     ; regout           ;
; |cache_top_level|cache_set_2_way:inst1|cache_line_bank:inst1|lpm_dff2:inst3|lpm_ff:lpm_ff_component|dffs[2]                                                     ; |cache_top_level|cache_set_2_way:inst1|cache_line_bank:inst1|lpm_dff2:inst3|lpm_ff:lpm_ff_component|dffs[2]                                                     ; regout           ;
; |cache_top_level|cache_set_2_way:inst1|cache_line_bank:inst1|lpm_dff2:inst3|lpm_ff:lpm_ff_component|dffs[0]                                                     ; |cache_top_level|cache_set_2_way:inst1|cache_line_bank:inst1|lpm_dff2:inst3|lpm_ff:lpm_ff_component|dffs[0]                                                     ; regout           ;
; |cache_top_level|cache_set_2_way:inst1|cache_line_bank:inst1|lpm_mux0:inst6|lpm_mux:lpm_mux_component|mux_94e:auto_generated|l1_w0_n0_mux_dataout~1             ; |cache_top_level|cache_set_2_way:inst1|cache_line_bank:inst1|lpm_mux0:inst6|lpm_mux:lpm_mux_component|mux_94e:auto_generated|l1_w0_n0_mux_dataout~1             ; out0             ;
; |cache_top_level|cache_set_2_way:inst1|cache_line_bank:inst1|lpm_mux0:inst6|lpm_mux:lpm_mux_component|mux_94e:auto_generated|l1_w0_n0_mux_dataout               ; |cache_top_level|cache_set_2_way:inst1|cache_line_bank:inst1|lpm_mux0:inst6|lpm_mux:lpm_mux_component|mux_94e:auto_generated|l1_w0_n0_mux_dataout               ; out0             ;
; |cache_top_level|cache_set_2_way:inst1|cache_line_bank:inst1|lpm_mux0:inst6|lpm_mux:lpm_mux_component|mux_94e:auto_generated|l1_w2_n0_mux_dataout~1             ; |cache_top_level|cache_set_2_way:inst1|cache_line_bank:inst1|lpm_mux0:inst6|lpm_mux:lpm_mux_component|mux_94e:auto_generated|l1_w2_n0_mux_dataout~1             ; out0             ;
; |cache_top_level|cache_set_2_way:inst1|cache_line_bank:inst1|lpm_mux0:inst6|lpm_mux:lpm_mux_component|mux_94e:auto_generated|l1_w2_n0_mux_dataout               ; |cache_top_level|cache_set_2_way:inst1|cache_line_bank:inst1|lpm_mux0:inst6|lpm_mux:lpm_mux_component|mux_94e:auto_generated|l1_w2_n0_mux_dataout               ; out0             ;
; |cache_top_level|cache_set_2_way:inst1|cache_line_bank:inst1|lpm_mux0:inst6|lpm_mux:lpm_mux_component|mux_94e:auto_generated|l1_w4_n0_mux_dataout~0             ; |cache_top_level|cache_set_2_way:inst1|cache_line_bank:inst1|lpm_mux0:inst6|lpm_mux:lpm_mux_component|mux_94e:auto_generated|l1_w4_n0_mux_dataout~0             ; out0             ;
; |cache_top_level|cache_set_2_way:inst1|cache_line_bank:inst1|lpm_mux0:inst6|lpm_mux:lpm_mux_component|mux_94e:auto_generated|l1_w4_n0_mux_dataout~1             ; |cache_top_level|cache_set_2_way:inst1|cache_line_bank:inst1|lpm_mux0:inst6|lpm_mux:lpm_mux_component|mux_94e:auto_generated|l1_w4_n0_mux_dataout~1             ; out0             ;
; |cache_top_level|cache_set_2_way:inst1|cache_line_bank:inst1|lpm_mux0:inst6|lpm_mux:lpm_mux_component|mux_94e:auto_generated|l1_w4_n0_mux_dataout               ; |cache_top_level|cache_set_2_way:inst1|cache_line_bank:inst1|lpm_mux0:inst6|lpm_mux:lpm_mux_component|mux_94e:auto_generated|l1_w4_n0_mux_dataout               ; out0             ;
; |cache_top_level|cache_set_2_way:inst1|cache_line_bank:inst1|lpm_dff0:inst|lpm_ff:lpm_ff_component|dffs[2]                                                      ; |cache_top_level|cache_set_2_way:inst1|cache_line_bank:inst1|lpm_dff0:inst|lpm_ff:lpm_ff_component|dffs[2]                                                      ; regout           ;
; |cache_top_level|cache_set_2_way:inst1|cache_line_bank:inst1|lpm_dff0:inst|lpm_ff:lpm_ff_component|dffs[1]                                                      ; |cache_top_level|cache_set_2_way:inst1|cache_line_bank:inst1|lpm_dff0:inst|lpm_ff:lpm_ff_component|dffs[1]                                                      ; regout           ;
; |cache_top_level|cache_set_2_way:inst1|cache_line_bank:inst1|lpm_compare0:inst8|lpm_compare:lpm_compare_component|cmpr_cig:auto_generated|aneb_result_wire[0]~0 ; |cache_top_level|cache_set_2_way:inst1|cache_line_bank:inst1|lpm_compare0:inst8|lpm_compare:lpm_compare_component|cmpr_cig:auto_generated|aneb_result_wire[0]~0 ; out0             ;
; |cache_top_level|cache_set_2_way:inst1|cache_line_bank:inst1|lpm_compare0:inst8|lpm_compare:lpm_compare_component|cmpr_cig:auto_generated|aneb_result_wire[0]   ; |cache_top_level|cache_set_2_way:inst1|cache_line_bank:inst1|lpm_compare0:inst8|lpm_compare:lpm_compare_component|cmpr_cig:auto_generated|aneb_result_wire[0]   ; out0             ;
; |cache_top_level|cache_set_2_way:inst1|cache_line_bank:inst1|lpm_compare0:inst8|lpm_compare:lpm_compare_component|cmpr_cig:auto_generated|data_wire[2]          ; |cache_top_level|cache_set_2_way:inst1|cache_line_bank:inst1|lpm_compare0:inst8|lpm_compare:lpm_compare_component|cmpr_cig:auto_generated|data_wire[2]          ; out0             ;
; |cache_top_level|cache_set_2_way:inst1|cache_line_bank:inst1|lpm_compare0:inst8|lpm_compare:lpm_compare_component|cmpr_cig:auto_generated|data_wire[1]~0        ; |cache_top_level|cache_set_2_way:inst1|cache_line_bank:inst1|lpm_compare0:inst8|lpm_compare:lpm_compare_component|cmpr_cig:auto_generated|data_wire[1]~0        ; out0             ;
; |cache_top_level|cache_set_2_way:inst1|cache_line_bank:inst1|lpm_compare0:inst8|lpm_compare:lpm_compare_component|cmpr_cig:auto_generated|data_wire[1]~1        ; |cache_top_level|cache_set_2_way:inst1|cache_line_bank:inst1|lpm_compare0:inst8|lpm_compare:lpm_compare_component|cmpr_cig:auto_generated|data_wire[1]~1        ; out0             ;
; |cache_top_level|cache_set_2_way:inst1|cache_line_bank:inst1|lpm_compare0:inst8|lpm_compare:lpm_compare_component|cmpr_cig:auto_generated|data_wire[1]          ; |cache_top_level|cache_set_2_way:inst1|cache_line_bank:inst1|lpm_compare0:inst8|lpm_compare:lpm_compare_component|cmpr_cig:auto_generated|data_wire[1]          ; out0             ;
; |cache_top_level|cache_set_2_way:inst1|cache_line_bank:inst1|lpm_compare0:inst8|lpm_compare:lpm_compare_component|cmpr_cig:auto_generated|data_wire[0]~2        ; |cache_top_level|cache_set_2_way:inst1|cache_line_bank:inst1|lpm_compare0:inst8|lpm_compare:lpm_compare_component|cmpr_cig:auto_generated|data_wire[0]~2        ; out0             ;
; |cache_top_level|cache_set_2_way:inst1|cache_line_bank:inst1|lpm_compare0:inst8|lpm_compare:lpm_compare_component|cmpr_cig:auto_generated|data_wire[0]~3        ; |cache_top_level|cache_set_2_way:inst1|cache_line_bank:inst1|lpm_compare0:inst8|lpm_compare:lpm_compare_component|cmpr_cig:auto_generated|data_wire[0]~3        ; out0             ;
; |cache_top_level|cache_set_2_way:inst1|cache_line_bank:inst1|lpm_compare0:inst8|lpm_compare:lpm_compare_component|cmpr_cig:auto_generated|data_wire[0]          ; |cache_top_level|cache_set_2_way:inst1|cache_line_bank:inst1|lpm_compare0:inst8|lpm_compare:lpm_compare_component|cmpr_cig:auto_generated|data_wire[0]          ; out0             ;
; |cache_top_level|cache_set_2_way:inst1|cache_line_bank:inst1|lpm_dff3:inst1|lpm_ff:lpm_ff_component|dffs[0]                                                     ; |cache_top_level|cache_set_2_way:inst1|cache_line_bank:inst1|lpm_dff3:inst1|lpm_ff:lpm_ff_component|dffs[0]                                                     ; regout           ;
; |cache_top_level|cache_set_2_way:inst3|inst7                                                                                                                    ; |cache_top_level|cache_set_2_way:inst3|inst7                                                                                                                    ; out0             ;
; |cache_top_level|cache_set_2_way:inst3|lpm_mux1:inst9|lpm_mux:lpm_mux_component|mux_94e:auto_generated|l1_w0_n0_mux_dataout~1                                   ; |cache_top_level|cache_set_2_way:inst3|lpm_mux1:inst9|lpm_mux:lpm_mux_component|mux_94e:auto_generated|l1_w0_n0_mux_dataout~1                                   ; out0             ;
; |cache_top_level|cache_set_2_way:inst3|lpm_mux1:inst9|lpm_mux:lpm_mux_component|mux_94e:auto_generated|l1_w0_n0_mux_dataout                                     ; |cache_top_level|cache_set_2_way:inst3|lpm_mux1:inst9|lpm_mux:lpm_mux_component|mux_94e:auto_generated|l1_w0_n0_mux_dataout                                     ; out0             ;
; |cache_top_level|cache_set_2_way:inst3|lpm_mux1:inst9|lpm_mux:lpm_mux_component|mux_94e:auto_generated|l1_w1_n0_mux_dataout~1                                   ; |cache_top_level|cache_set_2_way:inst3|lpm_mux1:inst9|lpm_mux:lpm_mux_component|mux_94e:auto_generated|l1_w1_n0_mux_dataout~1                                   ; out0             ;
; |cache_top_level|cache_set_2_way:inst3|lpm_mux1:inst9|lpm_mux:lpm_mux_component|mux_94e:auto_generated|l1_w1_n0_mux_dataout                                     ; |cache_top_level|cache_set_2_way:inst3|lpm_mux1:inst9|lpm_mux:lpm_mux_component|mux_94e:auto_generated|l1_w1_n0_mux_dataout                                     ; out0             ;
; |cache_top_level|cache_set_2_way:inst3|lpm_mux1:inst9|lpm_mux:lpm_mux_component|mux_94e:auto_generated|l1_w2_n0_mux_dataout~1                                   ; |cache_top_level|cache_set_2_way:inst3|lpm_mux1:inst9|lpm_mux:lpm_mux_component|mux_94e:auto_generated|l1_w2_n0_mux_dataout~1                                   ; out0             ;
; |cache_top_level|cache_set_2_way:inst3|lpm_mux1:inst9|lpm_mux:lpm_mux_component|mux_94e:auto_generated|l1_w2_n0_mux_dataout                                     ; |cache_top_level|cache_set_2_way:inst3|lpm_mux1:inst9|lpm_mux:lpm_mux_component|mux_94e:auto_generated|l1_w2_n0_mux_dataout                                     ; out0             ;
; |cache_top_level|cache_set_2_way:inst3|lpm_mux1:inst9|lpm_mux:lpm_mux_component|mux_94e:auto_generated|l1_w3_n0_mux_dataout~1                                   ; |cache_top_level|cache_set_2_way:inst3|lpm_mux1:inst9|lpm_mux:lpm_mux_component|mux_94e:auto_generated|l1_w3_n0_mux_dataout~1                                   ; out0             ;
; |cache_top_level|cache_set_2_way:inst3|lpm_mux1:inst9|lpm_mux:lpm_mux_component|mux_94e:auto_generated|l1_w3_n0_mux_dataout                                     ; |cache_top_level|cache_set_2_way:inst3|lpm_mux1:inst9|lpm_mux:lpm_mux_component|mux_94e:auto_generated|l1_w3_n0_mux_dataout                                     ; out0             ;
; |cache_top_level|cache_set_2_way:inst3|lpm_mux1:inst9|lpm_mux:lpm_mux_component|mux_94e:auto_generated|l1_w4_n0_mux_dataout~1                                   ; |cache_top_level|cache_set_2_way:inst3|lpm_mux1:inst9|lpm_mux:lpm_mux_component|mux_94e:auto_generated|l1_w4_n0_mux_dataout~1                                   ; out0             ;
; |cache_top_level|cache_set_2_way:inst3|lpm_mux1:inst9|lpm_mux:lpm_mux_component|mux_94e:auto_generated|l1_w4_n0_mux_dataout                                     ; |cache_top_level|cache_set_2_way:inst3|lpm_mux1:inst9|lpm_mux:lpm_mux_component|mux_94e:auto_generated|l1_w4_n0_mux_dataout                                     ; out0             ;
; |cache_top_level|cache_set_2_way:inst3|cache_line_bank:inst|lpm_compare0:inst8|lpm_compare:lpm_compare_component|cmpr_cig:auto_generated|aneb_result_wire[0]~0  ; |cache_top_level|cache_set_2_way:inst3|cache_line_bank:inst|lpm_compare0:inst8|lpm_compare:lpm_compare_component|cmpr_cig:auto_generated|aneb_result_wire[0]~0  ; out0             ;
; |cache_top_level|cache_set_2_way:inst3|cache_line_bank:inst|lpm_compare0:inst8|lpm_compare:lpm_compare_component|cmpr_cig:auto_generated|aneb_result_wire[0]    ; |cache_top_level|cache_set_2_way:inst3|cache_line_bank:inst|lpm_compare0:inst8|lpm_compare:lpm_compare_component|cmpr_cig:auto_generated|aneb_result_wire[0]    ; out0             ;
; |cache_top_level|cache_set_2_way:inst3|cache_line_bank:inst|lpm_compare0:inst8|lpm_compare:lpm_compare_component|cmpr_cig:auto_generated|data_wire[2]           ; |cache_top_level|cache_set_2_way:inst3|cache_line_bank:inst|lpm_compare0:inst8|lpm_compare:lpm_compare_component|cmpr_cig:auto_generated|data_wire[2]           ; out0             ;
; |cache_top_level|cache_set_2_way:inst3|cache_line_bank:inst|lpm_compare0:inst8|lpm_compare:lpm_compare_component|cmpr_cig:auto_generated|data_wire[1]~0         ; |cache_top_level|cache_set_2_way:inst3|cache_line_bank:inst|lpm_compare0:inst8|lpm_compare:lpm_compare_component|cmpr_cig:auto_generated|data_wire[1]~0         ; out0             ;
; |cache_top_level|cache_set_2_way:inst3|cache_line_bank:inst|lpm_compare0:inst8|lpm_compare:lpm_compare_component|cmpr_cig:auto_generated|data_wire[1]~1         ; |cache_top_level|cache_set_2_way:inst3|cache_line_bank:inst|lpm_compare0:inst8|lpm_compare:lpm_compare_component|cmpr_cig:auto_generated|data_wire[1]~1         ; out0             ;
; |cache_top_level|cache_set_2_way:inst3|cache_line_bank:inst|lpm_compare0:inst8|lpm_compare:lpm_compare_component|cmpr_cig:auto_generated|data_wire[1]           ; |cache_top_level|cache_set_2_way:inst3|cache_line_bank:inst|lpm_compare0:inst8|lpm_compare:lpm_compare_component|cmpr_cig:auto_generated|data_wire[1]           ; out0             ;
; |cache_top_level|cache_set_2_way:inst3|cache_line_bank:inst|lpm_compare0:inst8|lpm_compare:lpm_compare_component|cmpr_cig:auto_generated|data_wire[0]~2         ; |cache_top_level|cache_set_2_way:inst3|cache_line_bank:inst|lpm_compare0:inst8|lpm_compare:lpm_compare_component|cmpr_cig:auto_generated|data_wire[0]~2         ; out0             ;
; |cache_top_level|cache_set_2_way:inst3|cache_line_bank:inst|lpm_compare0:inst8|lpm_compare:lpm_compare_component|cmpr_cig:auto_generated|data_wire[0]~3         ; |cache_top_level|cache_set_2_way:inst3|cache_line_bank:inst|lpm_compare0:inst8|lpm_compare:lpm_compare_component|cmpr_cig:auto_generated|data_wire[0]~3         ; out0             ;
; |cache_top_level|cache_set_2_way:inst3|cache_line_bank:inst|lpm_compare0:inst8|lpm_compare:lpm_compare_component|cmpr_cig:auto_generated|data_wire[0]           ; |cache_top_level|cache_set_2_way:inst3|cache_line_bank:inst|lpm_compare0:inst8|lpm_compare:lpm_compare_component|cmpr_cig:auto_generated|data_wire[0]           ; out0             ;
; |cache_top_level|cache_set_2_way:inst3|cache_controller:inst2|inst26                                                                                            ; |cache_top_level|cache_set_2_way:inst3|cache_controller:inst2|inst26                                                                                            ; out0             ;
; |cache_top_level|cache_set_2_way:inst3|cache_controller:inst2|inst25                                                                                            ; |cache_top_level|cache_set_2_way:inst3|cache_controller:inst2|inst25                                                                                            ; out0             ;
; |cache_top_level|cache_set_2_way:inst3|cache_controller:inst2|inst24                                                                                            ; |cache_top_level|cache_set_2_way:inst3|cache_controller:inst2|inst24                                                                                            ; out0             ;
; |cache_top_level|cache_set_2_way:inst3|cache_controller:inst2|inst15                                                                                            ; |cache_top_level|cache_set_2_way:inst3|cache_controller:inst2|inst15                                                                                            ; out0             ;
; |cache_top_level|cache_set_2_way:inst3|cache_controller:inst2|inst23                                                                                            ; |cache_top_level|cache_set_2_way:inst3|cache_controller:inst2|inst23                                                                                            ; out0             ;
; |cache_top_level|cache_set_2_way:inst3|cache_controller:inst2|inst22                                                                                            ; |cache_top_level|cache_set_2_way:inst3|cache_controller:inst2|inst22                                                                                            ; out0             ;
; |cache_top_level|cache_set_2_way:inst3|cache_controller:inst2|inst21                                                                                            ; |cache_top_level|cache_set_2_way:inst3|cache_controller:inst2|inst21                                                                                            ; out0             ;
; |cache_top_level|cache_set_2_way:inst3|cache_controller:inst2|lpm_dff4:inst10|lpm_ff:lpm_ff_component|dffs[0]                                                   ; |cache_top_level|cache_set_2_way:inst3|cache_controller:inst2|lpm_dff4:inst10|lpm_ff:lpm_ff_component|dffs[0]                                                   ; regout           ;
; |cache_top_level|cache_set_2_way:inst3|cache_line_bank:inst1|inst4                                                                                              ; |cache_top_level|cache_set_2_way:inst3|cache_line_bank:inst1|inst4                                                                                              ; out0             ;
; |cache_top_level|cache_set_2_way:inst3|cache_line_bank:inst1|lpm_dff1:inst2|lpm_ff:lpm_ff_component|dffs[4]                                                     ; |cache_top_level|cache_set_2_way:inst3|cache_line_bank:inst1|lpm_dff1:inst2|lpm_ff:lpm_ff_component|dffs[4]                                                     ; regout           ;
; |cache_top_level|cache_set_2_way:inst3|cache_line_bank:inst1|lpm_dff1:inst2|lpm_ff:lpm_ff_component|dffs[2]                                                     ; |cache_top_level|cache_set_2_way:inst3|cache_line_bank:inst1|lpm_dff1:inst2|lpm_ff:lpm_ff_component|dffs[2]                                                     ; regout           ;
; |cache_top_level|cache_set_2_way:inst3|cache_line_bank:inst1|lpm_dff1:inst2|lpm_ff:lpm_ff_component|dffs[1]                                                     ; |cache_top_level|cache_set_2_way:inst3|cache_line_bank:inst1|lpm_dff1:inst2|lpm_ff:lpm_ff_component|dffs[1]                                                     ; regout           ;
; |cache_top_level|cache_set_2_way:inst3|cache_line_bank:inst1|lpm_dff1:inst2|lpm_ff:lpm_ff_component|dffs[0]                                                     ; |cache_top_level|cache_set_2_way:inst3|cache_line_bank:inst1|lpm_dff1:inst2|lpm_ff:lpm_ff_component|dffs[0]                                                     ; regout           ;
; |cache_top_level|cache_set_2_way:inst3|cache_line_bank:inst1|lpm_dff2:inst3|lpm_ff:lpm_ff_component|dffs[4]                                                     ; |cache_top_level|cache_set_2_way:inst3|cache_line_bank:inst1|lpm_dff2:inst3|lpm_ff:lpm_ff_component|dffs[4]                                                     ; regout           ;
; |cache_top_level|cache_set_2_way:inst3|cache_line_bank:inst1|lpm_dff2:inst3|lpm_ff:lpm_ff_component|dffs[3]                                                     ; |cache_top_level|cache_set_2_way:inst3|cache_line_bank:inst1|lpm_dff2:inst3|lpm_ff:lpm_ff_component|dffs[3]                                                     ; regout           ;
; |cache_top_level|cache_set_2_way:inst3|cache_line_bank:inst1|lpm_mux0:inst6|lpm_mux:lpm_mux_component|mux_94e:auto_generated|l1_w0_n0_mux_dataout~0             ; |cache_top_level|cache_set_2_way:inst3|cache_line_bank:inst1|lpm_mux0:inst6|lpm_mux:lpm_mux_component|mux_94e:auto_generated|l1_w0_n0_mux_dataout~0             ; out0             ;
; |cache_top_level|cache_set_2_way:inst3|cache_line_bank:inst1|lpm_mux0:inst6|lpm_mux:lpm_mux_component|mux_94e:auto_generated|l1_w0_n0_mux_dataout               ; |cache_top_level|cache_set_2_way:inst3|cache_line_bank:inst1|lpm_mux0:inst6|lpm_mux:lpm_mux_component|mux_94e:auto_generated|l1_w0_n0_mux_dataout               ; out0             ;
; |cache_top_level|cache_set_2_way:inst3|cache_line_bank:inst1|lpm_mux0:inst6|lpm_mux:lpm_mux_component|mux_94e:auto_generated|l1_w1_n0_mux_dataout~0             ; |cache_top_level|cache_set_2_way:inst3|cache_line_bank:inst1|lpm_mux0:inst6|lpm_mux:lpm_mux_component|mux_94e:auto_generated|l1_w1_n0_mux_dataout~0             ; out0             ;
; |cache_top_level|cache_set_2_way:inst3|cache_line_bank:inst1|lpm_mux0:inst6|lpm_mux:lpm_mux_component|mux_94e:auto_generated|l1_w1_n0_mux_dataout               ; |cache_top_level|cache_set_2_way:inst3|cache_line_bank:inst1|lpm_mux0:inst6|lpm_mux:lpm_mux_component|mux_94e:auto_generated|l1_w1_n0_mux_dataout               ; out0             ;
; |cache_top_level|cache_set_2_way:inst3|cache_line_bank:inst1|lpm_mux0:inst6|lpm_mux:lpm_mux_component|mux_94e:auto_generated|l1_w2_n0_mux_dataout~0             ; |cache_top_level|cache_set_2_way:inst3|cache_line_bank:inst1|lpm_mux0:inst6|lpm_mux:lpm_mux_component|mux_94e:auto_generated|l1_w2_n0_mux_dataout~0             ; out0             ;
; |cache_top_level|cache_set_2_way:inst3|cache_line_bank:inst1|lpm_mux0:inst6|lpm_mux:lpm_mux_component|mux_94e:auto_generated|l1_w2_n0_mux_dataout               ; |cache_top_level|cache_set_2_way:inst3|cache_line_bank:inst1|lpm_mux0:inst6|lpm_mux:lpm_mux_component|mux_94e:auto_generated|l1_w2_n0_mux_dataout               ; out0             ;
; |cache_top_level|cache_set_2_way:inst3|cache_line_bank:inst1|lpm_mux0:inst6|lpm_mux:lpm_mux_component|mux_94e:auto_generated|l1_w3_n0_mux_dataout~1             ; |cache_top_level|cache_set_2_way:inst3|cache_line_bank:inst1|lpm_mux0:inst6|lpm_mux:lpm_mux_component|mux_94e:auto_generated|l1_w3_n0_mux_dataout~1             ; out0             ;
; |cache_top_level|cache_set_2_way:inst3|cache_line_bank:inst1|lpm_mux0:inst6|lpm_mux:lpm_mux_component|mux_94e:auto_generated|l1_w3_n0_mux_dataout               ; |cache_top_level|cache_set_2_way:inst3|cache_line_bank:inst1|lpm_mux0:inst6|lpm_mux:lpm_mux_component|mux_94e:auto_generated|l1_w3_n0_mux_dataout               ; out0             ;
; |cache_top_level|cache_set_2_way:inst3|cache_line_bank:inst1|lpm_mux0:inst6|lpm_mux:lpm_mux_component|mux_94e:auto_generated|l1_w4_n0_mux_dataout~0             ; |cache_top_level|cache_set_2_way:inst3|cache_line_bank:inst1|lpm_mux0:inst6|lpm_mux:lpm_mux_component|mux_94e:auto_generated|l1_w4_n0_mux_dataout~0             ; out0             ;
; |cache_top_level|cache_set_2_way:inst3|cache_line_bank:inst1|lpm_mux0:inst6|lpm_mux:lpm_mux_component|mux_94e:auto_generated|l1_w4_n0_mux_dataout~1             ; |cache_top_level|cache_set_2_way:inst3|cache_line_bank:inst1|lpm_mux0:inst6|lpm_mux:lpm_mux_component|mux_94e:auto_generated|l1_w4_n0_mux_dataout~1             ; out0             ;
; |cache_top_level|cache_set_2_way:inst3|cache_line_bank:inst1|lpm_mux0:inst6|lpm_mux:lpm_mux_component|mux_94e:auto_generated|l1_w4_n0_mux_dataout               ; |cache_top_level|cache_set_2_way:inst3|cache_line_bank:inst1|lpm_mux0:inst6|lpm_mux:lpm_mux_component|mux_94e:auto_generated|l1_w4_n0_mux_dataout               ; out0             ;
; |cache_top_level|cache_set_2_way:inst3|cache_line_bank:inst1|lpm_dff0:inst|lpm_ff:lpm_ff_component|dffs[4]                                                      ; |cache_top_level|cache_set_2_way:inst3|cache_line_bank:inst1|lpm_dff0:inst|lpm_ff:lpm_ff_component|dffs[4]                                                      ; regout           ;
; |cache_top_level|cache_set_2_way:inst3|cache_line_bank:inst1|lpm_dff0:inst|lpm_ff:lpm_ff_component|dffs[3]                                                      ; |cache_top_level|cache_set_2_way:inst3|cache_line_bank:inst1|lpm_dff0:inst|lpm_ff:lpm_ff_component|dffs[3]                                                      ; regout           ;
; |cache_top_level|cache_set_2_way:inst3|cache_line_bank:inst1|lpm_dff0:inst|lpm_ff:lpm_ff_component|dffs[0]                                                      ; |cache_top_level|cache_set_2_way:inst3|cache_line_bank:inst1|lpm_dff0:inst|lpm_ff:lpm_ff_component|dffs[0]                                                      ; regout           ;
; |cache_top_level|cache_set_2_way:inst3|cache_line_bank:inst1|lpm_compare0:inst8|lpm_compare:lpm_compare_component|cmpr_cig:auto_generated|aneb_result_wire[0]~0 ; |cache_top_level|cache_set_2_way:inst3|cache_line_bank:inst1|lpm_compare0:inst8|lpm_compare:lpm_compare_component|cmpr_cig:auto_generated|aneb_result_wire[0]~0 ; out0             ;
; |cache_top_level|cache_set_2_way:inst3|cache_line_bank:inst1|lpm_compare0:inst8|lpm_compare:lpm_compare_component|cmpr_cig:auto_generated|aneb_result_wire[0]   ; |cache_top_level|cache_set_2_way:inst3|cache_line_bank:inst1|lpm_compare0:inst8|lpm_compare:lpm_compare_component|cmpr_cig:auto_generated|aneb_result_wire[0]   ; out0             ;
; |cache_top_level|cache_set_2_way:inst3|cache_line_bank:inst1|lpm_compare0:inst8|lpm_compare:lpm_compare_component|cmpr_cig:auto_generated|data_wire[2]          ; |cache_top_level|cache_set_2_way:inst3|cache_line_bank:inst1|lpm_compare0:inst8|lpm_compare:lpm_compare_component|cmpr_cig:auto_generated|data_wire[2]          ; out0             ;
; |cache_top_level|cache_set_2_way:inst3|cache_line_bank:inst1|lpm_compare0:inst8|lpm_compare:lpm_compare_component|cmpr_cig:auto_generated|data_wire[1]~0        ; |cache_top_level|cache_set_2_way:inst3|cache_line_bank:inst1|lpm_compare0:inst8|lpm_compare:lpm_compare_component|cmpr_cig:auto_generated|data_wire[1]~0        ; out0             ;
; |cache_top_level|cache_set_2_way:inst3|cache_line_bank:inst1|lpm_compare0:inst8|lpm_compare:lpm_compare_component|cmpr_cig:auto_generated|data_wire[1]~1        ; |cache_top_level|cache_set_2_way:inst3|cache_line_bank:inst1|lpm_compare0:inst8|lpm_compare:lpm_compare_component|cmpr_cig:auto_generated|data_wire[1]~1        ; out0             ;
; |cache_top_level|cache_set_2_way:inst3|cache_line_bank:inst1|lpm_compare0:inst8|lpm_compare:lpm_compare_component|cmpr_cig:auto_generated|data_wire[1]          ; |cache_top_level|cache_set_2_way:inst3|cache_line_bank:inst1|lpm_compare0:inst8|lpm_compare:lpm_compare_component|cmpr_cig:auto_generated|data_wire[1]          ; out0             ;
; |cache_top_level|cache_set_2_way:inst3|cache_line_bank:inst1|lpm_compare0:inst8|lpm_compare:lpm_compare_component|cmpr_cig:auto_generated|data_wire[0]~2        ; |cache_top_level|cache_set_2_way:inst3|cache_line_bank:inst1|lpm_compare0:inst8|lpm_compare:lpm_compare_component|cmpr_cig:auto_generated|data_wire[0]~2        ; out0             ;
; |cache_top_level|cache_set_2_way:inst3|cache_line_bank:inst1|lpm_compare0:inst8|lpm_compare:lpm_compare_component|cmpr_cig:auto_generated|data_wire[0]~3        ; |cache_top_level|cache_set_2_way:inst3|cache_line_bank:inst1|lpm_compare0:inst8|lpm_compare:lpm_compare_component|cmpr_cig:auto_generated|data_wire[0]~3        ; out0             ;
; |cache_top_level|cache_set_2_way:inst3|cache_line_bank:inst1|lpm_compare0:inst8|lpm_compare:lpm_compare_component|cmpr_cig:auto_generated|data_wire[0]          ; |cache_top_level|cache_set_2_way:inst3|cache_line_bank:inst1|lpm_compare0:inst8|lpm_compare:lpm_compare_component|cmpr_cig:auto_generated|data_wire[0]          ; out0             ;
; |cache_top_level|cache_set_2_way:inst3|cache_line_bank:inst1|lpm_dff3:inst1|lpm_ff:lpm_ff_component|dffs[0]                                                     ; |cache_top_level|cache_set_2_way:inst3|cache_line_bank:inst1|lpm_dff3:inst1|lpm_ff:lpm_ff_component|dffs[0]                                                     ; regout           ;
; |cache_top_level|cache_set_2_way:inst2|inst7                                                                                                                    ; |cache_top_level|cache_set_2_way:inst2|inst7                                                                                                                    ; out0             ;
; |cache_top_level|cache_set_2_way:inst2|lpm_mux1:inst9|lpm_mux:lpm_mux_component|mux_94e:auto_generated|l1_w0_n0_mux_dataout~0                                   ; |cache_top_level|cache_set_2_way:inst2|lpm_mux1:inst9|lpm_mux:lpm_mux_component|mux_94e:auto_generated|l1_w0_n0_mux_dataout~0                                   ; out0             ;
; |cache_top_level|cache_set_2_way:inst2|lpm_mux1:inst9|lpm_mux:lpm_mux_component|mux_94e:auto_generated|l1_w0_n0_mux_dataout~1                                   ; |cache_top_level|cache_set_2_way:inst2|lpm_mux1:inst9|lpm_mux:lpm_mux_component|mux_94e:auto_generated|l1_w0_n0_mux_dataout~1                                   ; out0             ;
; |cache_top_level|cache_set_2_way:inst2|lpm_mux1:inst9|lpm_mux:lpm_mux_component|mux_94e:auto_generated|l1_w0_n0_mux_dataout                                     ; |cache_top_level|cache_set_2_way:inst2|lpm_mux1:inst9|lpm_mux:lpm_mux_component|mux_94e:auto_generated|l1_w0_n0_mux_dataout                                     ; out0             ;
; |cache_top_level|cache_set_2_way:inst2|lpm_mux1:inst9|lpm_mux:lpm_mux_component|mux_94e:auto_generated|l1_w1_n0_mux_dataout~0                                   ; |cache_top_level|cache_set_2_way:inst2|lpm_mux1:inst9|lpm_mux:lpm_mux_component|mux_94e:auto_generated|l1_w1_n0_mux_dataout~0                                   ; out0             ;
; |cache_top_level|cache_set_2_way:inst2|lpm_mux1:inst9|lpm_mux:lpm_mux_component|mux_94e:auto_generated|l1_w1_n0_mux_dataout~1                                   ; |cache_top_level|cache_set_2_way:inst2|lpm_mux1:inst9|lpm_mux:lpm_mux_component|mux_94e:auto_generated|l1_w1_n0_mux_dataout~1                                   ; out0             ;
; |cache_top_level|cache_set_2_way:inst2|lpm_mux1:inst9|lpm_mux:lpm_mux_component|mux_94e:auto_generated|l1_w1_n0_mux_dataout                                     ; |cache_top_level|cache_set_2_way:inst2|lpm_mux1:inst9|lpm_mux:lpm_mux_component|mux_94e:auto_generated|l1_w1_n0_mux_dataout                                     ; out0             ;
; |cache_top_level|cache_set_2_way:inst2|lpm_mux1:inst9|lpm_mux:lpm_mux_component|mux_94e:auto_generated|l1_w2_n0_mux_dataout~0                                   ; |cache_top_level|cache_set_2_way:inst2|lpm_mux1:inst9|lpm_mux:lpm_mux_component|mux_94e:auto_generated|l1_w2_n0_mux_dataout~0                                   ; out0             ;
; |cache_top_level|cache_set_2_way:inst2|lpm_mux1:inst9|lpm_mux:lpm_mux_component|mux_94e:auto_generated|l1_w2_n0_mux_dataout~1                                   ; |cache_top_level|cache_set_2_way:inst2|lpm_mux1:inst9|lpm_mux:lpm_mux_component|mux_94e:auto_generated|l1_w2_n0_mux_dataout~1                                   ; out0             ;
; |cache_top_level|cache_set_2_way:inst2|lpm_mux1:inst9|lpm_mux:lpm_mux_component|mux_94e:auto_generated|l1_w2_n0_mux_dataout                                     ; |cache_top_level|cache_set_2_way:inst2|lpm_mux1:inst9|lpm_mux:lpm_mux_component|mux_94e:auto_generated|l1_w2_n0_mux_dataout                                     ; out0             ;
; |cache_top_level|cache_set_2_way:inst2|lpm_mux1:inst9|lpm_mux:lpm_mux_component|mux_94e:auto_generated|l1_w3_n0_mux_dataout~1                                   ; |cache_top_level|cache_set_2_way:inst2|lpm_mux1:inst9|lpm_mux:lpm_mux_component|mux_94e:auto_generated|l1_w3_n0_mux_dataout~1                                   ; out0             ;
; |cache_top_level|cache_set_2_way:inst2|lpm_mux1:inst9|lpm_mux:lpm_mux_component|mux_94e:auto_generated|l1_w3_n0_mux_dataout                                     ; |cache_top_level|cache_set_2_way:inst2|lpm_mux1:inst9|lpm_mux:lpm_mux_component|mux_94e:auto_generated|l1_w3_n0_mux_dataout                                     ; out0             ;
; |cache_top_level|cache_set_2_way:inst2|lpm_mux1:inst9|lpm_mux:lpm_mux_component|mux_94e:auto_generated|l1_w4_n0_mux_dataout~0                                   ; |cache_top_level|cache_set_2_way:inst2|lpm_mux1:inst9|lpm_mux:lpm_mux_component|mux_94e:auto_generated|l1_w4_n0_mux_dataout~0                                   ; out0             ;
; |cache_top_level|cache_set_2_way:inst2|lpm_mux1:inst9|lpm_mux:lpm_mux_component|mux_94e:auto_generated|l1_w4_n0_mux_dataout                                     ; |cache_top_level|cache_set_2_way:inst2|lpm_mux1:inst9|lpm_mux:lpm_mux_component|mux_94e:auto_generated|l1_w4_n0_mux_dataout                                     ; out0             ;
; |cache_top_level|cache_set_2_way:inst2|cache_line_bank:inst|inst4                                                                                               ; |cache_top_level|cache_set_2_way:inst2|cache_line_bank:inst|inst4                                                                                               ; out0             ;
; |cache_top_level|cache_set_2_way:inst2|cache_line_bank:inst|lpm_dff1:inst2|lpm_ff:lpm_ff_component|dffs[4]                                                      ; |cache_top_level|cache_set_2_way:inst2|cache_line_bank:inst|lpm_dff1:inst2|lpm_ff:lpm_ff_component|dffs[4]                                                      ; regout           ;
; |cache_top_level|cache_set_2_way:inst2|cache_line_bank:inst|lpm_dff1:inst2|lpm_ff:lpm_ff_component|dffs[1]                                                      ; |cache_top_level|cache_set_2_way:inst2|cache_line_bank:inst|lpm_dff1:inst2|lpm_ff:lpm_ff_component|dffs[1]                                                      ; regout           ;
; |cache_top_level|cache_set_2_way:inst2|cache_line_bank:inst|lpm_dff1:inst2|lpm_ff:lpm_ff_component|dffs[0]                                                      ; |cache_top_level|cache_set_2_way:inst2|cache_line_bank:inst|lpm_dff1:inst2|lpm_ff:lpm_ff_component|dffs[0]                                                      ; regout           ;
; |cache_top_level|cache_set_2_way:inst2|cache_line_bank:inst|lpm_dff2:inst3|lpm_ff:lpm_ff_component|dffs[4]                                                      ; |cache_top_level|cache_set_2_way:inst2|cache_line_bank:inst|lpm_dff2:inst3|lpm_ff:lpm_ff_component|dffs[4]                                                      ; regout           ;
; |cache_top_level|cache_set_2_way:inst2|cache_line_bank:inst|lpm_dff2:inst3|lpm_ff:lpm_ff_component|dffs[2]                                                      ; |cache_top_level|cache_set_2_way:inst2|cache_line_bank:inst|lpm_dff2:inst3|lpm_ff:lpm_ff_component|dffs[2]                                                      ; regout           ;
; |cache_top_level|cache_set_2_way:inst2|cache_line_bank:inst|lpm_mux0:inst6|lpm_mux:lpm_mux_component|mux_94e:auto_generated|l1_w0_n0_mux_dataout~0              ; |cache_top_level|cache_set_2_way:inst2|cache_line_bank:inst|lpm_mux0:inst6|lpm_mux:lpm_mux_component|mux_94e:auto_generated|l1_w0_n0_mux_dataout~0              ; out0             ;
; |cache_top_level|cache_set_2_way:inst2|cache_line_bank:inst|lpm_mux0:inst6|lpm_mux:lpm_mux_component|mux_94e:auto_generated|l1_w0_n0_mux_dataout                ; |cache_top_level|cache_set_2_way:inst2|cache_line_bank:inst|lpm_mux0:inst6|lpm_mux:lpm_mux_component|mux_94e:auto_generated|l1_w0_n0_mux_dataout                ; out0             ;
; |cache_top_level|cache_set_2_way:inst2|cache_line_bank:inst|lpm_mux0:inst6|lpm_mux:lpm_mux_component|mux_94e:auto_generated|l1_w1_n0_mux_dataout~0              ; |cache_top_level|cache_set_2_way:inst2|cache_line_bank:inst|lpm_mux0:inst6|lpm_mux:lpm_mux_component|mux_94e:auto_generated|l1_w1_n0_mux_dataout~0              ; out0             ;
; |cache_top_level|cache_set_2_way:inst2|cache_line_bank:inst|lpm_mux0:inst6|lpm_mux:lpm_mux_component|mux_94e:auto_generated|l1_w1_n0_mux_dataout                ; |cache_top_level|cache_set_2_way:inst2|cache_line_bank:inst|lpm_mux0:inst6|lpm_mux:lpm_mux_component|mux_94e:auto_generated|l1_w1_n0_mux_dataout                ; out0             ;
; |cache_top_level|cache_set_2_way:inst2|cache_line_bank:inst|lpm_mux0:inst6|lpm_mux:lpm_mux_component|mux_94e:auto_generated|l1_w2_n0_mux_dataout~1              ; |cache_top_level|cache_set_2_way:inst2|cache_line_bank:inst|lpm_mux0:inst6|lpm_mux:lpm_mux_component|mux_94e:auto_generated|l1_w2_n0_mux_dataout~1              ; out0             ;
; |cache_top_level|cache_set_2_way:inst2|cache_line_bank:inst|lpm_mux0:inst6|lpm_mux:lpm_mux_component|mux_94e:auto_generated|l1_w2_n0_mux_dataout                ; |cache_top_level|cache_set_2_way:inst2|cache_line_bank:inst|lpm_mux0:inst6|lpm_mux:lpm_mux_component|mux_94e:auto_generated|l1_w2_n0_mux_dataout                ; out0             ;
; |cache_top_level|cache_set_2_way:inst2|cache_line_bank:inst|lpm_mux0:inst6|lpm_mux:lpm_mux_component|mux_94e:auto_generated|l1_w4_n0_mux_dataout~0              ; |cache_top_level|cache_set_2_way:inst2|cache_line_bank:inst|lpm_mux0:inst6|lpm_mux:lpm_mux_component|mux_94e:auto_generated|l1_w4_n0_mux_dataout~0              ; out0             ;
; |cache_top_level|cache_set_2_way:inst2|cache_line_bank:inst|lpm_mux0:inst6|lpm_mux:lpm_mux_component|mux_94e:auto_generated|l1_w4_n0_mux_dataout~1              ; |cache_top_level|cache_set_2_way:inst2|cache_line_bank:inst|lpm_mux0:inst6|lpm_mux:lpm_mux_component|mux_94e:auto_generated|l1_w4_n0_mux_dataout~1              ; out0             ;
; |cache_top_level|cache_set_2_way:inst2|cache_line_bank:inst|lpm_mux0:inst6|lpm_mux:lpm_mux_component|mux_94e:auto_generated|l1_w4_n0_mux_dataout                ; |cache_top_level|cache_set_2_way:inst2|cache_line_bank:inst|lpm_mux0:inst6|lpm_mux:lpm_mux_component|mux_94e:auto_generated|l1_w4_n0_mux_dataout                ; out0             ;
; |cache_top_level|cache_set_2_way:inst2|cache_line_bank:inst|lpm_dff0:inst|lpm_ff:lpm_ff_component|dffs[4]                                                       ; |cache_top_level|cache_set_2_way:inst2|cache_line_bank:inst|lpm_dff0:inst|lpm_ff:lpm_ff_component|dffs[4]                                                       ; regout           ;
; |cache_top_level|cache_set_2_way:inst2|cache_line_bank:inst|lpm_dff0:inst|lpm_ff:lpm_ff_component|dffs[2]                                                       ; |cache_top_level|cache_set_2_way:inst2|cache_line_bank:inst|lpm_dff0:inst|lpm_ff:lpm_ff_component|dffs[2]                                                       ; regout           ;
; |cache_top_level|cache_set_2_way:inst2|cache_line_bank:inst|lpm_dff0:inst|lpm_ff:lpm_ff_component|dffs[0]                                                       ; |cache_top_level|cache_set_2_way:inst2|cache_line_bank:inst|lpm_dff0:inst|lpm_ff:lpm_ff_component|dffs[0]                                                       ; regout           ;
; |cache_top_level|cache_set_2_way:inst2|cache_line_bank:inst|lpm_compare0:inst8|lpm_compare:lpm_compare_component|cmpr_cig:auto_generated|aneb_result_wire[0]~0  ; |cache_top_level|cache_set_2_way:inst2|cache_line_bank:inst|lpm_compare0:inst8|lpm_compare:lpm_compare_component|cmpr_cig:auto_generated|aneb_result_wire[0]~0  ; out0             ;
; |cache_top_level|cache_set_2_way:inst2|cache_line_bank:inst|lpm_compare0:inst8|lpm_compare:lpm_compare_component|cmpr_cig:auto_generated|aneb_result_wire[0]    ; |cache_top_level|cache_set_2_way:inst2|cache_line_bank:inst|lpm_compare0:inst8|lpm_compare:lpm_compare_component|cmpr_cig:auto_generated|aneb_result_wire[0]    ; out0             ;
; |cache_top_level|cache_set_2_way:inst2|cache_line_bank:inst|lpm_compare0:inst8|lpm_compare:lpm_compare_component|cmpr_cig:auto_generated|data_wire[2]           ; |cache_top_level|cache_set_2_way:inst2|cache_line_bank:inst|lpm_compare0:inst8|lpm_compare:lpm_compare_component|cmpr_cig:auto_generated|data_wire[2]           ; out0             ;
; |cache_top_level|cache_set_2_way:inst2|cache_line_bank:inst|lpm_compare0:inst8|lpm_compare:lpm_compare_component|cmpr_cig:auto_generated|data_wire[1]~0         ; |cache_top_level|cache_set_2_way:inst2|cache_line_bank:inst|lpm_compare0:inst8|lpm_compare:lpm_compare_component|cmpr_cig:auto_generated|data_wire[1]~0         ; out0             ;
; |cache_top_level|cache_set_2_way:inst2|cache_line_bank:inst|lpm_compare0:inst8|lpm_compare:lpm_compare_component|cmpr_cig:auto_generated|data_wire[1]~1         ; |cache_top_level|cache_set_2_way:inst2|cache_line_bank:inst|lpm_compare0:inst8|lpm_compare:lpm_compare_component|cmpr_cig:auto_generated|data_wire[1]~1         ; out0             ;
; |cache_top_level|cache_set_2_way:inst2|cache_line_bank:inst|lpm_compare0:inst8|lpm_compare:lpm_compare_component|cmpr_cig:auto_generated|data_wire[1]           ; |cache_top_level|cache_set_2_way:inst2|cache_line_bank:inst|lpm_compare0:inst8|lpm_compare:lpm_compare_component|cmpr_cig:auto_generated|data_wire[1]           ; out0             ;
; |cache_top_level|cache_set_2_way:inst2|cache_line_bank:inst|lpm_compare0:inst8|lpm_compare:lpm_compare_component|cmpr_cig:auto_generated|data_wire[0]~2         ; |cache_top_level|cache_set_2_way:inst2|cache_line_bank:inst|lpm_compare0:inst8|lpm_compare:lpm_compare_component|cmpr_cig:auto_generated|data_wire[0]~2         ; out0             ;
; |cache_top_level|cache_set_2_way:inst2|cache_line_bank:inst|lpm_compare0:inst8|lpm_compare:lpm_compare_component|cmpr_cig:auto_generated|data_wire[0]~3         ; |cache_top_level|cache_set_2_way:inst2|cache_line_bank:inst|lpm_compare0:inst8|lpm_compare:lpm_compare_component|cmpr_cig:auto_generated|data_wire[0]~3         ; out0             ;
; |cache_top_level|cache_set_2_way:inst2|cache_line_bank:inst|lpm_compare0:inst8|lpm_compare:lpm_compare_component|cmpr_cig:auto_generated|data_wire[0]           ; |cache_top_level|cache_set_2_way:inst2|cache_line_bank:inst|lpm_compare0:inst8|lpm_compare:lpm_compare_component|cmpr_cig:auto_generated|data_wire[0]           ; out0             ;
; |cache_top_level|cache_set_2_way:inst2|cache_line_bank:inst|lpm_dff3:inst1|lpm_ff:lpm_ff_component|dffs[0]                                                      ; |cache_top_level|cache_set_2_way:inst2|cache_line_bank:inst|lpm_dff3:inst1|lpm_ff:lpm_ff_component|dffs[0]                                                      ; regout           ;
; |cache_top_level|cache_set_2_way:inst2|cache_controller:inst2|inst26                                                                                            ; |cache_top_level|cache_set_2_way:inst2|cache_controller:inst2|inst26                                                                                            ; out0             ;
; |cache_top_level|cache_set_2_way:inst2|cache_controller:inst2|inst25                                                                                            ; |cache_top_level|cache_set_2_way:inst2|cache_controller:inst2|inst25                                                                                            ; out0             ;
; |cache_top_level|cache_set_2_way:inst2|cache_controller:inst2|inst24                                                                                            ; |cache_top_level|cache_set_2_way:inst2|cache_controller:inst2|inst24                                                                                            ; out0             ;
; |cache_top_level|cache_set_2_way:inst2|cache_controller:inst2|inst15                                                                                            ; |cache_top_level|cache_set_2_way:inst2|cache_controller:inst2|inst15                                                                                            ; out0             ;
; |cache_top_level|cache_set_2_way:inst2|cache_controller:inst2|inst23                                                                                            ; |cache_top_level|cache_set_2_way:inst2|cache_controller:inst2|inst23                                                                                            ; out0             ;
; |cache_top_level|cache_set_2_way:inst2|cache_controller:inst2|inst22                                                                                            ; |cache_top_level|cache_set_2_way:inst2|cache_controller:inst2|inst22                                                                                            ; out0             ;
; |cache_top_level|cache_set_2_way:inst2|cache_controller:inst2|inst21                                                                                            ; |cache_top_level|cache_set_2_way:inst2|cache_controller:inst2|inst21                                                                                            ; out0             ;
; |cache_top_level|cache_set_2_way:inst2|cache_controller:inst2|lpm_dff4:inst10|lpm_ff:lpm_ff_component|dffs[0]                                                   ; |cache_top_level|cache_set_2_way:inst2|cache_controller:inst2|lpm_dff4:inst10|lpm_ff:lpm_ff_component|dffs[0]                                                   ; regout           ;
; |cache_top_level|cache_set_2_way:inst2|cache_line_bank:inst1|inst4                                                                                              ; |cache_top_level|cache_set_2_way:inst2|cache_line_bank:inst1|inst4                                                                                              ; out0             ;
; |cache_top_level|cache_set_2_way:inst2|cache_line_bank:inst1|lpm_dff1:inst2|lpm_ff:lpm_ff_component|dffs[2]                                                     ; |cache_top_level|cache_set_2_way:inst2|cache_line_bank:inst1|lpm_dff1:inst2|lpm_ff:lpm_ff_component|dffs[2]                                                     ; regout           ;
; |cache_top_level|cache_set_2_way:inst2|cache_line_bank:inst1|lpm_dff1:inst2|lpm_ff:lpm_ff_component|dffs[1]                                                     ; |cache_top_level|cache_set_2_way:inst2|cache_line_bank:inst1|lpm_dff1:inst2|lpm_ff:lpm_ff_component|dffs[1]                                                     ; regout           ;
; |cache_top_level|cache_set_2_way:inst2|cache_line_bank:inst1|lpm_dff1:inst2|lpm_ff:lpm_ff_component|dffs[0]                                                     ; |cache_top_level|cache_set_2_way:inst2|cache_line_bank:inst1|lpm_dff1:inst2|lpm_ff:lpm_ff_component|dffs[0]                                                     ; regout           ;
; |cache_top_level|cache_set_2_way:inst2|cache_line_bank:inst1|lpm_dff2:inst3|lpm_ff:lpm_ff_component|dffs[3]                                                     ; |cache_top_level|cache_set_2_way:inst2|cache_line_bank:inst1|lpm_dff2:inst3|lpm_ff:lpm_ff_component|dffs[3]                                                     ; regout           ;
; |cache_top_level|cache_set_2_way:inst2|cache_line_bank:inst1|lpm_mux0:inst6|lpm_mux:lpm_mux_component|mux_94e:auto_generated|l1_w0_n0_mux_dataout~0             ; |cache_top_level|cache_set_2_way:inst2|cache_line_bank:inst1|lpm_mux0:inst6|lpm_mux:lpm_mux_component|mux_94e:auto_generated|l1_w0_n0_mux_dataout~0             ; out0             ;
; |cache_top_level|cache_set_2_way:inst2|cache_line_bank:inst1|lpm_mux0:inst6|lpm_mux:lpm_mux_component|mux_94e:auto_generated|l1_w0_n0_mux_dataout               ; |cache_top_level|cache_set_2_way:inst2|cache_line_bank:inst1|lpm_mux0:inst6|lpm_mux:lpm_mux_component|mux_94e:auto_generated|l1_w0_n0_mux_dataout               ; out0             ;
; |cache_top_level|cache_set_2_way:inst2|cache_line_bank:inst1|lpm_mux0:inst6|lpm_mux:lpm_mux_component|mux_94e:auto_generated|l1_w1_n0_mux_dataout~0             ; |cache_top_level|cache_set_2_way:inst2|cache_line_bank:inst1|lpm_mux0:inst6|lpm_mux:lpm_mux_component|mux_94e:auto_generated|l1_w1_n0_mux_dataout~0             ; out0             ;
; |cache_top_level|cache_set_2_way:inst2|cache_line_bank:inst1|lpm_mux0:inst6|lpm_mux:lpm_mux_component|mux_94e:auto_generated|l1_w1_n0_mux_dataout               ; |cache_top_level|cache_set_2_way:inst2|cache_line_bank:inst1|lpm_mux0:inst6|lpm_mux:lpm_mux_component|mux_94e:auto_generated|l1_w1_n0_mux_dataout               ; out0             ;
; |cache_top_level|cache_set_2_way:inst2|cache_line_bank:inst1|lpm_mux0:inst6|lpm_mux:lpm_mux_component|mux_94e:auto_generated|l1_w2_n0_mux_dataout~0             ; |cache_top_level|cache_set_2_way:inst2|cache_line_bank:inst1|lpm_mux0:inst6|lpm_mux:lpm_mux_component|mux_94e:auto_generated|l1_w2_n0_mux_dataout~0             ; out0             ;
; |cache_top_level|cache_set_2_way:inst2|cache_line_bank:inst1|lpm_mux0:inst6|lpm_mux:lpm_mux_component|mux_94e:auto_generated|l1_w2_n0_mux_dataout               ; |cache_top_level|cache_set_2_way:inst2|cache_line_bank:inst1|lpm_mux0:inst6|lpm_mux:lpm_mux_component|mux_94e:auto_generated|l1_w2_n0_mux_dataout               ; out0             ;
; |cache_top_level|cache_set_2_way:inst2|cache_line_bank:inst1|lpm_mux0:inst6|lpm_mux:lpm_mux_component|mux_94e:auto_generated|l1_w3_n0_mux_dataout~1             ; |cache_top_level|cache_set_2_way:inst2|cache_line_bank:inst1|lpm_mux0:inst6|lpm_mux:lpm_mux_component|mux_94e:auto_generated|l1_w3_n0_mux_dataout~1             ; out0             ;
; |cache_top_level|cache_set_2_way:inst2|cache_line_bank:inst1|lpm_mux0:inst6|lpm_mux:lpm_mux_component|mux_94e:auto_generated|l1_w3_n0_mux_dataout               ; |cache_top_level|cache_set_2_way:inst2|cache_line_bank:inst1|lpm_mux0:inst6|lpm_mux:lpm_mux_component|mux_94e:auto_generated|l1_w3_n0_mux_dataout               ; out0             ;
; |cache_top_level|cache_set_2_way:inst2|cache_line_bank:inst1|lpm_dff0:inst|lpm_ff:lpm_ff_component|dffs[3]                                                      ; |cache_top_level|cache_set_2_way:inst2|cache_line_bank:inst1|lpm_dff0:inst|lpm_ff:lpm_ff_component|dffs[3]                                                      ; regout           ;
; |cache_top_level|cache_set_2_way:inst2|cache_line_bank:inst1|lpm_dff0:inst|lpm_ff:lpm_ff_component|dffs[0]                                                      ; |cache_top_level|cache_set_2_way:inst2|cache_line_bank:inst1|lpm_dff0:inst|lpm_ff:lpm_ff_component|dffs[0]                                                      ; regout           ;
; |cache_top_level|cache_set_2_way:inst2|cache_line_bank:inst1|lpm_compare0:inst8|lpm_compare:lpm_compare_component|cmpr_cig:auto_generated|aneb_result_wire[0]~0 ; |cache_top_level|cache_set_2_way:inst2|cache_line_bank:inst1|lpm_compare0:inst8|lpm_compare:lpm_compare_component|cmpr_cig:auto_generated|aneb_result_wire[0]~0 ; out0             ;
; |cache_top_level|cache_set_2_way:inst2|cache_line_bank:inst1|lpm_compare0:inst8|lpm_compare:lpm_compare_component|cmpr_cig:auto_generated|aneb_result_wire[0]   ; |cache_top_level|cache_set_2_way:inst2|cache_line_bank:inst1|lpm_compare0:inst8|lpm_compare:lpm_compare_component|cmpr_cig:auto_generated|aneb_result_wire[0]   ; out0             ;
; |cache_top_level|cache_set_2_way:inst2|cache_line_bank:inst1|lpm_compare0:inst8|lpm_compare:lpm_compare_component|cmpr_cig:auto_generated|data_wire[2]          ; |cache_top_level|cache_set_2_way:inst2|cache_line_bank:inst1|lpm_compare0:inst8|lpm_compare:lpm_compare_component|cmpr_cig:auto_generated|data_wire[2]          ; out0             ;
; |cache_top_level|cache_set_2_way:inst2|cache_line_bank:inst1|lpm_compare0:inst8|lpm_compare:lpm_compare_component|cmpr_cig:auto_generated|data_wire[1]~0        ; |cache_top_level|cache_set_2_way:inst2|cache_line_bank:inst1|lpm_compare0:inst8|lpm_compare:lpm_compare_component|cmpr_cig:auto_generated|data_wire[1]~0        ; out0             ;
; |cache_top_level|cache_set_2_way:inst2|cache_line_bank:inst1|lpm_compare0:inst8|lpm_compare:lpm_compare_component|cmpr_cig:auto_generated|data_wire[1]~1        ; |cache_top_level|cache_set_2_way:inst2|cache_line_bank:inst1|lpm_compare0:inst8|lpm_compare:lpm_compare_component|cmpr_cig:auto_generated|data_wire[1]~1        ; out0             ;
; |cache_top_level|cache_set_2_way:inst2|cache_line_bank:inst1|lpm_compare0:inst8|lpm_compare:lpm_compare_component|cmpr_cig:auto_generated|data_wire[1]          ; |cache_top_level|cache_set_2_way:inst2|cache_line_bank:inst1|lpm_compare0:inst8|lpm_compare:lpm_compare_component|cmpr_cig:auto_generated|data_wire[1]          ; out0             ;
; |cache_top_level|cache_set_2_way:inst2|cache_line_bank:inst1|lpm_compare0:inst8|lpm_compare:lpm_compare_component|cmpr_cig:auto_generated|data_wire[0]~2        ; |cache_top_level|cache_set_2_way:inst2|cache_line_bank:inst1|lpm_compare0:inst8|lpm_compare:lpm_compare_component|cmpr_cig:auto_generated|data_wire[0]~2        ; out0             ;
; |cache_top_level|cache_set_2_way:inst2|cache_line_bank:inst1|lpm_compare0:inst8|lpm_compare:lpm_compare_component|cmpr_cig:auto_generated|data_wire[0]~3        ; |cache_top_level|cache_set_2_way:inst2|cache_line_bank:inst1|lpm_compare0:inst8|lpm_compare:lpm_compare_component|cmpr_cig:auto_generated|data_wire[0]~3        ; out0             ;
; |cache_top_level|cache_set_2_way:inst2|cache_line_bank:inst1|lpm_compare0:inst8|lpm_compare:lpm_compare_component|cmpr_cig:auto_generated|data_wire[0]          ; |cache_top_level|cache_set_2_way:inst2|cache_line_bank:inst1|lpm_compare0:inst8|lpm_compare:lpm_compare_component|cmpr_cig:auto_generated|data_wire[0]          ; out0             ;
; |cache_top_level|cache_set_2_way:inst2|cache_line_bank:inst1|lpm_dff3:inst1|lpm_ff:lpm_ff_component|dffs[0]                                                     ; |cache_top_level|cache_set_2_way:inst2|cache_line_bank:inst1|lpm_dff3:inst1|lpm_ff:lpm_ff_component|dffs[0]                                                     ; regout           ;
; |cache_top_level|lpm_decode0:inst10|lpm_decode:lpm_decode_component|decode_0sf:auto_generated|w_anode14w[2]                                                     ; |cache_top_level|lpm_decode0:inst10|lpm_decode:lpm_decode_component|decode_0sf:auto_generated|w_anode14w[2]                                                     ; out0             ;
; |cache_top_level|lpm_decode0:inst10|lpm_decode:lpm_decode_component|decode_0sf:auto_generated|w_anode14w[1]                                                     ; |cache_top_level|lpm_decode0:inst10|lpm_decode:lpm_decode_component|decode_0sf:auto_generated|w_anode14w[1]                                                     ; out0             ;
; |cache_top_level|lpm_decode0:inst10|lpm_decode:lpm_decode_component|decode_0sf:auto_generated|w_anode1w[2]                                                      ; |cache_top_level|lpm_decode0:inst10|lpm_decode:lpm_decode_component|decode_0sf:auto_generated|w_anode1w[2]                                                      ; out0             ;
; |cache_top_level|lpm_decode0:inst10|lpm_decode:lpm_decode_component|decode_0sf:auto_generated|w_anode1w[1]                                                      ; |cache_top_level|lpm_decode0:inst10|lpm_decode:lpm_decode_component|decode_0sf:auto_generated|w_anode1w[1]                                                      ; out0             ;
; |cache_top_level|lpm_decode0:inst10|lpm_decode:lpm_decode_component|decode_0sf:auto_generated|w_anode22w[2]                                                     ; |cache_top_level|lpm_decode0:inst10|lpm_decode:lpm_decode_component|decode_0sf:auto_generated|w_anode22w[2]                                                     ; out0             ;
; |cache_top_level|lpm_decode0:inst10|lpm_decode:lpm_decode_component|decode_0sf:auto_generated|w_anode22w[1]                                                     ; |cache_top_level|lpm_decode0:inst10|lpm_decode:lpm_decode_component|decode_0sf:auto_generated|w_anode22w[1]                                                     ; out0             ;
; |cache_top_level|lpm_decode0:inst10|lpm_decode:lpm_decode_component|decode_0sf:auto_generated|w_anode30w[2]                                                     ; |cache_top_level|lpm_decode0:inst10|lpm_decode:lpm_decode_component|decode_0sf:auto_generated|w_anode30w[2]                                                     ; out0             ;
; |cache_top_level|lpm_decode0:inst10|lpm_decode:lpm_decode_component|decode_0sf:auto_generated|w_anode30w[1]                                                     ; |cache_top_level|lpm_decode0:inst10|lpm_decode:lpm_decode_component|decode_0sf:auto_generated|w_anode30w[1]                                                     ; out0             ;
; |cache_top_level|cache_set_2_way:inst|inst7                                                                                                                     ; |cache_top_level|cache_set_2_way:inst|inst7                                                                                                                     ; out0             ;
; |cache_top_level|cache_set_2_way:inst|lpm_mux1:inst9|lpm_mux:lpm_mux_component|mux_94e:auto_generated|l1_w0_n0_mux_dataout~0                                    ; |cache_top_level|cache_set_2_way:inst|lpm_mux1:inst9|lpm_mux:lpm_mux_component|mux_94e:auto_generated|l1_w0_n0_mux_dataout~0                                    ; out0             ;
; |cache_top_level|cache_set_2_way:inst|lpm_mux1:inst9|lpm_mux:lpm_mux_component|mux_94e:auto_generated|l1_w0_n0_mux_dataout~1                                    ; |cache_top_level|cache_set_2_way:inst|lpm_mux1:inst9|lpm_mux:lpm_mux_component|mux_94e:auto_generated|l1_w0_n0_mux_dataout~1                                    ; out0             ;
; |cache_top_level|cache_set_2_way:inst|lpm_mux1:inst9|lpm_mux:lpm_mux_component|mux_94e:auto_generated|l1_w0_n0_mux_dataout                                      ; |cache_top_level|cache_set_2_way:inst|lpm_mux1:inst9|lpm_mux:lpm_mux_component|mux_94e:auto_generated|l1_w0_n0_mux_dataout                                      ; out0             ;
; |cache_top_level|cache_set_2_way:inst|lpm_mux1:inst9|lpm_mux:lpm_mux_component|mux_94e:auto_generated|l1_w1_n0_mux_dataout~0                                    ; |cache_top_level|cache_set_2_way:inst|lpm_mux1:inst9|lpm_mux:lpm_mux_component|mux_94e:auto_generated|l1_w1_n0_mux_dataout~0                                    ; out0             ;
; |cache_top_level|cache_set_2_way:inst|lpm_mux1:inst9|lpm_mux:lpm_mux_component|mux_94e:auto_generated|l1_w1_n0_mux_dataout~1                                    ; |cache_top_level|cache_set_2_way:inst|lpm_mux1:inst9|lpm_mux:lpm_mux_component|mux_94e:auto_generated|l1_w1_n0_mux_dataout~1                                    ; out0             ;
; |cache_top_level|cache_set_2_way:inst|lpm_mux1:inst9|lpm_mux:lpm_mux_component|mux_94e:auto_generated|l1_w1_n0_mux_dataout                                      ; |cache_top_level|cache_set_2_way:inst|lpm_mux1:inst9|lpm_mux:lpm_mux_component|mux_94e:auto_generated|l1_w1_n0_mux_dataout                                      ; out0             ;
; |cache_top_level|cache_set_2_way:inst|lpm_mux1:inst9|lpm_mux:lpm_mux_component|mux_94e:auto_generated|l1_w2_n0_mux_dataout~0                                    ; |cache_top_level|cache_set_2_way:inst|lpm_mux1:inst9|lpm_mux:lpm_mux_component|mux_94e:auto_generated|l1_w2_n0_mux_dataout~0                                    ; out0             ;
; |cache_top_level|cache_set_2_way:inst|lpm_mux1:inst9|lpm_mux:lpm_mux_component|mux_94e:auto_generated|l1_w2_n0_mux_dataout                                      ; |cache_top_level|cache_set_2_way:inst|lpm_mux1:inst9|lpm_mux:lpm_mux_component|mux_94e:auto_generated|l1_w2_n0_mux_dataout                                      ; out0             ;
; |cache_top_level|cache_set_2_way:inst|lpm_mux1:inst9|lpm_mux:lpm_mux_component|mux_94e:auto_generated|l1_w3_n0_mux_dataout~0                                    ; |cache_top_level|cache_set_2_way:inst|lpm_mux1:inst9|lpm_mux:lpm_mux_component|mux_94e:auto_generated|l1_w3_n0_mux_dataout~0                                    ; out0             ;
; |cache_top_level|cache_set_2_way:inst|lpm_mux1:inst9|lpm_mux:lpm_mux_component|mux_94e:auto_generated|l1_w3_n0_mux_dataout                                      ; |cache_top_level|cache_set_2_way:inst|lpm_mux1:inst9|lpm_mux:lpm_mux_component|mux_94e:auto_generated|l1_w3_n0_mux_dataout                                      ; out0             ;
; |cache_top_level|cache_set_2_way:inst|cache_line_bank:inst|inst4                                                                                                ; |cache_top_level|cache_set_2_way:inst|cache_line_bank:inst|inst4                                                                                                ; out0             ;
; |cache_top_level|cache_set_2_way:inst|cache_line_bank:inst|lpm_dff1:inst2|lpm_ff:lpm_ff_component|dffs[3]                                                       ; |cache_top_level|cache_set_2_way:inst|cache_line_bank:inst|lpm_dff1:inst2|lpm_ff:lpm_ff_component|dffs[3]                                                       ; regout           ;
; |cache_top_level|cache_set_2_way:inst|cache_line_bank:inst|lpm_dff1:inst2|lpm_ff:lpm_ff_component|dffs[2]                                                       ; |cache_top_level|cache_set_2_way:inst|cache_line_bank:inst|lpm_dff1:inst2|lpm_ff:lpm_ff_component|dffs[2]                                                       ; regout           ;
; |cache_top_level|cache_set_2_way:inst|cache_line_bank:inst|lpm_dff1:inst2|lpm_ff:lpm_ff_component|dffs[0]                                                       ; |cache_top_level|cache_set_2_way:inst|cache_line_bank:inst|lpm_dff1:inst2|lpm_ff:lpm_ff_component|dffs[0]                                                       ; regout           ;
; |cache_top_level|cache_set_2_way:inst|cache_line_bank:inst|lpm_dff2:inst3|lpm_ff:lpm_ff_component|dffs[3]                                                       ; |cache_top_level|cache_set_2_way:inst|cache_line_bank:inst|lpm_dff2:inst3|lpm_ff:lpm_ff_component|dffs[3]                                                       ; regout           ;
; |cache_top_level|cache_set_2_way:inst|cache_line_bank:inst|lpm_dff2:inst3|lpm_ff:lpm_ff_component|dffs[2]                                                       ; |cache_top_level|cache_set_2_way:inst|cache_line_bank:inst|lpm_dff2:inst3|lpm_ff:lpm_ff_component|dffs[2]                                                       ; regout           ;
; |cache_top_level|cache_set_2_way:inst|cache_line_bank:inst|lpm_dff2:inst3|lpm_ff:lpm_ff_component|dffs[1]                                                       ; |cache_top_level|cache_set_2_way:inst|cache_line_bank:inst|lpm_dff2:inst3|lpm_ff:lpm_ff_component|dffs[1]                                                       ; regout           ;
; |cache_top_level|cache_set_2_way:inst|cache_line_bank:inst|lpm_mux0:inst6|lpm_mux:lpm_mux_component|mux_94e:auto_generated|l1_w0_n0_mux_dataout~0               ; |cache_top_level|cache_set_2_way:inst|cache_line_bank:inst|lpm_mux0:inst6|lpm_mux:lpm_mux_component|mux_94e:auto_generated|l1_w0_n0_mux_dataout~0               ; out0             ;
; |cache_top_level|cache_set_2_way:inst|cache_line_bank:inst|lpm_mux0:inst6|lpm_mux:lpm_mux_component|mux_94e:auto_generated|l1_w0_n0_mux_dataout                 ; |cache_top_level|cache_set_2_way:inst|cache_line_bank:inst|lpm_mux0:inst6|lpm_mux:lpm_mux_component|mux_94e:auto_generated|l1_w0_n0_mux_dataout                 ; out0             ;
; |cache_top_level|cache_set_2_way:inst|cache_line_bank:inst|lpm_mux0:inst6|lpm_mux:lpm_mux_component|mux_94e:auto_generated|l1_w1_n0_mux_dataout~1               ; |cache_top_level|cache_set_2_way:inst|cache_line_bank:inst|lpm_mux0:inst6|lpm_mux:lpm_mux_component|mux_94e:auto_generated|l1_w1_n0_mux_dataout~1               ; out0             ;
; |cache_top_level|cache_set_2_way:inst|cache_line_bank:inst|lpm_mux0:inst6|lpm_mux:lpm_mux_component|mux_94e:auto_generated|l1_w1_n0_mux_dataout                 ; |cache_top_level|cache_set_2_way:inst|cache_line_bank:inst|lpm_mux0:inst6|lpm_mux:lpm_mux_component|mux_94e:auto_generated|l1_w1_n0_mux_dataout                 ; out0             ;
; |cache_top_level|cache_set_2_way:inst|cache_line_bank:inst|lpm_mux0:inst6|lpm_mux:lpm_mux_component|mux_94e:auto_generated|l1_w2_n0_mux_dataout~0               ; |cache_top_level|cache_set_2_way:inst|cache_line_bank:inst|lpm_mux0:inst6|lpm_mux:lpm_mux_component|mux_94e:auto_generated|l1_w2_n0_mux_dataout~0               ; out0             ;
; |cache_top_level|cache_set_2_way:inst|cache_line_bank:inst|lpm_mux0:inst6|lpm_mux:lpm_mux_component|mux_94e:auto_generated|l1_w2_n0_mux_dataout~1               ; |cache_top_level|cache_set_2_way:inst|cache_line_bank:inst|lpm_mux0:inst6|lpm_mux:lpm_mux_component|mux_94e:auto_generated|l1_w2_n0_mux_dataout~1               ; out0             ;
; |cache_top_level|cache_set_2_way:inst|cache_line_bank:inst|lpm_mux0:inst6|lpm_mux:lpm_mux_component|mux_94e:auto_generated|l1_w2_n0_mux_dataout                 ; |cache_top_level|cache_set_2_way:inst|cache_line_bank:inst|lpm_mux0:inst6|lpm_mux:lpm_mux_component|mux_94e:auto_generated|l1_w2_n0_mux_dataout                 ; out0             ;
; |cache_top_level|cache_set_2_way:inst|cache_line_bank:inst|lpm_mux0:inst6|lpm_mux:lpm_mux_component|mux_94e:auto_generated|l1_w3_n0_mux_dataout~0               ; |cache_top_level|cache_set_2_way:inst|cache_line_bank:inst|lpm_mux0:inst6|lpm_mux:lpm_mux_component|mux_94e:auto_generated|l1_w3_n0_mux_dataout~0               ; out0             ;
; |cache_top_level|cache_set_2_way:inst|cache_line_bank:inst|lpm_mux0:inst6|lpm_mux:lpm_mux_component|mux_94e:auto_generated|l1_w3_n0_mux_dataout~1               ; |cache_top_level|cache_set_2_way:inst|cache_line_bank:inst|lpm_mux0:inst6|lpm_mux:lpm_mux_component|mux_94e:auto_generated|l1_w3_n0_mux_dataout~1               ; out0             ;
; |cache_top_level|cache_set_2_way:inst|cache_line_bank:inst|lpm_mux0:inst6|lpm_mux:lpm_mux_component|mux_94e:auto_generated|l1_w3_n0_mux_dataout                 ; |cache_top_level|cache_set_2_way:inst|cache_line_bank:inst|lpm_mux0:inst6|lpm_mux:lpm_mux_component|mux_94e:auto_generated|l1_w3_n0_mux_dataout                 ; out0             ;
; |cache_top_level|cache_set_2_way:inst|cache_line_bank:inst|lpm_dff0:inst|lpm_ff:lpm_ff_component|dffs[3]                                                        ; |cache_top_level|cache_set_2_way:inst|cache_line_bank:inst|lpm_dff0:inst|lpm_ff:lpm_ff_component|dffs[3]                                                        ; regout           ;
; |cache_top_level|cache_set_2_way:inst|cache_line_bank:inst|lpm_dff0:inst|lpm_ff:lpm_ff_component|dffs[2]                                                        ; |cache_top_level|cache_set_2_way:inst|cache_line_bank:inst|lpm_dff0:inst|lpm_ff:lpm_ff_component|dffs[2]                                                        ; regout           ;
; |cache_top_level|cache_set_2_way:inst|cache_line_bank:inst|lpm_dff0:inst|lpm_ff:lpm_ff_component|dffs[1]                                                        ; |cache_top_level|cache_set_2_way:inst|cache_line_bank:inst|lpm_dff0:inst|lpm_ff:lpm_ff_component|dffs[1]                                                        ; regout           ;
; |cache_top_level|cache_set_2_way:inst|cache_line_bank:inst|lpm_dff0:inst|lpm_ff:lpm_ff_component|dffs[0]                                                        ; |cache_top_level|cache_set_2_way:inst|cache_line_bank:inst|lpm_dff0:inst|lpm_ff:lpm_ff_component|dffs[0]                                                        ; regout           ;
; |cache_top_level|cache_set_2_way:inst|cache_line_bank:inst|lpm_compare0:inst8|lpm_compare:lpm_compare_component|cmpr_cig:auto_generated|aneb_result_wire[0]~0   ; |cache_top_level|cache_set_2_way:inst|cache_line_bank:inst|lpm_compare0:inst8|lpm_compare:lpm_compare_component|cmpr_cig:auto_generated|aneb_result_wire[0]~0   ; out0             ;
; |cache_top_level|cache_set_2_way:inst|cache_line_bank:inst|lpm_compare0:inst8|lpm_compare:lpm_compare_component|cmpr_cig:auto_generated|aneb_result_wire[0]     ; |cache_top_level|cache_set_2_way:inst|cache_line_bank:inst|lpm_compare0:inst8|lpm_compare:lpm_compare_component|cmpr_cig:auto_generated|aneb_result_wire[0]     ; out0             ;
; |cache_top_level|cache_set_2_way:inst|cache_line_bank:inst|lpm_compare0:inst8|lpm_compare:lpm_compare_component|cmpr_cig:auto_generated|data_wire[2]            ; |cache_top_level|cache_set_2_way:inst|cache_line_bank:inst|lpm_compare0:inst8|lpm_compare:lpm_compare_component|cmpr_cig:auto_generated|data_wire[2]            ; out0             ;
; |cache_top_level|cache_set_2_way:inst|cache_line_bank:inst|lpm_compare0:inst8|lpm_compare:lpm_compare_component|cmpr_cig:auto_generated|data_wire[1]~0          ; |cache_top_level|cache_set_2_way:inst|cache_line_bank:inst|lpm_compare0:inst8|lpm_compare:lpm_compare_component|cmpr_cig:auto_generated|data_wire[1]~0          ; out0             ;
; |cache_top_level|cache_set_2_way:inst|cache_line_bank:inst|lpm_compare0:inst8|lpm_compare:lpm_compare_component|cmpr_cig:auto_generated|data_wire[1]~1          ; |cache_top_level|cache_set_2_way:inst|cache_line_bank:inst|lpm_compare0:inst8|lpm_compare:lpm_compare_component|cmpr_cig:auto_generated|data_wire[1]~1          ; out0             ;
; |cache_top_level|cache_set_2_way:inst|cache_line_bank:inst|lpm_compare0:inst8|lpm_compare:lpm_compare_component|cmpr_cig:auto_generated|data_wire[1]            ; |cache_top_level|cache_set_2_way:inst|cache_line_bank:inst|lpm_compare0:inst8|lpm_compare:lpm_compare_component|cmpr_cig:auto_generated|data_wire[1]            ; out0             ;
; |cache_top_level|cache_set_2_way:inst|cache_line_bank:inst|lpm_compare0:inst8|lpm_compare:lpm_compare_component|cmpr_cig:auto_generated|data_wire[0]~2          ; |cache_top_level|cache_set_2_way:inst|cache_line_bank:inst|lpm_compare0:inst8|lpm_compare:lpm_compare_component|cmpr_cig:auto_generated|data_wire[0]~2          ; out0             ;
; |cache_top_level|cache_set_2_way:inst|cache_line_bank:inst|lpm_compare0:inst8|lpm_compare:lpm_compare_component|cmpr_cig:auto_generated|data_wire[0]~3          ; |cache_top_level|cache_set_2_way:inst|cache_line_bank:inst|lpm_compare0:inst8|lpm_compare:lpm_compare_component|cmpr_cig:auto_generated|data_wire[0]~3          ; out0             ;
; |cache_top_level|cache_set_2_way:inst|cache_line_bank:inst|lpm_compare0:inst8|lpm_compare:lpm_compare_component|cmpr_cig:auto_generated|data_wire[0]            ; |cache_top_level|cache_set_2_way:inst|cache_line_bank:inst|lpm_compare0:inst8|lpm_compare:lpm_compare_component|cmpr_cig:auto_generated|data_wire[0]            ; out0             ;
; |cache_top_level|cache_set_2_way:inst|cache_line_bank:inst|lpm_dff3:inst1|lpm_ff:lpm_ff_component|dffs[0]                                                       ; |cache_top_level|cache_set_2_way:inst|cache_line_bank:inst|lpm_dff3:inst1|lpm_ff:lpm_ff_component|dffs[0]                                                       ; regout           ;
; |cache_top_level|cache_set_2_way:inst|cache_controller:inst2|inst26                                                                                             ; |cache_top_level|cache_set_2_way:inst|cache_controller:inst2|inst26                                                                                             ; out0             ;
; |cache_top_level|cache_set_2_way:inst|cache_controller:inst2|inst25                                                                                             ; |cache_top_level|cache_set_2_way:inst|cache_controller:inst2|inst25                                                                                             ; out0             ;
; |cache_top_level|cache_set_2_way:inst|cache_controller:inst2|inst24                                                                                             ; |cache_top_level|cache_set_2_way:inst|cache_controller:inst2|inst24                                                                                             ; out0             ;
; |cache_top_level|cache_set_2_way:inst|cache_controller:inst2|inst15                                                                                             ; |cache_top_level|cache_set_2_way:inst|cache_controller:inst2|inst15                                                                                             ; out0             ;
; |cache_top_level|cache_set_2_way:inst|cache_controller:inst2|inst23                                                                                             ; |cache_top_level|cache_set_2_way:inst|cache_controller:inst2|inst23                                                                                             ; out0             ;
; |cache_top_level|cache_set_2_way:inst|cache_controller:inst2|inst22                                                                                             ; |cache_top_level|cache_set_2_way:inst|cache_controller:inst2|inst22                                                                                             ; out0             ;
; |cache_top_level|cache_set_2_way:inst|cache_controller:inst2|inst21                                                                                             ; |cache_top_level|cache_set_2_way:inst|cache_controller:inst2|inst21                                                                                             ; out0             ;
; |cache_top_level|cache_set_2_way:inst|cache_controller:inst2|lpm_dff4:inst10|lpm_ff:lpm_ff_component|dffs[0]                                                    ; |cache_top_level|cache_set_2_way:inst|cache_controller:inst2|lpm_dff4:inst10|lpm_ff:lpm_ff_component|dffs[0]                                                    ; regout           ;
; |cache_top_level|cache_set_2_way:inst|cache_line_bank:inst1|inst4                                                                                               ; |cache_top_level|cache_set_2_way:inst|cache_line_bank:inst1|inst4                                                                                               ; out0             ;
; |cache_top_level|cache_set_2_way:inst|cache_line_bank:inst1|lpm_dff1:inst2|lpm_ff:lpm_ff_component|dffs[0]                                                      ; |cache_top_level|cache_set_2_way:inst|cache_line_bank:inst1|lpm_dff1:inst2|lpm_ff:lpm_ff_component|dffs[0]                                                      ; regout           ;
; |cache_top_level|cache_set_2_way:inst|cache_line_bank:inst1|lpm_dff2:inst3|lpm_ff:lpm_ff_component|dffs[1]                                                      ; |cache_top_level|cache_set_2_way:inst|cache_line_bank:inst1|lpm_dff2:inst3|lpm_ff:lpm_ff_component|dffs[1]                                                      ; regout           ;
; |cache_top_level|cache_set_2_way:inst|cache_line_bank:inst1|lpm_mux0:inst6|lpm_mux:lpm_mux_component|mux_94e:auto_generated|l1_w0_n0_mux_dataout~0              ; |cache_top_level|cache_set_2_way:inst|cache_line_bank:inst1|lpm_mux0:inst6|lpm_mux:lpm_mux_component|mux_94e:auto_generated|l1_w0_n0_mux_dataout~0              ; out0             ;
; |cache_top_level|cache_set_2_way:inst|cache_line_bank:inst1|lpm_mux0:inst6|lpm_mux:lpm_mux_component|mux_94e:auto_generated|l1_w0_n0_mux_dataout                ; |cache_top_level|cache_set_2_way:inst|cache_line_bank:inst1|lpm_mux0:inst6|lpm_mux:lpm_mux_component|mux_94e:auto_generated|l1_w0_n0_mux_dataout                ; out0             ;
; |cache_top_level|cache_set_2_way:inst|cache_line_bank:inst1|lpm_mux0:inst6|lpm_mux:lpm_mux_component|mux_94e:auto_generated|l1_w1_n0_mux_dataout~1              ; |cache_top_level|cache_set_2_way:inst|cache_line_bank:inst1|lpm_mux0:inst6|lpm_mux:lpm_mux_component|mux_94e:auto_generated|l1_w1_n0_mux_dataout~1              ; out0             ;
; |cache_top_level|cache_set_2_way:inst|cache_line_bank:inst1|lpm_mux0:inst6|lpm_mux:lpm_mux_component|mux_94e:auto_generated|l1_w1_n0_mux_dataout                ; |cache_top_level|cache_set_2_way:inst|cache_line_bank:inst1|lpm_mux0:inst6|lpm_mux:lpm_mux_component|mux_94e:auto_generated|l1_w1_n0_mux_dataout                ; out0             ;
; |cache_top_level|cache_set_2_way:inst|cache_line_bank:inst1|lpm_dff0:inst|lpm_ff:lpm_ff_component|dffs[1]                                                       ; |cache_top_level|cache_set_2_way:inst|cache_line_bank:inst1|lpm_dff0:inst|lpm_ff:lpm_ff_component|dffs[1]                                                       ; regout           ;
; |cache_top_level|cache_set_2_way:inst|cache_line_bank:inst1|lpm_dff0:inst|lpm_ff:lpm_ff_component|dffs[0]                                                       ; |cache_top_level|cache_set_2_way:inst|cache_line_bank:inst1|lpm_dff0:inst|lpm_ff:lpm_ff_component|dffs[0]                                                       ; regout           ;
; |cache_top_level|cache_set_2_way:inst|cache_line_bank:inst1|lpm_compare0:inst8|lpm_compare:lpm_compare_component|cmpr_cig:auto_generated|aneb_result_wire[0]~0  ; |cache_top_level|cache_set_2_way:inst|cache_line_bank:inst1|lpm_compare0:inst8|lpm_compare:lpm_compare_component|cmpr_cig:auto_generated|aneb_result_wire[0]~0  ; out0             ;
; |cache_top_level|cache_set_2_way:inst|cache_line_bank:inst1|lpm_compare0:inst8|lpm_compare:lpm_compare_component|cmpr_cig:auto_generated|aneb_result_wire[0]    ; |cache_top_level|cache_set_2_way:inst|cache_line_bank:inst1|lpm_compare0:inst8|lpm_compare:lpm_compare_component|cmpr_cig:auto_generated|aneb_result_wire[0]    ; out0             ;
; |cache_top_level|cache_set_2_way:inst|cache_line_bank:inst1|lpm_compare0:inst8|lpm_compare:lpm_compare_component|cmpr_cig:auto_generated|data_wire[2]           ; |cache_top_level|cache_set_2_way:inst|cache_line_bank:inst1|lpm_compare0:inst8|lpm_compare:lpm_compare_component|cmpr_cig:auto_generated|data_wire[2]           ; out0             ;
; |cache_top_level|cache_set_2_way:inst|cache_line_bank:inst1|lpm_compare0:inst8|lpm_compare:lpm_compare_component|cmpr_cig:auto_generated|data_wire[1]~0         ; |cache_top_level|cache_set_2_way:inst|cache_line_bank:inst1|lpm_compare0:inst8|lpm_compare:lpm_compare_component|cmpr_cig:auto_generated|data_wire[1]~0         ; out0             ;
; |cache_top_level|cache_set_2_way:inst|cache_line_bank:inst1|lpm_compare0:inst8|lpm_compare:lpm_compare_component|cmpr_cig:auto_generated|data_wire[1]~1         ; |cache_top_level|cache_set_2_way:inst|cache_line_bank:inst1|lpm_compare0:inst8|lpm_compare:lpm_compare_component|cmpr_cig:auto_generated|data_wire[1]~1         ; out0             ;
; |cache_top_level|cache_set_2_way:inst|cache_line_bank:inst1|lpm_compare0:inst8|lpm_compare:lpm_compare_component|cmpr_cig:auto_generated|data_wire[1]           ; |cache_top_level|cache_set_2_way:inst|cache_line_bank:inst1|lpm_compare0:inst8|lpm_compare:lpm_compare_component|cmpr_cig:auto_generated|data_wire[1]           ; out0             ;
; |cache_top_level|cache_set_2_way:inst|cache_line_bank:inst1|lpm_compare0:inst8|lpm_compare:lpm_compare_component|cmpr_cig:auto_generated|data_wire[0]~2         ; |cache_top_level|cache_set_2_way:inst|cache_line_bank:inst1|lpm_compare0:inst8|lpm_compare:lpm_compare_component|cmpr_cig:auto_generated|data_wire[0]~2         ; out0             ;
; |cache_top_level|cache_set_2_way:inst|cache_line_bank:inst1|lpm_compare0:inst8|lpm_compare:lpm_compare_component|cmpr_cig:auto_generated|data_wire[0]~3         ; |cache_top_level|cache_set_2_way:inst|cache_line_bank:inst1|lpm_compare0:inst8|lpm_compare:lpm_compare_component|cmpr_cig:auto_generated|data_wire[0]~3         ; out0             ;
; |cache_top_level|cache_set_2_way:inst|cache_line_bank:inst1|lpm_compare0:inst8|lpm_compare:lpm_compare_component|cmpr_cig:auto_generated|data_wire[0]           ; |cache_top_level|cache_set_2_way:inst|cache_line_bank:inst1|lpm_compare0:inst8|lpm_compare:lpm_compare_component|cmpr_cig:auto_generated|data_wire[0]           ; out0             ;
; |cache_top_level|cache_set_2_way:inst|cache_line_bank:inst1|lpm_dff3:inst1|lpm_ff:lpm_ff_component|dffs[0]                                                      ; |cache_top_level|cache_set_2_way:inst|cache_line_bank:inst1|lpm_dff3:inst1|lpm_ff:lpm_ff_component|dffs[0]                                                      ; regout           ;
+-----------------------------------------------------------------------------------------------------------------------------------------------------------------+-----------------------------------------------------------------------------------------------------------------------------------------------------------------+------------------+


The following table displays output ports that do not toggle to 1 during simulation.
+------------------------------------------------------------------------------------------------------------------------------------------------------------------------------------------------------------------------------------------------------------------------------------------------------------------------------+
; Missing 1-Value Coverage                                                                                                                                                                                                                                                                                                     ;
+-----------------------------------------------------------------------------------------------------------------------------------------------------+-----------------------------------------------------------------------------------------------------------------------------------------------------+------------------+
; Node Name                                                                                                                                           ; Output Port Name                                                                                                                                    ; Output Port Type ;
+-----------------------------------------------------------------------------------------------------------------------------------------------------+-----------------------------------------------------------------------------------------------------------------------------------------------------+------------------+
; |cache_top_level|data_word0[7]                                                                                                                      ; |cache_top_level|data_word0[7]                                                                                                                      ; out              ;
; |cache_top_level|data_word0[6]                                                                                                                      ; |cache_top_level|data_word0[6]                                                                                                                      ; out              ;
; |cache_top_level|data_word0[5]                                                                                                                      ; |cache_top_level|data_word0[5]                                                                                                                      ; out              ;
; |cache_top_level|data_word1[7]                                                                                                                      ; |cache_top_level|data_word1[7]                                                                                                                      ; out              ;
; |cache_top_level|data_word1[6]                                                                                                                      ; |cache_top_level|data_word1[6]                                                                                                                      ; out              ;
; |cache_top_level|data_word1[5]                                                                                                                      ; |cache_top_level|data_word1[5]                                                                                                                      ; out              ;
; |cache_top_level|result[7]                                                                                                                          ; |cache_top_level|result[7]                                                                                                                          ; pin_out          ;
; |cache_top_level|result[6]                                                                                                                          ; |cache_top_level|result[6]                                                                                                                          ; pin_out          ;
; |cache_top_level|result[5]                                                                                                                          ; |cache_top_level|result[5]                                                                                                                          ; pin_out          ;
; |cache_top_level|gdfx_temp0[7]                                                                                                                      ; |cache_top_level|gdfx_temp0[7]                                                                                                                      ; out0             ;
; |cache_top_level|gdfx_temp0[6]                                                                                                                      ; |cache_top_level|gdfx_temp0[6]                                                                                                                      ; out0             ;
; |cache_top_level|gdfx_temp0[5]                                                                                                                      ; |cache_top_level|gdfx_temp0[5]                                                                                                                      ; out0             ;
; |cache_top_level|lpm_bustri0:inst4|lpm_bustri:lpm_bustri_component|dout[7]                                                                          ; |cache_top_level|lpm_bustri0:inst4|lpm_bustri:lpm_bustri_component|dout[7]                                                                          ; out              ;
; |cache_top_level|lpm_bustri0:inst4|lpm_bustri:lpm_bustri_component|dout[6]                                                                          ; |cache_top_level|lpm_bustri0:inst4|lpm_bustri:lpm_bustri_component|dout[6]                                                                          ; out              ;
; |cache_top_level|lpm_bustri0:inst4|lpm_bustri:lpm_bustri_component|dout[5]                                                                          ; |cache_top_level|lpm_bustri0:inst4|lpm_bustri:lpm_bustri_component|dout[5]                                                                          ; out              ;
; |cache_top_level|lpm_bustri0:inst4|lpm_bustri:lpm_bustri_component|dout[4]                                                                          ; |cache_top_level|lpm_bustri0:inst4|lpm_bustri:lpm_bustri_component|dout[4]                                                                          ; out              ;
; |cache_top_level|lpm_bustri0:inst5|lpm_bustri:lpm_bustri_component|dout[7]                                                                          ; |cache_top_level|lpm_bustri0:inst5|lpm_bustri:lpm_bustri_component|dout[7]                                                                          ; out              ;
; |cache_top_level|lpm_bustri0:inst5|lpm_bustri:lpm_bustri_component|dout[6]                                                                          ; |cache_top_level|lpm_bustri0:inst5|lpm_bustri:lpm_bustri_component|dout[6]                                                                          ; out              ;
; |cache_top_level|lpm_bustri0:inst5|lpm_bustri:lpm_bustri_component|dout[5]                                                                          ; |cache_top_level|lpm_bustri0:inst5|lpm_bustri:lpm_bustri_component|dout[5]                                                                          ; out              ;
; |cache_top_level|lpm_bustri0:inst6|lpm_bustri:lpm_bustri_component|dout[7]                                                                          ; |cache_top_level|lpm_bustri0:inst6|lpm_bustri:lpm_bustri_component|dout[7]                                                                          ; out              ;
; |cache_top_level|lpm_bustri0:inst6|lpm_bustri:lpm_bustri_component|dout[6]                                                                          ; |cache_top_level|lpm_bustri0:inst6|lpm_bustri:lpm_bustri_component|dout[6]                                                                          ; out              ;
; |cache_top_level|lpm_bustri0:inst6|lpm_bustri:lpm_bustri_component|dout[5]                                                                          ; |cache_top_level|lpm_bustri0:inst6|lpm_bustri:lpm_bustri_component|dout[5]                                                                          ; out              ;
; |cache_top_level|lpm_bustri0:inst7|lpm_bustri:lpm_bustri_component|dout[7]                                                                          ; |cache_top_level|lpm_bustri0:inst7|lpm_bustri:lpm_bustri_component|dout[7]                                                                          ; out              ;
; |cache_top_level|lpm_bustri0:inst7|lpm_bustri:lpm_bustri_component|dout[6]                                                                          ; |cache_top_level|lpm_bustri0:inst7|lpm_bustri:lpm_bustri_component|dout[6]                                                                          ; out              ;
; |cache_top_level|lpm_bustri0:inst7|lpm_bustri:lpm_bustri_component|dout[5]                                                                          ; |cache_top_level|lpm_bustri0:inst7|lpm_bustri:lpm_bustri_component|dout[5]                                                                          ; out              ;
; |cache_top_level|cache_set_2_way:inst1|lpm_mux1:inst9|lpm_mux:lpm_mux_component|mux_94e:auto_generated|l1_w1_n0_mux_dataout~1                       ; |cache_top_level|cache_set_2_way:inst1|lpm_mux1:inst9|lpm_mux:lpm_mux_component|mux_94e:auto_generated|l1_w1_n0_mux_dataout~1                       ; out0             ;
; |cache_top_level|cache_set_2_way:inst1|lpm_mux1:inst9|lpm_mux:lpm_mux_component|mux_94e:auto_generated|l1_w2_n0_mux_dataout~0                       ; |cache_top_level|cache_set_2_way:inst1|lpm_mux1:inst9|lpm_mux:lpm_mux_component|mux_94e:auto_generated|l1_w2_n0_mux_dataout~0                       ; out0             ;
; |cache_top_level|cache_set_2_way:inst1|lpm_mux1:inst9|lpm_mux:lpm_mux_component|mux_94e:auto_generated|l1_w3_n0_mux_dataout~1                       ; |cache_top_level|cache_set_2_way:inst1|lpm_mux1:inst9|lpm_mux:lpm_mux_component|mux_94e:auto_generated|l1_w3_n0_mux_dataout~1                       ; out0             ;
; |cache_top_level|cache_set_2_way:inst1|lpm_mux1:inst9|lpm_mux:lpm_mux_component|mux_94e:auto_generated|l1_w4_n0_mux_dataout~0                       ; |cache_top_level|cache_set_2_way:inst1|lpm_mux1:inst9|lpm_mux:lpm_mux_component|mux_94e:auto_generated|l1_w4_n0_mux_dataout~0                       ; out0             ;
; |cache_top_level|cache_set_2_way:inst1|lpm_mux1:inst9|lpm_mux:lpm_mux_component|mux_94e:auto_generated|l1_w5_n0_mux_dataout~0                       ; |cache_top_level|cache_set_2_way:inst1|lpm_mux1:inst9|lpm_mux:lpm_mux_component|mux_94e:auto_generated|l1_w5_n0_mux_dataout~0                       ; out0             ;
; |cache_top_level|cache_set_2_way:inst1|lpm_mux1:inst9|lpm_mux:lpm_mux_component|mux_94e:auto_generated|l1_w5_n0_mux_dataout~1                       ; |cache_top_level|cache_set_2_way:inst1|lpm_mux1:inst9|lpm_mux:lpm_mux_component|mux_94e:auto_generated|l1_w5_n0_mux_dataout~1                       ; out0             ;
; |cache_top_level|cache_set_2_way:inst1|lpm_mux1:inst9|lpm_mux:lpm_mux_component|mux_94e:auto_generated|l1_w5_n0_mux_dataout                         ; |cache_top_level|cache_set_2_way:inst1|lpm_mux1:inst9|lpm_mux:lpm_mux_component|mux_94e:auto_generated|l1_w5_n0_mux_dataout                         ; out0             ;
; |cache_top_level|cache_set_2_way:inst1|lpm_mux1:inst9|lpm_mux:lpm_mux_component|mux_94e:auto_generated|l1_w6_n0_mux_dataout~0                       ; |cache_top_level|cache_set_2_way:inst1|lpm_mux1:inst9|lpm_mux:lpm_mux_component|mux_94e:auto_generated|l1_w6_n0_mux_dataout~0                       ; out0             ;
; |cache_top_level|cache_set_2_way:inst1|lpm_mux1:inst9|lpm_mux:lpm_mux_component|mux_94e:auto_generated|l1_w6_n0_mux_dataout~1                       ; |cache_top_level|cache_set_2_way:inst1|lpm_mux1:inst9|lpm_mux:lpm_mux_component|mux_94e:auto_generated|l1_w6_n0_mux_dataout~1                       ; out0             ;
; |cache_top_level|cache_set_2_way:inst1|lpm_mux1:inst9|lpm_mux:lpm_mux_component|mux_94e:auto_generated|l1_w6_n0_mux_dataout                         ; |cache_top_level|cache_set_2_way:inst1|lpm_mux1:inst9|lpm_mux:lpm_mux_component|mux_94e:auto_generated|l1_w6_n0_mux_dataout                         ; out0             ;
; |cache_top_level|cache_set_2_way:inst1|lpm_mux1:inst9|lpm_mux:lpm_mux_component|mux_94e:auto_generated|l1_w7_n0_mux_dataout~0                       ; |cache_top_level|cache_set_2_way:inst1|lpm_mux1:inst9|lpm_mux:lpm_mux_component|mux_94e:auto_generated|l1_w7_n0_mux_dataout~0                       ; out0             ;
; |cache_top_level|cache_set_2_way:inst1|lpm_mux1:inst9|lpm_mux:lpm_mux_component|mux_94e:auto_generated|l1_w7_n0_mux_dataout~1                       ; |cache_top_level|cache_set_2_way:inst1|lpm_mux1:inst9|lpm_mux:lpm_mux_component|mux_94e:auto_generated|l1_w7_n0_mux_dataout~1                       ; out0             ;
; |cache_top_level|cache_set_2_way:inst1|lpm_mux1:inst9|lpm_mux:lpm_mux_component|mux_94e:auto_generated|l1_w7_n0_mux_dataout                         ; |cache_top_level|cache_set_2_way:inst1|lpm_mux1:inst9|lpm_mux:lpm_mux_component|mux_94e:auto_generated|l1_w7_n0_mux_dataout                         ; out0             ;
; |cache_top_level|cache_set_2_way:inst1|cache_line_bank:inst|lpm_dff1:inst2|lpm_ff:lpm_ff_component|dffs[7]                                          ; |cache_top_level|cache_set_2_way:inst1|cache_line_bank:inst|lpm_dff1:inst2|lpm_ff:lpm_ff_component|dffs[7]                                          ; regout           ;
; |cache_top_level|cache_set_2_way:inst1|cache_line_bank:inst|lpm_dff1:inst2|lpm_ff:lpm_ff_component|dffs[6]                                          ; |cache_top_level|cache_set_2_way:inst1|cache_line_bank:inst|lpm_dff1:inst2|lpm_ff:lpm_ff_component|dffs[6]                                          ; regout           ;
; |cache_top_level|cache_set_2_way:inst1|cache_line_bank:inst|lpm_dff1:inst2|lpm_ff:lpm_ff_component|dffs[5]                                          ; |cache_top_level|cache_set_2_way:inst1|cache_line_bank:inst|lpm_dff1:inst2|lpm_ff:lpm_ff_component|dffs[5]                                          ; regout           ;
; |cache_top_level|cache_set_2_way:inst1|cache_line_bank:inst|lpm_dff1:inst2|lpm_ff:lpm_ff_component|dffs[4]                                          ; |cache_top_level|cache_set_2_way:inst1|cache_line_bank:inst|lpm_dff1:inst2|lpm_ff:lpm_ff_component|dffs[4]                                          ; regout           ;
; |cache_top_level|cache_set_2_way:inst1|cache_line_bank:inst|lpm_dff1:inst2|lpm_ff:lpm_ff_component|dffs[2]                                          ; |cache_top_level|cache_set_2_way:inst1|cache_line_bank:inst|lpm_dff1:inst2|lpm_ff:lpm_ff_component|dffs[2]                                          ; regout           ;
; |cache_top_level|cache_set_2_way:inst1|cache_line_bank:inst|lpm_dff1:inst2|lpm_ff:lpm_ff_component|dffs[0]                                          ; |cache_top_level|cache_set_2_way:inst1|cache_line_bank:inst|lpm_dff1:inst2|lpm_ff:lpm_ff_component|dffs[0]                                          ; regout           ;
; |cache_top_level|cache_set_2_way:inst1|cache_line_bank:inst|lpm_dff2:inst3|lpm_ff:lpm_ff_component|dffs[7]                                          ; |cache_top_level|cache_set_2_way:inst1|cache_line_bank:inst|lpm_dff2:inst3|lpm_ff:lpm_ff_component|dffs[7]                                          ; regout           ;
; |cache_top_level|cache_set_2_way:inst1|cache_line_bank:inst|lpm_dff2:inst3|lpm_ff:lpm_ff_component|dffs[6]                                          ; |cache_top_level|cache_set_2_way:inst1|cache_line_bank:inst|lpm_dff2:inst3|lpm_ff:lpm_ff_component|dffs[6]                                          ; regout           ;
; |cache_top_level|cache_set_2_way:inst1|cache_line_bank:inst|lpm_dff2:inst3|lpm_ff:lpm_ff_component|dffs[5]                                          ; |cache_top_level|cache_set_2_way:inst1|cache_line_bank:inst|lpm_dff2:inst3|lpm_ff:lpm_ff_component|dffs[5]                                          ; regout           ;
; |cache_top_level|cache_set_2_way:inst1|cache_line_bank:inst|lpm_dff2:inst3|lpm_ff:lpm_ff_component|dffs[4]                                          ; |cache_top_level|cache_set_2_way:inst1|cache_line_bank:inst|lpm_dff2:inst3|lpm_ff:lpm_ff_component|dffs[4]                                          ; regout           ;
; |cache_top_level|cache_set_2_way:inst1|cache_line_bank:inst|lpm_dff2:inst3|lpm_ff:lpm_ff_component|dffs[2]                                          ; |cache_top_level|cache_set_2_way:inst1|cache_line_bank:inst|lpm_dff2:inst3|lpm_ff:lpm_ff_component|dffs[2]                                          ; regout           ;
; |cache_top_level|cache_set_2_way:inst1|cache_line_bank:inst|lpm_mux0:inst6|lpm_mux:lpm_mux_component|mux_94e:auto_generated|l1_w0_n0_mux_dataout~0  ; |cache_top_level|cache_set_2_way:inst1|cache_line_bank:inst|lpm_mux0:inst6|lpm_mux:lpm_mux_component|mux_94e:auto_generated|l1_w0_n0_mux_dataout~0  ; out0             ;
; |cache_top_level|cache_set_2_way:inst1|cache_line_bank:inst|lpm_mux0:inst6|lpm_mux:lpm_mux_component|mux_94e:auto_generated|l1_w2_n0_mux_dataout~0  ; |cache_top_level|cache_set_2_way:inst1|cache_line_bank:inst|lpm_mux0:inst6|lpm_mux:lpm_mux_component|mux_94e:auto_generated|l1_w2_n0_mux_dataout~0  ; out0             ;
; |cache_top_level|cache_set_2_way:inst1|cache_line_bank:inst|lpm_mux0:inst6|lpm_mux:lpm_mux_component|mux_94e:auto_generated|l1_w2_n0_mux_dataout~1  ; |cache_top_level|cache_set_2_way:inst1|cache_line_bank:inst|lpm_mux0:inst6|lpm_mux:lpm_mux_component|mux_94e:auto_generated|l1_w2_n0_mux_dataout~1  ; out0             ;
; |cache_top_level|cache_set_2_way:inst1|cache_line_bank:inst|lpm_mux0:inst6|lpm_mux:lpm_mux_component|mux_94e:auto_generated|l1_w2_n0_mux_dataout    ; |cache_top_level|cache_set_2_way:inst1|cache_line_bank:inst|lpm_mux0:inst6|lpm_mux:lpm_mux_component|mux_94e:auto_generated|l1_w2_n0_mux_dataout    ; out0             ;
; |cache_top_level|cache_set_2_way:inst1|cache_line_bank:inst|lpm_mux0:inst6|lpm_mux:lpm_mux_component|mux_94e:auto_generated|l1_w4_n0_mux_dataout~0  ; |cache_top_level|cache_set_2_way:inst1|cache_line_bank:inst|lpm_mux0:inst6|lpm_mux:lpm_mux_component|mux_94e:auto_generated|l1_w4_n0_mux_dataout~0  ; out0             ;
; |cache_top_level|cache_set_2_way:inst1|cache_line_bank:inst|lpm_mux0:inst6|lpm_mux:lpm_mux_component|mux_94e:auto_generated|l1_w4_n0_mux_dataout~1  ; |cache_top_level|cache_set_2_way:inst1|cache_line_bank:inst|lpm_mux0:inst6|lpm_mux:lpm_mux_component|mux_94e:auto_generated|l1_w4_n0_mux_dataout~1  ; out0             ;
; |cache_top_level|cache_set_2_way:inst1|cache_line_bank:inst|lpm_mux0:inst6|lpm_mux:lpm_mux_component|mux_94e:auto_generated|l1_w4_n0_mux_dataout    ; |cache_top_level|cache_set_2_way:inst1|cache_line_bank:inst|lpm_mux0:inst6|lpm_mux:lpm_mux_component|mux_94e:auto_generated|l1_w4_n0_mux_dataout    ; out0             ;
; |cache_top_level|cache_set_2_way:inst1|cache_line_bank:inst|lpm_mux0:inst6|lpm_mux:lpm_mux_component|mux_94e:auto_generated|l1_w5_n0_mux_dataout~0  ; |cache_top_level|cache_set_2_way:inst1|cache_line_bank:inst|lpm_mux0:inst6|lpm_mux:lpm_mux_component|mux_94e:auto_generated|l1_w5_n0_mux_dataout~0  ; out0             ;
; |cache_top_level|cache_set_2_way:inst1|cache_line_bank:inst|lpm_mux0:inst6|lpm_mux:lpm_mux_component|mux_94e:auto_generated|l1_w5_n0_mux_dataout~1  ; |cache_top_level|cache_set_2_way:inst1|cache_line_bank:inst|lpm_mux0:inst6|lpm_mux:lpm_mux_component|mux_94e:auto_generated|l1_w5_n0_mux_dataout~1  ; out0             ;
; |cache_top_level|cache_set_2_way:inst1|cache_line_bank:inst|lpm_mux0:inst6|lpm_mux:lpm_mux_component|mux_94e:auto_generated|l1_w5_n0_mux_dataout    ; |cache_top_level|cache_set_2_way:inst1|cache_line_bank:inst|lpm_mux0:inst6|lpm_mux:lpm_mux_component|mux_94e:auto_generated|l1_w5_n0_mux_dataout    ; out0             ;
; |cache_top_level|cache_set_2_way:inst1|cache_line_bank:inst|lpm_mux0:inst6|lpm_mux:lpm_mux_component|mux_94e:auto_generated|l1_w6_n0_mux_dataout~0  ; |cache_top_level|cache_set_2_way:inst1|cache_line_bank:inst|lpm_mux0:inst6|lpm_mux:lpm_mux_component|mux_94e:auto_generated|l1_w6_n0_mux_dataout~0  ; out0             ;
; |cache_top_level|cache_set_2_way:inst1|cache_line_bank:inst|lpm_mux0:inst6|lpm_mux:lpm_mux_component|mux_94e:auto_generated|l1_w6_n0_mux_dataout~1  ; |cache_top_level|cache_set_2_way:inst1|cache_line_bank:inst|lpm_mux0:inst6|lpm_mux:lpm_mux_component|mux_94e:auto_generated|l1_w6_n0_mux_dataout~1  ; out0             ;
; |cache_top_level|cache_set_2_way:inst1|cache_line_bank:inst|lpm_mux0:inst6|lpm_mux:lpm_mux_component|mux_94e:auto_generated|l1_w6_n0_mux_dataout    ; |cache_top_level|cache_set_2_way:inst1|cache_line_bank:inst|lpm_mux0:inst6|lpm_mux:lpm_mux_component|mux_94e:auto_generated|l1_w6_n0_mux_dataout    ; out0             ;
; |cache_top_level|cache_set_2_way:inst1|cache_line_bank:inst|lpm_mux0:inst6|lpm_mux:lpm_mux_component|mux_94e:auto_generated|l1_w7_n0_mux_dataout~0  ; |cache_top_level|cache_set_2_way:inst1|cache_line_bank:inst|lpm_mux0:inst6|lpm_mux:lpm_mux_component|mux_94e:auto_generated|l1_w7_n0_mux_dataout~0  ; out0             ;
; |cache_top_level|cache_set_2_way:inst1|cache_line_bank:inst|lpm_mux0:inst6|lpm_mux:lpm_mux_component|mux_94e:auto_generated|l1_w7_n0_mux_dataout~1  ; |cache_top_level|cache_set_2_way:inst1|cache_line_bank:inst|lpm_mux0:inst6|lpm_mux:lpm_mux_component|mux_94e:auto_generated|l1_w7_n0_mux_dataout~1  ; out0             ;
; |cache_top_level|cache_set_2_way:inst1|cache_line_bank:inst|lpm_mux0:inst6|lpm_mux:lpm_mux_component|mux_94e:auto_generated|l1_w7_n0_mux_dataout    ; |cache_top_level|cache_set_2_way:inst1|cache_line_bank:inst|lpm_mux0:inst6|lpm_mux:lpm_mux_component|mux_94e:auto_generated|l1_w7_n0_mux_dataout    ; out0             ;
; |cache_top_level|cache_set_2_way:inst1|cache_line_bank:inst|lpm_dff0:inst|lpm_ff:lpm_ff_component|dffs[4]                                           ; |cache_top_level|cache_set_2_way:inst1|cache_line_bank:inst|lpm_dff0:inst|lpm_ff:lpm_ff_component|dffs[4]                                           ; regout           ;
; |cache_top_level|cache_set_2_way:inst1|cache_line_bank:inst|lpm_dff0:inst|lpm_ff:lpm_ff_component|dffs[1]                                           ; |cache_top_level|cache_set_2_way:inst1|cache_line_bank:inst|lpm_dff0:inst|lpm_ff:lpm_ff_component|dffs[1]                                           ; regout           ;
; |cache_top_level|cache_set_2_way:inst1|cache_line_bank:inst|lpm_dff0:inst|lpm_ff:lpm_ff_component|dffs[0]                                           ; |cache_top_level|cache_set_2_way:inst1|cache_line_bank:inst|lpm_dff0:inst|lpm_ff:lpm_ff_component|dffs[0]                                           ; regout           ;
; |cache_top_level|cache_set_2_way:inst1|cache_line_bank:inst1|lpm_dff1:inst2|lpm_ff:lpm_ff_component|dffs[7]                                         ; |cache_top_level|cache_set_2_way:inst1|cache_line_bank:inst1|lpm_dff1:inst2|lpm_ff:lpm_ff_component|dffs[7]                                         ; regout           ;
; |cache_top_level|cache_set_2_way:inst1|cache_line_bank:inst1|lpm_dff1:inst2|lpm_ff:lpm_ff_component|dffs[6]                                         ; |cache_top_level|cache_set_2_way:inst1|cache_line_bank:inst1|lpm_dff1:inst2|lpm_ff:lpm_ff_component|dffs[6]                                         ; regout           ;
; |cache_top_level|cache_set_2_way:inst1|cache_line_bank:inst1|lpm_dff1:inst2|lpm_ff:lpm_ff_component|dffs[5]                                         ; |cache_top_level|cache_set_2_way:inst1|cache_line_bank:inst1|lpm_dff1:inst2|lpm_ff:lpm_ff_component|dffs[5]                                         ; regout           ;
; |cache_top_level|cache_set_2_way:inst1|cache_line_bank:inst1|lpm_dff1:inst2|lpm_ff:lpm_ff_component|dffs[3]                                         ; |cache_top_level|cache_set_2_way:inst1|cache_line_bank:inst1|lpm_dff1:inst2|lpm_ff:lpm_ff_component|dffs[3]                                         ; regout           ;
; |cache_top_level|cache_set_2_way:inst1|cache_line_bank:inst1|lpm_dff1:inst2|lpm_ff:lpm_ff_component|dffs[1]                                         ; |cache_top_level|cache_set_2_way:inst1|cache_line_bank:inst1|lpm_dff1:inst2|lpm_ff:lpm_ff_component|dffs[1]                                         ; regout           ;
; |cache_top_level|cache_set_2_way:inst1|cache_line_bank:inst1|lpm_dff1:inst2|lpm_ff:lpm_ff_component|dffs[0]                                         ; |cache_top_level|cache_set_2_way:inst1|cache_line_bank:inst1|lpm_dff1:inst2|lpm_ff:lpm_ff_component|dffs[0]                                         ; regout           ;
; |cache_top_level|cache_set_2_way:inst1|cache_line_bank:inst1|lpm_dff2:inst3|lpm_ff:lpm_ff_component|dffs[7]                                         ; |cache_top_level|cache_set_2_way:inst1|cache_line_bank:inst1|lpm_dff2:inst3|lpm_ff:lpm_ff_component|dffs[7]                                         ; regout           ;
; |cache_top_level|cache_set_2_way:inst1|cache_line_bank:inst1|lpm_dff2:inst3|lpm_ff:lpm_ff_component|dffs[6]                                         ; |cache_top_level|cache_set_2_way:inst1|cache_line_bank:inst1|lpm_dff2:inst3|lpm_ff:lpm_ff_component|dffs[6]                                         ; regout           ;
; |cache_top_level|cache_set_2_way:inst1|cache_line_bank:inst1|lpm_dff2:inst3|lpm_ff:lpm_ff_component|dffs[5]                                         ; |cache_top_level|cache_set_2_way:inst1|cache_line_bank:inst1|lpm_dff2:inst3|lpm_ff:lpm_ff_component|dffs[5]                                         ; regout           ;
; |cache_top_level|cache_set_2_way:inst1|cache_line_bank:inst1|lpm_dff2:inst3|lpm_ff:lpm_ff_component|dffs[3]                                         ; |cache_top_level|cache_set_2_way:inst1|cache_line_bank:inst1|lpm_dff2:inst3|lpm_ff:lpm_ff_component|dffs[3]                                         ; regout           ;
; |cache_top_level|cache_set_2_way:inst1|cache_line_bank:inst1|lpm_dff2:inst3|lpm_ff:lpm_ff_component|dffs[1]                                         ; |cache_top_level|cache_set_2_way:inst1|cache_line_bank:inst1|lpm_dff2:inst3|lpm_ff:lpm_ff_component|dffs[1]                                         ; regout           ;
; |cache_top_level|cache_set_2_way:inst1|cache_line_bank:inst1|lpm_mux0:inst6|lpm_mux:lpm_mux_component|mux_94e:auto_generated|l1_w0_n0_mux_dataout~0 ; |cache_top_level|cache_set_2_way:inst1|cache_line_bank:inst1|lpm_mux0:inst6|lpm_mux:lpm_mux_component|mux_94e:auto_generated|l1_w0_n0_mux_dataout~0 ; out0             ;
; |cache_top_level|cache_set_2_way:inst1|cache_line_bank:inst1|lpm_mux0:inst6|lpm_mux:lpm_mux_component|mux_94e:auto_generated|l1_w1_n0_mux_dataout~0 ; |cache_top_level|cache_set_2_way:inst1|cache_line_bank:inst1|lpm_mux0:inst6|lpm_mux:lpm_mux_component|mux_94e:auto_generated|l1_w1_n0_mux_dataout~0 ; out0             ;
; |cache_top_level|cache_set_2_way:inst1|cache_line_bank:inst1|lpm_mux0:inst6|lpm_mux:lpm_mux_component|mux_94e:auto_generated|l1_w1_n0_mux_dataout~1 ; |cache_top_level|cache_set_2_way:inst1|cache_line_bank:inst1|lpm_mux0:inst6|lpm_mux:lpm_mux_component|mux_94e:auto_generated|l1_w1_n0_mux_dataout~1 ; out0             ;
; |cache_top_level|cache_set_2_way:inst1|cache_line_bank:inst1|lpm_mux0:inst6|lpm_mux:lpm_mux_component|mux_94e:auto_generated|l1_w1_n0_mux_dataout   ; |cache_top_level|cache_set_2_way:inst1|cache_line_bank:inst1|lpm_mux0:inst6|lpm_mux:lpm_mux_component|mux_94e:auto_generated|l1_w1_n0_mux_dataout   ; out0             ;
; |cache_top_level|cache_set_2_way:inst1|cache_line_bank:inst1|lpm_mux0:inst6|lpm_mux:lpm_mux_component|mux_94e:auto_generated|l1_w2_n0_mux_dataout~0 ; |cache_top_level|cache_set_2_way:inst1|cache_line_bank:inst1|lpm_mux0:inst6|lpm_mux:lpm_mux_component|mux_94e:auto_generated|l1_w2_n0_mux_dataout~0 ; out0             ;
; |cache_top_level|cache_set_2_way:inst1|cache_line_bank:inst1|lpm_mux0:inst6|lpm_mux:lpm_mux_component|mux_94e:auto_generated|l1_w3_n0_mux_dataout~0 ; |cache_top_level|cache_set_2_way:inst1|cache_line_bank:inst1|lpm_mux0:inst6|lpm_mux:lpm_mux_component|mux_94e:auto_generated|l1_w3_n0_mux_dataout~0 ; out0             ;
; |cache_top_level|cache_set_2_way:inst1|cache_line_bank:inst1|lpm_mux0:inst6|lpm_mux:lpm_mux_component|mux_94e:auto_generated|l1_w3_n0_mux_dataout~1 ; |cache_top_level|cache_set_2_way:inst1|cache_line_bank:inst1|lpm_mux0:inst6|lpm_mux:lpm_mux_component|mux_94e:auto_generated|l1_w3_n0_mux_dataout~1 ; out0             ;
; |cache_top_level|cache_set_2_way:inst1|cache_line_bank:inst1|lpm_mux0:inst6|lpm_mux:lpm_mux_component|mux_94e:auto_generated|l1_w3_n0_mux_dataout   ; |cache_top_level|cache_set_2_way:inst1|cache_line_bank:inst1|lpm_mux0:inst6|lpm_mux:lpm_mux_component|mux_94e:auto_generated|l1_w3_n0_mux_dataout   ; out0             ;
; |cache_top_level|cache_set_2_way:inst1|cache_line_bank:inst1|lpm_mux0:inst6|lpm_mux:lpm_mux_component|mux_94e:auto_generated|l1_w5_n0_mux_dataout~0 ; |cache_top_level|cache_set_2_way:inst1|cache_line_bank:inst1|lpm_mux0:inst6|lpm_mux:lpm_mux_component|mux_94e:auto_generated|l1_w5_n0_mux_dataout~0 ; out0             ;
; |cache_top_level|cache_set_2_way:inst1|cache_line_bank:inst1|lpm_mux0:inst6|lpm_mux:lpm_mux_component|mux_94e:auto_generated|l1_w5_n0_mux_dataout~1 ; |cache_top_level|cache_set_2_way:inst1|cache_line_bank:inst1|lpm_mux0:inst6|lpm_mux:lpm_mux_component|mux_94e:auto_generated|l1_w5_n0_mux_dataout~1 ; out0             ;
; |cache_top_level|cache_set_2_way:inst1|cache_line_bank:inst1|lpm_mux0:inst6|lpm_mux:lpm_mux_component|mux_94e:auto_generated|l1_w5_n0_mux_dataout   ; |cache_top_level|cache_set_2_way:inst1|cache_line_bank:inst1|lpm_mux0:inst6|lpm_mux:lpm_mux_component|mux_94e:auto_generated|l1_w5_n0_mux_dataout   ; out0             ;
; |cache_top_level|cache_set_2_way:inst1|cache_line_bank:inst1|lpm_mux0:inst6|lpm_mux:lpm_mux_component|mux_94e:auto_generated|l1_w6_n0_mux_dataout~0 ; |cache_top_level|cache_set_2_way:inst1|cache_line_bank:inst1|lpm_mux0:inst6|lpm_mux:lpm_mux_component|mux_94e:auto_generated|l1_w6_n0_mux_dataout~0 ; out0             ;
; |cache_top_level|cache_set_2_way:inst1|cache_line_bank:inst1|lpm_mux0:inst6|lpm_mux:lpm_mux_component|mux_94e:auto_generated|l1_w6_n0_mux_dataout~1 ; |cache_top_level|cache_set_2_way:inst1|cache_line_bank:inst1|lpm_mux0:inst6|lpm_mux:lpm_mux_component|mux_94e:auto_generated|l1_w6_n0_mux_dataout~1 ; out0             ;
; |cache_top_level|cache_set_2_way:inst1|cache_line_bank:inst1|lpm_mux0:inst6|lpm_mux:lpm_mux_component|mux_94e:auto_generated|l1_w6_n0_mux_dataout   ; |cache_top_level|cache_set_2_way:inst1|cache_line_bank:inst1|lpm_mux0:inst6|lpm_mux:lpm_mux_component|mux_94e:auto_generated|l1_w6_n0_mux_dataout   ; out0             ;
; |cache_top_level|cache_set_2_way:inst1|cache_line_bank:inst1|lpm_mux0:inst6|lpm_mux:lpm_mux_component|mux_94e:auto_generated|l1_w7_n0_mux_dataout~0 ; |cache_top_level|cache_set_2_way:inst1|cache_line_bank:inst1|lpm_mux0:inst6|lpm_mux:lpm_mux_component|mux_94e:auto_generated|l1_w7_n0_mux_dataout~0 ; out0             ;
; |cache_top_level|cache_set_2_way:inst1|cache_line_bank:inst1|lpm_mux0:inst6|lpm_mux:lpm_mux_component|mux_94e:auto_generated|l1_w7_n0_mux_dataout~1 ; |cache_top_level|cache_set_2_way:inst1|cache_line_bank:inst1|lpm_mux0:inst6|lpm_mux:lpm_mux_component|mux_94e:auto_generated|l1_w7_n0_mux_dataout~1 ; out0             ;
; |cache_top_level|cache_set_2_way:inst1|cache_line_bank:inst1|lpm_mux0:inst6|lpm_mux:lpm_mux_component|mux_94e:auto_generated|l1_w7_n0_mux_dataout   ; |cache_top_level|cache_set_2_way:inst1|cache_line_bank:inst1|lpm_mux0:inst6|lpm_mux:lpm_mux_component|mux_94e:auto_generated|l1_w7_n0_mux_dataout   ; out0             ;
; |cache_top_level|cache_set_2_way:inst1|cache_line_bank:inst1|lpm_dff0:inst|lpm_ff:lpm_ff_component|dffs[4]                                          ; |cache_top_level|cache_set_2_way:inst1|cache_line_bank:inst1|lpm_dff0:inst|lpm_ff:lpm_ff_component|dffs[4]                                          ; regout           ;
; |cache_top_level|cache_set_2_way:inst1|cache_line_bank:inst1|lpm_dff0:inst|lpm_ff:lpm_ff_component|dffs[3]                                          ; |cache_top_level|cache_set_2_way:inst1|cache_line_bank:inst1|lpm_dff0:inst|lpm_ff:lpm_ff_component|dffs[3]                                          ; regout           ;
; |cache_top_level|cache_set_2_way:inst1|cache_line_bank:inst1|lpm_dff0:inst|lpm_ff:lpm_ff_component|dffs[0]                                          ; |cache_top_level|cache_set_2_way:inst1|cache_line_bank:inst1|lpm_dff0:inst|lpm_ff:lpm_ff_component|dffs[0]                                          ; regout           ;
; |cache_top_level|cache_set_2_way:inst3|lpm_mux1:inst9|lpm_mux:lpm_mux_component|mux_94e:auto_generated|l1_w0_n0_mux_dataout~0                       ; |cache_top_level|cache_set_2_way:inst3|lpm_mux1:inst9|lpm_mux:lpm_mux_component|mux_94e:auto_generated|l1_w0_n0_mux_dataout~0                       ; out0             ;
; |cache_top_level|cache_set_2_way:inst3|lpm_mux1:inst9|lpm_mux:lpm_mux_component|mux_94e:auto_generated|l1_w1_n0_mux_dataout~0                       ; |cache_top_level|cache_set_2_way:inst3|lpm_mux1:inst9|lpm_mux:lpm_mux_component|mux_94e:auto_generated|l1_w1_n0_mux_dataout~0                       ; out0             ;
; |cache_top_level|cache_set_2_way:inst3|lpm_mux1:inst9|lpm_mux:lpm_mux_component|mux_94e:auto_generated|l1_w2_n0_mux_dataout~0                       ; |cache_top_level|cache_set_2_way:inst3|lpm_mux1:inst9|lpm_mux:lpm_mux_component|mux_94e:auto_generated|l1_w2_n0_mux_dataout~0                       ; out0             ;
; |cache_top_level|cache_set_2_way:inst3|lpm_mux1:inst9|lpm_mux:lpm_mux_component|mux_94e:auto_generated|l1_w3_n0_mux_dataout~0                       ; |cache_top_level|cache_set_2_way:inst3|lpm_mux1:inst9|lpm_mux:lpm_mux_component|mux_94e:auto_generated|l1_w3_n0_mux_dataout~0                       ; out0             ;
; |cache_top_level|cache_set_2_way:inst3|lpm_mux1:inst9|lpm_mux:lpm_mux_component|mux_94e:auto_generated|l1_w4_n0_mux_dataout~0                       ; |cache_top_level|cache_set_2_way:inst3|lpm_mux1:inst9|lpm_mux:lpm_mux_component|mux_94e:auto_generated|l1_w4_n0_mux_dataout~0                       ; out0             ;
; |cache_top_level|cache_set_2_way:inst3|lpm_mux1:inst9|lpm_mux:lpm_mux_component|mux_94e:auto_generated|l1_w5_n0_mux_dataout~0                       ; |cache_top_level|cache_set_2_way:inst3|lpm_mux1:inst9|lpm_mux:lpm_mux_component|mux_94e:auto_generated|l1_w5_n0_mux_dataout~0                       ; out0             ;
; |cache_top_level|cache_set_2_way:inst3|lpm_mux1:inst9|lpm_mux:lpm_mux_component|mux_94e:auto_generated|l1_w5_n0_mux_dataout~1                       ; |cache_top_level|cache_set_2_way:inst3|lpm_mux1:inst9|lpm_mux:lpm_mux_component|mux_94e:auto_generated|l1_w5_n0_mux_dataout~1                       ; out0             ;
; |cache_top_level|cache_set_2_way:inst3|lpm_mux1:inst9|lpm_mux:lpm_mux_component|mux_94e:auto_generated|l1_w5_n0_mux_dataout                         ; |cache_top_level|cache_set_2_way:inst3|lpm_mux1:inst9|lpm_mux:lpm_mux_component|mux_94e:auto_generated|l1_w5_n0_mux_dataout                         ; out0             ;
; |cache_top_level|cache_set_2_way:inst3|lpm_mux1:inst9|lpm_mux:lpm_mux_component|mux_94e:auto_generated|l1_w6_n0_mux_dataout~0                       ; |cache_top_level|cache_set_2_way:inst3|lpm_mux1:inst9|lpm_mux:lpm_mux_component|mux_94e:auto_generated|l1_w6_n0_mux_dataout~0                       ; out0             ;
; |cache_top_level|cache_set_2_way:inst3|lpm_mux1:inst9|lpm_mux:lpm_mux_component|mux_94e:auto_generated|l1_w6_n0_mux_dataout~1                       ; |cache_top_level|cache_set_2_way:inst3|lpm_mux1:inst9|lpm_mux:lpm_mux_component|mux_94e:auto_generated|l1_w6_n0_mux_dataout~1                       ; out0             ;
; |cache_top_level|cache_set_2_way:inst3|lpm_mux1:inst9|lpm_mux:lpm_mux_component|mux_94e:auto_generated|l1_w6_n0_mux_dataout                         ; |cache_top_level|cache_set_2_way:inst3|lpm_mux1:inst9|lpm_mux:lpm_mux_component|mux_94e:auto_generated|l1_w6_n0_mux_dataout                         ; out0             ;
; |cache_top_level|cache_set_2_way:inst3|lpm_mux1:inst9|lpm_mux:lpm_mux_component|mux_94e:auto_generated|l1_w7_n0_mux_dataout~0                       ; |cache_top_level|cache_set_2_way:inst3|lpm_mux1:inst9|lpm_mux:lpm_mux_component|mux_94e:auto_generated|l1_w7_n0_mux_dataout~0                       ; out0             ;
; |cache_top_level|cache_set_2_way:inst3|lpm_mux1:inst9|lpm_mux:lpm_mux_component|mux_94e:auto_generated|l1_w7_n0_mux_dataout~1                       ; |cache_top_level|cache_set_2_way:inst3|lpm_mux1:inst9|lpm_mux:lpm_mux_component|mux_94e:auto_generated|l1_w7_n0_mux_dataout~1                       ; out0             ;
; |cache_top_level|cache_set_2_way:inst3|lpm_mux1:inst9|lpm_mux:lpm_mux_component|mux_94e:auto_generated|l1_w7_n0_mux_dataout                         ; |cache_top_level|cache_set_2_way:inst3|lpm_mux1:inst9|lpm_mux:lpm_mux_component|mux_94e:auto_generated|l1_w7_n0_mux_dataout                         ; out0             ;
; |cache_top_level|cache_set_2_way:inst3|cache_line_bank:inst|inst4                                                                                   ; |cache_top_level|cache_set_2_way:inst3|cache_line_bank:inst|inst4                                                                                   ; out0             ;
; |cache_top_level|cache_set_2_way:inst3|cache_line_bank:inst|lpm_dff1:inst2|lpm_ff:lpm_ff_component|dffs[7]                                          ; |cache_top_level|cache_set_2_way:inst3|cache_line_bank:inst|lpm_dff1:inst2|lpm_ff:lpm_ff_component|dffs[7]                                          ; regout           ;
; |cache_top_level|cache_set_2_way:inst3|cache_line_bank:inst|lpm_dff1:inst2|lpm_ff:lpm_ff_component|dffs[6]                                          ; |cache_top_level|cache_set_2_way:inst3|cache_line_bank:inst|lpm_dff1:inst2|lpm_ff:lpm_ff_component|dffs[6]                                          ; regout           ;
; |cache_top_level|cache_set_2_way:inst3|cache_line_bank:inst|lpm_dff1:inst2|lpm_ff:lpm_ff_component|dffs[5]                                          ; |cache_top_level|cache_set_2_way:inst3|cache_line_bank:inst|lpm_dff1:inst2|lpm_ff:lpm_ff_component|dffs[5]                                          ; regout           ;
; |cache_top_level|cache_set_2_way:inst3|cache_line_bank:inst|lpm_dff1:inst2|lpm_ff:lpm_ff_component|dffs[4]                                          ; |cache_top_level|cache_set_2_way:inst3|cache_line_bank:inst|lpm_dff1:inst2|lpm_ff:lpm_ff_component|dffs[4]                                          ; regout           ;
; |cache_top_level|cache_set_2_way:inst3|cache_line_bank:inst|lpm_dff1:inst2|lpm_ff:lpm_ff_component|dffs[3]                                          ; |cache_top_level|cache_set_2_way:inst3|cache_line_bank:inst|lpm_dff1:inst2|lpm_ff:lpm_ff_component|dffs[3]                                          ; regout           ;
; |cache_top_level|cache_set_2_way:inst3|cache_line_bank:inst|lpm_dff1:inst2|lpm_ff:lpm_ff_component|dffs[2]                                          ; |cache_top_level|cache_set_2_way:inst3|cache_line_bank:inst|lpm_dff1:inst2|lpm_ff:lpm_ff_component|dffs[2]                                          ; regout           ;
; |cache_top_level|cache_set_2_way:inst3|cache_line_bank:inst|lpm_dff1:inst2|lpm_ff:lpm_ff_component|dffs[1]                                          ; |cache_top_level|cache_set_2_way:inst3|cache_line_bank:inst|lpm_dff1:inst2|lpm_ff:lpm_ff_component|dffs[1]                                          ; regout           ;
; |cache_top_level|cache_set_2_way:inst3|cache_line_bank:inst|lpm_dff1:inst2|lpm_ff:lpm_ff_component|dffs[0]                                          ; |cache_top_level|cache_set_2_way:inst3|cache_line_bank:inst|lpm_dff1:inst2|lpm_ff:lpm_ff_component|dffs[0]                                          ; regout           ;
; |cache_top_level|cache_set_2_way:inst3|cache_line_bank:inst|lpm_dff2:inst3|lpm_ff:lpm_ff_component|dffs[7]                                          ; |cache_top_level|cache_set_2_way:inst3|cache_line_bank:inst|lpm_dff2:inst3|lpm_ff:lpm_ff_component|dffs[7]                                          ; regout           ;
; |cache_top_level|cache_set_2_way:inst3|cache_line_bank:inst|lpm_dff2:inst3|lpm_ff:lpm_ff_component|dffs[6]                                          ; |cache_top_level|cache_set_2_way:inst3|cache_line_bank:inst|lpm_dff2:inst3|lpm_ff:lpm_ff_component|dffs[6]                                          ; regout           ;
; |cache_top_level|cache_set_2_way:inst3|cache_line_bank:inst|lpm_dff2:inst3|lpm_ff:lpm_ff_component|dffs[5]                                          ; |cache_top_level|cache_set_2_way:inst3|cache_line_bank:inst|lpm_dff2:inst3|lpm_ff:lpm_ff_component|dffs[5]                                          ; regout           ;
; |cache_top_level|cache_set_2_way:inst3|cache_line_bank:inst|lpm_dff2:inst3|lpm_ff:lpm_ff_component|dffs[4]                                          ; |cache_top_level|cache_set_2_way:inst3|cache_line_bank:inst|lpm_dff2:inst3|lpm_ff:lpm_ff_component|dffs[4]                                          ; regout           ;
; |cache_top_level|cache_set_2_way:inst3|cache_line_bank:inst|lpm_dff2:inst3|lpm_ff:lpm_ff_component|dffs[3]                                          ; |cache_top_level|cache_set_2_way:inst3|cache_line_bank:inst|lpm_dff2:inst3|lpm_ff:lpm_ff_component|dffs[3]                                          ; regout           ;
; |cache_top_level|cache_set_2_way:inst3|cache_line_bank:inst|lpm_dff2:inst3|lpm_ff:lpm_ff_component|dffs[2]                                          ; |cache_top_level|cache_set_2_way:inst3|cache_line_bank:inst|lpm_dff2:inst3|lpm_ff:lpm_ff_component|dffs[2]                                          ; regout           ;
; |cache_top_level|cache_set_2_way:inst3|cache_line_bank:inst|lpm_dff2:inst3|lpm_ff:lpm_ff_component|dffs[1]                                          ; |cache_top_level|cache_set_2_way:inst3|cache_line_bank:inst|lpm_dff2:inst3|lpm_ff:lpm_ff_component|dffs[1]                                          ; regout           ;
; |cache_top_level|cache_set_2_way:inst3|cache_line_bank:inst|lpm_dff2:inst3|lpm_ff:lpm_ff_component|dffs[0]                                          ; |cache_top_level|cache_set_2_way:inst3|cache_line_bank:inst|lpm_dff2:inst3|lpm_ff:lpm_ff_component|dffs[0]                                          ; regout           ;
; |cache_top_level|cache_set_2_way:inst3|cache_line_bank:inst|lpm_mux0:inst6|lpm_mux:lpm_mux_component|mux_94e:auto_generated|l1_w0_n0_mux_dataout~0  ; |cache_top_level|cache_set_2_way:inst3|cache_line_bank:inst|lpm_mux0:inst6|lpm_mux:lpm_mux_component|mux_94e:auto_generated|l1_w0_n0_mux_dataout~0  ; out0             ;
; |cache_top_level|cache_set_2_way:inst3|cache_line_bank:inst|lpm_mux0:inst6|lpm_mux:lpm_mux_component|mux_94e:auto_generated|l1_w0_n0_mux_dataout~1  ; |cache_top_level|cache_set_2_way:inst3|cache_line_bank:inst|lpm_mux0:inst6|lpm_mux:lpm_mux_component|mux_94e:auto_generated|l1_w0_n0_mux_dataout~1  ; out0             ;
; |cache_top_level|cache_set_2_way:inst3|cache_line_bank:inst|lpm_mux0:inst6|lpm_mux:lpm_mux_component|mux_94e:auto_generated|l1_w0_n0_mux_dataout    ; |cache_top_level|cache_set_2_way:inst3|cache_line_bank:inst|lpm_mux0:inst6|lpm_mux:lpm_mux_component|mux_94e:auto_generated|l1_w0_n0_mux_dataout    ; out0             ;
; |cache_top_level|cache_set_2_way:inst3|cache_line_bank:inst|lpm_mux0:inst6|lpm_mux:lpm_mux_component|mux_94e:auto_generated|l1_w1_n0_mux_dataout~0  ; |cache_top_level|cache_set_2_way:inst3|cache_line_bank:inst|lpm_mux0:inst6|lpm_mux:lpm_mux_component|mux_94e:auto_generated|l1_w1_n0_mux_dataout~0  ; out0             ;
; |cache_top_level|cache_set_2_way:inst3|cache_line_bank:inst|lpm_mux0:inst6|lpm_mux:lpm_mux_component|mux_94e:auto_generated|l1_w1_n0_mux_dataout~1  ; |cache_top_level|cache_set_2_way:inst3|cache_line_bank:inst|lpm_mux0:inst6|lpm_mux:lpm_mux_component|mux_94e:auto_generated|l1_w1_n0_mux_dataout~1  ; out0             ;
; |cache_top_level|cache_set_2_way:inst3|cache_line_bank:inst|lpm_mux0:inst6|lpm_mux:lpm_mux_component|mux_94e:auto_generated|l1_w1_n0_mux_dataout    ; |cache_top_level|cache_set_2_way:inst3|cache_line_bank:inst|lpm_mux0:inst6|lpm_mux:lpm_mux_component|mux_94e:auto_generated|l1_w1_n0_mux_dataout    ; out0             ;
; |cache_top_level|cache_set_2_way:inst3|cache_line_bank:inst|lpm_mux0:inst6|lpm_mux:lpm_mux_component|mux_94e:auto_generated|l1_w2_n0_mux_dataout~0  ; |cache_top_level|cache_set_2_way:inst3|cache_line_bank:inst|lpm_mux0:inst6|lpm_mux:lpm_mux_component|mux_94e:auto_generated|l1_w2_n0_mux_dataout~0  ; out0             ;
; |cache_top_level|cache_set_2_way:inst3|cache_line_bank:inst|lpm_mux0:inst6|lpm_mux:lpm_mux_component|mux_94e:auto_generated|l1_w2_n0_mux_dataout~1  ; |cache_top_level|cache_set_2_way:inst3|cache_line_bank:inst|lpm_mux0:inst6|lpm_mux:lpm_mux_component|mux_94e:auto_generated|l1_w2_n0_mux_dataout~1  ; out0             ;
; |cache_top_level|cache_set_2_way:inst3|cache_line_bank:inst|lpm_mux0:inst6|lpm_mux:lpm_mux_component|mux_94e:auto_generated|l1_w2_n0_mux_dataout    ; |cache_top_level|cache_set_2_way:inst3|cache_line_bank:inst|lpm_mux0:inst6|lpm_mux:lpm_mux_component|mux_94e:auto_generated|l1_w2_n0_mux_dataout    ; out0             ;
; |cache_top_level|cache_set_2_way:inst3|cache_line_bank:inst|lpm_mux0:inst6|lpm_mux:lpm_mux_component|mux_94e:auto_generated|l1_w3_n0_mux_dataout~0  ; |cache_top_level|cache_set_2_way:inst3|cache_line_bank:inst|lpm_mux0:inst6|lpm_mux:lpm_mux_component|mux_94e:auto_generated|l1_w3_n0_mux_dataout~0  ; out0             ;
; |cache_top_level|cache_set_2_way:inst3|cache_line_bank:inst|lpm_mux0:inst6|lpm_mux:lpm_mux_component|mux_94e:auto_generated|l1_w3_n0_mux_dataout~1  ; |cache_top_level|cache_set_2_way:inst3|cache_line_bank:inst|lpm_mux0:inst6|lpm_mux:lpm_mux_component|mux_94e:auto_generated|l1_w3_n0_mux_dataout~1  ; out0             ;
; |cache_top_level|cache_set_2_way:inst3|cache_line_bank:inst|lpm_mux0:inst6|lpm_mux:lpm_mux_component|mux_94e:auto_generated|l1_w3_n0_mux_dataout    ; |cache_top_level|cache_set_2_way:inst3|cache_line_bank:inst|lpm_mux0:inst6|lpm_mux:lpm_mux_component|mux_94e:auto_generated|l1_w3_n0_mux_dataout    ; out0             ;
; |cache_top_level|cache_set_2_way:inst3|cache_line_bank:inst|lpm_mux0:inst6|lpm_mux:lpm_mux_component|mux_94e:auto_generated|l1_w4_n0_mux_dataout~0  ; |cache_top_level|cache_set_2_way:inst3|cache_line_bank:inst|lpm_mux0:inst6|lpm_mux:lpm_mux_component|mux_94e:auto_generated|l1_w4_n0_mux_dataout~0  ; out0             ;
; |cache_top_level|cache_set_2_way:inst3|cache_line_bank:inst|lpm_mux0:inst6|lpm_mux:lpm_mux_component|mux_94e:auto_generated|l1_w4_n0_mux_dataout~1  ; |cache_top_level|cache_set_2_way:inst3|cache_line_bank:inst|lpm_mux0:inst6|lpm_mux:lpm_mux_component|mux_94e:auto_generated|l1_w4_n0_mux_dataout~1  ; out0             ;
; |cache_top_level|cache_set_2_way:inst3|cache_line_bank:inst|lpm_mux0:inst6|lpm_mux:lpm_mux_component|mux_94e:auto_generated|l1_w4_n0_mux_dataout    ; |cache_top_level|cache_set_2_way:inst3|cache_line_bank:inst|lpm_mux0:inst6|lpm_mux:lpm_mux_component|mux_94e:auto_generated|l1_w4_n0_mux_dataout    ; out0             ;
; |cache_top_level|cache_set_2_way:inst3|cache_line_bank:inst|lpm_mux0:inst6|lpm_mux:lpm_mux_component|mux_94e:auto_generated|l1_w5_n0_mux_dataout~0  ; |cache_top_level|cache_set_2_way:inst3|cache_line_bank:inst|lpm_mux0:inst6|lpm_mux:lpm_mux_component|mux_94e:auto_generated|l1_w5_n0_mux_dataout~0  ; out0             ;
; |cache_top_level|cache_set_2_way:inst3|cache_line_bank:inst|lpm_mux0:inst6|lpm_mux:lpm_mux_component|mux_94e:auto_generated|l1_w5_n0_mux_dataout~1  ; |cache_top_level|cache_set_2_way:inst3|cache_line_bank:inst|lpm_mux0:inst6|lpm_mux:lpm_mux_component|mux_94e:auto_generated|l1_w5_n0_mux_dataout~1  ; out0             ;
; |cache_top_level|cache_set_2_way:inst3|cache_line_bank:inst|lpm_mux0:inst6|lpm_mux:lpm_mux_component|mux_94e:auto_generated|l1_w5_n0_mux_dataout    ; |cache_top_level|cache_set_2_way:inst3|cache_line_bank:inst|lpm_mux0:inst6|lpm_mux:lpm_mux_component|mux_94e:auto_generated|l1_w5_n0_mux_dataout    ; out0             ;
; |cache_top_level|cache_set_2_way:inst3|cache_line_bank:inst|lpm_mux0:inst6|lpm_mux:lpm_mux_component|mux_94e:auto_generated|l1_w6_n0_mux_dataout~0  ; |cache_top_level|cache_set_2_way:inst3|cache_line_bank:inst|lpm_mux0:inst6|lpm_mux:lpm_mux_component|mux_94e:auto_generated|l1_w6_n0_mux_dataout~0  ; out0             ;
; |cache_top_level|cache_set_2_way:inst3|cache_line_bank:inst|lpm_mux0:inst6|lpm_mux:lpm_mux_component|mux_94e:auto_generated|l1_w6_n0_mux_dataout~1  ; |cache_top_level|cache_set_2_way:inst3|cache_line_bank:inst|lpm_mux0:inst6|lpm_mux:lpm_mux_component|mux_94e:auto_generated|l1_w6_n0_mux_dataout~1  ; out0             ;
; |cache_top_level|cache_set_2_way:inst3|cache_line_bank:inst|lpm_mux0:inst6|lpm_mux:lpm_mux_component|mux_94e:auto_generated|l1_w6_n0_mux_dataout    ; |cache_top_level|cache_set_2_way:inst3|cache_line_bank:inst|lpm_mux0:inst6|lpm_mux:lpm_mux_component|mux_94e:auto_generated|l1_w6_n0_mux_dataout    ; out0             ;
; |cache_top_level|cache_set_2_way:inst3|cache_line_bank:inst|lpm_mux0:inst6|lpm_mux:lpm_mux_component|mux_94e:auto_generated|l1_w7_n0_mux_dataout~0  ; |cache_top_level|cache_set_2_way:inst3|cache_line_bank:inst|lpm_mux0:inst6|lpm_mux:lpm_mux_component|mux_94e:auto_generated|l1_w7_n0_mux_dataout~0  ; out0             ;
; |cache_top_level|cache_set_2_way:inst3|cache_line_bank:inst|lpm_mux0:inst6|lpm_mux:lpm_mux_component|mux_94e:auto_generated|l1_w7_n0_mux_dataout~1  ; |cache_top_level|cache_set_2_way:inst3|cache_line_bank:inst|lpm_mux0:inst6|lpm_mux:lpm_mux_component|mux_94e:auto_generated|l1_w7_n0_mux_dataout~1  ; out0             ;
; |cache_top_level|cache_set_2_way:inst3|cache_line_bank:inst|lpm_mux0:inst6|lpm_mux:lpm_mux_component|mux_94e:auto_generated|l1_w7_n0_mux_dataout    ; |cache_top_level|cache_set_2_way:inst3|cache_line_bank:inst|lpm_mux0:inst6|lpm_mux:lpm_mux_component|mux_94e:auto_generated|l1_w7_n0_mux_dataout    ; out0             ;
; |cache_top_level|cache_set_2_way:inst3|cache_line_bank:inst|lpm_dff0:inst|lpm_ff:lpm_ff_component|dffs[4]                                           ; |cache_top_level|cache_set_2_way:inst3|cache_line_bank:inst|lpm_dff0:inst|lpm_ff:lpm_ff_component|dffs[4]                                           ; regout           ;
; |cache_top_level|cache_set_2_way:inst3|cache_line_bank:inst|lpm_dff0:inst|lpm_ff:lpm_ff_component|dffs[3]                                           ; |cache_top_level|cache_set_2_way:inst3|cache_line_bank:inst|lpm_dff0:inst|lpm_ff:lpm_ff_component|dffs[3]                                           ; regout           ;
; |cache_top_level|cache_set_2_way:inst3|cache_line_bank:inst|lpm_dff0:inst|lpm_ff:lpm_ff_component|dffs[2]                                           ; |cache_top_level|cache_set_2_way:inst3|cache_line_bank:inst|lpm_dff0:inst|lpm_ff:lpm_ff_component|dffs[2]                                           ; regout           ;
; |cache_top_level|cache_set_2_way:inst3|cache_line_bank:inst|lpm_dff0:inst|lpm_ff:lpm_ff_component|dffs[1]                                           ; |cache_top_level|cache_set_2_way:inst3|cache_line_bank:inst|lpm_dff0:inst|lpm_ff:lpm_ff_component|dffs[1]                                           ; regout           ;
; |cache_top_level|cache_set_2_way:inst3|cache_line_bank:inst|lpm_dff0:inst|lpm_ff:lpm_ff_component|dffs[0]                                           ; |cache_top_level|cache_set_2_way:inst3|cache_line_bank:inst|lpm_dff0:inst|lpm_ff:lpm_ff_component|dffs[0]                                           ; regout           ;
; |cache_top_level|cache_set_2_way:inst3|cache_line_bank:inst|lpm_dff3:inst1|lpm_ff:lpm_ff_component|dffs[0]                                          ; |cache_top_level|cache_set_2_way:inst3|cache_line_bank:inst|lpm_dff3:inst1|lpm_ff:lpm_ff_component|dffs[0]                                          ; regout           ;
; |cache_top_level|cache_set_2_way:inst3|cache_line_bank:inst1|lpm_dff1:inst2|lpm_ff:lpm_ff_component|dffs[7]                                         ; |cache_top_level|cache_set_2_way:inst3|cache_line_bank:inst1|lpm_dff1:inst2|lpm_ff:lpm_ff_component|dffs[7]                                         ; regout           ;
; |cache_top_level|cache_set_2_way:inst3|cache_line_bank:inst1|lpm_dff1:inst2|lpm_ff:lpm_ff_component|dffs[6]                                         ; |cache_top_level|cache_set_2_way:inst3|cache_line_bank:inst1|lpm_dff1:inst2|lpm_ff:lpm_ff_component|dffs[6]                                         ; regout           ;
; |cache_top_level|cache_set_2_way:inst3|cache_line_bank:inst1|lpm_dff1:inst2|lpm_ff:lpm_ff_component|dffs[5]                                         ; |cache_top_level|cache_set_2_way:inst3|cache_line_bank:inst1|lpm_dff1:inst2|lpm_ff:lpm_ff_component|dffs[5]                                         ; regout           ;
; |cache_top_level|cache_set_2_way:inst3|cache_line_bank:inst1|lpm_dff1:inst2|lpm_ff:lpm_ff_component|dffs[3]                                         ; |cache_top_level|cache_set_2_way:inst3|cache_line_bank:inst1|lpm_dff1:inst2|lpm_ff:lpm_ff_component|dffs[3]                                         ; regout           ;
; |cache_top_level|cache_set_2_way:inst3|cache_line_bank:inst1|lpm_dff2:inst3|lpm_ff:lpm_ff_component|dffs[7]                                         ; |cache_top_level|cache_set_2_way:inst3|cache_line_bank:inst1|lpm_dff2:inst3|lpm_ff:lpm_ff_component|dffs[7]                                         ; regout           ;
; |cache_top_level|cache_set_2_way:inst3|cache_line_bank:inst1|lpm_dff2:inst3|lpm_ff:lpm_ff_component|dffs[6]                                         ; |cache_top_level|cache_set_2_way:inst3|cache_line_bank:inst1|lpm_dff2:inst3|lpm_ff:lpm_ff_component|dffs[6]                                         ; regout           ;
; |cache_top_level|cache_set_2_way:inst3|cache_line_bank:inst1|lpm_dff2:inst3|lpm_ff:lpm_ff_component|dffs[5]                                         ; |cache_top_level|cache_set_2_way:inst3|cache_line_bank:inst1|lpm_dff2:inst3|lpm_ff:lpm_ff_component|dffs[5]                                         ; regout           ;
; |cache_top_level|cache_set_2_way:inst3|cache_line_bank:inst1|lpm_dff2:inst3|lpm_ff:lpm_ff_component|dffs[2]                                         ; |cache_top_level|cache_set_2_way:inst3|cache_line_bank:inst1|lpm_dff2:inst3|lpm_ff:lpm_ff_component|dffs[2]                                         ; regout           ;
; |cache_top_level|cache_set_2_way:inst3|cache_line_bank:inst1|lpm_dff2:inst3|lpm_ff:lpm_ff_component|dffs[1]                                         ; |cache_top_level|cache_set_2_way:inst3|cache_line_bank:inst1|lpm_dff2:inst3|lpm_ff:lpm_ff_component|dffs[1]                                         ; regout           ;
; |cache_top_level|cache_set_2_way:inst3|cache_line_bank:inst1|lpm_dff2:inst3|lpm_ff:lpm_ff_component|dffs[0]                                         ; |cache_top_level|cache_set_2_way:inst3|cache_line_bank:inst1|lpm_dff2:inst3|lpm_ff:lpm_ff_component|dffs[0]                                         ; regout           ;
; |cache_top_level|cache_set_2_way:inst3|cache_line_bank:inst1|lpm_mux0:inst6|lpm_mux:lpm_mux_component|mux_94e:auto_generated|l1_w0_n0_mux_dataout~1 ; |cache_top_level|cache_set_2_way:inst3|cache_line_bank:inst1|lpm_mux0:inst6|lpm_mux:lpm_mux_component|mux_94e:auto_generated|l1_w0_n0_mux_dataout~1 ; out0             ;
; |cache_top_level|cache_set_2_way:inst3|cache_line_bank:inst1|lpm_mux0:inst6|lpm_mux:lpm_mux_component|mux_94e:auto_generated|l1_w1_n0_mux_dataout~1 ; |cache_top_level|cache_set_2_way:inst3|cache_line_bank:inst1|lpm_mux0:inst6|lpm_mux:lpm_mux_component|mux_94e:auto_generated|l1_w1_n0_mux_dataout~1 ; out0             ;
; |cache_top_level|cache_set_2_way:inst3|cache_line_bank:inst1|lpm_mux0:inst6|lpm_mux:lpm_mux_component|mux_94e:auto_generated|l1_w2_n0_mux_dataout~1 ; |cache_top_level|cache_set_2_way:inst3|cache_line_bank:inst1|lpm_mux0:inst6|lpm_mux:lpm_mux_component|mux_94e:auto_generated|l1_w2_n0_mux_dataout~1 ; out0             ;
; |cache_top_level|cache_set_2_way:inst3|cache_line_bank:inst1|lpm_mux0:inst6|lpm_mux:lpm_mux_component|mux_94e:auto_generated|l1_w3_n0_mux_dataout~0 ; |cache_top_level|cache_set_2_way:inst3|cache_line_bank:inst1|lpm_mux0:inst6|lpm_mux:lpm_mux_component|mux_94e:auto_generated|l1_w3_n0_mux_dataout~0 ; out0             ;
; |cache_top_level|cache_set_2_way:inst3|cache_line_bank:inst1|lpm_mux0:inst6|lpm_mux:lpm_mux_component|mux_94e:auto_generated|l1_w5_n0_mux_dataout~0 ; |cache_top_level|cache_set_2_way:inst3|cache_line_bank:inst1|lpm_mux0:inst6|lpm_mux:lpm_mux_component|mux_94e:auto_generated|l1_w5_n0_mux_dataout~0 ; out0             ;
; |cache_top_level|cache_set_2_way:inst3|cache_line_bank:inst1|lpm_mux0:inst6|lpm_mux:lpm_mux_component|mux_94e:auto_generated|l1_w5_n0_mux_dataout~1 ; |cache_top_level|cache_set_2_way:inst3|cache_line_bank:inst1|lpm_mux0:inst6|lpm_mux:lpm_mux_component|mux_94e:auto_generated|l1_w5_n0_mux_dataout~1 ; out0             ;
; |cache_top_level|cache_set_2_way:inst3|cache_line_bank:inst1|lpm_mux0:inst6|lpm_mux:lpm_mux_component|mux_94e:auto_generated|l1_w5_n0_mux_dataout   ; |cache_top_level|cache_set_2_way:inst3|cache_line_bank:inst1|lpm_mux0:inst6|lpm_mux:lpm_mux_component|mux_94e:auto_generated|l1_w5_n0_mux_dataout   ; out0             ;
; |cache_top_level|cache_set_2_way:inst3|cache_line_bank:inst1|lpm_mux0:inst6|lpm_mux:lpm_mux_component|mux_94e:auto_generated|l1_w6_n0_mux_dataout~0 ; |cache_top_level|cache_set_2_way:inst3|cache_line_bank:inst1|lpm_mux0:inst6|lpm_mux:lpm_mux_component|mux_94e:auto_generated|l1_w6_n0_mux_dataout~0 ; out0             ;
; |cache_top_level|cache_set_2_way:inst3|cache_line_bank:inst1|lpm_mux0:inst6|lpm_mux:lpm_mux_component|mux_94e:auto_generated|l1_w6_n0_mux_dataout~1 ; |cache_top_level|cache_set_2_way:inst3|cache_line_bank:inst1|lpm_mux0:inst6|lpm_mux:lpm_mux_component|mux_94e:auto_generated|l1_w6_n0_mux_dataout~1 ; out0             ;
; |cache_top_level|cache_set_2_way:inst3|cache_line_bank:inst1|lpm_mux0:inst6|lpm_mux:lpm_mux_component|mux_94e:auto_generated|l1_w6_n0_mux_dataout   ; |cache_top_level|cache_set_2_way:inst3|cache_line_bank:inst1|lpm_mux0:inst6|lpm_mux:lpm_mux_component|mux_94e:auto_generated|l1_w6_n0_mux_dataout   ; out0             ;
; |cache_top_level|cache_set_2_way:inst3|cache_line_bank:inst1|lpm_mux0:inst6|lpm_mux:lpm_mux_component|mux_94e:auto_generated|l1_w7_n0_mux_dataout~0 ; |cache_top_level|cache_set_2_way:inst3|cache_line_bank:inst1|lpm_mux0:inst6|lpm_mux:lpm_mux_component|mux_94e:auto_generated|l1_w7_n0_mux_dataout~0 ; out0             ;
; |cache_top_level|cache_set_2_way:inst3|cache_line_bank:inst1|lpm_mux0:inst6|lpm_mux:lpm_mux_component|mux_94e:auto_generated|l1_w7_n0_mux_dataout~1 ; |cache_top_level|cache_set_2_way:inst3|cache_line_bank:inst1|lpm_mux0:inst6|lpm_mux:lpm_mux_component|mux_94e:auto_generated|l1_w7_n0_mux_dataout~1 ; out0             ;
; |cache_top_level|cache_set_2_way:inst3|cache_line_bank:inst1|lpm_mux0:inst6|lpm_mux:lpm_mux_component|mux_94e:auto_generated|l1_w7_n0_mux_dataout   ; |cache_top_level|cache_set_2_way:inst3|cache_line_bank:inst1|lpm_mux0:inst6|lpm_mux:lpm_mux_component|mux_94e:auto_generated|l1_w7_n0_mux_dataout   ; out0             ;
; |cache_top_level|cache_set_2_way:inst3|cache_line_bank:inst1|lpm_dff0:inst|lpm_ff:lpm_ff_component|dffs[2]                                          ; |cache_top_level|cache_set_2_way:inst3|cache_line_bank:inst1|lpm_dff0:inst|lpm_ff:lpm_ff_component|dffs[2]                                          ; regout           ;
; |cache_top_level|cache_set_2_way:inst3|cache_line_bank:inst1|lpm_dff0:inst|lpm_ff:lpm_ff_component|dffs[1]                                          ; |cache_top_level|cache_set_2_way:inst3|cache_line_bank:inst1|lpm_dff0:inst|lpm_ff:lpm_ff_component|dffs[1]                                          ; regout           ;
; |cache_top_level|cache_set_2_way:inst2|lpm_mux1:inst9|lpm_mux:lpm_mux_component|mux_94e:auto_generated|l1_w3_n0_mux_dataout~0                       ; |cache_top_level|cache_set_2_way:inst2|lpm_mux1:inst9|lpm_mux:lpm_mux_component|mux_94e:auto_generated|l1_w3_n0_mux_dataout~0                       ; out0             ;
; |cache_top_level|cache_set_2_way:inst2|lpm_mux1:inst9|lpm_mux:lpm_mux_component|mux_94e:auto_generated|l1_w4_n0_mux_dataout~1                       ; |cache_top_level|cache_set_2_way:inst2|lpm_mux1:inst9|lpm_mux:lpm_mux_component|mux_94e:auto_generated|l1_w4_n0_mux_dataout~1                       ; out0             ;
; |cache_top_level|cache_set_2_way:inst2|lpm_mux1:inst9|lpm_mux:lpm_mux_component|mux_94e:auto_generated|l1_w5_n0_mux_dataout~0                       ; |cache_top_level|cache_set_2_way:inst2|lpm_mux1:inst9|lpm_mux:lpm_mux_component|mux_94e:auto_generated|l1_w5_n0_mux_dataout~0                       ; out0             ;
; |cache_top_level|cache_set_2_way:inst2|lpm_mux1:inst9|lpm_mux:lpm_mux_component|mux_94e:auto_generated|l1_w5_n0_mux_dataout~1                       ; |cache_top_level|cache_set_2_way:inst2|lpm_mux1:inst9|lpm_mux:lpm_mux_component|mux_94e:auto_generated|l1_w5_n0_mux_dataout~1                       ; out0             ;
; |cache_top_level|cache_set_2_way:inst2|lpm_mux1:inst9|lpm_mux:lpm_mux_component|mux_94e:auto_generated|l1_w5_n0_mux_dataout                         ; |cache_top_level|cache_set_2_way:inst2|lpm_mux1:inst9|lpm_mux:lpm_mux_component|mux_94e:auto_generated|l1_w5_n0_mux_dataout                         ; out0             ;
; |cache_top_level|cache_set_2_way:inst2|lpm_mux1:inst9|lpm_mux:lpm_mux_component|mux_94e:auto_generated|l1_w6_n0_mux_dataout~0                       ; |cache_top_level|cache_set_2_way:inst2|lpm_mux1:inst9|lpm_mux:lpm_mux_component|mux_94e:auto_generated|l1_w6_n0_mux_dataout~0                       ; out0             ;
; |cache_top_level|cache_set_2_way:inst2|lpm_mux1:inst9|lpm_mux:lpm_mux_component|mux_94e:auto_generated|l1_w6_n0_mux_dataout~1                       ; |cache_top_level|cache_set_2_way:inst2|lpm_mux1:inst9|lpm_mux:lpm_mux_component|mux_94e:auto_generated|l1_w6_n0_mux_dataout~1                       ; out0             ;
; |cache_top_level|cache_set_2_way:inst2|lpm_mux1:inst9|lpm_mux:lpm_mux_component|mux_94e:auto_generated|l1_w6_n0_mux_dataout                         ; |cache_top_level|cache_set_2_way:inst2|lpm_mux1:inst9|lpm_mux:lpm_mux_component|mux_94e:auto_generated|l1_w6_n0_mux_dataout                         ; out0             ;
; |cache_top_level|cache_set_2_way:inst2|lpm_mux1:inst9|lpm_mux:lpm_mux_component|mux_94e:auto_generated|l1_w7_n0_mux_dataout~0                       ; |cache_top_level|cache_set_2_way:inst2|lpm_mux1:inst9|lpm_mux:lpm_mux_component|mux_94e:auto_generated|l1_w7_n0_mux_dataout~0                       ; out0             ;
; |cache_top_level|cache_set_2_way:inst2|lpm_mux1:inst9|lpm_mux:lpm_mux_component|mux_94e:auto_generated|l1_w7_n0_mux_dataout~1                       ; |cache_top_level|cache_set_2_way:inst2|lpm_mux1:inst9|lpm_mux:lpm_mux_component|mux_94e:auto_generated|l1_w7_n0_mux_dataout~1                       ; out0             ;
; |cache_top_level|cache_set_2_way:inst2|lpm_mux1:inst9|lpm_mux:lpm_mux_component|mux_94e:auto_generated|l1_w7_n0_mux_dataout                         ; |cache_top_level|cache_set_2_way:inst2|lpm_mux1:inst9|lpm_mux:lpm_mux_component|mux_94e:auto_generated|l1_w7_n0_mux_dataout                         ; out0             ;
; |cache_top_level|cache_set_2_way:inst2|cache_line_bank:inst|lpm_dff1:inst2|lpm_ff:lpm_ff_component|dffs[7]                                          ; |cache_top_level|cache_set_2_way:inst2|cache_line_bank:inst|lpm_dff1:inst2|lpm_ff:lpm_ff_component|dffs[7]                                          ; regout           ;
; |cache_top_level|cache_set_2_way:inst2|cache_line_bank:inst|lpm_dff1:inst2|lpm_ff:lpm_ff_component|dffs[6]                                          ; |cache_top_level|cache_set_2_way:inst2|cache_line_bank:inst|lpm_dff1:inst2|lpm_ff:lpm_ff_component|dffs[6]                                          ; regout           ;
; |cache_top_level|cache_set_2_way:inst2|cache_line_bank:inst|lpm_dff1:inst2|lpm_ff:lpm_ff_component|dffs[5]                                          ; |cache_top_level|cache_set_2_way:inst2|cache_line_bank:inst|lpm_dff1:inst2|lpm_ff:lpm_ff_component|dffs[5]                                          ; regout           ;
; |cache_top_level|cache_set_2_way:inst2|cache_line_bank:inst|lpm_dff1:inst2|lpm_ff:lpm_ff_component|dffs[3]                                          ; |cache_top_level|cache_set_2_way:inst2|cache_line_bank:inst|lpm_dff1:inst2|lpm_ff:lpm_ff_component|dffs[3]                                          ; regout           ;
; |cache_top_level|cache_set_2_way:inst2|cache_line_bank:inst|lpm_dff1:inst2|lpm_ff:lpm_ff_component|dffs[2]                                          ; |cache_top_level|cache_set_2_way:inst2|cache_line_bank:inst|lpm_dff1:inst2|lpm_ff:lpm_ff_component|dffs[2]                                          ; regout           ;
; |cache_top_level|cache_set_2_way:inst2|cache_line_bank:inst|lpm_dff2:inst3|lpm_ff:lpm_ff_component|dffs[7]                                          ; |cache_top_level|cache_set_2_way:inst2|cache_line_bank:inst|lpm_dff2:inst3|lpm_ff:lpm_ff_component|dffs[7]                                          ; regout           ;
; |cache_top_level|cache_set_2_way:inst2|cache_line_bank:inst|lpm_dff2:inst3|lpm_ff:lpm_ff_component|dffs[6]                                          ; |cache_top_level|cache_set_2_way:inst2|cache_line_bank:inst|lpm_dff2:inst3|lpm_ff:lpm_ff_component|dffs[6]                                          ; regout           ;
; |cache_top_level|cache_set_2_way:inst2|cache_line_bank:inst|lpm_dff2:inst3|lpm_ff:lpm_ff_component|dffs[5]                                          ; |cache_top_level|cache_set_2_way:inst2|cache_line_bank:inst|lpm_dff2:inst3|lpm_ff:lpm_ff_component|dffs[5]                                          ; regout           ;
; |cache_top_level|cache_set_2_way:inst2|cache_line_bank:inst|lpm_dff2:inst3|lpm_ff:lpm_ff_component|dffs[3]                                          ; |cache_top_level|cache_set_2_way:inst2|cache_line_bank:inst|lpm_dff2:inst3|lpm_ff:lpm_ff_component|dffs[3]                                          ; regout           ;
; |cache_top_level|cache_set_2_way:inst2|cache_line_bank:inst|lpm_dff2:inst3|lpm_ff:lpm_ff_component|dffs[1]                                          ; |cache_top_level|cache_set_2_way:inst2|cache_line_bank:inst|lpm_dff2:inst3|lpm_ff:lpm_ff_component|dffs[1]                                          ; regout           ;
; |cache_top_level|cache_set_2_way:inst2|cache_line_bank:inst|lpm_dff2:inst3|lpm_ff:lpm_ff_component|dffs[0]                                          ; |cache_top_level|cache_set_2_way:inst2|cache_line_bank:inst|lpm_dff2:inst3|lpm_ff:lpm_ff_component|dffs[0]                                          ; regout           ;
; |cache_top_level|cache_set_2_way:inst2|cache_line_bank:inst|lpm_mux0:inst6|lpm_mux:lpm_mux_component|mux_94e:auto_generated|l1_w0_n0_mux_dataout~1  ; |cache_top_level|cache_set_2_way:inst2|cache_line_bank:inst|lpm_mux0:inst6|lpm_mux:lpm_mux_component|mux_94e:auto_generated|l1_w0_n0_mux_dataout~1  ; out0             ;
; |cache_top_level|cache_set_2_way:inst2|cache_line_bank:inst|lpm_mux0:inst6|lpm_mux:lpm_mux_component|mux_94e:auto_generated|l1_w1_n0_mux_dataout~1  ; |cache_top_level|cache_set_2_way:inst2|cache_line_bank:inst|lpm_mux0:inst6|lpm_mux:lpm_mux_component|mux_94e:auto_generated|l1_w1_n0_mux_dataout~1  ; out0             ;
; |cache_top_level|cache_set_2_way:inst2|cache_line_bank:inst|lpm_mux0:inst6|lpm_mux:lpm_mux_component|mux_94e:auto_generated|l1_w2_n0_mux_dataout~0  ; |cache_top_level|cache_set_2_way:inst2|cache_line_bank:inst|lpm_mux0:inst6|lpm_mux:lpm_mux_component|mux_94e:auto_generated|l1_w2_n0_mux_dataout~0  ; out0             ;
; |cache_top_level|cache_set_2_way:inst2|cache_line_bank:inst|lpm_mux0:inst6|lpm_mux:lpm_mux_component|mux_94e:auto_generated|l1_w3_n0_mux_dataout~0  ; |cache_top_level|cache_set_2_way:inst2|cache_line_bank:inst|lpm_mux0:inst6|lpm_mux:lpm_mux_component|mux_94e:auto_generated|l1_w3_n0_mux_dataout~0  ; out0             ;
; |cache_top_level|cache_set_2_way:inst2|cache_line_bank:inst|lpm_mux0:inst6|lpm_mux:lpm_mux_component|mux_94e:auto_generated|l1_w3_n0_mux_dataout~1  ; |cache_top_level|cache_set_2_way:inst2|cache_line_bank:inst|lpm_mux0:inst6|lpm_mux:lpm_mux_component|mux_94e:auto_generated|l1_w3_n0_mux_dataout~1  ; out0             ;
; |cache_top_level|cache_set_2_way:inst2|cache_line_bank:inst|lpm_mux0:inst6|lpm_mux:lpm_mux_component|mux_94e:auto_generated|l1_w3_n0_mux_dataout    ; |cache_top_level|cache_set_2_way:inst2|cache_line_bank:inst|lpm_mux0:inst6|lpm_mux:lpm_mux_component|mux_94e:auto_generated|l1_w3_n0_mux_dataout    ; out0             ;
; |cache_top_level|cache_set_2_way:inst2|cache_line_bank:inst|lpm_mux0:inst6|lpm_mux:lpm_mux_component|mux_94e:auto_generated|l1_w5_n0_mux_dataout~0  ; |cache_top_level|cache_set_2_way:inst2|cache_line_bank:inst|lpm_mux0:inst6|lpm_mux:lpm_mux_component|mux_94e:auto_generated|l1_w5_n0_mux_dataout~0  ; out0             ;
; |cache_top_level|cache_set_2_way:inst2|cache_line_bank:inst|lpm_mux0:inst6|lpm_mux:lpm_mux_component|mux_94e:auto_generated|l1_w5_n0_mux_dataout~1  ; |cache_top_level|cache_set_2_way:inst2|cache_line_bank:inst|lpm_mux0:inst6|lpm_mux:lpm_mux_component|mux_94e:auto_generated|l1_w5_n0_mux_dataout~1  ; out0             ;
; |cache_top_level|cache_set_2_way:inst2|cache_line_bank:inst|lpm_mux0:inst6|lpm_mux:lpm_mux_component|mux_94e:auto_generated|l1_w5_n0_mux_dataout    ; |cache_top_level|cache_set_2_way:inst2|cache_line_bank:inst|lpm_mux0:inst6|lpm_mux:lpm_mux_component|mux_94e:auto_generated|l1_w5_n0_mux_dataout    ; out0             ;
; |cache_top_level|cache_set_2_way:inst2|cache_line_bank:inst|lpm_mux0:inst6|lpm_mux:lpm_mux_component|mux_94e:auto_generated|l1_w6_n0_mux_dataout~0  ; |cache_top_level|cache_set_2_way:inst2|cache_line_bank:inst|lpm_mux0:inst6|lpm_mux:lpm_mux_component|mux_94e:auto_generated|l1_w6_n0_mux_dataout~0  ; out0             ;
; |cache_top_level|cache_set_2_way:inst2|cache_line_bank:inst|lpm_mux0:inst6|lpm_mux:lpm_mux_component|mux_94e:auto_generated|l1_w6_n0_mux_dataout~1  ; |cache_top_level|cache_set_2_way:inst2|cache_line_bank:inst|lpm_mux0:inst6|lpm_mux:lpm_mux_component|mux_94e:auto_generated|l1_w6_n0_mux_dataout~1  ; out0             ;
; |cache_top_level|cache_set_2_way:inst2|cache_line_bank:inst|lpm_mux0:inst6|lpm_mux:lpm_mux_component|mux_94e:auto_generated|l1_w6_n0_mux_dataout    ; |cache_top_level|cache_set_2_way:inst2|cache_line_bank:inst|lpm_mux0:inst6|lpm_mux:lpm_mux_component|mux_94e:auto_generated|l1_w6_n0_mux_dataout    ; out0             ;
; |cache_top_level|cache_set_2_way:inst2|cache_line_bank:inst|lpm_mux0:inst6|lpm_mux:lpm_mux_component|mux_94e:auto_generated|l1_w7_n0_mux_dataout~0  ; |cache_top_level|cache_set_2_way:inst2|cache_line_bank:inst|lpm_mux0:inst6|lpm_mux:lpm_mux_component|mux_94e:auto_generated|l1_w7_n0_mux_dataout~0  ; out0             ;
; |cache_top_level|cache_set_2_way:inst2|cache_line_bank:inst|lpm_mux0:inst6|lpm_mux:lpm_mux_component|mux_94e:auto_generated|l1_w7_n0_mux_dataout~1  ; |cache_top_level|cache_set_2_way:inst2|cache_line_bank:inst|lpm_mux0:inst6|lpm_mux:lpm_mux_component|mux_94e:auto_generated|l1_w7_n0_mux_dataout~1  ; out0             ;
; |cache_top_level|cache_set_2_way:inst2|cache_line_bank:inst|lpm_mux0:inst6|lpm_mux:lpm_mux_component|mux_94e:auto_generated|l1_w7_n0_mux_dataout    ; |cache_top_level|cache_set_2_way:inst2|cache_line_bank:inst|lpm_mux0:inst6|lpm_mux:lpm_mux_component|mux_94e:auto_generated|l1_w7_n0_mux_dataout    ; out0             ;
; |cache_top_level|cache_set_2_way:inst2|cache_line_bank:inst|lpm_dff0:inst|lpm_ff:lpm_ff_component|dffs[3]                                           ; |cache_top_level|cache_set_2_way:inst2|cache_line_bank:inst|lpm_dff0:inst|lpm_ff:lpm_ff_component|dffs[3]                                           ; regout           ;
; |cache_top_level|cache_set_2_way:inst2|cache_line_bank:inst|lpm_dff0:inst|lpm_ff:lpm_ff_component|dffs[1]                                           ; |cache_top_level|cache_set_2_way:inst2|cache_line_bank:inst|lpm_dff0:inst|lpm_ff:lpm_ff_component|dffs[1]                                           ; regout           ;
; |cache_top_level|cache_set_2_way:inst2|cache_line_bank:inst1|lpm_dff1:inst2|lpm_ff:lpm_ff_component|dffs[7]                                         ; |cache_top_level|cache_set_2_way:inst2|cache_line_bank:inst1|lpm_dff1:inst2|lpm_ff:lpm_ff_component|dffs[7]                                         ; regout           ;
; |cache_top_level|cache_set_2_way:inst2|cache_line_bank:inst1|lpm_dff1:inst2|lpm_ff:lpm_ff_component|dffs[6]                                         ; |cache_top_level|cache_set_2_way:inst2|cache_line_bank:inst1|lpm_dff1:inst2|lpm_ff:lpm_ff_component|dffs[6]                                         ; regout           ;
; |cache_top_level|cache_set_2_way:inst2|cache_line_bank:inst1|lpm_dff1:inst2|lpm_ff:lpm_ff_component|dffs[5]                                         ; |cache_top_level|cache_set_2_way:inst2|cache_line_bank:inst1|lpm_dff1:inst2|lpm_ff:lpm_ff_component|dffs[5]                                         ; regout           ;
; |cache_top_level|cache_set_2_way:inst2|cache_line_bank:inst1|lpm_dff1:inst2|lpm_ff:lpm_ff_component|dffs[4]                                         ; |cache_top_level|cache_set_2_way:inst2|cache_line_bank:inst1|lpm_dff1:inst2|lpm_ff:lpm_ff_component|dffs[4]                                         ; regout           ;
; |cache_top_level|cache_set_2_way:inst2|cache_line_bank:inst1|lpm_dff1:inst2|lpm_ff:lpm_ff_component|dffs[3]                                         ; |cache_top_level|cache_set_2_way:inst2|cache_line_bank:inst1|lpm_dff1:inst2|lpm_ff:lpm_ff_component|dffs[3]                                         ; regout           ;
; |cache_top_level|cache_set_2_way:inst2|cache_line_bank:inst1|lpm_dff2:inst3|lpm_ff:lpm_ff_component|dffs[7]                                         ; |cache_top_level|cache_set_2_way:inst2|cache_line_bank:inst1|lpm_dff2:inst3|lpm_ff:lpm_ff_component|dffs[7]                                         ; regout           ;
; |cache_top_level|cache_set_2_way:inst2|cache_line_bank:inst1|lpm_dff2:inst3|lpm_ff:lpm_ff_component|dffs[6]                                         ; |cache_top_level|cache_set_2_way:inst2|cache_line_bank:inst1|lpm_dff2:inst3|lpm_ff:lpm_ff_component|dffs[6]                                         ; regout           ;
; |cache_top_level|cache_set_2_way:inst2|cache_line_bank:inst1|lpm_dff2:inst3|lpm_ff:lpm_ff_component|dffs[5]                                         ; |cache_top_level|cache_set_2_way:inst2|cache_line_bank:inst1|lpm_dff2:inst3|lpm_ff:lpm_ff_component|dffs[5]                                         ; regout           ;
; |cache_top_level|cache_set_2_way:inst2|cache_line_bank:inst1|lpm_dff2:inst3|lpm_ff:lpm_ff_component|dffs[4]                                         ; |cache_top_level|cache_set_2_way:inst2|cache_line_bank:inst1|lpm_dff2:inst3|lpm_ff:lpm_ff_component|dffs[4]                                         ; regout           ;
; |cache_top_level|cache_set_2_way:inst2|cache_line_bank:inst1|lpm_dff2:inst3|lpm_ff:lpm_ff_component|dffs[2]                                         ; |cache_top_level|cache_set_2_way:inst2|cache_line_bank:inst1|lpm_dff2:inst3|lpm_ff:lpm_ff_component|dffs[2]                                         ; regout           ;
; |cache_top_level|cache_set_2_way:inst2|cache_line_bank:inst1|lpm_dff2:inst3|lpm_ff:lpm_ff_component|dffs[1]                                         ; |cache_top_level|cache_set_2_way:inst2|cache_line_bank:inst1|lpm_dff2:inst3|lpm_ff:lpm_ff_component|dffs[1]                                         ; regout           ;
; |cache_top_level|cache_set_2_way:inst2|cache_line_bank:inst1|lpm_dff2:inst3|lpm_ff:lpm_ff_component|dffs[0]                                         ; |cache_top_level|cache_set_2_way:inst2|cache_line_bank:inst1|lpm_dff2:inst3|lpm_ff:lpm_ff_component|dffs[0]                                         ; regout           ;
; |cache_top_level|cache_set_2_way:inst2|cache_line_bank:inst1|lpm_mux0:inst6|lpm_mux:lpm_mux_component|mux_94e:auto_generated|l1_w0_n0_mux_dataout~1 ; |cache_top_level|cache_set_2_way:inst2|cache_line_bank:inst1|lpm_mux0:inst6|lpm_mux:lpm_mux_component|mux_94e:auto_generated|l1_w0_n0_mux_dataout~1 ; out0             ;
; |cache_top_level|cache_set_2_way:inst2|cache_line_bank:inst1|lpm_mux0:inst6|lpm_mux:lpm_mux_component|mux_94e:auto_generated|l1_w1_n0_mux_dataout~1 ; |cache_top_level|cache_set_2_way:inst2|cache_line_bank:inst1|lpm_mux0:inst6|lpm_mux:lpm_mux_component|mux_94e:auto_generated|l1_w1_n0_mux_dataout~1 ; out0             ;
; |cache_top_level|cache_set_2_way:inst2|cache_line_bank:inst1|lpm_mux0:inst6|lpm_mux:lpm_mux_component|mux_94e:auto_generated|l1_w2_n0_mux_dataout~1 ; |cache_top_level|cache_set_2_way:inst2|cache_line_bank:inst1|lpm_mux0:inst6|lpm_mux:lpm_mux_component|mux_94e:auto_generated|l1_w2_n0_mux_dataout~1 ; out0             ;
; |cache_top_level|cache_set_2_way:inst2|cache_line_bank:inst1|lpm_mux0:inst6|lpm_mux:lpm_mux_component|mux_94e:auto_generated|l1_w3_n0_mux_dataout~0 ; |cache_top_level|cache_set_2_way:inst2|cache_line_bank:inst1|lpm_mux0:inst6|lpm_mux:lpm_mux_component|mux_94e:auto_generated|l1_w3_n0_mux_dataout~0 ; out0             ;
; |cache_top_level|cache_set_2_way:inst2|cache_line_bank:inst1|lpm_mux0:inst6|lpm_mux:lpm_mux_component|mux_94e:auto_generated|l1_w4_n0_mux_dataout~0 ; |cache_top_level|cache_set_2_way:inst2|cache_line_bank:inst1|lpm_mux0:inst6|lpm_mux:lpm_mux_component|mux_94e:auto_generated|l1_w4_n0_mux_dataout~0 ; out0             ;
; |cache_top_level|cache_set_2_way:inst2|cache_line_bank:inst1|lpm_mux0:inst6|lpm_mux:lpm_mux_component|mux_94e:auto_generated|l1_w4_n0_mux_dataout~1 ; |cache_top_level|cache_set_2_way:inst2|cache_line_bank:inst1|lpm_mux0:inst6|lpm_mux:lpm_mux_component|mux_94e:auto_generated|l1_w4_n0_mux_dataout~1 ; out0             ;
; |cache_top_level|cache_set_2_way:inst2|cache_line_bank:inst1|lpm_mux0:inst6|lpm_mux:lpm_mux_component|mux_94e:auto_generated|l1_w4_n0_mux_dataout   ; |cache_top_level|cache_set_2_way:inst2|cache_line_bank:inst1|lpm_mux0:inst6|lpm_mux:lpm_mux_component|mux_94e:auto_generated|l1_w4_n0_mux_dataout   ; out0             ;
; |cache_top_level|cache_set_2_way:inst2|cache_line_bank:inst1|lpm_mux0:inst6|lpm_mux:lpm_mux_component|mux_94e:auto_generated|l1_w5_n0_mux_dataout~0 ; |cache_top_level|cache_set_2_way:inst2|cache_line_bank:inst1|lpm_mux0:inst6|lpm_mux:lpm_mux_component|mux_94e:auto_generated|l1_w5_n0_mux_dataout~0 ; out0             ;
; |cache_top_level|cache_set_2_way:inst2|cache_line_bank:inst1|lpm_mux0:inst6|lpm_mux:lpm_mux_component|mux_94e:auto_generated|l1_w5_n0_mux_dataout~1 ; |cache_top_level|cache_set_2_way:inst2|cache_line_bank:inst1|lpm_mux0:inst6|lpm_mux:lpm_mux_component|mux_94e:auto_generated|l1_w5_n0_mux_dataout~1 ; out0             ;
; |cache_top_level|cache_set_2_way:inst2|cache_line_bank:inst1|lpm_mux0:inst6|lpm_mux:lpm_mux_component|mux_94e:auto_generated|l1_w5_n0_mux_dataout   ; |cache_top_level|cache_set_2_way:inst2|cache_line_bank:inst1|lpm_mux0:inst6|lpm_mux:lpm_mux_component|mux_94e:auto_generated|l1_w5_n0_mux_dataout   ; out0             ;
; |cache_top_level|cache_set_2_way:inst2|cache_line_bank:inst1|lpm_mux0:inst6|lpm_mux:lpm_mux_component|mux_94e:auto_generated|l1_w6_n0_mux_dataout~0 ; |cache_top_level|cache_set_2_way:inst2|cache_line_bank:inst1|lpm_mux0:inst6|lpm_mux:lpm_mux_component|mux_94e:auto_generated|l1_w6_n0_mux_dataout~0 ; out0             ;
; |cache_top_level|cache_set_2_way:inst2|cache_line_bank:inst1|lpm_mux0:inst6|lpm_mux:lpm_mux_component|mux_94e:auto_generated|l1_w6_n0_mux_dataout~1 ; |cache_top_level|cache_set_2_way:inst2|cache_line_bank:inst1|lpm_mux0:inst6|lpm_mux:lpm_mux_component|mux_94e:auto_generated|l1_w6_n0_mux_dataout~1 ; out0             ;
; |cache_top_level|cache_set_2_way:inst2|cache_line_bank:inst1|lpm_mux0:inst6|lpm_mux:lpm_mux_component|mux_94e:auto_generated|l1_w6_n0_mux_dataout   ; |cache_top_level|cache_set_2_way:inst2|cache_line_bank:inst1|lpm_mux0:inst6|lpm_mux:lpm_mux_component|mux_94e:auto_generated|l1_w6_n0_mux_dataout   ; out0             ;
; |cache_top_level|cache_set_2_way:inst2|cache_line_bank:inst1|lpm_mux0:inst6|lpm_mux:lpm_mux_component|mux_94e:auto_generated|l1_w7_n0_mux_dataout~0 ; |cache_top_level|cache_set_2_way:inst2|cache_line_bank:inst1|lpm_mux0:inst6|lpm_mux:lpm_mux_component|mux_94e:auto_generated|l1_w7_n0_mux_dataout~0 ; out0             ;
; |cache_top_level|cache_set_2_way:inst2|cache_line_bank:inst1|lpm_mux0:inst6|lpm_mux:lpm_mux_component|mux_94e:auto_generated|l1_w7_n0_mux_dataout~1 ; |cache_top_level|cache_set_2_way:inst2|cache_line_bank:inst1|lpm_mux0:inst6|lpm_mux:lpm_mux_component|mux_94e:auto_generated|l1_w7_n0_mux_dataout~1 ; out0             ;
; |cache_top_level|cache_set_2_way:inst2|cache_line_bank:inst1|lpm_mux0:inst6|lpm_mux:lpm_mux_component|mux_94e:auto_generated|l1_w7_n0_mux_dataout   ; |cache_top_level|cache_set_2_way:inst2|cache_line_bank:inst1|lpm_mux0:inst6|lpm_mux:lpm_mux_component|mux_94e:auto_generated|l1_w7_n0_mux_dataout   ; out0             ;
; |cache_top_level|cache_set_2_way:inst2|cache_line_bank:inst1|lpm_dff0:inst|lpm_ff:lpm_ff_component|dffs[4]                                          ; |cache_top_level|cache_set_2_way:inst2|cache_line_bank:inst1|lpm_dff0:inst|lpm_ff:lpm_ff_component|dffs[4]                                          ; regout           ;
; |cache_top_level|cache_set_2_way:inst2|cache_line_bank:inst1|lpm_dff0:inst|lpm_ff:lpm_ff_component|dffs[2]                                          ; |cache_top_level|cache_set_2_way:inst2|cache_line_bank:inst1|lpm_dff0:inst|lpm_ff:lpm_ff_component|dffs[2]                                          ; regout           ;
; |cache_top_level|cache_set_2_way:inst2|cache_line_bank:inst1|lpm_dff0:inst|lpm_ff:lpm_ff_component|dffs[1]                                          ; |cache_top_level|cache_set_2_way:inst2|cache_line_bank:inst1|lpm_dff0:inst|lpm_ff:lpm_ff_component|dffs[1]                                          ; regout           ;
; |cache_top_level|cache_set_2_way:inst|lpm_mux1:inst9|lpm_mux:lpm_mux_component|mux_94e:auto_generated|l1_w2_n0_mux_dataout~1                        ; |cache_top_level|cache_set_2_way:inst|lpm_mux1:inst9|lpm_mux:lpm_mux_component|mux_94e:auto_generated|l1_w2_n0_mux_dataout~1                        ; out0             ;
; |cache_top_level|cache_set_2_way:inst|lpm_mux1:inst9|lpm_mux:lpm_mux_component|mux_94e:auto_generated|l1_w3_n0_mux_dataout~1                        ; |cache_top_level|cache_set_2_way:inst|lpm_mux1:inst9|lpm_mux:lpm_mux_component|mux_94e:auto_generated|l1_w3_n0_mux_dataout~1                        ; out0             ;
; |cache_top_level|cache_set_2_way:inst|lpm_mux1:inst9|lpm_mux:lpm_mux_component|mux_94e:auto_generated|l1_w4_n0_mux_dataout~0                        ; |cache_top_level|cache_set_2_way:inst|lpm_mux1:inst9|lpm_mux:lpm_mux_component|mux_94e:auto_generated|l1_w4_n0_mux_dataout~0                        ; out0             ;
; |cache_top_level|cache_set_2_way:inst|lpm_mux1:inst9|lpm_mux:lpm_mux_component|mux_94e:auto_generated|l1_w4_n0_mux_dataout~1                        ; |cache_top_level|cache_set_2_way:inst|lpm_mux1:inst9|lpm_mux:lpm_mux_component|mux_94e:auto_generated|l1_w4_n0_mux_dataout~1                        ; out0             ;
; |cache_top_level|cache_set_2_way:inst|lpm_mux1:inst9|lpm_mux:lpm_mux_component|mux_94e:auto_generated|l1_w4_n0_mux_dataout                          ; |cache_top_level|cache_set_2_way:inst|lpm_mux1:inst9|lpm_mux:lpm_mux_component|mux_94e:auto_generated|l1_w4_n0_mux_dataout                          ; out0             ;
; |cache_top_level|cache_set_2_way:inst|lpm_mux1:inst9|lpm_mux:lpm_mux_component|mux_94e:auto_generated|l1_w5_n0_mux_dataout~0                        ; |cache_top_level|cache_set_2_way:inst|lpm_mux1:inst9|lpm_mux:lpm_mux_component|mux_94e:auto_generated|l1_w5_n0_mux_dataout~0                        ; out0             ;
; |cache_top_level|cache_set_2_way:inst|lpm_mux1:inst9|lpm_mux:lpm_mux_component|mux_94e:auto_generated|l1_w5_n0_mux_dataout~1                        ; |cache_top_level|cache_set_2_way:inst|lpm_mux1:inst9|lpm_mux:lpm_mux_component|mux_94e:auto_generated|l1_w5_n0_mux_dataout~1                        ; out0             ;
; |cache_top_level|cache_set_2_way:inst|lpm_mux1:inst9|lpm_mux:lpm_mux_component|mux_94e:auto_generated|l1_w5_n0_mux_dataout                          ; |cache_top_level|cache_set_2_way:inst|lpm_mux1:inst9|lpm_mux:lpm_mux_component|mux_94e:auto_generated|l1_w5_n0_mux_dataout                          ; out0             ;
; |cache_top_level|cache_set_2_way:inst|lpm_mux1:inst9|lpm_mux:lpm_mux_component|mux_94e:auto_generated|l1_w6_n0_mux_dataout~0                        ; |cache_top_level|cache_set_2_way:inst|lpm_mux1:inst9|lpm_mux:lpm_mux_component|mux_94e:auto_generated|l1_w6_n0_mux_dataout~0                        ; out0             ;
; |cache_top_level|cache_set_2_way:inst|lpm_mux1:inst9|lpm_mux:lpm_mux_component|mux_94e:auto_generated|l1_w6_n0_mux_dataout~1                        ; |cache_top_level|cache_set_2_way:inst|lpm_mux1:inst9|lpm_mux:lpm_mux_component|mux_94e:auto_generated|l1_w6_n0_mux_dataout~1                        ; out0             ;
; |cache_top_level|cache_set_2_way:inst|lpm_mux1:inst9|lpm_mux:lpm_mux_component|mux_94e:auto_generated|l1_w6_n0_mux_dataout                          ; |cache_top_level|cache_set_2_way:inst|lpm_mux1:inst9|lpm_mux:lpm_mux_component|mux_94e:auto_generated|l1_w6_n0_mux_dataout                          ; out0             ;
; |cache_top_level|cache_set_2_way:inst|lpm_mux1:inst9|lpm_mux:lpm_mux_component|mux_94e:auto_generated|l1_w7_n0_mux_dataout~0                        ; |cache_top_level|cache_set_2_way:inst|lpm_mux1:inst9|lpm_mux:lpm_mux_component|mux_94e:auto_generated|l1_w7_n0_mux_dataout~0                        ; out0             ;
; |cache_top_level|cache_set_2_way:inst|lpm_mux1:inst9|lpm_mux:lpm_mux_component|mux_94e:auto_generated|l1_w7_n0_mux_dataout~1                        ; |cache_top_level|cache_set_2_way:inst|lpm_mux1:inst9|lpm_mux:lpm_mux_component|mux_94e:auto_generated|l1_w7_n0_mux_dataout~1                        ; out0             ;
; |cache_top_level|cache_set_2_way:inst|lpm_mux1:inst9|lpm_mux:lpm_mux_component|mux_94e:auto_generated|l1_w7_n0_mux_dataout                          ; |cache_top_level|cache_set_2_way:inst|lpm_mux1:inst9|lpm_mux:lpm_mux_component|mux_94e:auto_generated|l1_w7_n0_mux_dataout                          ; out0             ;
; |cache_top_level|cache_set_2_way:inst|cache_line_bank:inst|lpm_dff1:inst2|lpm_ff:lpm_ff_component|dffs[7]                                           ; |cache_top_level|cache_set_2_way:inst|cache_line_bank:inst|lpm_dff1:inst2|lpm_ff:lpm_ff_component|dffs[7]                                           ; regout           ;
; |cache_top_level|cache_set_2_way:inst|cache_line_bank:inst|lpm_dff1:inst2|lpm_ff:lpm_ff_component|dffs[6]                                           ; |cache_top_level|cache_set_2_way:inst|cache_line_bank:inst|lpm_dff1:inst2|lpm_ff:lpm_ff_component|dffs[6]                                           ; regout           ;
; |cache_top_level|cache_set_2_way:inst|cache_line_bank:inst|lpm_dff1:inst2|lpm_ff:lpm_ff_component|dffs[5]                                           ; |cache_top_level|cache_set_2_way:inst|cache_line_bank:inst|lpm_dff1:inst2|lpm_ff:lpm_ff_component|dffs[5]                                           ; regout           ;
; |cache_top_level|cache_set_2_way:inst|cache_line_bank:inst|lpm_dff1:inst2|lpm_ff:lpm_ff_component|dffs[4]                                           ; |cache_top_level|cache_set_2_way:inst|cache_line_bank:inst|lpm_dff1:inst2|lpm_ff:lpm_ff_component|dffs[4]                                           ; regout           ;
; |cache_top_level|cache_set_2_way:inst|cache_line_bank:inst|lpm_dff1:inst2|lpm_ff:lpm_ff_component|dffs[1]                                           ; |cache_top_level|cache_set_2_way:inst|cache_line_bank:inst|lpm_dff1:inst2|lpm_ff:lpm_ff_component|dffs[1]                                           ; regout           ;
; |cache_top_level|cache_set_2_way:inst|cache_line_bank:inst|lpm_dff2:inst3|lpm_ff:lpm_ff_component|dffs[7]                                           ; |cache_top_level|cache_set_2_way:inst|cache_line_bank:inst|lpm_dff2:inst3|lpm_ff:lpm_ff_component|dffs[7]                                           ; regout           ;
; |cache_top_level|cache_set_2_way:inst|cache_line_bank:inst|lpm_dff2:inst3|lpm_ff:lpm_ff_component|dffs[6]                                           ; |cache_top_level|cache_set_2_way:inst|cache_line_bank:inst|lpm_dff2:inst3|lpm_ff:lpm_ff_component|dffs[6]                                           ; regout           ;
; |cache_top_level|cache_set_2_way:inst|cache_line_bank:inst|lpm_dff2:inst3|lpm_ff:lpm_ff_component|dffs[5]                                           ; |cache_top_level|cache_set_2_way:inst|cache_line_bank:inst|lpm_dff2:inst3|lpm_ff:lpm_ff_component|dffs[5]                                           ; regout           ;
; |cache_top_level|cache_set_2_way:inst|cache_line_bank:inst|lpm_dff2:inst3|lpm_ff:lpm_ff_component|dffs[4]                                           ; |cache_top_level|cache_set_2_way:inst|cache_line_bank:inst|lpm_dff2:inst3|lpm_ff:lpm_ff_component|dffs[4]                                           ; regout           ;
; |cache_top_level|cache_set_2_way:inst|cache_line_bank:inst|lpm_dff2:inst3|lpm_ff:lpm_ff_component|dffs[0]                                           ; |cache_top_level|cache_set_2_way:inst|cache_line_bank:inst|lpm_dff2:inst3|lpm_ff:lpm_ff_component|dffs[0]                                           ; regout           ;
; |cache_top_level|cache_set_2_way:inst|cache_line_bank:inst|lpm_mux0:inst6|lpm_mux:lpm_mux_component|mux_94e:auto_generated|l1_w0_n0_mux_dataout~1   ; |cache_top_level|cache_set_2_way:inst|cache_line_bank:inst|lpm_mux0:inst6|lpm_mux:lpm_mux_component|mux_94e:auto_generated|l1_w0_n0_mux_dataout~1   ; out0             ;
; |cache_top_level|cache_set_2_way:inst|cache_line_bank:inst|lpm_mux0:inst6|lpm_mux:lpm_mux_component|mux_94e:auto_generated|l1_w1_n0_mux_dataout~0   ; |cache_top_level|cache_set_2_way:inst|cache_line_bank:inst|lpm_mux0:inst6|lpm_mux:lpm_mux_component|mux_94e:auto_generated|l1_w1_n0_mux_dataout~0   ; out0             ;
; |cache_top_level|cache_set_2_way:inst|cache_line_bank:inst|lpm_mux0:inst6|lpm_mux:lpm_mux_component|mux_94e:auto_generated|l1_w4_n0_mux_dataout~0   ; |cache_top_level|cache_set_2_way:inst|cache_line_bank:inst|lpm_mux0:inst6|lpm_mux:lpm_mux_component|mux_94e:auto_generated|l1_w4_n0_mux_dataout~0   ; out0             ;
; |cache_top_level|cache_set_2_way:inst|cache_line_bank:inst|lpm_mux0:inst6|lpm_mux:lpm_mux_component|mux_94e:auto_generated|l1_w4_n0_mux_dataout~1   ; |cache_top_level|cache_set_2_way:inst|cache_line_bank:inst|lpm_mux0:inst6|lpm_mux:lpm_mux_component|mux_94e:auto_generated|l1_w4_n0_mux_dataout~1   ; out0             ;
; |cache_top_level|cache_set_2_way:inst|cache_line_bank:inst|lpm_mux0:inst6|lpm_mux:lpm_mux_component|mux_94e:auto_generated|l1_w4_n0_mux_dataout     ; |cache_top_level|cache_set_2_way:inst|cache_line_bank:inst|lpm_mux0:inst6|lpm_mux:lpm_mux_component|mux_94e:auto_generated|l1_w4_n0_mux_dataout     ; out0             ;
; |cache_top_level|cache_set_2_way:inst|cache_line_bank:inst|lpm_mux0:inst6|lpm_mux:lpm_mux_component|mux_94e:auto_generated|l1_w5_n0_mux_dataout~0   ; |cache_top_level|cache_set_2_way:inst|cache_line_bank:inst|lpm_mux0:inst6|lpm_mux:lpm_mux_component|mux_94e:auto_generated|l1_w5_n0_mux_dataout~0   ; out0             ;
; |cache_top_level|cache_set_2_way:inst|cache_line_bank:inst|lpm_mux0:inst6|lpm_mux:lpm_mux_component|mux_94e:auto_generated|l1_w5_n0_mux_dataout~1   ; |cache_top_level|cache_set_2_way:inst|cache_line_bank:inst|lpm_mux0:inst6|lpm_mux:lpm_mux_component|mux_94e:auto_generated|l1_w5_n0_mux_dataout~1   ; out0             ;
; |cache_top_level|cache_set_2_way:inst|cache_line_bank:inst|lpm_mux0:inst6|lpm_mux:lpm_mux_component|mux_94e:auto_generated|l1_w5_n0_mux_dataout     ; |cache_top_level|cache_set_2_way:inst|cache_line_bank:inst|lpm_mux0:inst6|lpm_mux:lpm_mux_component|mux_94e:auto_generated|l1_w5_n0_mux_dataout     ; out0             ;
; |cache_top_level|cache_set_2_way:inst|cache_line_bank:inst|lpm_mux0:inst6|lpm_mux:lpm_mux_component|mux_94e:auto_generated|l1_w6_n0_mux_dataout~0   ; |cache_top_level|cache_set_2_way:inst|cache_line_bank:inst|lpm_mux0:inst6|lpm_mux:lpm_mux_component|mux_94e:auto_generated|l1_w6_n0_mux_dataout~0   ; out0             ;
; |cache_top_level|cache_set_2_way:inst|cache_line_bank:inst|lpm_mux0:inst6|lpm_mux:lpm_mux_component|mux_94e:auto_generated|l1_w6_n0_mux_dataout~1   ; |cache_top_level|cache_set_2_way:inst|cache_line_bank:inst|lpm_mux0:inst6|lpm_mux:lpm_mux_component|mux_94e:auto_generated|l1_w6_n0_mux_dataout~1   ; out0             ;
; |cache_top_level|cache_set_2_way:inst|cache_line_bank:inst|lpm_mux0:inst6|lpm_mux:lpm_mux_component|mux_94e:auto_generated|l1_w6_n0_mux_dataout     ; |cache_top_level|cache_set_2_way:inst|cache_line_bank:inst|lpm_mux0:inst6|lpm_mux:lpm_mux_component|mux_94e:auto_generated|l1_w6_n0_mux_dataout     ; out0             ;
; |cache_top_level|cache_set_2_way:inst|cache_line_bank:inst|lpm_mux0:inst6|lpm_mux:lpm_mux_component|mux_94e:auto_generated|l1_w7_n0_mux_dataout~0   ; |cache_top_level|cache_set_2_way:inst|cache_line_bank:inst|lpm_mux0:inst6|lpm_mux:lpm_mux_component|mux_94e:auto_generated|l1_w7_n0_mux_dataout~0   ; out0             ;
; |cache_top_level|cache_set_2_way:inst|cache_line_bank:inst|lpm_mux0:inst6|lpm_mux:lpm_mux_component|mux_94e:auto_generated|l1_w7_n0_mux_dataout~1   ; |cache_top_level|cache_set_2_way:inst|cache_line_bank:inst|lpm_mux0:inst6|lpm_mux:lpm_mux_component|mux_94e:auto_generated|l1_w7_n0_mux_dataout~1   ; out0             ;
; |cache_top_level|cache_set_2_way:inst|cache_line_bank:inst|lpm_mux0:inst6|lpm_mux:lpm_mux_component|mux_94e:auto_generated|l1_w7_n0_mux_dataout     ; |cache_top_level|cache_set_2_way:inst|cache_line_bank:inst|lpm_mux0:inst6|lpm_mux:lpm_mux_component|mux_94e:auto_generated|l1_w7_n0_mux_dataout     ; out0             ;
; |cache_top_level|cache_set_2_way:inst|cache_line_bank:inst|lpm_dff0:inst|lpm_ff:lpm_ff_component|dffs[4]                                            ; |cache_top_level|cache_set_2_way:inst|cache_line_bank:inst|lpm_dff0:inst|lpm_ff:lpm_ff_component|dffs[4]                                            ; regout           ;
; |cache_top_level|cache_set_2_way:inst|cache_line_bank:inst1|lpm_dff1:inst2|lpm_ff:lpm_ff_component|dffs[7]                                          ; |cache_top_level|cache_set_2_way:inst|cache_line_bank:inst1|lpm_dff1:inst2|lpm_ff:lpm_ff_component|dffs[7]                                          ; regout           ;
; |cache_top_level|cache_set_2_way:inst|cache_line_bank:inst1|lpm_dff1:inst2|lpm_ff:lpm_ff_component|dffs[6]                                          ; |cache_top_level|cache_set_2_way:inst|cache_line_bank:inst1|lpm_dff1:inst2|lpm_ff:lpm_ff_component|dffs[6]                                          ; regout           ;
; |cache_top_level|cache_set_2_way:inst|cache_line_bank:inst1|lpm_dff1:inst2|lpm_ff:lpm_ff_component|dffs[5]                                          ; |cache_top_level|cache_set_2_way:inst|cache_line_bank:inst1|lpm_dff1:inst2|lpm_ff:lpm_ff_component|dffs[5]                                          ; regout           ;
; |cache_top_level|cache_set_2_way:inst|cache_line_bank:inst1|lpm_dff1:inst2|lpm_ff:lpm_ff_component|dffs[4]                                          ; |cache_top_level|cache_set_2_way:inst|cache_line_bank:inst1|lpm_dff1:inst2|lpm_ff:lpm_ff_component|dffs[4]                                          ; regout           ;
; |cache_top_level|cache_set_2_way:inst|cache_line_bank:inst1|lpm_dff1:inst2|lpm_ff:lpm_ff_component|dffs[3]                                          ; |cache_top_level|cache_set_2_way:inst|cache_line_bank:inst1|lpm_dff1:inst2|lpm_ff:lpm_ff_component|dffs[3]                                          ; regout           ;
; |cache_top_level|cache_set_2_way:inst|cache_line_bank:inst1|lpm_dff1:inst2|lpm_ff:lpm_ff_component|dffs[2]                                          ; |cache_top_level|cache_set_2_way:inst|cache_line_bank:inst1|lpm_dff1:inst2|lpm_ff:lpm_ff_component|dffs[2]                                          ; regout           ;
; |cache_top_level|cache_set_2_way:inst|cache_line_bank:inst1|lpm_dff1:inst2|lpm_ff:lpm_ff_component|dffs[1]                                          ; |cache_top_level|cache_set_2_way:inst|cache_line_bank:inst1|lpm_dff1:inst2|lpm_ff:lpm_ff_component|dffs[1]                                          ; regout           ;
; |cache_top_level|cache_set_2_way:inst|cache_line_bank:inst1|lpm_dff2:inst3|lpm_ff:lpm_ff_component|dffs[7]                                          ; |cache_top_level|cache_set_2_way:inst|cache_line_bank:inst1|lpm_dff2:inst3|lpm_ff:lpm_ff_component|dffs[7]                                          ; regout           ;
; |cache_top_level|cache_set_2_way:inst|cache_line_bank:inst1|lpm_dff2:inst3|lpm_ff:lpm_ff_component|dffs[6]                                          ; |cache_top_level|cache_set_2_way:inst|cache_line_bank:inst1|lpm_dff2:inst3|lpm_ff:lpm_ff_component|dffs[6]                                          ; regout           ;
; |cache_top_level|cache_set_2_way:inst|cache_line_bank:inst1|lpm_dff2:inst3|lpm_ff:lpm_ff_component|dffs[5]                                          ; |cache_top_level|cache_set_2_way:inst|cache_line_bank:inst1|lpm_dff2:inst3|lpm_ff:lpm_ff_component|dffs[5]                                          ; regout           ;
; |cache_top_level|cache_set_2_way:inst|cache_line_bank:inst1|lpm_dff2:inst3|lpm_ff:lpm_ff_component|dffs[4]                                          ; |cache_top_level|cache_set_2_way:inst|cache_line_bank:inst1|lpm_dff2:inst3|lpm_ff:lpm_ff_component|dffs[4]                                          ; regout           ;
; |cache_top_level|cache_set_2_way:inst|cache_line_bank:inst1|lpm_dff2:inst3|lpm_ff:lpm_ff_component|dffs[3]                                          ; |cache_top_level|cache_set_2_way:inst|cache_line_bank:inst1|lpm_dff2:inst3|lpm_ff:lpm_ff_component|dffs[3]                                          ; regout           ;
; |cache_top_level|cache_set_2_way:inst|cache_line_bank:inst1|lpm_dff2:inst3|lpm_ff:lpm_ff_component|dffs[2]                                          ; |cache_top_level|cache_set_2_way:inst|cache_line_bank:inst1|lpm_dff2:inst3|lpm_ff:lpm_ff_component|dffs[2]                                          ; regout           ;
; |cache_top_level|cache_set_2_way:inst|cache_line_bank:inst1|lpm_dff2:inst3|lpm_ff:lpm_ff_component|dffs[0]                                          ; |cache_top_level|cache_set_2_way:inst|cache_line_bank:inst1|lpm_dff2:inst3|lpm_ff:lpm_ff_component|dffs[0]                                          ; regout           ;
; |cache_top_level|cache_set_2_way:inst|cache_line_bank:inst1|lpm_mux0:inst6|lpm_mux:lpm_mux_component|mux_94e:auto_generated|l1_w0_n0_mux_dataout~1  ; |cache_top_level|cache_set_2_way:inst|cache_line_bank:inst1|lpm_mux0:inst6|lpm_mux:lpm_mux_component|mux_94e:auto_generated|l1_w0_n0_mux_dataout~1  ; out0             ;
; |cache_top_level|cache_set_2_way:inst|cache_line_bank:inst1|lpm_mux0:inst6|lpm_mux:lpm_mux_component|mux_94e:auto_generated|l1_w1_n0_mux_dataout~0  ; |cache_top_level|cache_set_2_way:inst|cache_line_bank:inst1|lpm_mux0:inst6|lpm_mux:lpm_mux_component|mux_94e:auto_generated|l1_w1_n0_mux_dataout~0  ; out0             ;
; |cache_top_level|cache_set_2_way:inst|cache_line_bank:inst1|lpm_mux0:inst6|lpm_mux:lpm_mux_component|mux_94e:auto_generated|l1_w2_n0_mux_dataout~0  ; |cache_top_level|cache_set_2_way:inst|cache_line_bank:inst1|lpm_mux0:inst6|lpm_mux:lpm_mux_component|mux_94e:auto_generated|l1_w2_n0_mux_dataout~0  ; out0             ;
; |cache_top_level|cache_set_2_way:inst|cache_line_bank:inst1|lpm_mux0:inst6|lpm_mux:lpm_mux_component|mux_94e:auto_generated|l1_w2_n0_mux_dataout~1  ; |cache_top_level|cache_set_2_way:inst|cache_line_bank:inst1|lpm_mux0:inst6|lpm_mux:lpm_mux_component|mux_94e:auto_generated|l1_w2_n0_mux_dataout~1  ; out0             ;
; |cache_top_level|cache_set_2_way:inst|cache_line_bank:inst1|lpm_mux0:inst6|lpm_mux:lpm_mux_component|mux_94e:auto_generated|l1_w2_n0_mux_dataout    ; |cache_top_level|cache_set_2_way:inst|cache_line_bank:inst1|lpm_mux0:inst6|lpm_mux:lpm_mux_component|mux_94e:auto_generated|l1_w2_n0_mux_dataout    ; out0             ;
; |cache_top_level|cache_set_2_way:inst|cache_line_bank:inst1|lpm_mux0:inst6|lpm_mux:lpm_mux_component|mux_94e:auto_generated|l1_w3_n0_mux_dataout~0  ; |cache_top_level|cache_set_2_way:inst|cache_line_bank:inst1|lpm_mux0:inst6|lpm_mux:lpm_mux_component|mux_94e:auto_generated|l1_w3_n0_mux_dataout~0  ; out0             ;
; |cache_top_level|cache_set_2_way:inst|cache_line_bank:inst1|lpm_mux0:inst6|lpm_mux:lpm_mux_component|mux_94e:auto_generated|l1_w3_n0_mux_dataout~1  ; |cache_top_level|cache_set_2_way:inst|cache_line_bank:inst1|lpm_mux0:inst6|lpm_mux:lpm_mux_component|mux_94e:auto_generated|l1_w3_n0_mux_dataout~1  ; out0             ;
; |cache_top_level|cache_set_2_way:inst|cache_line_bank:inst1|lpm_mux0:inst6|lpm_mux:lpm_mux_component|mux_94e:auto_generated|l1_w3_n0_mux_dataout    ; |cache_top_level|cache_set_2_way:inst|cache_line_bank:inst1|lpm_mux0:inst6|lpm_mux:lpm_mux_component|mux_94e:auto_generated|l1_w3_n0_mux_dataout    ; out0             ;
; |cache_top_level|cache_set_2_way:inst|cache_line_bank:inst1|lpm_mux0:inst6|lpm_mux:lpm_mux_component|mux_94e:auto_generated|l1_w4_n0_mux_dataout~0  ; |cache_top_level|cache_set_2_way:inst|cache_line_bank:inst1|lpm_mux0:inst6|lpm_mux:lpm_mux_component|mux_94e:auto_generated|l1_w4_n0_mux_dataout~0  ; out0             ;
; |cache_top_level|cache_set_2_way:inst|cache_line_bank:inst1|lpm_mux0:inst6|lpm_mux:lpm_mux_component|mux_94e:auto_generated|l1_w4_n0_mux_dataout~1  ; |cache_top_level|cache_set_2_way:inst|cache_line_bank:inst1|lpm_mux0:inst6|lpm_mux:lpm_mux_component|mux_94e:auto_generated|l1_w4_n0_mux_dataout~1  ; out0             ;
; |cache_top_level|cache_set_2_way:inst|cache_line_bank:inst1|lpm_mux0:inst6|lpm_mux:lpm_mux_component|mux_94e:auto_generated|l1_w4_n0_mux_dataout    ; |cache_top_level|cache_set_2_way:inst|cache_line_bank:inst1|lpm_mux0:inst6|lpm_mux:lpm_mux_component|mux_94e:auto_generated|l1_w4_n0_mux_dataout    ; out0             ;
; |cache_top_level|cache_set_2_way:inst|cache_line_bank:inst1|lpm_mux0:inst6|lpm_mux:lpm_mux_component|mux_94e:auto_generated|l1_w5_n0_mux_dataout~0  ; |cache_top_level|cache_set_2_way:inst|cache_line_bank:inst1|lpm_mux0:inst6|lpm_mux:lpm_mux_component|mux_94e:auto_generated|l1_w5_n0_mux_dataout~0  ; out0             ;
; |cache_top_level|cache_set_2_way:inst|cache_line_bank:inst1|lpm_mux0:inst6|lpm_mux:lpm_mux_component|mux_94e:auto_generated|l1_w5_n0_mux_dataout~1  ; |cache_top_level|cache_set_2_way:inst|cache_line_bank:inst1|lpm_mux0:inst6|lpm_mux:lpm_mux_component|mux_94e:auto_generated|l1_w5_n0_mux_dataout~1  ; out0             ;
; |cache_top_level|cache_set_2_way:inst|cache_line_bank:inst1|lpm_mux0:inst6|lpm_mux:lpm_mux_component|mux_94e:auto_generated|l1_w5_n0_mux_dataout    ; |cache_top_level|cache_set_2_way:inst|cache_line_bank:inst1|lpm_mux0:inst6|lpm_mux:lpm_mux_component|mux_94e:auto_generated|l1_w5_n0_mux_dataout    ; out0             ;
; |cache_top_level|cache_set_2_way:inst|cache_line_bank:inst1|lpm_mux0:inst6|lpm_mux:lpm_mux_component|mux_94e:auto_generated|l1_w6_n0_mux_dataout~0  ; |cache_top_level|cache_set_2_way:inst|cache_line_bank:inst1|lpm_mux0:inst6|lpm_mux:lpm_mux_component|mux_94e:auto_generated|l1_w6_n0_mux_dataout~0  ; out0             ;
; |cache_top_level|cache_set_2_way:inst|cache_line_bank:inst1|lpm_mux0:inst6|lpm_mux:lpm_mux_component|mux_94e:auto_generated|l1_w6_n0_mux_dataout~1  ; |cache_top_level|cache_set_2_way:inst|cache_line_bank:inst1|lpm_mux0:inst6|lpm_mux:lpm_mux_component|mux_94e:auto_generated|l1_w6_n0_mux_dataout~1  ; out0             ;
; |cache_top_level|cache_set_2_way:inst|cache_line_bank:inst1|lpm_mux0:inst6|lpm_mux:lpm_mux_component|mux_94e:auto_generated|l1_w6_n0_mux_dataout    ; |cache_top_level|cache_set_2_way:inst|cache_line_bank:inst1|lpm_mux0:inst6|lpm_mux:lpm_mux_component|mux_94e:auto_generated|l1_w6_n0_mux_dataout    ; out0             ;
; |cache_top_level|cache_set_2_way:inst|cache_line_bank:inst1|lpm_mux0:inst6|lpm_mux:lpm_mux_component|mux_94e:auto_generated|l1_w7_n0_mux_dataout~0  ; |cache_top_level|cache_set_2_way:inst|cache_line_bank:inst1|lpm_mux0:inst6|lpm_mux:lpm_mux_component|mux_94e:auto_generated|l1_w7_n0_mux_dataout~0  ; out0             ;
; |cache_top_level|cache_set_2_way:inst|cache_line_bank:inst1|lpm_mux0:inst6|lpm_mux:lpm_mux_component|mux_94e:auto_generated|l1_w7_n0_mux_dataout~1  ; |cache_top_level|cache_set_2_way:inst|cache_line_bank:inst1|lpm_mux0:inst6|lpm_mux:lpm_mux_component|mux_94e:auto_generated|l1_w7_n0_mux_dataout~1  ; out0             ;
; |cache_top_level|cache_set_2_way:inst|cache_line_bank:inst1|lpm_mux0:inst6|lpm_mux:lpm_mux_component|mux_94e:auto_generated|l1_w7_n0_mux_dataout    ; |cache_top_level|cache_set_2_way:inst|cache_line_bank:inst1|lpm_mux0:inst6|lpm_mux:lpm_mux_component|mux_94e:auto_generated|l1_w7_n0_mux_dataout    ; out0             ;
; |cache_top_level|cache_set_2_way:inst|cache_line_bank:inst1|lpm_dff0:inst|lpm_ff:lpm_ff_component|dffs[4]                                           ; |cache_top_level|cache_set_2_way:inst|cache_line_bank:inst1|lpm_dff0:inst|lpm_ff:lpm_ff_component|dffs[4]                                           ; regout           ;
; |cache_top_level|cache_set_2_way:inst|cache_line_bank:inst1|lpm_dff0:inst|lpm_ff:lpm_ff_component|dffs[3]                                           ; |cache_top_level|cache_set_2_way:inst|cache_line_bank:inst1|lpm_dff0:inst|lpm_ff:lpm_ff_component|dffs[3]                                           ; regout           ;
; |cache_top_level|cache_set_2_way:inst|cache_line_bank:inst1|lpm_dff0:inst|lpm_ff:lpm_ff_component|dffs[2]                                           ; |cache_top_level|cache_set_2_way:inst|cache_line_bank:inst1|lpm_dff0:inst|lpm_ff:lpm_ff_component|dffs[2]                                           ; regout           ;
+-----------------------------------------------------------------------------------------------------------------------------------------------------+-----------------------------------------------------------------------------------------------------------------------------------------------------+------------------+


The following table displays output ports that do not toggle to 0 during simulation.
+------------------------------------------------------------------------------------------------------------------------------------------------------------------------------------------------------------------------------------------------------------------------------------------------------------------------------+
; Missing 0-Value Coverage                                                                                                                                                                                                                                                                                                     ;
+-----------------------------------------------------------------------------------------------------------------------------------------------------+-----------------------------------------------------------------------------------------------------------------------------------------------------+------------------+
; Node Name                                                                                                                                           ; Output Port Name                                                                                                                                    ; Output Port Type ;
+-----------------------------------------------------------------------------------------------------------------------------------------------------+-----------------------------------------------------------------------------------------------------------------------------------------------------+------------------+
; |cache_top_level|data_word0[7]                                                                                                                      ; |cache_top_level|data_word0[7]                                                                                                                      ; out              ;
; |cache_top_level|data_word0[6]                                                                                                                      ; |cache_top_level|data_word0[6]                                                                                                                      ; out              ;
; |cache_top_level|data_word0[5]                                                                                                                      ; |cache_top_level|data_word0[5]                                                                                                                      ; out              ;
; |cache_top_level|data_word1[7]                                                                                                                      ; |cache_top_level|data_word1[7]                                                                                                                      ; out              ;
; |cache_top_level|data_word1[6]                                                                                                                      ; |cache_top_level|data_word1[6]                                                                                                                      ; out              ;
; |cache_top_level|data_word1[5]                                                                                                                      ; |cache_top_level|data_word1[5]                                                                                                                      ; out              ;
; |cache_top_level|lpm_bustri0:inst7|lpm_bustri:lpm_bustri_component|dout[4]                                                                          ; |cache_top_level|lpm_bustri0:inst7|lpm_bustri:lpm_bustri_component|dout[4]                                                                          ; out              ;
; |cache_top_level|cache_set_2_way:inst1|lpm_mux1:inst9|lpm_mux:lpm_mux_component|mux_94e:auto_generated|l1_w1_n0_mux_dataout~1                       ; |cache_top_level|cache_set_2_way:inst1|lpm_mux1:inst9|lpm_mux:lpm_mux_component|mux_94e:auto_generated|l1_w1_n0_mux_dataout~1                       ; out0             ;
; |cache_top_level|cache_set_2_way:inst1|lpm_mux1:inst9|lpm_mux:lpm_mux_component|mux_94e:auto_generated|l1_w2_n0_mux_dataout~0                       ; |cache_top_level|cache_set_2_way:inst1|lpm_mux1:inst9|lpm_mux:lpm_mux_component|mux_94e:auto_generated|l1_w2_n0_mux_dataout~0                       ; out0             ;
; |cache_top_level|cache_set_2_way:inst1|lpm_mux1:inst9|lpm_mux:lpm_mux_component|mux_94e:auto_generated|l1_w3_n0_mux_dataout~1                       ; |cache_top_level|cache_set_2_way:inst1|lpm_mux1:inst9|lpm_mux:lpm_mux_component|mux_94e:auto_generated|l1_w3_n0_mux_dataout~1                       ; out0             ;
; |cache_top_level|cache_set_2_way:inst1|lpm_mux1:inst9|lpm_mux:lpm_mux_component|mux_94e:auto_generated|l1_w4_n0_mux_dataout~0                       ; |cache_top_level|cache_set_2_way:inst1|lpm_mux1:inst9|lpm_mux:lpm_mux_component|mux_94e:auto_generated|l1_w4_n0_mux_dataout~0                       ; out0             ;
; |cache_top_level|cache_set_2_way:inst1|lpm_mux1:inst9|lpm_mux:lpm_mux_component|mux_94e:auto_generated|l1_w5_n0_mux_dataout~0                       ; |cache_top_level|cache_set_2_way:inst1|lpm_mux1:inst9|lpm_mux:lpm_mux_component|mux_94e:auto_generated|l1_w5_n0_mux_dataout~0                       ; out0             ;
; |cache_top_level|cache_set_2_way:inst1|lpm_mux1:inst9|lpm_mux:lpm_mux_component|mux_94e:auto_generated|l1_w5_n0_mux_dataout~1                       ; |cache_top_level|cache_set_2_way:inst1|lpm_mux1:inst9|lpm_mux:lpm_mux_component|mux_94e:auto_generated|l1_w5_n0_mux_dataout~1                       ; out0             ;
; |cache_top_level|cache_set_2_way:inst1|lpm_mux1:inst9|lpm_mux:lpm_mux_component|mux_94e:auto_generated|l1_w5_n0_mux_dataout                         ; |cache_top_level|cache_set_2_way:inst1|lpm_mux1:inst9|lpm_mux:lpm_mux_component|mux_94e:auto_generated|l1_w5_n0_mux_dataout                         ; out0             ;
; |cache_top_level|cache_set_2_way:inst1|lpm_mux1:inst9|lpm_mux:lpm_mux_component|mux_94e:auto_generated|l1_w6_n0_mux_dataout~0                       ; |cache_top_level|cache_set_2_way:inst1|lpm_mux1:inst9|lpm_mux:lpm_mux_component|mux_94e:auto_generated|l1_w6_n0_mux_dataout~0                       ; out0             ;
; |cache_top_level|cache_set_2_way:inst1|lpm_mux1:inst9|lpm_mux:lpm_mux_component|mux_94e:auto_generated|l1_w6_n0_mux_dataout~1                       ; |cache_top_level|cache_set_2_way:inst1|lpm_mux1:inst9|lpm_mux:lpm_mux_component|mux_94e:auto_generated|l1_w6_n0_mux_dataout~1                       ; out0             ;
; |cache_top_level|cache_set_2_way:inst1|lpm_mux1:inst9|lpm_mux:lpm_mux_component|mux_94e:auto_generated|l1_w6_n0_mux_dataout                         ; |cache_top_level|cache_set_2_way:inst1|lpm_mux1:inst9|lpm_mux:lpm_mux_component|mux_94e:auto_generated|l1_w6_n0_mux_dataout                         ; out0             ;
; |cache_top_level|cache_set_2_way:inst1|lpm_mux1:inst9|lpm_mux:lpm_mux_component|mux_94e:auto_generated|l1_w7_n0_mux_dataout~0                       ; |cache_top_level|cache_set_2_way:inst1|lpm_mux1:inst9|lpm_mux:lpm_mux_component|mux_94e:auto_generated|l1_w7_n0_mux_dataout~0                       ; out0             ;
; |cache_top_level|cache_set_2_way:inst1|lpm_mux1:inst9|lpm_mux:lpm_mux_component|mux_94e:auto_generated|l1_w7_n0_mux_dataout~1                       ; |cache_top_level|cache_set_2_way:inst1|lpm_mux1:inst9|lpm_mux:lpm_mux_component|mux_94e:auto_generated|l1_w7_n0_mux_dataout~1                       ; out0             ;
; |cache_top_level|cache_set_2_way:inst1|lpm_mux1:inst9|lpm_mux:lpm_mux_component|mux_94e:auto_generated|l1_w7_n0_mux_dataout                         ; |cache_top_level|cache_set_2_way:inst1|lpm_mux1:inst9|lpm_mux:lpm_mux_component|mux_94e:auto_generated|l1_w7_n0_mux_dataout                         ; out0             ;
; |cache_top_level|cache_set_2_way:inst1|cache_line_bank:inst|lpm_dff1:inst2|lpm_ff:lpm_ff_component|dffs[7]                                          ; |cache_top_level|cache_set_2_way:inst1|cache_line_bank:inst|lpm_dff1:inst2|lpm_ff:lpm_ff_component|dffs[7]                                          ; regout           ;
; |cache_top_level|cache_set_2_way:inst1|cache_line_bank:inst|lpm_dff1:inst2|lpm_ff:lpm_ff_component|dffs[6]                                          ; |cache_top_level|cache_set_2_way:inst1|cache_line_bank:inst|lpm_dff1:inst2|lpm_ff:lpm_ff_component|dffs[6]                                          ; regout           ;
; |cache_top_level|cache_set_2_way:inst1|cache_line_bank:inst|lpm_dff1:inst2|lpm_ff:lpm_ff_component|dffs[5]                                          ; |cache_top_level|cache_set_2_way:inst1|cache_line_bank:inst|lpm_dff1:inst2|lpm_ff:lpm_ff_component|dffs[5]                                          ; regout           ;
; |cache_top_level|cache_set_2_way:inst1|cache_line_bank:inst|lpm_dff1:inst2|lpm_ff:lpm_ff_component|dffs[4]                                          ; |cache_top_level|cache_set_2_way:inst1|cache_line_bank:inst|lpm_dff1:inst2|lpm_ff:lpm_ff_component|dffs[4]                                          ; regout           ;
; |cache_top_level|cache_set_2_way:inst1|cache_line_bank:inst|lpm_dff1:inst2|lpm_ff:lpm_ff_component|dffs[2]                                          ; |cache_top_level|cache_set_2_way:inst1|cache_line_bank:inst|lpm_dff1:inst2|lpm_ff:lpm_ff_component|dffs[2]                                          ; regout           ;
; |cache_top_level|cache_set_2_way:inst1|cache_line_bank:inst|lpm_dff1:inst2|lpm_ff:lpm_ff_component|dffs[0]                                          ; |cache_top_level|cache_set_2_way:inst1|cache_line_bank:inst|lpm_dff1:inst2|lpm_ff:lpm_ff_component|dffs[0]                                          ; regout           ;
; |cache_top_level|cache_set_2_way:inst1|cache_line_bank:inst|lpm_dff2:inst3|lpm_ff:lpm_ff_component|dffs[7]                                          ; |cache_top_level|cache_set_2_way:inst1|cache_line_bank:inst|lpm_dff2:inst3|lpm_ff:lpm_ff_component|dffs[7]                                          ; regout           ;
; |cache_top_level|cache_set_2_way:inst1|cache_line_bank:inst|lpm_dff2:inst3|lpm_ff:lpm_ff_component|dffs[6]                                          ; |cache_top_level|cache_set_2_way:inst1|cache_line_bank:inst|lpm_dff2:inst3|lpm_ff:lpm_ff_component|dffs[6]                                          ; regout           ;
; |cache_top_level|cache_set_2_way:inst1|cache_line_bank:inst|lpm_dff2:inst3|lpm_ff:lpm_ff_component|dffs[5]                                          ; |cache_top_level|cache_set_2_way:inst1|cache_line_bank:inst|lpm_dff2:inst3|lpm_ff:lpm_ff_component|dffs[5]                                          ; regout           ;
; |cache_top_level|cache_set_2_way:inst1|cache_line_bank:inst|lpm_dff2:inst3|lpm_ff:lpm_ff_component|dffs[4]                                          ; |cache_top_level|cache_set_2_way:inst1|cache_line_bank:inst|lpm_dff2:inst3|lpm_ff:lpm_ff_component|dffs[4]                                          ; regout           ;
; |cache_top_level|cache_set_2_way:inst1|cache_line_bank:inst|lpm_dff2:inst3|lpm_ff:lpm_ff_component|dffs[2]                                          ; |cache_top_level|cache_set_2_way:inst1|cache_line_bank:inst|lpm_dff2:inst3|lpm_ff:lpm_ff_component|dffs[2]                                          ; regout           ;
; |cache_top_level|cache_set_2_way:inst1|cache_line_bank:inst|lpm_mux0:inst6|lpm_mux:lpm_mux_component|mux_94e:auto_generated|l1_w0_n0_mux_dataout~0  ; |cache_top_level|cache_set_2_way:inst1|cache_line_bank:inst|lpm_mux0:inst6|lpm_mux:lpm_mux_component|mux_94e:auto_generated|l1_w0_n0_mux_dataout~0  ; out0             ;
; |cache_top_level|cache_set_2_way:inst1|cache_line_bank:inst|lpm_mux0:inst6|lpm_mux:lpm_mux_component|mux_94e:auto_generated|l1_w2_n0_mux_dataout~0  ; |cache_top_level|cache_set_2_way:inst1|cache_line_bank:inst|lpm_mux0:inst6|lpm_mux:lpm_mux_component|mux_94e:auto_generated|l1_w2_n0_mux_dataout~0  ; out0             ;
; |cache_top_level|cache_set_2_way:inst1|cache_line_bank:inst|lpm_mux0:inst6|lpm_mux:lpm_mux_component|mux_94e:auto_generated|l1_w2_n0_mux_dataout~1  ; |cache_top_level|cache_set_2_way:inst1|cache_line_bank:inst|lpm_mux0:inst6|lpm_mux:lpm_mux_component|mux_94e:auto_generated|l1_w2_n0_mux_dataout~1  ; out0             ;
; |cache_top_level|cache_set_2_way:inst1|cache_line_bank:inst|lpm_mux0:inst6|lpm_mux:lpm_mux_component|mux_94e:auto_generated|l1_w2_n0_mux_dataout    ; |cache_top_level|cache_set_2_way:inst1|cache_line_bank:inst|lpm_mux0:inst6|lpm_mux:lpm_mux_component|mux_94e:auto_generated|l1_w2_n0_mux_dataout    ; out0             ;
; |cache_top_level|cache_set_2_way:inst1|cache_line_bank:inst|lpm_mux0:inst6|lpm_mux:lpm_mux_component|mux_94e:auto_generated|l1_w4_n0_mux_dataout~0  ; |cache_top_level|cache_set_2_way:inst1|cache_line_bank:inst|lpm_mux0:inst6|lpm_mux:lpm_mux_component|mux_94e:auto_generated|l1_w4_n0_mux_dataout~0  ; out0             ;
; |cache_top_level|cache_set_2_way:inst1|cache_line_bank:inst|lpm_mux0:inst6|lpm_mux:lpm_mux_component|mux_94e:auto_generated|l1_w4_n0_mux_dataout~1  ; |cache_top_level|cache_set_2_way:inst1|cache_line_bank:inst|lpm_mux0:inst6|lpm_mux:lpm_mux_component|mux_94e:auto_generated|l1_w4_n0_mux_dataout~1  ; out0             ;
; |cache_top_level|cache_set_2_way:inst1|cache_line_bank:inst|lpm_mux0:inst6|lpm_mux:lpm_mux_component|mux_94e:auto_generated|l1_w4_n0_mux_dataout    ; |cache_top_level|cache_set_2_way:inst1|cache_line_bank:inst|lpm_mux0:inst6|lpm_mux:lpm_mux_component|mux_94e:auto_generated|l1_w4_n0_mux_dataout    ; out0             ;
; |cache_top_level|cache_set_2_way:inst1|cache_line_bank:inst|lpm_mux0:inst6|lpm_mux:lpm_mux_component|mux_94e:auto_generated|l1_w5_n0_mux_dataout~0  ; |cache_top_level|cache_set_2_way:inst1|cache_line_bank:inst|lpm_mux0:inst6|lpm_mux:lpm_mux_component|mux_94e:auto_generated|l1_w5_n0_mux_dataout~0  ; out0             ;
; |cache_top_level|cache_set_2_way:inst1|cache_line_bank:inst|lpm_mux0:inst6|lpm_mux:lpm_mux_component|mux_94e:auto_generated|l1_w5_n0_mux_dataout~1  ; |cache_top_level|cache_set_2_way:inst1|cache_line_bank:inst|lpm_mux0:inst6|lpm_mux:lpm_mux_component|mux_94e:auto_generated|l1_w5_n0_mux_dataout~1  ; out0             ;
; |cache_top_level|cache_set_2_way:inst1|cache_line_bank:inst|lpm_mux0:inst6|lpm_mux:lpm_mux_component|mux_94e:auto_generated|l1_w5_n0_mux_dataout    ; |cache_top_level|cache_set_2_way:inst1|cache_line_bank:inst|lpm_mux0:inst6|lpm_mux:lpm_mux_component|mux_94e:auto_generated|l1_w5_n0_mux_dataout    ; out0             ;
; |cache_top_level|cache_set_2_way:inst1|cache_line_bank:inst|lpm_mux0:inst6|lpm_mux:lpm_mux_component|mux_94e:auto_generated|l1_w6_n0_mux_dataout~0  ; |cache_top_level|cache_set_2_way:inst1|cache_line_bank:inst|lpm_mux0:inst6|lpm_mux:lpm_mux_component|mux_94e:auto_generated|l1_w6_n0_mux_dataout~0  ; out0             ;
; |cache_top_level|cache_set_2_way:inst1|cache_line_bank:inst|lpm_mux0:inst6|lpm_mux:lpm_mux_component|mux_94e:auto_generated|l1_w6_n0_mux_dataout~1  ; |cache_top_level|cache_set_2_way:inst1|cache_line_bank:inst|lpm_mux0:inst6|lpm_mux:lpm_mux_component|mux_94e:auto_generated|l1_w6_n0_mux_dataout~1  ; out0             ;
; |cache_top_level|cache_set_2_way:inst1|cache_line_bank:inst|lpm_mux0:inst6|lpm_mux:lpm_mux_component|mux_94e:auto_generated|l1_w6_n0_mux_dataout    ; |cache_top_level|cache_set_2_way:inst1|cache_line_bank:inst|lpm_mux0:inst6|lpm_mux:lpm_mux_component|mux_94e:auto_generated|l1_w6_n0_mux_dataout    ; out0             ;
; |cache_top_level|cache_set_2_way:inst1|cache_line_bank:inst|lpm_mux0:inst6|lpm_mux:lpm_mux_component|mux_94e:auto_generated|l1_w7_n0_mux_dataout~0  ; |cache_top_level|cache_set_2_way:inst1|cache_line_bank:inst|lpm_mux0:inst6|lpm_mux:lpm_mux_component|mux_94e:auto_generated|l1_w7_n0_mux_dataout~0  ; out0             ;
; |cache_top_level|cache_set_2_way:inst1|cache_line_bank:inst|lpm_mux0:inst6|lpm_mux:lpm_mux_component|mux_94e:auto_generated|l1_w7_n0_mux_dataout~1  ; |cache_top_level|cache_set_2_way:inst1|cache_line_bank:inst|lpm_mux0:inst6|lpm_mux:lpm_mux_component|mux_94e:auto_generated|l1_w7_n0_mux_dataout~1  ; out0             ;
; |cache_top_level|cache_set_2_way:inst1|cache_line_bank:inst|lpm_mux0:inst6|lpm_mux:lpm_mux_component|mux_94e:auto_generated|l1_w7_n0_mux_dataout    ; |cache_top_level|cache_set_2_way:inst1|cache_line_bank:inst|lpm_mux0:inst6|lpm_mux:lpm_mux_component|mux_94e:auto_generated|l1_w7_n0_mux_dataout    ; out0             ;
; |cache_top_level|cache_set_2_way:inst1|cache_line_bank:inst|lpm_dff0:inst|lpm_ff:lpm_ff_component|dffs[4]                                           ; |cache_top_level|cache_set_2_way:inst1|cache_line_bank:inst|lpm_dff0:inst|lpm_ff:lpm_ff_component|dffs[4]                                           ; regout           ;
; |cache_top_level|cache_set_2_way:inst1|cache_line_bank:inst|lpm_dff0:inst|lpm_ff:lpm_ff_component|dffs[1]                                           ; |cache_top_level|cache_set_2_way:inst1|cache_line_bank:inst|lpm_dff0:inst|lpm_ff:lpm_ff_component|dffs[1]                                           ; regout           ;
; |cache_top_level|cache_set_2_way:inst1|cache_line_bank:inst|lpm_dff0:inst|lpm_ff:lpm_ff_component|dffs[0]                                           ; |cache_top_level|cache_set_2_way:inst1|cache_line_bank:inst|lpm_dff0:inst|lpm_ff:lpm_ff_component|dffs[0]                                           ; regout           ;
; |cache_top_level|cache_set_2_way:inst1|cache_line_bank:inst1|lpm_dff1:inst2|lpm_ff:lpm_ff_component|dffs[7]                                         ; |cache_top_level|cache_set_2_way:inst1|cache_line_bank:inst1|lpm_dff1:inst2|lpm_ff:lpm_ff_component|dffs[7]                                         ; regout           ;
; |cache_top_level|cache_set_2_way:inst1|cache_line_bank:inst1|lpm_dff1:inst2|lpm_ff:lpm_ff_component|dffs[6]                                         ; |cache_top_level|cache_set_2_way:inst1|cache_line_bank:inst1|lpm_dff1:inst2|lpm_ff:lpm_ff_component|dffs[6]                                         ; regout           ;
; |cache_top_level|cache_set_2_way:inst1|cache_line_bank:inst1|lpm_dff1:inst2|lpm_ff:lpm_ff_component|dffs[5]                                         ; |cache_top_level|cache_set_2_way:inst1|cache_line_bank:inst1|lpm_dff1:inst2|lpm_ff:lpm_ff_component|dffs[5]                                         ; regout           ;
; |cache_top_level|cache_set_2_way:inst1|cache_line_bank:inst1|lpm_dff1:inst2|lpm_ff:lpm_ff_component|dffs[3]                                         ; |cache_top_level|cache_set_2_way:inst1|cache_line_bank:inst1|lpm_dff1:inst2|lpm_ff:lpm_ff_component|dffs[3]                                         ; regout           ;
; |cache_top_level|cache_set_2_way:inst1|cache_line_bank:inst1|lpm_dff1:inst2|lpm_ff:lpm_ff_component|dffs[1]                                         ; |cache_top_level|cache_set_2_way:inst1|cache_line_bank:inst1|lpm_dff1:inst2|lpm_ff:lpm_ff_component|dffs[1]                                         ; regout           ;
; |cache_top_level|cache_set_2_way:inst1|cache_line_bank:inst1|lpm_dff1:inst2|lpm_ff:lpm_ff_component|dffs[0]                                         ; |cache_top_level|cache_set_2_way:inst1|cache_line_bank:inst1|lpm_dff1:inst2|lpm_ff:lpm_ff_component|dffs[0]                                         ; regout           ;
; |cache_top_level|cache_set_2_way:inst1|cache_line_bank:inst1|lpm_dff2:inst3|lpm_ff:lpm_ff_component|dffs[7]                                         ; |cache_top_level|cache_set_2_way:inst1|cache_line_bank:inst1|lpm_dff2:inst3|lpm_ff:lpm_ff_component|dffs[7]                                         ; regout           ;
; |cache_top_level|cache_set_2_way:inst1|cache_line_bank:inst1|lpm_dff2:inst3|lpm_ff:lpm_ff_component|dffs[6]                                         ; |cache_top_level|cache_set_2_way:inst1|cache_line_bank:inst1|lpm_dff2:inst3|lpm_ff:lpm_ff_component|dffs[6]                                         ; regout           ;
; |cache_top_level|cache_set_2_way:inst1|cache_line_bank:inst1|lpm_dff2:inst3|lpm_ff:lpm_ff_component|dffs[5]                                         ; |cache_top_level|cache_set_2_way:inst1|cache_line_bank:inst1|lpm_dff2:inst3|lpm_ff:lpm_ff_component|dffs[5]                                         ; regout           ;
; |cache_top_level|cache_set_2_way:inst1|cache_line_bank:inst1|lpm_dff2:inst3|lpm_ff:lpm_ff_component|dffs[3]                                         ; |cache_top_level|cache_set_2_way:inst1|cache_line_bank:inst1|lpm_dff2:inst3|lpm_ff:lpm_ff_component|dffs[3]                                         ; regout           ;
; |cache_top_level|cache_set_2_way:inst1|cache_line_bank:inst1|lpm_dff2:inst3|lpm_ff:lpm_ff_component|dffs[1]                                         ; |cache_top_level|cache_set_2_way:inst1|cache_line_bank:inst1|lpm_dff2:inst3|lpm_ff:lpm_ff_component|dffs[1]                                         ; regout           ;
; |cache_top_level|cache_set_2_way:inst1|cache_line_bank:inst1|lpm_mux0:inst6|lpm_mux:lpm_mux_component|mux_94e:auto_generated|l1_w0_n0_mux_dataout~0 ; |cache_top_level|cache_set_2_way:inst1|cache_line_bank:inst1|lpm_mux0:inst6|lpm_mux:lpm_mux_component|mux_94e:auto_generated|l1_w0_n0_mux_dataout~0 ; out0             ;
; |cache_top_level|cache_set_2_way:inst1|cache_line_bank:inst1|lpm_mux0:inst6|lpm_mux:lpm_mux_component|mux_94e:auto_generated|l1_w1_n0_mux_dataout~0 ; |cache_top_level|cache_set_2_way:inst1|cache_line_bank:inst1|lpm_mux0:inst6|lpm_mux:lpm_mux_component|mux_94e:auto_generated|l1_w1_n0_mux_dataout~0 ; out0             ;
; |cache_top_level|cache_set_2_way:inst1|cache_line_bank:inst1|lpm_mux0:inst6|lpm_mux:lpm_mux_component|mux_94e:auto_generated|l1_w1_n0_mux_dataout~1 ; |cache_top_level|cache_set_2_way:inst1|cache_line_bank:inst1|lpm_mux0:inst6|lpm_mux:lpm_mux_component|mux_94e:auto_generated|l1_w1_n0_mux_dataout~1 ; out0             ;
; |cache_top_level|cache_set_2_way:inst1|cache_line_bank:inst1|lpm_mux0:inst6|lpm_mux:lpm_mux_component|mux_94e:auto_generated|l1_w1_n0_mux_dataout   ; |cache_top_level|cache_set_2_way:inst1|cache_line_bank:inst1|lpm_mux0:inst6|lpm_mux:lpm_mux_component|mux_94e:auto_generated|l1_w1_n0_mux_dataout   ; out0             ;
; |cache_top_level|cache_set_2_way:inst1|cache_line_bank:inst1|lpm_mux0:inst6|lpm_mux:lpm_mux_component|mux_94e:auto_generated|l1_w2_n0_mux_dataout~0 ; |cache_top_level|cache_set_2_way:inst1|cache_line_bank:inst1|lpm_mux0:inst6|lpm_mux:lpm_mux_component|mux_94e:auto_generated|l1_w2_n0_mux_dataout~0 ; out0             ;
; |cache_top_level|cache_set_2_way:inst1|cache_line_bank:inst1|lpm_mux0:inst6|lpm_mux:lpm_mux_component|mux_94e:auto_generated|l1_w3_n0_mux_dataout~0 ; |cache_top_level|cache_set_2_way:inst1|cache_line_bank:inst1|lpm_mux0:inst6|lpm_mux:lpm_mux_component|mux_94e:auto_generated|l1_w3_n0_mux_dataout~0 ; out0             ;
; |cache_top_level|cache_set_2_way:inst1|cache_line_bank:inst1|lpm_mux0:inst6|lpm_mux:lpm_mux_component|mux_94e:auto_generated|l1_w3_n0_mux_dataout~1 ; |cache_top_level|cache_set_2_way:inst1|cache_line_bank:inst1|lpm_mux0:inst6|lpm_mux:lpm_mux_component|mux_94e:auto_generated|l1_w3_n0_mux_dataout~1 ; out0             ;
; |cache_top_level|cache_set_2_way:inst1|cache_line_bank:inst1|lpm_mux0:inst6|lpm_mux:lpm_mux_component|mux_94e:auto_generated|l1_w3_n0_mux_dataout   ; |cache_top_level|cache_set_2_way:inst1|cache_line_bank:inst1|lpm_mux0:inst6|lpm_mux:lpm_mux_component|mux_94e:auto_generated|l1_w3_n0_mux_dataout   ; out0             ;
; |cache_top_level|cache_set_2_way:inst1|cache_line_bank:inst1|lpm_mux0:inst6|lpm_mux:lpm_mux_component|mux_94e:auto_generated|l1_w5_n0_mux_dataout~0 ; |cache_top_level|cache_set_2_way:inst1|cache_line_bank:inst1|lpm_mux0:inst6|lpm_mux:lpm_mux_component|mux_94e:auto_generated|l1_w5_n0_mux_dataout~0 ; out0             ;
; |cache_top_level|cache_set_2_way:inst1|cache_line_bank:inst1|lpm_mux0:inst6|lpm_mux:lpm_mux_component|mux_94e:auto_generated|l1_w5_n0_mux_dataout~1 ; |cache_top_level|cache_set_2_way:inst1|cache_line_bank:inst1|lpm_mux0:inst6|lpm_mux:lpm_mux_component|mux_94e:auto_generated|l1_w5_n0_mux_dataout~1 ; out0             ;
; |cache_top_level|cache_set_2_way:inst1|cache_line_bank:inst1|lpm_mux0:inst6|lpm_mux:lpm_mux_component|mux_94e:auto_generated|l1_w5_n0_mux_dataout   ; |cache_top_level|cache_set_2_way:inst1|cache_line_bank:inst1|lpm_mux0:inst6|lpm_mux:lpm_mux_component|mux_94e:auto_generated|l1_w5_n0_mux_dataout   ; out0             ;
; |cache_top_level|cache_set_2_way:inst1|cache_line_bank:inst1|lpm_mux0:inst6|lpm_mux:lpm_mux_component|mux_94e:auto_generated|l1_w6_n0_mux_dataout~0 ; |cache_top_level|cache_set_2_way:inst1|cache_line_bank:inst1|lpm_mux0:inst6|lpm_mux:lpm_mux_component|mux_94e:auto_generated|l1_w6_n0_mux_dataout~0 ; out0             ;
; |cache_top_level|cache_set_2_way:inst1|cache_line_bank:inst1|lpm_mux0:inst6|lpm_mux:lpm_mux_component|mux_94e:auto_generated|l1_w6_n0_mux_dataout~1 ; |cache_top_level|cache_set_2_way:inst1|cache_line_bank:inst1|lpm_mux0:inst6|lpm_mux:lpm_mux_component|mux_94e:auto_generated|l1_w6_n0_mux_dataout~1 ; out0             ;
; |cache_top_level|cache_set_2_way:inst1|cache_line_bank:inst1|lpm_mux0:inst6|lpm_mux:lpm_mux_component|mux_94e:auto_generated|l1_w6_n0_mux_dataout   ; |cache_top_level|cache_set_2_way:inst1|cache_line_bank:inst1|lpm_mux0:inst6|lpm_mux:lpm_mux_component|mux_94e:auto_generated|l1_w6_n0_mux_dataout   ; out0             ;
; |cache_top_level|cache_set_2_way:inst1|cache_line_bank:inst1|lpm_mux0:inst6|lpm_mux:lpm_mux_component|mux_94e:auto_generated|l1_w7_n0_mux_dataout~0 ; |cache_top_level|cache_set_2_way:inst1|cache_line_bank:inst1|lpm_mux0:inst6|lpm_mux:lpm_mux_component|mux_94e:auto_generated|l1_w7_n0_mux_dataout~0 ; out0             ;
; |cache_top_level|cache_set_2_way:inst1|cache_line_bank:inst1|lpm_mux0:inst6|lpm_mux:lpm_mux_component|mux_94e:auto_generated|l1_w7_n0_mux_dataout~1 ; |cache_top_level|cache_set_2_way:inst1|cache_line_bank:inst1|lpm_mux0:inst6|lpm_mux:lpm_mux_component|mux_94e:auto_generated|l1_w7_n0_mux_dataout~1 ; out0             ;
; |cache_top_level|cache_set_2_way:inst1|cache_line_bank:inst1|lpm_mux0:inst6|lpm_mux:lpm_mux_component|mux_94e:auto_generated|l1_w7_n0_mux_dataout   ; |cache_top_level|cache_set_2_way:inst1|cache_line_bank:inst1|lpm_mux0:inst6|lpm_mux:lpm_mux_component|mux_94e:auto_generated|l1_w7_n0_mux_dataout   ; out0             ;
; |cache_top_level|cache_set_2_way:inst1|cache_line_bank:inst1|lpm_dff0:inst|lpm_ff:lpm_ff_component|dffs[4]                                          ; |cache_top_level|cache_set_2_way:inst1|cache_line_bank:inst1|lpm_dff0:inst|lpm_ff:lpm_ff_component|dffs[4]                                          ; regout           ;
; |cache_top_level|cache_set_2_way:inst1|cache_line_bank:inst1|lpm_dff0:inst|lpm_ff:lpm_ff_component|dffs[3]                                          ; |cache_top_level|cache_set_2_way:inst1|cache_line_bank:inst1|lpm_dff0:inst|lpm_ff:lpm_ff_component|dffs[3]                                          ; regout           ;
; |cache_top_level|cache_set_2_way:inst1|cache_line_bank:inst1|lpm_dff0:inst|lpm_ff:lpm_ff_component|dffs[0]                                          ; |cache_top_level|cache_set_2_way:inst1|cache_line_bank:inst1|lpm_dff0:inst|lpm_ff:lpm_ff_component|dffs[0]                                          ; regout           ;
; |cache_top_level|cache_set_2_way:inst3|lpm_mux1:inst9|lpm_mux:lpm_mux_component|mux_94e:auto_generated|l1_w0_n0_mux_dataout~0                       ; |cache_top_level|cache_set_2_way:inst3|lpm_mux1:inst9|lpm_mux:lpm_mux_component|mux_94e:auto_generated|l1_w0_n0_mux_dataout~0                       ; out0             ;
; |cache_top_level|cache_set_2_way:inst3|lpm_mux1:inst9|lpm_mux:lpm_mux_component|mux_94e:auto_generated|l1_w1_n0_mux_dataout~0                       ; |cache_top_level|cache_set_2_way:inst3|lpm_mux1:inst9|lpm_mux:lpm_mux_component|mux_94e:auto_generated|l1_w1_n0_mux_dataout~0                       ; out0             ;
; |cache_top_level|cache_set_2_way:inst3|lpm_mux1:inst9|lpm_mux:lpm_mux_component|mux_94e:auto_generated|l1_w2_n0_mux_dataout~0                       ; |cache_top_level|cache_set_2_way:inst3|lpm_mux1:inst9|lpm_mux:lpm_mux_component|mux_94e:auto_generated|l1_w2_n0_mux_dataout~0                       ; out0             ;
; |cache_top_level|cache_set_2_way:inst3|lpm_mux1:inst9|lpm_mux:lpm_mux_component|mux_94e:auto_generated|l1_w3_n0_mux_dataout~0                       ; |cache_top_level|cache_set_2_way:inst3|lpm_mux1:inst9|lpm_mux:lpm_mux_component|mux_94e:auto_generated|l1_w3_n0_mux_dataout~0                       ; out0             ;
; |cache_top_level|cache_set_2_way:inst3|lpm_mux1:inst9|lpm_mux:lpm_mux_component|mux_94e:auto_generated|l1_w4_n0_mux_dataout~0                       ; |cache_top_level|cache_set_2_way:inst3|lpm_mux1:inst9|lpm_mux:lpm_mux_component|mux_94e:auto_generated|l1_w4_n0_mux_dataout~0                       ; out0             ;
; |cache_top_level|cache_set_2_way:inst3|lpm_mux1:inst9|lpm_mux:lpm_mux_component|mux_94e:auto_generated|l1_w5_n0_mux_dataout~0                       ; |cache_top_level|cache_set_2_way:inst3|lpm_mux1:inst9|lpm_mux:lpm_mux_component|mux_94e:auto_generated|l1_w5_n0_mux_dataout~0                       ; out0             ;
; |cache_top_level|cache_set_2_way:inst3|lpm_mux1:inst9|lpm_mux:lpm_mux_component|mux_94e:auto_generated|l1_w5_n0_mux_dataout~1                       ; |cache_top_level|cache_set_2_way:inst3|lpm_mux1:inst9|lpm_mux:lpm_mux_component|mux_94e:auto_generated|l1_w5_n0_mux_dataout~1                       ; out0             ;
; |cache_top_level|cache_set_2_way:inst3|lpm_mux1:inst9|lpm_mux:lpm_mux_component|mux_94e:auto_generated|l1_w5_n0_mux_dataout                         ; |cache_top_level|cache_set_2_way:inst3|lpm_mux1:inst9|lpm_mux:lpm_mux_component|mux_94e:auto_generated|l1_w5_n0_mux_dataout                         ; out0             ;
; |cache_top_level|cache_set_2_way:inst3|lpm_mux1:inst9|lpm_mux:lpm_mux_component|mux_94e:auto_generated|l1_w6_n0_mux_dataout~0                       ; |cache_top_level|cache_set_2_way:inst3|lpm_mux1:inst9|lpm_mux:lpm_mux_component|mux_94e:auto_generated|l1_w6_n0_mux_dataout~0                       ; out0             ;
; |cache_top_level|cache_set_2_way:inst3|lpm_mux1:inst9|lpm_mux:lpm_mux_component|mux_94e:auto_generated|l1_w6_n0_mux_dataout~1                       ; |cache_top_level|cache_set_2_way:inst3|lpm_mux1:inst9|lpm_mux:lpm_mux_component|mux_94e:auto_generated|l1_w6_n0_mux_dataout~1                       ; out0             ;
; |cache_top_level|cache_set_2_way:inst3|lpm_mux1:inst9|lpm_mux:lpm_mux_component|mux_94e:auto_generated|l1_w6_n0_mux_dataout                         ; |cache_top_level|cache_set_2_way:inst3|lpm_mux1:inst9|lpm_mux:lpm_mux_component|mux_94e:auto_generated|l1_w6_n0_mux_dataout                         ; out0             ;
; |cache_top_level|cache_set_2_way:inst3|lpm_mux1:inst9|lpm_mux:lpm_mux_component|mux_94e:auto_generated|l1_w7_n0_mux_dataout~0                       ; |cache_top_level|cache_set_2_way:inst3|lpm_mux1:inst9|lpm_mux:lpm_mux_component|mux_94e:auto_generated|l1_w7_n0_mux_dataout~0                       ; out0             ;
; |cache_top_level|cache_set_2_way:inst3|lpm_mux1:inst9|lpm_mux:lpm_mux_component|mux_94e:auto_generated|l1_w7_n0_mux_dataout~1                       ; |cache_top_level|cache_set_2_way:inst3|lpm_mux1:inst9|lpm_mux:lpm_mux_component|mux_94e:auto_generated|l1_w7_n0_mux_dataout~1                       ; out0             ;
; |cache_top_level|cache_set_2_way:inst3|lpm_mux1:inst9|lpm_mux:lpm_mux_component|mux_94e:auto_generated|l1_w7_n0_mux_dataout                         ; |cache_top_level|cache_set_2_way:inst3|lpm_mux1:inst9|lpm_mux:lpm_mux_component|mux_94e:auto_generated|l1_w7_n0_mux_dataout                         ; out0             ;
; |cache_top_level|cache_set_2_way:inst3|cache_line_bank:inst|inst4                                                                                   ; |cache_top_level|cache_set_2_way:inst3|cache_line_bank:inst|inst4                                                                                   ; out0             ;
; |cache_top_level|cache_set_2_way:inst3|cache_line_bank:inst|lpm_dff1:inst2|lpm_ff:lpm_ff_component|dffs[7]                                          ; |cache_top_level|cache_set_2_way:inst3|cache_line_bank:inst|lpm_dff1:inst2|lpm_ff:lpm_ff_component|dffs[7]                                          ; regout           ;
; |cache_top_level|cache_set_2_way:inst3|cache_line_bank:inst|lpm_dff1:inst2|lpm_ff:lpm_ff_component|dffs[6]                                          ; |cache_top_level|cache_set_2_way:inst3|cache_line_bank:inst|lpm_dff1:inst2|lpm_ff:lpm_ff_component|dffs[6]                                          ; regout           ;
; |cache_top_level|cache_set_2_way:inst3|cache_line_bank:inst|lpm_dff1:inst2|lpm_ff:lpm_ff_component|dffs[5]                                          ; |cache_top_level|cache_set_2_way:inst3|cache_line_bank:inst|lpm_dff1:inst2|lpm_ff:lpm_ff_component|dffs[5]                                          ; regout           ;
; |cache_top_level|cache_set_2_way:inst3|cache_line_bank:inst|lpm_dff1:inst2|lpm_ff:lpm_ff_component|dffs[4]                                          ; |cache_top_level|cache_set_2_way:inst3|cache_line_bank:inst|lpm_dff1:inst2|lpm_ff:lpm_ff_component|dffs[4]                                          ; regout           ;
; |cache_top_level|cache_set_2_way:inst3|cache_line_bank:inst|lpm_dff1:inst2|lpm_ff:lpm_ff_component|dffs[3]                                          ; |cache_top_level|cache_set_2_way:inst3|cache_line_bank:inst|lpm_dff1:inst2|lpm_ff:lpm_ff_component|dffs[3]                                          ; regout           ;
; |cache_top_level|cache_set_2_way:inst3|cache_line_bank:inst|lpm_dff1:inst2|lpm_ff:lpm_ff_component|dffs[2]                                          ; |cache_top_level|cache_set_2_way:inst3|cache_line_bank:inst|lpm_dff1:inst2|lpm_ff:lpm_ff_component|dffs[2]                                          ; regout           ;
; |cache_top_level|cache_set_2_way:inst3|cache_line_bank:inst|lpm_dff1:inst2|lpm_ff:lpm_ff_component|dffs[1]                                          ; |cache_top_level|cache_set_2_way:inst3|cache_line_bank:inst|lpm_dff1:inst2|lpm_ff:lpm_ff_component|dffs[1]                                          ; regout           ;
; |cache_top_level|cache_set_2_way:inst3|cache_line_bank:inst|lpm_dff1:inst2|lpm_ff:lpm_ff_component|dffs[0]                                          ; |cache_top_level|cache_set_2_way:inst3|cache_line_bank:inst|lpm_dff1:inst2|lpm_ff:lpm_ff_component|dffs[0]                                          ; regout           ;
; |cache_top_level|cache_set_2_way:inst3|cache_line_bank:inst|lpm_dff2:inst3|lpm_ff:lpm_ff_component|dffs[7]                                          ; |cache_top_level|cache_set_2_way:inst3|cache_line_bank:inst|lpm_dff2:inst3|lpm_ff:lpm_ff_component|dffs[7]                                          ; regout           ;
; |cache_top_level|cache_set_2_way:inst3|cache_line_bank:inst|lpm_dff2:inst3|lpm_ff:lpm_ff_component|dffs[6]                                          ; |cache_top_level|cache_set_2_way:inst3|cache_line_bank:inst|lpm_dff2:inst3|lpm_ff:lpm_ff_component|dffs[6]                                          ; regout           ;
; |cache_top_level|cache_set_2_way:inst3|cache_line_bank:inst|lpm_dff2:inst3|lpm_ff:lpm_ff_component|dffs[5]                                          ; |cache_top_level|cache_set_2_way:inst3|cache_line_bank:inst|lpm_dff2:inst3|lpm_ff:lpm_ff_component|dffs[5]                                          ; regout           ;
; |cache_top_level|cache_set_2_way:inst3|cache_line_bank:inst|lpm_dff2:inst3|lpm_ff:lpm_ff_component|dffs[4]                                          ; |cache_top_level|cache_set_2_way:inst3|cache_line_bank:inst|lpm_dff2:inst3|lpm_ff:lpm_ff_component|dffs[4]                                          ; regout           ;
; |cache_top_level|cache_set_2_way:inst3|cache_line_bank:inst|lpm_dff2:inst3|lpm_ff:lpm_ff_component|dffs[3]                                          ; |cache_top_level|cache_set_2_way:inst3|cache_line_bank:inst|lpm_dff2:inst3|lpm_ff:lpm_ff_component|dffs[3]                                          ; regout           ;
; |cache_top_level|cache_set_2_way:inst3|cache_line_bank:inst|lpm_dff2:inst3|lpm_ff:lpm_ff_component|dffs[2]                                          ; |cache_top_level|cache_set_2_way:inst3|cache_line_bank:inst|lpm_dff2:inst3|lpm_ff:lpm_ff_component|dffs[2]                                          ; regout           ;
; |cache_top_level|cache_set_2_way:inst3|cache_line_bank:inst|lpm_dff2:inst3|lpm_ff:lpm_ff_component|dffs[1]                                          ; |cache_top_level|cache_set_2_way:inst3|cache_line_bank:inst|lpm_dff2:inst3|lpm_ff:lpm_ff_component|dffs[1]                                          ; regout           ;
; |cache_top_level|cache_set_2_way:inst3|cache_line_bank:inst|lpm_dff2:inst3|lpm_ff:lpm_ff_component|dffs[0]                                          ; |cache_top_level|cache_set_2_way:inst3|cache_line_bank:inst|lpm_dff2:inst3|lpm_ff:lpm_ff_component|dffs[0]                                          ; regout           ;
; |cache_top_level|cache_set_2_way:inst3|cache_line_bank:inst|lpm_mux0:inst6|lpm_mux:lpm_mux_component|mux_94e:auto_generated|l1_w0_n0_mux_dataout~0  ; |cache_top_level|cache_set_2_way:inst3|cache_line_bank:inst|lpm_mux0:inst6|lpm_mux:lpm_mux_component|mux_94e:auto_generated|l1_w0_n0_mux_dataout~0  ; out0             ;
; |cache_top_level|cache_set_2_way:inst3|cache_line_bank:inst|lpm_mux0:inst6|lpm_mux:lpm_mux_component|mux_94e:auto_generated|l1_w0_n0_mux_dataout~1  ; |cache_top_level|cache_set_2_way:inst3|cache_line_bank:inst|lpm_mux0:inst6|lpm_mux:lpm_mux_component|mux_94e:auto_generated|l1_w0_n0_mux_dataout~1  ; out0             ;
; |cache_top_level|cache_set_2_way:inst3|cache_line_bank:inst|lpm_mux0:inst6|lpm_mux:lpm_mux_component|mux_94e:auto_generated|l1_w0_n0_mux_dataout    ; |cache_top_level|cache_set_2_way:inst3|cache_line_bank:inst|lpm_mux0:inst6|lpm_mux:lpm_mux_component|mux_94e:auto_generated|l1_w0_n0_mux_dataout    ; out0             ;
; |cache_top_level|cache_set_2_way:inst3|cache_line_bank:inst|lpm_mux0:inst6|lpm_mux:lpm_mux_component|mux_94e:auto_generated|l1_w1_n0_mux_dataout~0  ; |cache_top_level|cache_set_2_way:inst3|cache_line_bank:inst|lpm_mux0:inst6|lpm_mux:lpm_mux_component|mux_94e:auto_generated|l1_w1_n0_mux_dataout~0  ; out0             ;
; |cache_top_level|cache_set_2_way:inst3|cache_line_bank:inst|lpm_mux0:inst6|lpm_mux:lpm_mux_component|mux_94e:auto_generated|l1_w1_n0_mux_dataout~1  ; |cache_top_level|cache_set_2_way:inst3|cache_line_bank:inst|lpm_mux0:inst6|lpm_mux:lpm_mux_component|mux_94e:auto_generated|l1_w1_n0_mux_dataout~1  ; out0             ;
; |cache_top_level|cache_set_2_way:inst3|cache_line_bank:inst|lpm_mux0:inst6|lpm_mux:lpm_mux_component|mux_94e:auto_generated|l1_w1_n0_mux_dataout    ; |cache_top_level|cache_set_2_way:inst3|cache_line_bank:inst|lpm_mux0:inst6|lpm_mux:lpm_mux_component|mux_94e:auto_generated|l1_w1_n0_mux_dataout    ; out0             ;
; |cache_top_level|cache_set_2_way:inst3|cache_line_bank:inst|lpm_mux0:inst6|lpm_mux:lpm_mux_component|mux_94e:auto_generated|l1_w2_n0_mux_dataout~0  ; |cache_top_level|cache_set_2_way:inst3|cache_line_bank:inst|lpm_mux0:inst6|lpm_mux:lpm_mux_component|mux_94e:auto_generated|l1_w2_n0_mux_dataout~0  ; out0             ;
; |cache_top_level|cache_set_2_way:inst3|cache_line_bank:inst|lpm_mux0:inst6|lpm_mux:lpm_mux_component|mux_94e:auto_generated|l1_w2_n0_mux_dataout~1  ; |cache_top_level|cache_set_2_way:inst3|cache_line_bank:inst|lpm_mux0:inst6|lpm_mux:lpm_mux_component|mux_94e:auto_generated|l1_w2_n0_mux_dataout~1  ; out0             ;
; |cache_top_level|cache_set_2_way:inst3|cache_line_bank:inst|lpm_mux0:inst6|lpm_mux:lpm_mux_component|mux_94e:auto_generated|l1_w2_n0_mux_dataout    ; |cache_top_level|cache_set_2_way:inst3|cache_line_bank:inst|lpm_mux0:inst6|lpm_mux:lpm_mux_component|mux_94e:auto_generated|l1_w2_n0_mux_dataout    ; out0             ;
; |cache_top_level|cache_set_2_way:inst3|cache_line_bank:inst|lpm_mux0:inst6|lpm_mux:lpm_mux_component|mux_94e:auto_generated|l1_w3_n0_mux_dataout~0  ; |cache_top_level|cache_set_2_way:inst3|cache_line_bank:inst|lpm_mux0:inst6|lpm_mux:lpm_mux_component|mux_94e:auto_generated|l1_w3_n0_mux_dataout~0  ; out0             ;
; |cache_top_level|cache_set_2_way:inst3|cache_line_bank:inst|lpm_mux0:inst6|lpm_mux:lpm_mux_component|mux_94e:auto_generated|l1_w3_n0_mux_dataout~1  ; |cache_top_level|cache_set_2_way:inst3|cache_line_bank:inst|lpm_mux0:inst6|lpm_mux:lpm_mux_component|mux_94e:auto_generated|l1_w3_n0_mux_dataout~1  ; out0             ;
; |cache_top_level|cache_set_2_way:inst3|cache_line_bank:inst|lpm_mux0:inst6|lpm_mux:lpm_mux_component|mux_94e:auto_generated|l1_w3_n0_mux_dataout    ; |cache_top_level|cache_set_2_way:inst3|cache_line_bank:inst|lpm_mux0:inst6|lpm_mux:lpm_mux_component|mux_94e:auto_generated|l1_w3_n0_mux_dataout    ; out0             ;
; |cache_top_level|cache_set_2_way:inst3|cache_line_bank:inst|lpm_mux0:inst6|lpm_mux:lpm_mux_component|mux_94e:auto_generated|l1_w4_n0_mux_dataout~0  ; |cache_top_level|cache_set_2_way:inst3|cache_line_bank:inst|lpm_mux0:inst6|lpm_mux:lpm_mux_component|mux_94e:auto_generated|l1_w4_n0_mux_dataout~0  ; out0             ;
; |cache_top_level|cache_set_2_way:inst3|cache_line_bank:inst|lpm_mux0:inst6|lpm_mux:lpm_mux_component|mux_94e:auto_generated|l1_w4_n0_mux_dataout~1  ; |cache_top_level|cache_set_2_way:inst3|cache_line_bank:inst|lpm_mux0:inst6|lpm_mux:lpm_mux_component|mux_94e:auto_generated|l1_w4_n0_mux_dataout~1  ; out0             ;
; |cache_top_level|cache_set_2_way:inst3|cache_line_bank:inst|lpm_mux0:inst6|lpm_mux:lpm_mux_component|mux_94e:auto_generated|l1_w4_n0_mux_dataout    ; |cache_top_level|cache_set_2_way:inst3|cache_line_bank:inst|lpm_mux0:inst6|lpm_mux:lpm_mux_component|mux_94e:auto_generated|l1_w4_n0_mux_dataout    ; out0             ;
; |cache_top_level|cache_set_2_way:inst3|cache_line_bank:inst|lpm_mux0:inst6|lpm_mux:lpm_mux_component|mux_94e:auto_generated|l1_w5_n0_mux_dataout~0  ; |cache_top_level|cache_set_2_way:inst3|cache_line_bank:inst|lpm_mux0:inst6|lpm_mux:lpm_mux_component|mux_94e:auto_generated|l1_w5_n0_mux_dataout~0  ; out0             ;
; |cache_top_level|cache_set_2_way:inst3|cache_line_bank:inst|lpm_mux0:inst6|lpm_mux:lpm_mux_component|mux_94e:auto_generated|l1_w5_n0_mux_dataout~1  ; |cache_top_level|cache_set_2_way:inst3|cache_line_bank:inst|lpm_mux0:inst6|lpm_mux:lpm_mux_component|mux_94e:auto_generated|l1_w5_n0_mux_dataout~1  ; out0             ;
; |cache_top_level|cache_set_2_way:inst3|cache_line_bank:inst|lpm_mux0:inst6|lpm_mux:lpm_mux_component|mux_94e:auto_generated|l1_w5_n0_mux_dataout    ; |cache_top_level|cache_set_2_way:inst3|cache_line_bank:inst|lpm_mux0:inst6|lpm_mux:lpm_mux_component|mux_94e:auto_generated|l1_w5_n0_mux_dataout    ; out0             ;
; |cache_top_level|cache_set_2_way:inst3|cache_line_bank:inst|lpm_mux0:inst6|lpm_mux:lpm_mux_component|mux_94e:auto_generated|l1_w6_n0_mux_dataout~0  ; |cache_top_level|cache_set_2_way:inst3|cache_line_bank:inst|lpm_mux0:inst6|lpm_mux:lpm_mux_component|mux_94e:auto_generated|l1_w6_n0_mux_dataout~0  ; out0             ;
; |cache_top_level|cache_set_2_way:inst3|cache_line_bank:inst|lpm_mux0:inst6|lpm_mux:lpm_mux_component|mux_94e:auto_generated|l1_w6_n0_mux_dataout~1  ; |cache_top_level|cache_set_2_way:inst3|cache_line_bank:inst|lpm_mux0:inst6|lpm_mux:lpm_mux_component|mux_94e:auto_generated|l1_w6_n0_mux_dataout~1  ; out0             ;
; |cache_top_level|cache_set_2_way:inst3|cache_line_bank:inst|lpm_mux0:inst6|lpm_mux:lpm_mux_component|mux_94e:auto_generated|l1_w6_n0_mux_dataout    ; |cache_top_level|cache_set_2_way:inst3|cache_line_bank:inst|lpm_mux0:inst6|lpm_mux:lpm_mux_component|mux_94e:auto_generated|l1_w6_n0_mux_dataout    ; out0             ;
; |cache_top_level|cache_set_2_way:inst3|cache_line_bank:inst|lpm_mux0:inst6|lpm_mux:lpm_mux_component|mux_94e:auto_generated|l1_w7_n0_mux_dataout~0  ; |cache_top_level|cache_set_2_way:inst3|cache_line_bank:inst|lpm_mux0:inst6|lpm_mux:lpm_mux_component|mux_94e:auto_generated|l1_w7_n0_mux_dataout~0  ; out0             ;
; |cache_top_level|cache_set_2_way:inst3|cache_line_bank:inst|lpm_mux0:inst6|lpm_mux:lpm_mux_component|mux_94e:auto_generated|l1_w7_n0_mux_dataout~1  ; |cache_top_level|cache_set_2_way:inst3|cache_line_bank:inst|lpm_mux0:inst6|lpm_mux:lpm_mux_component|mux_94e:auto_generated|l1_w7_n0_mux_dataout~1  ; out0             ;
; |cache_top_level|cache_set_2_way:inst3|cache_line_bank:inst|lpm_mux0:inst6|lpm_mux:lpm_mux_component|mux_94e:auto_generated|l1_w7_n0_mux_dataout    ; |cache_top_level|cache_set_2_way:inst3|cache_line_bank:inst|lpm_mux0:inst6|lpm_mux:lpm_mux_component|mux_94e:auto_generated|l1_w7_n0_mux_dataout    ; out0             ;
; |cache_top_level|cache_set_2_way:inst3|cache_line_bank:inst|lpm_dff0:inst|lpm_ff:lpm_ff_component|dffs[4]                                           ; |cache_top_level|cache_set_2_way:inst3|cache_line_bank:inst|lpm_dff0:inst|lpm_ff:lpm_ff_component|dffs[4]                                           ; regout           ;
; |cache_top_level|cache_set_2_way:inst3|cache_line_bank:inst|lpm_dff0:inst|lpm_ff:lpm_ff_component|dffs[3]                                           ; |cache_top_level|cache_set_2_way:inst3|cache_line_bank:inst|lpm_dff0:inst|lpm_ff:lpm_ff_component|dffs[3]                                           ; regout           ;
; |cache_top_level|cache_set_2_way:inst3|cache_line_bank:inst|lpm_dff0:inst|lpm_ff:lpm_ff_component|dffs[2]                                           ; |cache_top_level|cache_set_2_way:inst3|cache_line_bank:inst|lpm_dff0:inst|lpm_ff:lpm_ff_component|dffs[2]                                           ; regout           ;
; |cache_top_level|cache_set_2_way:inst3|cache_line_bank:inst|lpm_dff0:inst|lpm_ff:lpm_ff_component|dffs[1]                                           ; |cache_top_level|cache_set_2_way:inst3|cache_line_bank:inst|lpm_dff0:inst|lpm_ff:lpm_ff_component|dffs[1]                                           ; regout           ;
; |cache_top_level|cache_set_2_way:inst3|cache_line_bank:inst|lpm_dff0:inst|lpm_ff:lpm_ff_component|dffs[0]                                           ; |cache_top_level|cache_set_2_way:inst3|cache_line_bank:inst|lpm_dff0:inst|lpm_ff:lpm_ff_component|dffs[0]                                           ; regout           ;
; |cache_top_level|cache_set_2_way:inst3|cache_line_bank:inst|lpm_dff3:inst1|lpm_ff:lpm_ff_component|dffs[0]                                          ; |cache_top_level|cache_set_2_way:inst3|cache_line_bank:inst|lpm_dff3:inst1|lpm_ff:lpm_ff_component|dffs[0]                                          ; regout           ;
; |cache_top_level|cache_set_2_way:inst3|cache_line_bank:inst1|lpm_dff1:inst2|lpm_ff:lpm_ff_component|dffs[7]                                         ; |cache_top_level|cache_set_2_way:inst3|cache_line_bank:inst1|lpm_dff1:inst2|lpm_ff:lpm_ff_component|dffs[7]                                         ; regout           ;
; |cache_top_level|cache_set_2_way:inst3|cache_line_bank:inst1|lpm_dff1:inst2|lpm_ff:lpm_ff_component|dffs[6]                                         ; |cache_top_level|cache_set_2_way:inst3|cache_line_bank:inst1|lpm_dff1:inst2|lpm_ff:lpm_ff_component|dffs[6]                                         ; regout           ;
; |cache_top_level|cache_set_2_way:inst3|cache_line_bank:inst1|lpm_dff1:inst2|lpm_ff:lpm_ff_component|dffs[5]                                         ; |cache_top_level|cache_set_2_way:inst3|cache_line_bank:inst1|lpm_dff1:inst2|lpm_ff:lpm_ff_component|dffs[5]                                         ; regout           ;
; |cache_top_level|cache_set_2_way:inst3|cache_line_bank:inst1|lpm_dff1:inst2|lpm_ff:lpm_ff_component|dffs[3]                                         ; |cache_top_level|cache_set_2_way:inst3|cache_line_bank:inst1|lpm_dff1:inst2|lpm_ff:lpm_ff_component|dffs[3]                                         ; regout           ;
; |cache_top_level|cache_set_2_way:inst3|cache_line_bank:inst1|lpm_dff2:inst3|lpm_ff:lpm_ff_component|dffs[7]                                         ; |cache_top_level|cache_set_2_way:inst3|cache_line_bank:inst1|lpm_dff2:inst3|lpm_ff:lpm_ff_component|dffs[7]                                         ; regout           ;
; |cache_top_level|cache_set_2_way:inst3|cache_line_bank:inst1|lpm_dff2:inst3|lpm_ff:lpm_ff_component|dffs[6]                                         ; |cache_top_level|cache_set_2_way:inst3|cache_line_bank:inst1|lpm_dff2:inst3|lpm_ff:lpm_ff_component|dffs[6]                                         ; regout           ;
; |cache_top_level|cache_set_2_way:inst3|cache_line_bank:inst1|lpm_dff2:inst3|lpm_ff:lpm_ff_component|dffs[5]                                         ; |cache_top_level|cache_set_2_way:inst3|cache_line_bank:inst1|lpm_dff2:inst3|lpm_ff:lpm_ff_component|dffs[5]                                         ; regout           ;
; |cache_top_level|cache_set_2_way:inst3|cache_line_bank:inst1|lpm_dff2:inst3|lpm_ff:lpm_ff_component|dffs[2]                                         ; |cache_top_level|cache_set_2_way:inst3|cache_line_bank:inst1|lpm_dff2:inst3|lpm_ff:lpm_ff_component|dffs[2]                                         ; regout           ;
; |cache_top_level|cache_set_2_way:inst3|cache_line_bank:inst1|lpm_dff2:inst3|lpm_ff:lpm_ff_component|dffs[1]                                         ; |cache_top_level|cache_set_2_way:inst3|cache_line_bank:inst1|lpm_dff2:inst3|lpm_ff:lpm_ff_component|dffs[1]                                         ; regout           ;
; |cache_top_level|cache_set_2_way:inst3|cache_line_bank:inst1|lpm_dff2:inst3|lpm_ff:lpm_ff_component|dffs[0]                                         ; |cache_top_level|cache_set_2_way:inst3|cache_line_bank:inst1|lpm_dff2:inst3|lpm_ff:lpm_ff_component|dffs[0]                                         ; regout           ;
; |cache_top_level|cache_set_2_way:inst3|cache_line_bank:inst1|lpm_mux0:inst6|lpm_mux:lpm_mux_component|mux_94e:auto_generated|l1_w0_n0_mux_dataout~1 ; |cache_top_level|cache_set_2_way:inst3|cache_line_bank:inst1|lpm_mux0:inst6|lpm_mux:lpm_mux_component|mux_94e:auto_generated|l1_w0_n0_mux_dataout~1 ; out0             ;
; |cache_top_level|cache_set_2_way:inst3|cache_line_bank:inst1|lpm_mux0:inst6|lpm_mux:lpm_mux_component|mux_94e:auto_generated|l1_w1_n0_mux_dataout~1 ; |cache_top_level|cache_set_2_way:inst3|cache_line_bank:inst1|lpm_mux0:inst6|lpm_mux:lpm_mux_component|mux_94e:auto_generated|l1_w1_n0_mux_dataout~1 ; out0             ;
; |cache_top_level|cache_set_2_way:inst3|cache_line_bank:inst1|lpm_mux0:inst6|lpm_mux:lpm_mux_component|mux_94e:auto_generated|l1_w2_n0_mux_dataout~1 ; |cache_top_level|cache_set_2_way:inst3|cache_line_bank:inst1|lpm_mux0:inst6|lpm_mux:lpm_mux_component|mux_94e:auto_generated|l1_w2_n0_mux_dataout~1 ; out0             ;
; |cache_top_level|cache_set_2_way:inst3|cache_line_bank:inst1|lpm_mux0:inst6|lpm_mux:lpm_mux_component|mux_94e:auto_generated|l1_w3_n0_mux_dataout~0 ; |cache_top_level|cache_set_2_way:inst3|cache_line_bank:inst1|lpm_mux0:inst6|lpm_mux:lpm_mux_component|mux_94e:auto_generated|l1_w3_n0_mux_dataout~0 ; out0             ;
; |cache_top_level|cache_set_2_way:inst3|cache_line_bank:inst1|lpm_mux0:inst6|lpm_mux:lpm_mux_component|mux_94e:auto_generated|l1_w5_n0_mux_dataout~0 ; |cache_top_level|cache_set_2_way:inst3|cache_line_bank:inst1|lpm_mux0:inst6|lpm_mux:lpm_mux_component|mux_94e:auto_generated|l1_w5_n0_mux_dataout~0 ; out0             ;
; |cache_top_level|cache_set_2_way:inst3|cache_line_bank:inst1|lpm_mux0:inst6|lpm_mux:lpm_mux_component|mux_94e:auto_generated|l1_w5_n0_mux_dataout~1 ; |cache_top_level|cache_set_2_way:inst3|cache_line_bank:inst1|lpm_mux0:inst6|lpm_mux:lpm_mux_component|mux_94e:auto_generated|l1_w5_n0_mux_dataout~1 ; out0             ;
; |cache_top_level|cache_set_2_way:inst3|cache_line_bank:inst1|lpm_mux0:inst6|lpm_mux:lpm_mux_component|mux_94e:auto_generated|l1_w5_n0_mux_dataout   ; |cache_top_level|cache_set_2_way:inst3|cache_line_bank:inst1|lpm_mux0:inst6|lpm_mux:lpm_mux_component|mux_94e:auto_generated|l1_w5_n0_mux_dataout   ; out0             ;
; |cache_top_level|cache_set_2_way:inst3|cache_line_bank:inst1|lpm_mux0:inst6|lpm_mux:lpm_mux_component|mux_94e:auto_generated|l1_w6_n0_mux_dataout~0 ; |cache_top_level|cache_set_2_way:inst3|cache_line_bank:inst1|lpm_mux0:inst6|lpm_mux:lpm_mux_component|mux_94e:auto_generated|l1_w6_n0_mux_dataout~0 ; out0             ;
; |cache_top_level|cache_set_2_way:inst3|cache_line_bank:inst1|lpm_mux0:inst6|lpm_mux:lpm_mux_component|mux_94e:auto_generated|l1_w6_n0_mux_dataout~1 ; |cache_top_level|cache_set_2_way:inst3|cache_line_bank:inst1|lpm_mux0:inst6|lpm_mux:lpm_mux_component|mux_94e:auto_generated|l1_w6_n0_mux_dataout~1 ; out0             ;
; |cache_top_level|cache_set_2_way:inst3|cache_line_bank:inst1|lpm_mux0:inst6|lpm_mux:lpm_mux_component|mux_94e:auto_generated|l1_w6_n0_mux_dataout   ; |cache_top_level|cache_set_2_way:inst3|cache_line_bank:inst1|lpm_mux0:inst6|lpm_mux:lpm_mux_component|mux_94e:auto_generated|l1_w6_n0_mux_dataout   ; out0             ;
; |cache_top_level|cache_set_2_way:inst3|cache_line_bank:inst1|lpm_mux0:inst6|lpm_mux:lpm_mux_component|mux_94e:auto_generated|l1_w7_n0_mux_dataout~0 ; |cache_top_level|cache_set_2_way:inst3|cache_line_bank:inst1|lpm_mux0:inst6|lpm_mux:lpm_mux_component|mux_94e:auto_generated|l1_w7_n0_mux_dataout~0 ; out0             ;
; |cache_top_level|cache_set_2_way:inst3|cache_line_bank:inst1|lpm_mux0:inst6|lpm_mux:lpm_mux_component|mux_94e:auto_generated|l1_w7_n0_mux_dataout~1 ; |cache_top_level|cache_set_2_way:inst3|cache_line_bank:inst1|lpm_mux0:inst6|lpm_mux:lpm_mux_component|mux_94e:auto_generated|l1_w7_n0_mux_dataout~1 ; out0             ;
; |cache_top_level|cache_set_2_way:inst3|cache_line_bank:inst1|lpm_mux0:inst6|lpm_mux:lpm_mux_component|mux_94e:auto_generated|l1_w7_n0_mux_dataout   ; |cache_top_level|cache_set_2_way:inst3|cache_line_bank:inst1|lpm_mux0:inst6|lpm_mux:lpm_mux_component|mux_94e:auto_generated|l1_w7_n0_mux_dataout   ; out0             ;
; |cache_top_level|cache_set_2_way:inst3|cache_line_bank:inst1|lpm_dff0:inst|lpm_ff:lpm_ff_component|dffs[2]                                          ; |cache_top_level|cache_set_2_way:inst3|cache_line_bank:inst1|lpm_dff0:inst|lpm_ff:lpm_ff_component|dffs[2]                                          ; regout           ;
; |cache_top_level|cache_set_2_way:inst3|cache_line_bank:inst1|lpm_dff0:inst|lpm_ff:lpm_ff_component|dffs[1]                                          ; |cache_top_level|cache_set_2_way:inst3|cache_line_bank:inst1|lpm_dff0:inst|lpm_ff:lpm_ff_component|dffs[1]                                          ; regout           ;
; |cache_top_level|cache_set_2_way:inst2|lpm_mux1:inst9|lpm_mux:lpm_mux_component|mux_94e:auto_generated|l1_w3_n0_mux_dataout~0                       ; |cache_top_level|cache_set_2_way:inst2|lpm_mux1:inst9|lpm_mux:lpm_mux_component|mux_94e:auto_generated|l1_w3_n0_mux_dataout~0                       ; out0             ;
; |cache_top_level|cache_set_2_way:inst2|lpm_mux1:inst9|lpm_mux:lpm_mux_component|mux_94e:auto_generated|l1_w4_n0_mux_dataout~1                       ; |cache_top_level|cache_set_2_way:inst2|lpm_mux1:inst9|lpm_mux:lpm_mux_component|mux_94e:auto_generated|l1_w4_n0_mux_dataout~1                       ; out0             ;
; |cache_top_level|cache_set_2_way:inst2|lpm_mux1:inst9|lpm_mux:lpm_mux_component|mux_94e:auto_generated|l1_w5_n0_mux_dataout~0                       ; |cache_top_level|cache_set_2_way:inst2|lpm_mux1:inst9|lpm_mux:lpm_mux_component|mux_94e:auto_generated|l1_w5_n0_mux_dataout~0                       ; out0             ;
; |cache_top_level|cache_set_2_way:inst2|lpm_mux1:inst9|lpm_mux:lpm_mux_component|mux_94e:auto_generated|l1_w5_n0_mux_dataout~1                       ; |cache_top_level|cache_set_2_way:inst2|lpm_mux1:inst9|lpm_mux:lpm_mux_component|mux_94e:auto_generated|l1_w5_n0_mux_dataout~1                       ; out0             ;
; |cache_top_level|cache_set_2_way:inst2|lpm_mux1:inst9|lpm_mux:lpm_mux_component|mux_94e:auto_generated|l1_w5_n0_mux_dataout                         ; |cache_top_level|cache_set_2_way:inst2|lpm_mux1:inst9|lpm_mux:lpm_mux_component|mux_94e:auto_generated|l1_w5_n0_mux_dataout                         ; out0             ;
; |cache_top_level|cache_set_2_way:inst2|lpm_mux1:inst9|lpm_mux:lpm_mux_component|mux_94e:auto_generated|l1_w6_n0_mux_dataout~0                       ; |cache_top_level|cache_set_2_way:inst2|lpm_mux1:inst9|lpm_mux:lpm_mux_component|mux_94e:auto_generated|l1_w6_n0_mux_dataout~0                       ; out0             ;
; |cache_top_level|cache_set_2_way:inst2|lpm_mux1:inst9|lpm_mux:lpm_mux_component|mux_94e:auto_generated|l1_w6_n0_mux_dataout~1                       ; |cache_top_level|cache_set_2_way:inst2|lpm_mux1:inst9|lpm_mux:lpm_mux_component|mux_94e:auto_generated|l1_w6_n0_mux_dataout~1                       ; out0             ;
; |cache_top_level|cache_set_2_way:inst2|lpm_mux1:inst9|lpm_mux:lpm_mux_component|mux_94e:auto_generated|l1_w6_n0_mux_dataout                         ; |cache_top_level|cache_set_2_way:inst2|lpm_mux1:inst9|lpm_mux:lpm_mux_component|mux_94e:auto_generated|l1_w6_n0_mux_dataout                         ; out0             ;
; |cache_top_level|cache_set_2_way:inst2|lpm_mux1:inst9|lpm_mux:lpm_mux_component|mux_94e:auto_generated|l1_w7_n0_mux_dataout~0                       ; |cache_top_level|cache_set_2_way:inst2|lpm_mux1:inst9|lpm_mux:lpm_mux_component|mux_94e:auto_generated|l1_w7_n0_mux_dataout~0                       ; out0             ;
; |cache_top_level|cache_set_2_way:inst2|lpm_mux1:inst9|lpm_mux:lpm_mux_component|mux_94e:auto_generated|l1_w7_n0_mux_dataout~1                       ; |cache_top_level|cache_set_2_way:inst2|lpm_mux1:inst9|lpm_mux:lpm_mux_component|mux_94e:auto_generated|l1_w7_n0_mux_dataout~1                       ; out0             ;
; |cache_top_level|cache_set_2_way:inst2|lpm_mux1:inst9|lpm_mux:lpm_mux_component|mux_94e:auto_generated|l1_w7_n0_mux_dataout                         ; |cache_top_level|cache_set_2_way:inst2|lpm_mux1:inst9|lpm_mux:lpm_mux_component|mux_94e:auto_generated|l1_w7_n0_mux_dataout                         ; out0             ;
; |cache_top_level|cache_set_2_way:inst2|cache_line_bank:inst|lpm_dff1:inst2|lpm_ff:lpm_ff_component|dffs[7]                                          ; |cache_top_level|cache_set_2_way:inst2|cache_line_bank:inst|lpm_dff1:inst2|lpm_ff:lpm_ff_component|dffs[7]                                          ; regout           ;
; |cache_top_level|cache_set_2_way:inst2|cache_line_bank:inst|lpm_dff1:inst2|lpm_ff:lpm_ff_component|dffs[6]                                          ; |cache_top_level|cache_set_2_way:inst2|cache_line_bank:inst|lpm_dff1:inst2|lpm_ff:lpm_ff_component|dffs[6]                                          ; regout           ;
; |cache_top_level|cache_set_2_way:inst2|cache_line_bank:inst|lpm_dff1:inst2|lpm_ff:lpm_ff_component|dffs[5]                                          ; |cache_top_level|cache_set_2_way:inst2|cache_line_bank:inst|lpm_dff1:inst2|lpm_ff:lpm_ff_component|dffs[5]                                          ; regout           ;
; |cache_top_level|cache_set_2_way:inst2|cache_line_bank:inst|lpm_dff1:inst2|lpm_ff:lpm_ff_component|dffs[3]                                          ; |cache_top_level|cache_set_2_way:inst2|cache_line_bank:inst|lpm_dff1:inst2|lpm_ff:lpm_ff_component|dffs[3]                                          ; regout           ;
; |cache_top_level|cache_set_2_way:inst2|cache_line_bank:inst|lpm_dff1:inst2|lpm_ff:lpm_ff_component|dffs[2]                                          ; |cache_top_level|cache_set_2_way:inst2|cache_line_bank:inst|lpm_dff1:inst2|lpm_ff:lpm_ff_component|dffs[2]                                          ; regout           ;
; |cache_top_level|cache_set_2_way:inst2|cache_line_bank:inst|lpm_dff2:inst3|lpm_ff:lpm_ff_component|dffs[7]                                          ; |cache_top_level|cache_set_2_way:inst2|cache_line_bank:inst|lpm_dff2:inst3|lpm_ff:lpm_ff_component|dffs[7]                                          ; regout           ;
; |cache_top_level|cache_set_2_way:inst2|cache_line_bank:inst|lpm_dff2:inst3|lpm_ff:lpm_ff_component|dffs[6]                                          ; |cache_top_level|cache_set_2_way:inst2|cache_line_bank:inst|lpm_dff2:inst3|lpm_ff:lpm_ff_component|dffs[6]                                          ; regout           ;
; |cache_top_level|cache_set_2_way:inst2|cache_line_bank:inst|lpm_dff2:inst3|lpm_ff:lpm_ff_component|dffs[5]                                          ; |cache_top_level|cache_set_2_way:inst2|cache_line_bank:inst|lpm_dff2:inst3|lpm_ff:lpm_ff_component|dffs[5]                                          ; regout           ;
; |cache_top_level|cache_set_2_way:inst2|cache_line_bank:inst|lpm_dff2:inst3|lpm_ff:lpm_ff_component|dffs[3]                                          ; |cache_top_level|cache_set_2_way:inst2|cache_line_bank:inst|lpm_dff2:inst3|lpm_ff:lpm_ff_component|dffs[3]                                          ; regout           ;
; |cache_top_level|cache_set_2_way:inst2|cache_line_bank:inst|lpm_dff2:inst3|lpm_ff:lpm_ff_component|dffs[1]                                          ; |cache_top_level|cache_set_2_way:inst2|cache_line_bank:inst|lpm_dff2:inst3|lpm_ff:lpm_ff_component|dffs[1]                                          ; regout           ;
; |cache_top_level|cache_set_2_way:inst2|cache_line_bank:inst|lpm_dff2:inst3|lpm_ff:lpm_ff_component|dffs[0]                                          ; |cache_top_level|cache_set_2_way:inst2|cache_line_bank:inst|lpm_dff2:inst3|lpm_ff:lpm_ff_component|dffs[0]                                          ; regout           ;
; |cache_top_level|cache_set_2_way:inst2|cache_line_bank:inst|lpm_mux0:inst6|lpm_mux:lpm_mux_component|mux_94e:auto_generated|l1_w0_n0_mux_dataout~1  ; |cache_top_level|cache_set_2_way:inst2|cache_line_bank:inst|lpm_mux0:inst6|lpm_mux:lpm_mux_component|mux_94e:auto_generated|l1_w0_n0_mux_dataout~1  ; out0             ;
; |cache_top_level|cache_set_2_way:inst2|cache_line_bank:inst|lpm_mux0:inst6|lpm_mux:lpm_mux_component|mux_94e:auto_generated|l1_w1_n0_mux_dataout~1  ; |cache_top_level|cache_set_2_way:inst2|cache_line_bank:inst|lpm_mux0:inst6|lpm_mux:lpm_mux_component|mux_94e:auto_generated|l1_w1_n0_mux_dataout~1  ; out0             ;
; |cache_top_level|cache_set_2_way:inst2|cache_line_bank:inst|lpm_mux0:inst6|lpm_mux:lpm_mux_component|mux_94e:auto_generated|l1_w2_n0_mux_dataout~0  ; |cache_top_level|cache_set_2_way:inst2|cache_line_bank:inst|lpm_mux0:inst6|lpm_mux:lpm_mux_component|mux_94e:auto_generated|l1_w2_n0_mux_dataout~0  ; out0             ;
; |cache_top_level|cache_set_2_way:inst2|cache_line_bank:inst|lpm_mux0:inst6|lpm_mux:lpm_mux_component|mux_94e:auto_generated|l1_w3_n0_mux_dataout~0  ; |cache_top_level|cache_set_2_way:inst2|cache_line_bank:inst|lpm_mux0:inst6|lpm_mux:lpm_mux_component|mux_94e:auto_generated|l1_w3_n0_mux_dataout~0  ; out0             ;
; |cache_top_level|cache_set_2_way:inst2|cache_line_bank:inst|lpm_mux0:inst6|lpm_mux:lpm_mux_component|mux_94e:auto_generated|l1_w3_n0_mux_dataout~1  ; |cache_top_level|cache_set_2_way:inst2|cache_line_bank:inst|lpm_mux0:inst6|lpm_mux:lpm_mux_component|mux_94e:auto_generated|l1_w3_n0_mux_dataout~1  ; out0             ;
; |cache_top_level|cache_set_2_way:inst2|cache_line_bank:inst|lpm_mux0:inst6|lpm_mux:lpm_mux_component|mux_94e:auto_generated|l1_w3_n0_mux_dataout    ; |cache_top_level|cache_set_2_way:inst2|cache_line_bank:inst|lpm_mux0:inst6|lpm_mux:lpm_mux_component|mux_94e:auto_generated|l1_w3_n0_mux_dataout    ; out0             ;
; |cache_top_level|cache_set_2_way:inst2|cache_line_bank:inst|lpm_mux0:inst6|lpm_mux:lpm_mux_component|mux_94e:auto_generated|l1_w5_n0_mux_dataout~0  ; |cache_top_level|cache_set_2_way:inst2|cache_line_bank:inst|lpm_mux0:inst6|lpm_mux:lpm_mux_component|mux_94e:auto_generated|l1_w5_n0_mux_dataout~0  ; out0             ;
; |cache_top_level|cache_set_2_way:inst2|cache_line_bank:inst|lpm_mux0:inst6|lpm_mux:lpm_mux_component|mux_94e:auto_generated|l1_w5_n0_mux_dataout~1  ; |cache_top_level|cache_set_2_way:inst2|cache_line_bank:inst|lpm_mux0:inst6|lpm_mux:lpm_mux_component|mux_94e:auto_generated|l1_w5_n0_mux_dataout~1  ; out0             ;
; |cache_top_level|cache_set_2_way:inst2|cache_line_bank:inst|lpm_mux0:inst6|lpm_mux:lpm_mux_component|mux_94e:auto_generated|l1_w5_n0_mux_dataout    ; |cache_top_level|cache_set_2_way:inst2|cache_line_bank:inst|lpm_mux0:inst6|lpm_mux:lpm_mux_component|mux_94e:auto_generated|l1_w5_n0_mux_dataout    ; out0             ;
; |cache_top_level|cache_set_2_way:inst2|cache_line_bank:inst|lpm_mux0:inst6|lpm_mux:lpm_mux_component|mux_94e:auto_generated|l1_w6_n0_mux_dataout~0  ; |cache_top_level|cache_set_2_way:inst2|cache_line_bank:inst|lpm_mux0:inst6|lpm_mux:lpm_mux_component|mux_94e:auto_generated|l1_w6_n0_mux_dataout~0  ; out0             ;
; |cache_top_level|cache_set_2_way:inst2|cache_line_bank:inst|lpm_mux0:inst6|lpm_mux:lpm_mux_component|mux_94e:auto_generated|l1_w6_n0_mux_dataout~1  ; |cache_top_level|cache_set_2_way:inst2|cache_line_bank:inst|lpm_mux0:inst6|lpm_mux:lpm_mux_component|mux_94e:auto_generated|l1_w6_n0_mux_dataout~1  ; out0             ;
; |cache_top_level|cache_set_2_way:inst2|cache_line_bank:inst|lpm_mux0:inst6|lpm_mux:lpm_mux_component|mux_94e:auto_generated|l1_w6_n0_mux_dataout    ; |cache_top_level|cache_set_2_way:inst2|cache_line_bank:inst|lpm_mux0:inst6|lpm_mux:lpm_mux_component|mux_94e:auto_generated|l1_w6_n0_mux_dataout    ; out0             ;
; |cache_top_level|cache_set_2_way:inst2|cache_line_bank:inst|lpm_mux0:inst6|lpm_mux:lpm_mux_component|mux_94e:auto_generated|l1_w7_n0_mux_dataout~0  ; |cache_top_level|cache_set_2_way:inst2|cache_line_bank:inst|lpm_mux0:inst6|lpm_mux:lpm_mux_component|mux_94e:auto_generated|l1_w7_n0_mux_dataout~0  ; out0             ;
; |cache_top_level|cache_set_2_way:inst2|cache_line_bank:inst|lpm_mux0:inst6|lpm_mux:lpm_mux_component|mux_94e:auto_generated|l1_w7_n0_mux_dataout~1  ; |cache_top_level|cache_set_2_way:inst2|cache_line_bank:inst|lpm_mux0:inst6|lpm_mux:lpm_mux_component|mux_94e:auto_generated|l1_w7_n0_mux_dataout~1  ; out0             ;
; |cache_top_level|cache_set_2_way:inst2|cache_line_bank:inst|lpm_mux0:inst6|lpm_mux:lpm_mux_component|mux_94e:auto_generated|l1_w7_n0_mux_dataout    ; |cache_top_level|cache_set_2_way:inst2|cache_line_bank:inst|lpm_mux0:inst6|lpm_mux:lpm_mux_component|mux_94e:auto_generated|l1_w7_n0_mux_dataout    ; out0             ;
; |cache_top_level|cache_set_2_way:inst2|cache_line_bank:inst|lpm_dff0:inst|lpm_ff:lpm_ff_component|dffs[3]                                           ; |cache_top_level|cache_set_2_way:inst2|cache_line_bank:inst|lpm_dff0:inst|lpm_ff:lpm_ff_component|dffs[3]                                           ; regout           ;
; |cache_top_level|cache_set_2_way:inst2|cache_line_bank:inst|lpm_dff0:inst|lpm_ff:lpm_ff_component|dffs[1]                                           ; |cache_top_level|cache_set_2_way:inst2|cache_line_bank:inst|lpm_dff0:inst|lpm_ff:lpm_ff_component|dffs[1]                                           ; regout           ;
; |cache_top_level|cache_set_2_way:inst2|cache_line_bank:inst1|lpm_dff1:inst2|lpm_ff:lpm_ff_component|dffs[7]                                         ; |cache_top_level|cache_set_2_way:inst2|cache_line_bank:inst1|lpm_dff1:inst2|lpm_ff:lpm_ff_component|dffs[7]                                         ; regout           ;
; |cache_top_level|cache_set_2_way:inst2|cache_line_bank:inst1|lpm_dff1:inst2|lpm_ff:lpm_ff_component|dffs[6]                                         ; |cache_top_level|cache_set_2_way:inst2|cache_line_bank:inst1|lpm_dff1:inst2|lpm_ff:lpm_ff_component|dffs[6]                                         ; regout           ;
; |cache_top_level|cache_set_2_way:inst2|cache_line_bank:inst1|lpm_dff1:inst2|lpm_ff:lpm_ff_component|dffs[5]                                         ; |cache_top_level|cache_set_2_way:inst2|cache_line_bank:inst1|lpm_dff1:inst2|lpm_ff:lpm_ff_component|dffs[5]                                         ; regout           ;
; |cache_top_level|cache_set_2_way:inst2|cache_line_bank:inst1|lpm_dff1:inst2|lpm_ff:lpm_ff_component|dffs[4]                                         ; |cache_top_level|cache_set_2_way:inst2|cache_line_bank:inst1|lpm_dff1:inst2|lpm_ff:lpm_ff_component|dffs[4]                                         ; regout           ;
; |cache_top_level|cache_set_2_way:inst2|cache_line_bank:inst1|lpm_dff1:inst2|lpm_ff:lpm_ff_component|dffs[3]                                         ; |cache_top_level|cache_set_2_way:inst2|cache_line_bank:inst1|lpm_dff1:inst2|lpm_ff:lpm_ff_component|dffs[3]                                         ; regout           ;
; |cache_top_level|cache_set_2_way:inst2|cache_line_bank:inst1|lpm_dff2:inst3|lpm_ff:lpm_ff_component|dffs[7]                                         ; |cache_top_level|cache_set_2_way:inst2|cache_line_bank:inst1|lpm_dff2:inst3|lpm_ff:lpm_ff_component|dffs[7]                                         ; regout           ;
; |cache_top_level|cache_set_2_way:inst2|cache_line_bank:inst1|lpm_dff2:inst3|lpm_ff:lpm_ff_component|dffs[6]                                         ; |cache_top_level|cache_set_2_way:inst2|cache_line_bank:inst1|lpm_dff2:inst3|lpm_ff:lpm_ff_component|dffs[6]                                         ; regout           ;
; |cache_top_level|cache_set_2_way:inst2|cache_line_bank:inst1|lpm_dff2:inst3|lpm_ff:lpm_ff_component|dffs[5]                                         ; |cache_top_level|cache_set_2_way:inst2|cache_line_bank:inst1|lpm_dff2:inst3|lpm_ff:lpm_ff_component|dffs[5]                                         ; regout           ;
; |cache_top_level|cache_set_2_way:inst2|cache_line_bank:inst1|lpm_dff2:inst3|lpm_ff:lpm_ff_component|dffs[4]                                         ; |cache_top_level|cache_set_2_way:inst2|cache_line_bank:inst1|lpm_dff2:inst3|lpm_ff:lpm_ff_component|dffs[4]                                         ; regout           ;
; |cache_top_level|cache_set_2_way:inst2|cache_line_bank:inst1|lpm_dff2:inst3|lpm_ff:lpm_ff_component|dffs[2]                                         ; |cache_top_level|cache_set_2_way:inst2|cache_line_bank:inst1|lpm_dff2:inst3|lpm_ff:lpm_ff_component|dffs[2]                                         ; regout           ;
; |cache_top_level|cache_set_2_way:inst2|cache_line_bank:inst1|lpm_dff2:inst3|lpm_ff:lpm_ff_component|dffs[1]                                         ; |cache_top_level|cache_set_2_way:inst2|cache_line_bank:inst1|lpm_dff2:inst3|lpm_ff:lpm_ff_component|dffs[1]                                         ; regout           ;
; |cache_top_level|cache_set_2_way:inst2|cache_line_bank:inst1|lpm_dff2:inst3|lpm_ff:lpm_ff_component|dffs[0]                                         ; |cache_top_level|cache_set_2_way:inst2|cache_line_bank:inst1|lpm_dff2:inst3|lpm_ff:lpm_ff_component|dffs[0]                                         ; regout           ;
; |cache_top_level|cache_set_2_way:inst2|cache_line_bank:inst1|lpm_mux0:inst6|lpm_mux:lpm_mux_component|mux_94e:auto_generated|l1_w0_n0_mux_dataout~1 ; |cache_top_level|cache_set_2_way:inst2|cache_line_bank:inst1|lpm_mux0:inst6|lpm_mux:lpm_mux_component|mux_94e:auto_generated|l1_w0_n0_mux_dataout~1 ; out0             ;
; |cache_top_level|cache_set_2_way:inst2|cache_line_bank:inst1|lpm_mux0:inst6|lpm_mux:lpm_mux_component|mux_94e:auto_generated|l1_w1_n0_mux_dataout~1 ; |cache_top_level|cache_set_2_way:inst2|cache_line_bank:inst1|lpm_mux0:inst6|lpm_mux:lpm_mux_component|mux_94e:auto_generated|l1_w1_n0_mux_dataout~1 ; out0             ;
; |cache_top_level|cache_set_2_way:inst2|cache_line_bank:inst1|lpm_mux0:inst6|lpm_mux:lpm_mux_component|mux_94e:auto_generated|l1_w2_n0_mux_dataout~1 ; |cache_top_level|cache_set_2_way:inst2|cache_line_bank:inst1|lpm_mux0:inst6|lpm_mux:lpm_mux_component|mux_94e:auto_generated|l1_w2_n0_mux_dataout~1 ; out0             ;
; |cache_top_level|cache_set_2_way:inst2|cache_line_bank:inst1|lpm_mux0:inst6|lpm_mux:lpm_mux_component|mux_94e:auto_generated|l1_w3_n0_mux_dataout~0 ; |cache_top_level|cache_set_2_way:inst2|cache_line_bank:inst1|lpm_mux0:inst6|lpm_mux:lpm_mux_component|mux_94e:auto_generated|l1_w3_n0_mux_dataout~0 ; out0             ;
; |cache_top_level|cache_set_2_way:inst2|cache_line_bank:inst1|lpm_mux0:inst6|lpm_mux:lpm_mux_component|mux_94e:auto_generated|l1_w4_n0_mux_dataout~0 ; |cache_top_level|cache_set_2_way:inst2|cache_line_bank:inst1|lpm_mux0:inst6|lpm_mux:lpm_mux_component|mux_94e:auto_generated|l1_w4_n0_mux_dataout~0 ; out0             ;
; |cache_top_level|cache_set_2_way:inst2|cache_line_bank:inst1|lpm_mux0:inst6|lpm_mux:lpm_mux_component|mux_94e:auto_generated|l1_w4_n0_mux_dataout~1 ; |cache_top_level|cache_set_2_way:inst2|cache_line_bank:inst1|lpm_mux0:inst6|lpm_mux:lpm_mux_component|mux_94e:auto_generated|l1_w4_n0_mux_dataout~1 ; out0             ;
; |cache_top_level|cache_set_2_way:inst2|cache_line_bank:inst1|lpm_mux0:inst6|lpm_mux:lpm_mux_component|mux_94e:auto_generated|l1_w4_n0_mux_dataout   ; |cache_top_level|cache_set_2_way:inst2|cache_line_bank:inst1|lpm_mux0:inst6|lpm_mux:lpm_mux_component|mux_94e:auto_generated|l1_w4_n0_mux_dataout   ; out0             ;
; |cache_top_level|cache_set_2_way:inst2|cache_line_bank:inst1|lpm_mux0:inst6|lpm_mux:lpm_mux_component|mux_94e:auto_generated|l1_w5_n0_mux_dataout~0 ; |cache_top_level|cache_set_2_way:inst2|cache_line_bank:inst1|lpm_mux0:inst6|lpm_mux:lpm_mux_component|mux_94e:auto_generated|l1_w5_n0_mux_dataout~0 ; out0             ;
; |cache_top_level|cache_set_2_way:inst2|cache_line_bank:inst1|lpm_mux0:inst6|lpm_mux:lpm_mux_component|mux_94e:auto_generated|l1_w5_n0_mux_dataout~1 ; |cache_top_level|cache_set_2_way:inst2|cache_line_bank:inst1|lpm_mux0:inst6|lpm_mux:lpm_mux_component|mux_94e:auto_generated|l1_w5_n0_mux_dataout~1 ; out0             ;
; |cache_top_level|cache_set_2_way:inst2|cache_line_bank:inst1|lpm_mux0:inst6|lpm_mux:lpm_mux_component|mux_94e:auto_generated|l1_w5_n0_mux_dataout   ; |cache_top_level|cache_set_2_way:inst2|cache_line_bank:inst1|lpm_mux0:inst6|lpm_mux:lpm_mux_component|mux_94e:auto_generated|l1_w5_n0_mux_dataout   ; out0             ;
; |cache_top_level|cache_set_2_way:inst2|cache_line_bank:inst1|lpm_mux0:inst6|lpm_mux:lpm_mux_component|mux_94e:auto_generated|l1_w6_n0_mux_dataout~0 ; |cache_top_level|cache_set_2_way:inst2|cache_line_bank:inst1|lpm_mux0:inst6|lpm_mux:lpm_mux_component|mux_94e:auto_generated|l1_w6_n0_mux_dataout~0 ; out0             ;
; |cache_top_level|cache_set_2_way:inst2|cache_line_bank:inst1|lpm_mux0:inst6|lpm_mux:lpm_mux_component|mux_94e:auto_generated|l1_w6_n0_mux_dataout~1 ; |cache_top_level|cache_set_2_way:inst2|cache_line_bank:inst1|lpm_mux0:inst6|lpm_mux:lpm_mux_component|mux_94e:auto_generated|l1_w6_n0_mux_dataout~1 ; out0             ;
; |cache_top_level|cache_set_2_way:inst2|cache_line_bank:inst1|lpm_mux0:inst6|lpm_mux:lpm_mux_component|mux_94e:auto_generated|l1_w6_n0_mux_dataout   ; |cache_top_level|cache_set_2_way:inst2|cache_line_bank:inst1|lpm_mux0:inst6|lpm_mux:lpm_mux_component|mux_94e:auto_generated|l1_w6_n0_mux_dataout   ; out0             ;
; |cache_top_level|cache_set_2_way:inst2|cache_line_bank:inst1|lpm_mux0:inst6|lpm_mux:lpm_mux_component|mux_94e:auto_generated|l1_w7_n0_mux_dataout~0 ; |cache_top_level|cache_set_2_way:inst2|cache_line_bank:inst1|lpm_mux0:inst6|lpm_mux:lpm_mux_component|mux_94e:auto_generated|l1_w7_n0_mux_dataout~0 ; out0             ;
; |cache_top_level|cache_set_2_way:inst2|cache_line_bank:inst1|lpm_mux0:inst6|lpm_mux:lpm_mux_component|mux_94e:auto_generated|l1_w7_n0_mux_dataout~1 ; |cache_top_level|cache_set_2_way:inst2|cache_line_bank:inst1|lpm_mux0:inst6|lpm_mux:lpm_mux_component|mux_94e:auto_generated|l1_w7_n0_mux_dataout~1 ; out0             ;
; |cache_top_level|cache_set_2_way:inst2|cache_line_bank:inst1|lpm_mux0:inst6|lpm_mux:lpm_mux_component|mux_94e:auto_generated|l1_w7_n0_mux_dataout   ; |cache_top_level|cache_set_2_way:inst2|cache_line_bank:inst1|lpm_mux0:inst6|lpm_mux:lpm_mux_component|mux_94e:auto_generated|l1_w7_n0_mux_dataout   ; out0             ;
; |cache_top_level|cache_set_2_way:inst2|cache_line_bank:inst1|lpm_dff0:inst|lpm_ff:lpm_ff_component|dffs[4]                                          ; |cache_top_level|cache_set_2_way:inst2|cache_line_bank:inst1|lpm_dff0:inst|lpm_ff:lpm_ff_component|dffs[4]                                          ; regout           ;
; |cache_top_level|cache_set_2_way:inst2|cache_line_bank:inst1|lpm_dff0:inst|lpm_ff:lpm_ff_component|dffs[2]                                          ; |cache_top_level|cache_set_2_way:inst2|cache_line_bank:inst1|lpm_dff0:inst|lpm_ff:lpm_ff_component|dffs[2]                                          ; regout           ;
; |cache_top_level|cache_set_2_way:inst2|cache_line_bank:inst1|lpm_dff0:inst|lpm_ff:lpm_ff_component|dffs[1]                                          ; |cache_top_level|cache_set_2_way:inst2|cache_line_bank:inst1|lpm_dff0:inst|lpm_ff:lpm_ff_component|dffs[1]                                          ; regout           ;
; |cache_top_level|cache_set_2_way:inst|lpm_mux1:inst9|lpm_mux:lpm_mux_component|mux_94e:auto_generated|l1_w2_n0_mux_dataout~1                        ; |cache_top_level|cache_set_2_way:inst|lpm_mux1:inst9|lpm_mux:lpm_mux_component|mux_94e:auto_generated|l1_w2_n0_mux_dataout~1                        ; out0             ;
; |cache_top_level|cache_set_2_way:inst|lpm_mux1:inst9|lpm_mux:lpm_mux_component|mux_94e:auto_generated|l1_w3_n0_mux_dataout~1                        ; |cache_top_level|cache_set_2_way:inst|lpm_mux1:inst9|lpm_mux:lpm_mux_component|mux_94e:auto_generated|l1_w3_n0_mux_dataout~1                        ; out0             ;
; |cache_top_level|cache_set_2_way:inst|lpm_mux1:inst9|lpm_mux:lpm_mux_component|mux_94e:auto_generated|l1_w4_n0_mux_dataout~0                        ; |cache_top_level|cache_set_2_way:inst|lpm_mux1:inst9|lpm_mux:lpm_mux_component|mux_94e:auto_generated|l1_w4_n0_mux_dataout~0                        ; out0             ;
; |cache_top_level|cache_set_2_way:inst|lpm_mux1:inst9|lpm_mux:lpm_mux_component|mux_94e:auto_generated|l1_w4_n0_mux_dataout~1                        ; |cache_top_level|cache_set_2_way:inst|lpm_mux1:inst9|lpm_mux:lpm_mux_component|mux_94e:auto_generated|l1_w4_n0_mux_dataout~1                        ; out0             ;
; |cache_top_level|cache_set_2_way:inst|lpm_mux1:inst9|lpm_mux:lpm_mux_component|mux_94e:auto_generated|l1_w4_n0_mux_dataout                          ; |cache_top_level|cache_set_2_way:inst|lpm_mux1:inst9|lpm_mux:lpm_mux_component|mux_94e:auto_generated|l1_w4_n0_mux_dataout                          ; out0             ;
; |cache_top_level|cache_set_2_way:inst|lpm_mux1:inst9|lpm_mux:lpm_mux_component|mux_94e:auto_generated|l1_w5_n0_mux_dataout~0                        ; |cache_top_level|cache_set_2_way:inst|lpm_mux1:inst9|lpm_mux:lpm_mux_component|mux_94e:auto_generated|l1_w5_n0_mux_dataout~0                        ; out0             ;
; |cache_top_level|cache_set_2_way:inst|lpm_mux1:inst9|lpm_mux:lpm_mux_component|mux_94e:auto_generated|l1_w5_n0_mux_dataout~1                        ; |cache_top_level|cache_set_2_way:inst|lpm_mux1:inst9|lpm_mux:lpm_mux_component|mux_94e:auto_generated|l1_w5_n0_mux_dataout~1                        ; out0             ;
; |cache_top_level|cache_set_2_way:inst|lpm_mux1:inst9|lpm_mux:lpm_mux_component|mux_94e:auto_generated|l1_w5_n0_mux_dataout                          ; |cache_top_level|cache_set_2_way:inst|lpm_mux1:inst9|lpm_mux:lpm_mux_component|mux_94e:auto_generated|l1_w5_n0_mux_dataout                          ; out0             ;
; |cache_top_level|cache_set_2_way:inst|lpm_mux1:inst9|lpm_mux:lpm_mux_component|mux_94e:auto_generated|l1_w6_n0_mux_dataout~0                        ; |cache_top_level|cache_set_2_way:inst|lpm_mux1:inst9|lpm_mux:lpm_mux_component|mux_94e:auto_generated|l1_w6_n0_mux_dataout~0                        ; out0             ;
; |cache_top_level|cache_set_2_way:inst|lpm_mux1:inst9|lpm_mux:lpm_mux_component|mux_94e:auto_generated|l1_w6_n0_mux_dataout~1                        ; |cache_top_level|cache_set_2_way:inst|lpm_mux1:inst9|lpm_mux:lpm_mux_component|mux_94e:auto_generated|l1_w6_n0_mux_dataout~1                        ; out0             ;
; |cache_top_level|cache_set_2_way:inst|lpm_mux1:inst9|lpm_mux:lpm_mux_component|mux_94e:auto_generated|l1_w6_n0_mux_dataout                          ; |cache_top_level|cache_set_2_way:inst|lpm_mux1:inst9|lpm_mux:lpm_mux_component|mux_94e:auto_generated|l1_w6_n0_mux_dataout                          ; out0             ;
; |cache_top_level|cache_set_2_way:inst|lpm_mux1:inst9|lpm_mux:lpm_mux_component|mux_94e:auto_generated|l1_w7_n0_mux_dataout~0                        ; |cache_top_level|cache_set_2_way:inst|lpm_mux1:inst9|lpm_mux:lpm_mux_component|mux_94e:auto_generated|l1_w7_n0_mux_dataout~0                        ; out0             ;
; |cache_top_level|cache_set_2_way:inst|lpm_mux1:inst9|lpm_mux:lpm_mux_component|mux_94e:auto_generated|l1_w7_n0_mux_dataout~1                        ; |cache_top_level|cache_set_2_way:inst|lpm_mux1:inst9|lpm_mux:lpm_mux_component|mux_94e:auto_generated|l1_w7_n0_mux_dataout~1                        ; out0             ;
; |cache_top_level|cache_set_2_way:inst|lpm_mux1:inst9|lpm_mux:lpm_mux_component|mux_94e:auto_generated|l1_w7_n0_mux_dataout                          ; |cache_top_level|cache_set_2_way:inst|lpm_mux1:inst9|lpm_mux:lpm_mux_component|mux_94e:auto_generated|l1_w7_n0_mux_dataout                          ; out0             ;
; |cache_top_level|cache_set_2_way:inst|cache_line_bank:inst|lpm_dff1:inst2|lpm_ff:lpm_ff_component|dffs[7]                                           ; |cache_top_level|cache_set_2_way:inst|cache_line_bank:inst|lpm_dff1:inst2|lpm_ff:lpm_ff_component|dffs[7]                                           ; regout           ;
; |cache_top_level|cache_set_2_way:inst|cache_line_bank:inst|lpm_dff1:inst2|lpm_ff:lpm_ff_component|dffs[6]                                           ; |cache_top_level|cache_set_2_way:inst|cache_line_bank:inst|lpm_dff1:inst2|lpm_ff:lpm_ff_component|dffs[6]                                           ; regout           ;
; |cache_top_level|cache_set_2_way:inst|cache_line_bank:inst|lpm_dff1:inst2|lpm_ff:lpm_ff_component|dffs[5]                                           ; |cache_top_level|cache_set_2_way:inst|cache_line_bank:inst|lpm_dff1:inst2|lpm_ff:lpm_ff_component|dffs[5]                                           ; regout           ;
; |cache_top_level|cache_set_2_way:inst|cache_line_bank:inst|lpm_dff1:inst2|lpm_ff:lpm_ff_component|dffs[4]                                           ; |cache_top_level|cache_set_2_way:inst|cache_line_bank:inst|lpm_dff1:inst2|lpm_ff:lpm_ff_component|dffs[4]                                           ; regout           ;
; |cache_top_level|cache_set_2_way:inst|cache_line_bank:inst|lpm_dff1:inst2|lpm_ff:lpm_ff_component|dffs[1]                                           ; |cache_top_level|cache_set_2_way:inst|cache_line_bank:inst|lpm_dff1:inst2|lpm_ff:lpm_ff_component|dffs[1]                                           ; regout           ;
; |cache_top_level|cache_set_2_way:inst|cache_line_bank:inst|lpm_dff2:inst3|lpm_ff:lpm_ff_component|dffs[7]                                           ; |cache_top_level|cache_set_2_way:inst|cache_line_bank:inst|lpm_dff2:inst3|lpm_ff:lpm_ff_component|dffs[7]                                           ; regout           ;
; |cache_top_level|cache_set_2_way:inst|cache_line_bank:inst|lpm_dff2:inst3|lpm_ff:lpm_ff_component|dffs[6]                                           ; |cache_top_level|cache_set_2_way:inst|cache_line_bank:inst|lpm_dff2:inst3|lpm_ff:lpm_ff_component|dffs[6]                                           ; regout           ;
; |cache_top_level|cache_set_2_way:inst|cache_line_bank:inst|lpm_dff2:inst3|lpm_ff:lpm_ff_component|dffs[5]                                           ; |cache_top_level|cache_set_2_way:inst|cache_line_bank:inst|lpm_dff2:inst3|lpm_ff:lpm_ff_component|dffs[5]                                           ; regout           ;
; |cache_top_level|cache_set_2_way:inst|cache_line_bank:inst|lpm_dff2:inst3|lpm_ff:lpm_ff_component|dffs[4]                                           ; |cache_top_level|cache_set_2_way:inst|cache_line_bank:inst|lpm_dff2:inst3|lpm_ff:lpm_ff_component|dffs[4]                                           ; regout           ;
; |cache_top_level|cache_set_2_way:inst|cache_line_bank:inst|lpm_dff2:inst3|lpm_ff:lpm_ff_component|dffs[0]                                           ; |cache_top_level|cache_set_2_way:inst|cache_line_bank:inst|lpm_dff2:inst3|lpm_ff:lpm_ff_component|dffs[0]                                           ; regout           ;
; |cache_top_level|cache_set_2_way:inst|cache_line_bank:inst|lpm_mux0:inst6|lpm_mux:lpm_mux_component|mux_94e:auto_generated|l1_w0_n0_mux_dataout~1   ; |cache_top_level|cache_set_2_way:inst|cache_line_bank:inst|lpm_mux0:inst6|lpm_mux:lpm_mux_component|mux_94e:auto_generated|l1_w0_n0_mux_dataout~1   ; out0             ;
; |cache_top_level|cache_set_2_way:inst|cache_line_bank:inst|lpm_mux0:inst6|lpm_mux:lpm_mux_component|mux_94e:auto_generated|l1_w1_n0_mux_dataout~0   ; |cache_top_level|cache_set_2_way:inst|cache_line_bank:inst|lpm_mux0:inst6|lpm_mux:lpm_mux_component|mux_94e:auto_generated|l1_w1_n0_mux_dataout~0   ; out0             ;
; |cache_top_level|cache_set_2_way:inst|cache_line_bank:inst|lpm_mux0:inst6|lpm_mux:lpm_mux_component|mux_94e:auto_generated|l1_w4_n0_mux_dataout~0   ; |cache_top_level|cache_set_2_way:inst|cache_line_bank:inst|lpm_mux0:inst6|lpm_mux:lpm_mux_component|mux_94e:auto_generated|l1_w4_n0_mux_dataout~0   ; out0             ;
; |cache_top_level|cache_set_2_way:inst|cache_line_bank:inst|lpm_mux0:inst6|lpm_mux:lpm_mux_component|mux_94e:auto_generated|l1_w4_n0_mux_dataout~1   ; |cache_top_level|cache_set_2_way:inst|cache_line_bank:inst|lpm_mux0:inst6|lpm_mux:lpm_mux_component|mux_94e:auto_generated|l1_w4_n0_mux_dataout~1   ; out0             ;
; |cache_top_level|cache_set_2_way:inst|cache_line_bank:inst|lpm_mux0:inst6|lpm_mux:lpm_mux_component|mux_94e:auto_generated|l1_w4_n0_mux_dataout     ; |cache_top_level|cache_set_2_way:inst|cache_line_bank:inst|lpm_mux0:inst6|lpm_mux:lpm_mux_component|mux_94e:auto_generated|l1_w4_n0_mux_dataout     ; out0             ;
; |cache_top_level|cache_set_2_way:inst|cache_line_bank:inst|lpm_mux0:inst6|lpm_mux:lpm_mux_component|mux_94e:auto_generated|l1_w5_n0_mux_dataout~0   ; |cache_top_level|cache_set_2_way:inst|cache_line_bank:inst|lpm_mux0:inst6|lpm_mux:lpm_mux_component|mux_94e:auto_generated|l1_w5_n0_mux_dataout~0   ; out0             ;
; |cache_top_level|cache_set_2_way:inst|cache_line_bank:inst|lpm_mux0:inst6|lpm_mux:lpm_mux_component|mux_94e:auto_generated|l1_w5_n0_mux_dataout~1   ; |cache_top_level|cache_set_2_way:inst|cache_line_bank:inst|lpm_mux0:inst6|lpm_mux:lpm_mux_component|mux_94e:auto_generated|l1_w5_n0_mux_dataout~1   ; out0             ;
; |cache_top_level|cache_set_2_way:inst|cache_line_bank:inst|lpm_mux0:inst6|lpm_mux:lpm_mux_component|mux_94e:auto_generated|l1_w5_n0_mux_dataout     ; |cache_top_level|cache_set_2_way:inst|cache_line_bank:inst|lpm_mux0:inst6|lpm_mux:lpm_mux_component|mux_94e:auto_generated|l1_w5_n0_mux_dataout     ; out0             ;
; |cache_top_level|cache_set_2_way:inst|cache_line_bank:inst|lpm_mux0:inst6|lpm_mux:lpm_mux_component|mux_94e:auto_generated|l1_w6_n0_mux_dataout~0   ; |cache_top_level|cache_set_2_way:inst|cache_line_bank:inst|lpm_mux0:inst6|lpm_mux:lpm_mux_component|mux_94e:auto_generated|l1_w6_n0_mux_dataout~0   ; out0             ;
; |cache_top_level|cache_set_2_way:inst|cache_line_bank:inst|lpm_mux0:inst6|lpm_mux:lpm_mux_component|mux_94e:auto_generated|l1_w6_n0_mux_dataout~1   ; |cache_top_level|cache_set_2_way:inst|cache_line_bank:inst|lpm_mux0:inst6|lpm_mux:lpm_mux_component|mux_94e:auto_generated|l1_w6_n0_mux_dataout~1   ; out0             ;
; |cache_top_level|cache_set_2_way:inst|cache_line_bank:inst|lpm_mux0:inst6|lpm_mux:lpm_mux_component|mux_94e:auto_generated|l1_w6_n0_mux_dataout     ; |cache_top_level|cache_set_2_way:inst|cache_line_bank:inst|lpm_mux0:inst6|lpm_mux:lpm_mux_component|mux_94e:auto_generated|l1_w6_n0_mux_dataout     ; out0             ;
; |cache_top_level|cache_set_2_way:inst|cache_line_bank:inst|lpm_mux0:inst6|lpm_mux:lpm_mux_component|mux_94e:auto_generated|l1_w7_n0_mux_dataout~0   ; |cache_top_level|cache_set_2_way:inst|cache_line_bank:inst|lpm_mux0:inst6|lpm_mux:lpm_mux_component|mux_94e:auto_generated|l1_w7_n0_mux_dataout~0   ; out0             ;
; |cache_top_level|cache_set_2_way:inst|cache_line_bank:inst|lpm_mux0:inst6|lpm_mux:lpm_mux_component|mux_94e:auto_generated|l1_w7_n0_mux_dataout~1   ; |cache_top_level|cache_set_2_way:inst|cache_line_bank:inst|lpm_mux0:inst6|lpm_mux:lpm_mux_component|mux_94e:auto_generated|l1_w7_n0_mux_dataout~1   ; out0             ;
; |cache_top_level|cache_set_2_way:inst|cache_line_bank:inst|lpm_mux0:inst6|lpm_mux:lpm_mux_component|mux_94e:auto_generated|l1_w7_n0_mux_dataout     ; |cache_top_level|cache_set_2_way:inst|cache_line_bank:inst|lpm_mux0:inst6|lpm_mux:lpm_mux_component|mux_94e:auto_generated|l1_w7_n0_mux_dataout     ; out0             ;
; |cache_top_level|cache_set_2_way:inst|cache_line_bank:inst|lpm_dff0:inst|lpm_ff:lpm_ff_component|dffs[4]                                            ; |cache_top_level|cache_set_2_way:inst|cache_line_bank:inst|lpm_dff0:inst|lpm_ff:lpm_ff_component|dffs[4]                                            ; regout           ;
; |cache_top_level|cache_set_2_way:inst|cache_line_bank:inst1|lpm_dff1:inst2|lpm_ff:lpm_ff_component|dffs[7]                                          ; |cache_top_level|cache_set_2_way:inst|cache_line_bank:inst1|lpm_dff1:inst2|lpm_ff:lpm_ff_component|dffs[7]                                          ; regout           ;
; |cache_top_level|cache_set_2_way:inst|cache_line_bank:inst1|lpm_dff1:inst2|lpm_ff:lpm_ff_component|dffs[6]                                          ; |cache_top_level|cache_set_2_way:inst|cache_line_bank:inst1|lpm_dff1:inst2|lpm_ff:lpm_ff_component|dffs[6]                                          ; regout           ;
; |cache_top_level|cache_set_2_way:inst|cache_line_bank:inst1|lpm_dff1:inst2|lpm_ff:lpm_ff_component|dffs[5]                                          ; |cache_top_level|cache_set_2_way:inst|cache_line_bank:inst1|lpm_dff1:inst2|lpm_ff:lpm_ff_component|dffs[5]                                          ; regout           ;
; |cache_top_level|cache_set_2_way:inst|cache_line_bank:inst1|lpm_dff1:inst2|lpm_ff:lpm_ff_component|dffs[4]                                          ; |cache_top_level|cache_set_2_way:inst|cache_line_bank:inst1|lpm_dff1:inst2|lpm_ff:lpm_ff_component|dffs[4]                                          ; regout           ;
; |cache_top_level|cache_set_2_way:inst|cache_line_bank:inst1|lpm_dff1:inst2|lpm_ff:lpm_ff_component|dffs[3]                                          ; |cache_top_level|cache_set_2_way:inst|cache_line_bank:inst1|lpm_dff1:inst2|lpm_ff:lpm_ff_component|dffs[3]                                          ; regout           ;
; |cache_top_level|cache_set_2_way:inst|cache_line_bank:inst1|lpm_dff1:inst2|lpm_ff:lpm_ff_component|dffs[2]                                          ; |cache_top_level|cache_set_2_way:inst|cache_line_bank:inst1|lpm_dff1:inst2|lpm_ff:lpm_ff_component|dffs[2]                                          ; regout           ;
; |cache_top_level|cache_set_2_way:inst|cache_line_bank:inst1|lpm_dff1:inst2|lpm_ff:lpm_ff_component|dffs[1]                                          ; |cache_top_level|cache_set_2_way:inst|cache_line_bank:inst1|lpm_dff1:inst2|lpm_ff:lpm_ff_component|dffs[1]                                          ; regout           ;
; |cache_top_level|cache_set_2_way:inst|cache_line_bank:inst1|lpm_dff2:inst3|lpm_ff:lpm_ff_component|dffs[7]                                          ; |cache_top_level|cache_set_2_way:inst|cache_line_bank:inst1|lpm_dff2:inst3|lpm_ff:lpm_ff_component|dffs[7]                                          ; regout           ;
; |cache_top_level|cache_set_2_way:inst|cache_line_bank:inst1|lpm_dff2:inst3|lpm_ff:lpm_ff_component|dffs[6]                                          ; |cache_top_level|cache_set_2_way:inst|cache_line_bank:inst1|lpm_dff2:inst3|lpm_ff:lpm_ff_component|dffs[6]                                          ; regout           ;
; |cache_top_level|cache_set_2_way:inst|cache_line_bank:inst1|lpm_dff2:inst3|lpm_ff:lpm_ff_component|dffs[5]                                          ; |cache_top_level|cache_set_2_way:inst|cache_line_bank:inst1|lpm_dff2:inst3|lpm_ff:lpm_ff_component|dffs[5]                                          ; regout           ;
; |cache_top_level|cache_set_2_way:inst|cache_line_bank:inst1|lpm_dff2:inst3|lpm_ff:lpm_ff_component|dffs[4]                                          ; |cache_top_level|cache_set_2_way:inst|cache_line_bank:inst1|lpm_dff2:inst3|lpm_ff:lpm_ff_component|dffs[4]                                          ; regout           ;
; |cache_top_level|cache_set_2_way:inst|cache_line_bank:inst1|lpm_dff2:inst3|lpm_ff:lpm_ff_component|dffs[3]                                          ; |cache_top_level|cache_set_2_way:inst|cache_line_bank:inst1|lpm_dff2:inst3|lpm_ff:lpm_ff_component|dffs[3]                                          ; regout           ;
; |cache_top_level|cache_set_2_way:inst|cache_line_bank:inst1|lpm_dff2:inst3|lpm_ff:lpm_ff_component|dffs[2]                                          ; |cache_top_level|cache_set_2_way:inst|cache_line_bank:inst1|lpm_dff2:inst3|lpm_ff:lpm_ff_component|dffs[2]                                          ; regout           ;
; |cache_top_level|cache_set_2_way:inst|cache_line_bank:inst1|lpm_dff2:inst3|lpm_ff:lpm_ff_component|dffs[0]                                          ; |cache_top_level|cache_set_2_way:inst|cache_line_bank:inst1|lpm_dff2:inst3|lpm_ff:lpm_ff_component|dffs[0]                                          ; regout           ;
; |cache_top_level|cache_set_2_way:inst|cache_line_bank:inst1|lpm_mux0:inst6|lpm_mux:lpm_mux_component|mux_94e:auto_generated|l1_w0_n0_mux_dataout~1  ; |cache_top_level|cache_set_2_way:inst|cache_line_bank:inst1|lpm_mux0:inst6|lpm_mux:lpm_mux_component|mux_94e:auto_generated|l1_w0_n0_mux_dataout~1  ; out0             ;
; |cache_top_level|cache_set_2_way:inst|cache_line_bank:inst1|lpm_mux0:inst6|lpm_mux:lpm_mux_component|mux_94e:auto_generated|l1_w1_n0_mux_dataout~0  ; |cache_top_level|cache_set_2_way:inst|cache_line_bank:inst1|lpm_mux0:inst6|lpm_mux:lpm_mux_component|mux_94e:auto_generated|l1_w1_n0_mux_dataout~0  ; out0             ;
; |cache_top_level|cache_set_2_way:inst|cache_line_bank:inst1|lpm_mux0:inst6|lpm_mux:lpm_mux_component|mux_94e:auto_generated|l1_w2_n0_mux_dataout~0  ; |cache_top_level|cache_set_2_way:inst|cache_line_bank:inst1|lpm_mux0:inst6|lpm_mux:lpm_mux_component|mux_94e:auto_generated|l1_w2_n0_mux_dataout~0  ; out0             ;
; |cache_top_level|cache_set_2_way:inst|cache_line_bank:inst1|lpm_mux0:inst6|lpm_mux:lpm_mux_component|mux_94e:auto_generated|l1_w2_n0_mux_dataout~1  ; |cache_top_level|cache_set_2_way:inst|cache_line_bank:inst1|lpm_mux0:inst6|lpm_mux:lpm_mux_component|mux_94e:auto_generated|l1_w2_n0_mux_dataout~1  ; out0             ;
; |cache_top_level|cache_set_2_way:inst|cache_line_bank:inst1|lpm_mux0:inst6|lpm_mux:lpm_mux_component|mux_94e:auto_generated|l1_w2_n0_mux_dataout    ; |cache_top_level|cache_set_2_way:inst|cache_line_bank:inst1|lpm_mux0:inst6|lpm_mux:lpm_mux_component|mux_94e:auto_generated|l1_w2_n0_mux_dataout    ; out0             ;
; |cache_top_level|cache_set_2_way:inst|cache_line_bank:inst1|lpm_mux0:inst6|lpm_mux:lpm_mux_component|mux_94e:auto_generated|l1_w3_n0_mux_dataout~0  ; |cache_top_level|cache_set_2_way:inst|cache_line_bank:inst1|lpm_mux0:inst6|lpm_mux:lpm_mux_component|mux_94e:auto_generated|l1_w3_n0_mux_dataout~0  ; out0             ;
; |cache_top_level|cache_set_2_way:inst|cache_line_bank:inst1|lpm_mux0:inst6|lpm_mux:lpm_mux_component|mux_94e:auto_generated|l1_w3_n0_mux_dataout~1  ; |cache_top_level|cache_set_2_way:inst|cache_line_bank:inst1|lpm_mux0:inst6|lpm_mux:lpm_mux_component|mux_94e:auto_generated|l1_w3_n0_mux_dataout~1  ; out0             ;
; |cache_top_level|cache_set_2_way:inst|cache_line_bank:inst1|lpm_mux0:inst6|lpm_mux:lpm_mux_component|mux_94e:auto_generated|l1_w3_n0_mux_dataout    ; |cache_top_level|cache_set_2_way:inst|cache_line_bank:inst1|lpm_mux0:inst6|lpm_mux:lpm_mux_component|mux_94e:auto_generated|l1_w3_n0_mux_dataout    ; out0             ;
; |cache_top_level|cache_set_2_way:inst|cache_line_bank:inst1|lpm_mux0:inst6|lpm_mux:lpm_mux_component|mux_94e:auto_generated|l1_w4_n0_mux_dataout~0  ; |cache_top_level|cache_set_2_way:inst|cache_line_bank:inst1|lpm_mux0:inst6|lpm_mux:lpm_mux_component|mux_94e:auto_generated|l1_w4_n0_mux_dataout~0  ; out0             ;
; |cache_top_level|cache_set_2_way:inst|cache_line_bank:inst1|lpm_mux0:inst6|lpm_mux:lpm_mux_component|mux_94e:auto_generated|l1_w4_n0_mux_dataout~1  ; |cache_top_level|cache_set_2_way:inst|cache_line_bank:inst1|lpm_mux0:inst6|lpm_mux:lpm_mux_component|mux_94e:auto_generated|l1_w4_n0_mux_dataout~1  ; out0             ;
; |cache_top_level|cache_set_2_way:inst|cache_line_bank:inst1|lpm_mux0:inst6|lpm_mux:lpm_mux_component|mux_94e:auto_generated|l1_w4_n0_mux_dataout    ; |cache_top_level|cache_set_2_way:inst|cache_line_bank:inst1|lpm_mux0:inst6|lpm_mux:lpm_mux_component|mux_94e:auto_generated|l1_w4_n0_mux_dataout    ; out0             ;
; |cache_top_level|cache_set_2_way:inst|cache_line_bank:inst1|lpm_mux0:inst6|lpm_mux:lpm_mux_component|mux_94e:auto_generated|l1_w5_n0_mux_dataout~0  ; |cache_top_level|cache_set_2_way:inst|cache_line_bank:inst1|lpm_mux0:inst6|lpm_mux:lpm_mux_component|mux_94e:auto_generated|l1_w5_n0_mux_dataout~0  ; out0             ;
; |cache_top_level|cache_set_2_way:inst|cache_line_bank:inst1|lpm_mux0:inst6|lpm_mux:lpm_mux_component|mux_94e:auto_generated|l1_w5_n0_mux_dataout~1  ; |cache_top_level|cache_set_2_way:inst|cache_line_bank:inst1|lpm_mux0:inst6|lpm_mux:lpm_mux_component|mux_94e:auto_generated|l1_w5_n0_mux_dataout~1  ; out0             ;
; |cache_top_level|cache_set_2_way:inst|cache_line_bank:inst1|lpm_mux0:inst6|lpm_mux:lpm_mux_component|mux_94e:auto_generated|l1_w5_n0_mux_dataout    ; |cache_top_level|cache_set_2_way:inst|cache_line_bank:inst1|lpm_mux0:inst6|lpm_mux:lpm_mux_component|mux_94e:auto_generated|l1_w5_n0_mux_dataout    ; out0             ;
; |cache_top_level|cache_set_2_way:inst|cache_line_bank:inst1|lpm_mux0:inst6|lpm_mux:lpm_mux_component|mux_94e:auto_generated|l1_w6_n0_mux_dataout~0  ; |cache_top_level|cache_set_2_way:inst|cache_line_bank:inst1|lpm_mux0:inst6|lpm_mux:lpm_mux_component|mux_94e:auto_generated|l1_w6_n0_mux_dataout~0  ; out0             ;
; |cache_top_level|cache_set_2_way:inst|cache_line_bank:inst1|lpm_mux0:inst6|lpm_mux:lpm_mux_component|mux_94e:auto_generated|l1_w6_n0_mux_dataout~1  ; |cache_top_level|cache_set_2_way:inst|cache_line_bank:inst1|lpm_mux0:inst6|lpm_mux:lpm_mux_component|mux_94e:auto_generated|l1_w6_n0_mux_dataout~1  ; out0             ;
; |cache_top_level|cache_set_2_way:inst|cache_line_bank:inst1|lpm_mux0:inst6|lpm_mux:lpm_mux_component|mux_94e:auto_generated|l1_w6_n0_mux_dataout    ; |cache_top_level|cache_set_2_way:inst|cache_line_bank:inst1|lpm_mux0:inst6|lpm_mux:lpm_mux_component|mux_94e:auto_generated|l1_w6_n0_mux_dataout    ; out0             ;
; |cache_top_level|cache_set_2_way:inst|cache_line_bank:inst1|lpm_mux0:inst6|lpm_mux:lpm_mux_component|mux_94e:auto_generated|l1_w7_n0_mux_dataout~0  ; |cache_top_level|cache_set_2_way:inst|cache_line_bank:inst1|lpm_mux0:inst6|lpm_mux:lpm_mux_component|mux_94e:auto_generated|l1_w7_n0_mux_dataout~0  ; out0             ;
; |cache_top_level|cache_set_2_way:inst|cache_line_bank:inst1|lpm_mux0:inst6|lpm_mux:lpm_mux_component|mux_94e:auto_generated|l1_w7_n0_mux_dataout~1  ; |cache_top_level|cache_set_2_way:inst|cache_line_bank:inst1|lpm_mux0:inst6|lpm_mux:lpm_mux_component|mux_94e:auto_generated|l1_w7_n0_mux_dataout~1  ; out0             ;
; |cache_top_level|cache_set_2_way:inst|cache_line_bank:inst1|lpm_mux0:inst6|lpm_mux:lpm_mux_component|mux_94e:auto_generated|l1_w7_n0_mux_dataout    ; |cache_top_level|cache_set_2_way:inst|cache_line_bank:inst1|lpm_mux0:inst6|lpm_mux:lpm_mux_component|mux_94e:auto_generated|l1_w7_n0_mux_dataout    ; out0             ;
; |cache_top_level|cache_set_2_way:inst|cache_line_bank:inst1|lpm_dff0:inst|lpm_ff:lpm_ff_component|dffs[4]                                           ; |cache_top_level|cache_set_2_way:inst|cache_line_bank:inst1|lpm_dff0:inst|lpm_ff:lpm_ff_component|dffs[4]                                           ; regout           ;
; |cache_top_level|cache_set_2_way:inst|cache_line_bank:inst1|lpm_dff0:inst|lpm_ff:lpm_ff_component|dffs[3]                                           ; |cache_top_level|cache_set_2_way:inst|cache_line_bank:inst1|lpm_dff0:inst|lpm_ff:lpm_ff_component|dffs[3]                                           ; regout           ;
; |cache_top_level|cache_set_2_way:inst|cache_line_bank:inst1|lpm_dff0:inst|lpm_ff:lpm_ff_component|dffs[2]                                           ; |cache_top_level|cache_set_2_way:inst|cache_line_bank:inst1|lpm_dff0:inst|lpm_ff:lpm_ff_component|dffs[2]                                           ; regout           ;
+-----------------------------------------------------------------------------------------------------------------------------------------------------+-----------------------------------------------------------------------------------------------------------------------------------------------------+------------------+


+---------------------+
; Simulator INI Usage ;
+--------+------------+
; Option ; Usage      ;
+--------+------------+


+--------------------+
; Simulator Messages ;
+--------------------+
Info: *******************************************************************
Info: Running Quartus II Simulator
    Info: Version 9.1 Build 222 10/21/2009 SJ Web Edition
    Info: Processing started: Sun May 03 19:54:49 2026
Info: Command: quartus_sim --read_settings_files=on --write_settings_files=off lab8_var12_v1 -c laba8_var1
Info: Using vector source file "C:/Users/lapshet/Desktop/labs/Laba 8/lab8_var12_v1/cache_top_level.vwf"
Warning: Ignored node in vector source file. Can't find corresponding node name "~DATA0~" in design.
Info: Option to preserve fewer signal transitions to reduce memory requirements is enabled
    Info: Simulation has been partitioned into sub-simulations according to the maximum transition count determined by the engine. Transitions from memory will be flushed out to disk at the end of each sub-simulation to reduce memory requirements.
Info: Simulation partitioned into 1 sub-simulations
Info: Simulation coverage is      50.08 %
Info: Number of transitions in simulation is 3676
Info: Quartus II Simulator was successful. 0 errors, 1 warning
    Info: Peak virtual memory: 167 megabytes
    Info: Processing ended: Sun May 03 19:54:50 2026
    Info: Elapsed time: 00:00:01
    Info: Total CPU time (on all processors): 00:00:01


