Classic Timing Analyzer report for laba8_var1
Sun May 03 19:35:39 2026
Quartus II Version 9.1 Build 222 10/21/2009 SJ Web Edition


---------------------
; Table of Contents ;
---------------------
  1. Legal Notice
  2. Timing Analyzer Summary
  3. Timing Analyzer Settings
  4. Clock Settings Summary
  5. Parallel Compilation
  6. Clock Setup: 'clk'
  7. tsu
  8. tco
  9. tpd
 10. th
 11. Timing Analyzer Messages



----------------
; Legal Notice ;
----------------
Copyright (C) 1991-2009 Altera Corporation
Your use of Altera Corporation's design tools, logic functions 
and other software and tools, and its AMPP partner logic 
functions, and any output files from any of the foregoing 
(including device programming or simulation files), and any 
associated documentation or information are expressly subject 
to the terms and conditions of the Altera Program License 
Subscription Agreement, Altera MegaCore Function License 
Agreement, or other applicable license agreement, including, 
without limitation, that your use is for the sole purpose of 
programming logic devices manufactured by Altera and sold by 
Altera or its authorized distributors.  Please refer to the 
applicable agreement for further details.



+-------------------------------------------------------------------------------------------------------------------------------------------------------------------------------------------------------------------------------------------------------------------------------------------------------------------------+
; Timing Analyzer Summary                                                                                                                                                                                                                                                                                                 ;
+------------------------------+-------+---------------+----------------------------------+-------------------------------------------------------------------------------------------+--------------------------------------------------------------------------------------------+------------+----------+--------------+
; Type                         ; Slack ; Required Time ; Actual Time                      ; From                                                                                      ; To                                                                                         ; From Clock ; To Clock ; Failed Paths ;
+------------------------------+-------+---------------+----------------------------------+-------------------------------------------------------------------------------------------+--------------------------------------------------------------------------------------------+------------+----------+--------------+
; Worst-case tsu               ; N/A   ; None          ; 6.341 ns                         ; input_tag[2]                                                                              ; cache_set_2_way:inst|cache_line_bank:inst|lpm_dff1:inst2|lpm_ff:lpm_ff_component|dffs[0]   ; --         ; clk      ; 0            ;
; Worst-case tco               ; N/A   ; None          ; 11.393 ns                        ; cache_set_2_way:inst1|cache_line_bank:inst1|lpm_dff0:inst|lpm_ff:lpm_ff_component|dffs[0] ; result[7]                                                                                  ; clk        ; --       ; 0            ;
; Worst-case tpd               ; N/A   ; None          ; 14.543 ns                        ; input_tag[3]                                                                              ; result[7]                                                                                  ; --         ; --       ; 0            ;
; Worst-case th                ; N/A   ; None          ; -2.363 ns                        ; data_word0[5]                                                                             ; cache_set_2_way:inst|cache_line_bank:inst1|lpm_dff1:inst2|lpm_ff:lpm_ff_component|dffs[5]  ; --         ; clk      ; 0            ;
; Clock Setup: 'clk'           ; N/A   ; None          ; 309.21 MHz ( period = 3.234 ns ) ; cache_set_2_way:inst2|cache_line_bank:inst|lpm_dff3:inst1|lpm_ff:lpm_ff_component|dffs[0] ; cache_set_2_way:inst2|cache_line_bank:inst1|lpm_dff1:inst2|lpm_ff:lpm_ff_component|dffs[1] ; clk        ; clk      ; 0            ;
; Total number of failed paths ;       ;               ;                                  ;                                                                                           ;                                                                                            ;            ;          ; 0            ;
+------------------------------+-------+---------------+----------------------------------+-------------------------------------------------------------------------------------------+--------------------------------------------------------------------------------------------+------------+----------+--------------+


+-----------------------------------------------------------------------------------------------------------------------------------------------------+
; Timing Analyzer Settings                                                                                                                            ;
+------------------------------------------------------------------------------------------------------+--------------------+------+----+-------------+
; Option                                                                                               ; Setting            ; From ; To ; Entity Name ;
+------------------------------------------------------------------------------------------------------+--------------------+------+----+-------------+
; Device Name                                                                                          ; EP2S15F484C3       ;      ;    ;             ;
; Timing Models                                                                                        ; Final              ;      ;    ;             ;
; Default hold multicycle                                                                              ; Same as Multicycle ;      ;    ;             ;
; Cut paths between unrelated clock domains                                                            ; On                 ;      ;    ;             ;
; Cut off read during write signal paths                                                               ; On                 ;      ;    ;             ;
; Cut off feedback from I/O pins                                                                       ; On                 ;      ;    ;             ;
; Report Combined Fast/Slow Timing                                                                     ; Off                ;      ;    ;             ;
; Ignore Clock Settings                                                                                ; Off                ;      ;    ;             ;
; Analyze latches as synchronous elements                                                              ; On                 ;      ;    ;             ;
; Enable Recovery/Removal analysis                                                                     ; Off                ;      ;    ;             ;
; Enable Clock Latency                                                                                 ; Off                ;      ;    ;             ;
; Use TimeQuest Timing Analyzer                                                                        ; Off                ;      ;    ;             ;
; Number of source nodes to report per destination node                                                ; 10                 ;      ;    ;             ;
; Number of destination nodes to report                                                                ; 10                 ;      ;    ;             ;
; Number of paths to report                                                                            ; 200                ;      ;    ;             ;
; Report Minimum Timing Checks                                                                         ; Off                ;      ;    ;             ;
; Use Fast Timing Models                                                                               ; Off                ;      ;    ;             ;
; Report IO Paths Separately                                                                           ; Off                ;      ;    ;             ;
; Perform Multicorner Analysis                                                                         ; On                 ;      ;    ;             ;
; Reports the worst-case path for each clock domain and analysis                                       ; Off                ;      ;    ;             ;
; Reports worst-case timing paths for each clock domain and analysis                                   ; Off                ;      ;    ;             ;
; Specifies the maximum number of worst-case timing paths to report for each clock domain and analysis ; 100                ;      ;    ;             ;
; Removes common clock path pessimism (CCPP) during slack computation                                  ; Off                ;      ;    ;             ;
; Output I/O Timing Endpoint                                                                           ; Near End           ;      ;    ;             ;
+------------------------------------------------------------------------------------------------------+--------------------+------+----+-------------+


+------------------------------------------------------------------------------------------------------------------------------------------------------------------------------------+
; Clock Settings Summary                                                                                                                                                             ;
+-----------------+--------------------+----------+------------------+---------------+--------------+----------+-----------------------+---------------------+--------+--------------+
; Clock Node Name ; Clock Setting Name ; Type     ; Fmax Requirement ; Early Latency ; Late Latency ; Based on ; Multiply Base Fmax by ; Divide Base Fmax by ; Offset ; Phase offset ;
+-----------------+--------------------+----------+------------------+---------------+--------------+----------+-----------------------+---------------------+--------+--------------+
; clk             ;                    ; User Pin ; None             ; 0.000 ns      ; 0.000 ns     ; --       ; N/A                   ; N/A                 ; N/A    ;              ;
+-----------------+--------------------+----------+------------------+---------------+--------------+----------+-----------------------+---------------------+--------+--------------+


Parallel compilation was disabled, but you have multiple processors available. Enable parallel compilation to reduce compilation time.
+-------------------------------------+
; Parallel Compilation                ;
+----------------------------+--------+
; Processors                 ; Number ;
+----------------------------+--------+
; Number detected on machine ; 6      ;
; Maximum allowed            ; 1      ;
+----------------------------+--------+


+-----------------------------------------------------------------------------------------------------------------------------------------------------------------------------------------------------------------------------------------------------------------------------------------------------------------------------------------------------------------------------------------------------+
; Clock Setup: 'clk'                                                                                                                                                                                                                                                                                                                                                                                  ;
+-----------------------------------------+-----------------------------------------------------+--------------------------------------------------------------------------------------------+--------------------------------------------------------------------------------------------+------------+----------+-----------------------------+---------------------------+-------------------------+
; Slack                                   ; Actual fmax (period)                                ; From                                                                                       ; To                                                                                         ; From Clock ; To Clock ; Required Setup Relationship ; Required Longest P2P Time ; Actual Longest P2P Time ;
+-----------------------------------------+-----------------------------------------------------+--------------------------------------------------------------------------------------------+--------------------------------------------------------------------------------------------+------------+----------+-----------------------------+---------------------------+-------------------------+
; N/A                                     ; 309.21 MHz ( period = 3.234 ns )                    ; cache_set_2_way:inst2|cache_line_bank:inst|lpm_dff3:inst1|lpm_ff:lpm_ff_component|dffs[0]  ; cache_set_2_way:inst2|cache_line_bank:inst1|lpm_dff2:inst3|lpm_ff:lpm_ff_component|dffs[2] ; clk        ; clk      ; None                        ; None                      ; 3.049 ns                ;
; N/A                                     ; 309.21 MHz ( period = 3.234 ns )                    ; cache_set_2_way:inst2|cache_line_bank:inst|lpm_dff3:inst1|lpm_ff:lpm_ff_component|dffs[0]  ; cache_set_2_way:inst2|cache_line_bank:inst1|lpm_dff2:inst3|lpm_ff:lpm_ff_component|dffs[1] ; clk        ; clk      ; None                        ; None                      ; 3.049 ns                ;
; N/A                                     ; 309.21 MHz ( period = 3.234 ns )                    ; cache_set_2_way:inst2|cache_line_bank:inst|lpm_dff3:inst1|lpm_ff:lpm_ff_component|dffs[0]  ; cache_set_2_way:inst2|cache_line_bank:inst1|lpm_dff1:inst2|lpm_ff:lpm_ff_component|dffs[1] ; clk        ; clk      ; None                        ; None                      ; 3.049 ns                ;
; N/A                                     ; 310.56 MHz ( period = 3.220 ns )                    ; cache_set_2_way:inst2|cache_line_bank:inst|lpm_dff0:inst|lpm_ff:lpm_ff_component|dffs[0]   ; cache_set_2_way:inst2|cache_line_bank:inst1|lpm_dff2:inst3|lpm_ff:lpm_ff_component|dffs[2] ; clk        ; clk      ; None                        ; None                      ; 3.035 ns                ;
; N/A                                     ; 310.56 MHz ( period = 3.220 ns )                    ; cache_set_2_way:inst2|cache_line_bank:inst|lpm_dff0:inst|lpm_ff:lpm_ff_component|dffs[0]   ; cache_set_2_way:inst2|cache_line_bank:inst1|lpm_dff2:inst3|lpm_ff:lpm_ff_component|dffs[1] ; clk        ; clk      ; None                        ; None                      ; 3.035 ns                ;
; N/A                                     ; 310.56 MHz ( period = 3.220 ns )                    ; cache_set_2_way:inst2|cache_line_bank:inst|lpm_dff0:inst|lpm_ff:lpm_ff_component|dffs[0]   ; cache_set_2_way:inst2|cache_line_bank:inst1|lpm_dff1:inst2|lpm_ff:lpm_ff_component|dffs[1] ; clk        ; clk      ; None                        ; None                      ; 3.035 ns                ;
; N/A                                     ; 328.95 MHz ( period = 3.040 ns )                    ; cache_set_2_way:inst|cache_line_bank:inst1|lpm_dff0:inst|lpm_ff:lpm_ff_component|dffs[4]   ; cache_set_2_way:inst|cache_line_bank:inst|lpm_dff2:inst3|lpm_ff:lpm_ff_component|dffs[7]   ; clk        ; clk      ; None                        ; None                      ; 2.855 ns                ;
; N/A                                     ; 328.95 MHz ( period = 3.040 ns )                    ; cache_set_2_way:inst|cache_line_bank:inst1|lpm_dff0:inst|lpm_ff:lpm_ff_component|dffs[4]   ; cache_set_2_way:inst|cache_line_bank:inst|lpm_dff1:inst2|lpm_ff:lpm_ff_component|dffs[7]   ; clk        ; clk      ; None                        ; None                      ; 2.855 ns                ;
; N/A                                     ; 328.95 MHz ( period = 3.040 ns )                    ; cache_set_2_way:inst|cache_line_bank:inst1|lpm_dff0:inst|lpm_ff:lpm_ff_component|dffs[4]   ; cache_set_2_way:inst|cache_line_bank:inst|lpm_dff2:inst3|lpm_ff:lpm_ff_component|dffs[0]   ; clk        ; clk      ; None                        ; None                      ; 2.855 ns                ;
; N/A                                     ; 328.95 MHz ( period = 3.040 ns )                    ; cache_set_2_way:inst|cache_line_bank:inst1|lpm_dff0:inst|lpm_ff:lpm_ff_component|dffs[4]   ; cache_set_2_way:inst|cache_line_bank:inst|lpm_dff1:inst2|lpm_ff:lpm_ff_component|dffs[0]   ; clk        ; clk      ; None                        ; None                      ; 2.855 ns                ;
; N/A                                     ; 331.02 MHz ( period = 3.021 ns )                    ; cache_set_2_way:inst|cache_line_bank:inst|lpm_dff0:inst|lpm_ff:lpm_ff_component|dffs[0]    ; cache_set_2_way:inst|cache_line_bank:inst|lpm_dff2:inst3|lpm_ff:lpm_ff_component|dffs[7]   ; clk        ; clk      ; None                        ; None                      ; 2.835 ns                ;
; N/A                                     ; 331.02 MHz ( period = 3.021 ns )                    ; cache_set_2_way:inst|cache_line_bank:inst|lpm_dff0:inst|lpm_ff:lpm_ff_component|dffs[0]    ; cache_set_2_way:inst|cache_line_bank:inst|lpm_dff1:inst2|lpm_ff:lpm_ff_component|dffs[7]   ; clk        ; clk      ; None                        ; None                      ; 2.835 ns                ;
; N/A                                     ; 331.02 MHz ( period = 3.021 ns )                    ; cache_set_2_way:inst|cache_line_bank:inst|lpm_dff0:inst|lpm_ff:lpm_ff_component|dffs[0]    ; cache_set_2_way:inst|cache_line_bank:inst|lpm_dff2:inst3|lpm_ff:lpm_ff_component|dffs[0]   ; clk        ; clk      ; None                        ; None                      ; 2.835 ns                ;
; N/A                                     ; 331.02 MHz ( period = 3.021 ns )                    ; cache_set_2_way:inst|cache_line_bank:inst|lpm_dff0:inst|lpm_ff:lpm_ff_component|dffs[0]    ; cache_set_2_way:inst|cache_line_bank:inst|lpm_dff1:inst2|lpm_ff:lpm_ff_component|dffs[0]   ; clk        ; clk      ; None                        ; None                      ; 2.835 ns                ;
; N/A                                     ; 331.46 MHz ( period = 3.017 ns )                    ; cache_set_2_way:inst|cache_line_bank:inst1|lpm_dff0:inst|lpm_ff:lpm_ff_component|dffs[4]   ; cache_set_2_way:inst|cache_line_bank:inst1|lpm_dff2:inst3|lpm_ff:lpm_ff_component|dffs[0]  ; clk        ; clk      ; None                        ; None                      ; 2.828 ns                ;
; N/A                                     ; 331.46 MHz ( period = 3.017 ns )                    ; cache_set_2_way:inst|cache_line_bank:inst1|lpm_dff0:inst|lpm_ff:lpm_ff_component|dffs[4]   ; cache_set_2_way:inst|cache_line_bank:inst1|lpm_dff1:inst2|lpm_ff:lpm_ff_component|dffs[0]  ; clk        ; clk      ; None                        ; None                      ; 2.828 ns                ;
; N/A                                     ; 335.35 MHz ( period = 2.982 ns )                    ; cache_set_2_way:inst|cache_line_bank:inst1|lpm_dff0:inst|lpm_ff:lpm_ff_component|dffs[4]   ; cache_set_2_way:inst|cache_line_bank:inst1|lpm_dff2:inst3|lpm_ff:lpm_ff_component|dffs[2]  ; clk        ; clk      ; None                        ; None                      ; 2.803 ns                ;
; N/A                                     ; 335.35 MHz ( period = 2.982 ns )                    ; cache_set_2_way:inst|cache_line_bank:inst1|lpm_dff0:inst|lpm_ff:lpm_ff_component|dffs[4]   ; cache_set_2_way:inst|cache_line_bank:inst1|lpm_dff1:inst2|lpm_ff:lpm_ff_component|dffs[2]  ; clk        ; clk      ; None                        ; None                      ; 2.803 ns                ;
; N/A                                     ; 335.35 MHz ( period = 2.982 ns )                    ; cache_set_2_way:inst|cache_line_bank:inst1|lpm_dff0:inst|lpm_ff:lpm_ff_component|dffs[4]   ; cache_set_2_way:inst|cache_line_bank:inst1|lpm_dff2:inst3|lpm_ff:lpm_ff_component|dffs[1]  ; clk        ; clk      ; None                        ; None                      ; 2.803 ns                ;
; N/A                                     ; 335.35 MHz ( period = 2.982 ns )                    ; cache_set_2_way:inst|cache_line_bank:inst1|lpm_dff0:inst|lpm_ff:lpm_ff_component|dffs[4]   ; cache_set_2_way:inst|cache_line_bank:inst1|lpm_dff1:inst2|lpm_ff:lpm_ff_component|dffs[1]  ; clk        ; clk      ; None                        ; None                      ; 2.803 ns                ;
; N/A                                     ; 336.02 MHz ( period = 2.976 ns )                    ; cache_set_2_way:inst2|cache_line_bank:inst|lpm_dff0:inst|lpm_ff:lpm_ff_component|dffs[4]   ; cache_set_2_way:inst2|cache_line_bank:inst1|lpm_dff2:inst3|lpm_ff:lpm_ff_component|dffs[2] ; clk        ; clk      ; None                        ; None                      ; 2.791 ns                ;
; N/A                                     ; 336.02 MHz ( period = 2.976 ns )                    ; cache_set_2_way:inst2|cache_line_bank:inst|lpm_dff0:inst|lpm_ff:lpm_ff_component|dffs[4]   ; cache_set_2_way:inst2|cache_line_bank:inst1|lpm_dff2:inst3|lpm_ff:lpm_ff_component|dffs[1] ; clk        ; clk      ; None                        ; None                      ; 2.791 ns                ;
; N/A                                     ; 336.02 MHz ( period = 2.976 ns )                    ; cache_set_2_way:inst2|cache_line_bank:inst|lpm_dff0:inst|lpm_ff:lpm_ff_component|dffs[4]   ; cache_set_2_way:inst2|cache_line_bank:inst1|lpm_dff1:inst2|lpm_ff:lpm_ff_component|dffs[1] ; clk        ; clk      ; None                        ; None                      ; 2.791 ns                ;
; N/A                                     ; 336.59 MHz ( period = 2.971 ns )                    ; cache_set_2_way:inst2|cache_line_bank:inst|lpm_dff3:inst1|lpm_ff:lpm_ff_component|dffs[0]  ; cache_set_2_way:inst2|cache_line_bank:inst|lpm_dff2:inst3|lpm_ff:lpm_ff_component|dffs[4]  ; clk        ; clk      ; None                        ; None                      ; 2.791 ns                ;
; N/A                                     ; 336.59 MHz ( period = 2.971 ns )                    ; cache_set_2_way:inst2|cache_line_bank:inst|lpm_dff3:inst1|lpm_ff:lpm_ff_component|dffs[0]  ; cache_set_2_way:inst2|cache_line_bank:inst|lpm_dff1:inst2|lpm_ff:lpm_ff_component|dffs[4]  ; clk        ; clk      ; None                        ; None                      ; 2.791 ns                ;
; N/A                                     ; 336.59 MHz ( period = 2.971 ns )                    ; cache_set_2_way:inst2|cache_line_bank:inst|lpm_dff0:inst|lpm_ff:lpm_ff_component|dffs[3]   ; cache_set_2_way:inst2|cache_line_bank:inst1|lpm_dff2:inst3|lpm_ff:lpm_ff_component|dffs[2] ; clk        ; clk      ; None                        ; None                      ; 2.786 ns                ;
; N/A                                     ; 336.59 MHz ( period = 2.971 ns )                    ; cache_set_2_way:inst2|cache_line_bank:inst|lpm_dff0:inst|lpm_ff:lpm_ff_component|dffs[3]   ; cache_set_2_way:inst2|cache_line_bank:inst1|lpm_dff2:inst3|lpm_ff:lpm_ff_component|dffs[1] ; clk        ; clk      ; None                        ; None                      ; 2.786 ns                ;
; N/A                                     ; 336.59 MHz ( period = 2.971 ns )                    ; cache_set_2_way:inst2|cache_line_bank:inst|lpm_dff0:inst|lpm_ff:lpm_ff_component|dffs[3]   ; cache_set_2_way:inst2|cache_line_bank:inst1|lpm_dff1:inst2|lpm_ff:lpm_ff_component|dffs[1] ; clk        ; clk      ; None                        ; None                      ; 2.786 ns                ;
; N/A                                     ; 336.59 MHz ( period = 2.971 ns )                    ; cache_set_2_way:inst2|cache_line_bank:inst|lpm_dff3:inst1|lpm_ff:lpm_ff_component|dffs[0]  ; cache_set_2_way:inst2|cache_line_bank:inst|lpm_dff2:inst3|lpm_ff:lpm_ff_component|dffs[1]  ; clk        ; clk      ; None                        ; None                      ; 2.791 ns                ;
; N/A                                     ; 336.59 MHz ( period = 2.971 ns )                    ; cache_set_2_way:inst2|cache_line_bank:inst|lpm_dff3:inst1|lpm_ff:lpm_ff_component|dffs[0]  ; cache_set_2_way:inst2|cache_line_bank:inst|lpm_dff1:inst2|lpm_ff:lpm_ff_component|dffs[1]  ; clk        ; clk      ; None                        ; None                      ; 2.791 ns                ;
; N/A                                     ; 338.07 MHz ( period = 2.958 ns )                    ; cache_set_2_way:inst2|cache_line_bank:inst|lpm_dff0:inst|lpm_ff:lpm_ff_component|dffs[2]   ; cache_set_2_way:inst2|cache_line_bank:inst1|lpm_dff2:inst3|lpm_ff:lpm_ff_component|dffs[2] ; clk        ; clk      ; None                        ; None                      ; 2.773 ns                ;
; N/A                                     ; 338.07 MHz ( period = 2.958 ns )                    ; cache_set_2_way:inst2|cache_line_bank:inst|lpm_dff0:inst|lpm_ff:lpm_ff_component|dffs[2]   ; cache_set_2_way:inst2|cache_line_bank:inst1|lpm_dff2:inst3|lpm_ff:lpm_ff_component|dffs[1] ; clk        ; clk      ; None                        ; None                      ; 2.773 ns                ;
; N/A                                     ; 338.07 MHz ( period = 2.958 ns )                    ; cache_set_2_way:inst2|cache_line_bank:inst|lpm_dff0:inst|lpm_ff:lpm_ff_component|dffs[2]   ; cache_set_2_way:inst2|cache_line_bank:inst1|lpm_dff1:inst2|lpm_ff:lpm_ff_component|dffs[1] ; clk        ; clk      ; None                        ; None                      ; 2.773 ns                ;
; N/A                                     ; 338.18 MHz ( period = 2.957 ns )                    ; cache_set_2_way:inst2|cache_line_bank:inst|lpm_dff0:inst|lpm_ff:lpm_ff_component|dffs[0]   ; cache_set_2_way:inst2|cache_line_bank:inst|lpm_dff2:inst3|lpm_ff:lpm_ff_component|dffs[4]  ; clk        ; clk      ; None                        ; None                      ; 2.777 ns                ;
; N/A                                     ; 338.18 MHz ( period = 2.957 ns )                    ; cache_set_2_way:inst2|cache_line_bank:inst|lpm_dff0:inst|lpm_ff:lpm_ff_component|dffs[0]   ; cache_set_2_way:inst2|cache_line_bank:inst|lpm_dff1:inst2|lpm_ff:lpm_ff_component|dffs[4]  ; clk        ; clk      ; None                        ; None                      ; 2.777 ns                ;
; N/A                                     ; 338.18 MHz ( period = 2.957 ns )                    ; cache_set_2_way:inst2|cache_line_bank:inst|lpm_dff0:inst|lpm_ff:lpm_ff_component|dffs[0]   ; cache_set_2_way:inst2|cache_line_bank:inst|lpm_dff2:inst3|lpm_ff:lpm_ff_component|dffs[1]  ; clk        ; clk      ; None                        ; None                      ; 2.777 ns                ;
; N/A                                     ; 338.18 MHz ( period = 2.957 ns )                    ; cache_set_2_way:inst2|cache_line_bank:inst|lpm_dff0:inst|lpm_ff:lpm_ff_component|dffs[0]   ; cache_set_2_way:inst2|cache_line_bank:inst|lpm_dff1:inst2|lpm_ff:lpm_ff_component|dffs[1]  ; clk        ; clk      ; None                        ; None                      ; 2.777 ns                ;
; N/A                                     ; 338.75 MHz ( period = 2.952 ns )                    ; cache_set_2_way:inst2|cache_line_bank:inst|lpm_dff0:inst|lpm_ff:lpm_ff_component|dffs[1]   ; cache_set_2_way:inst2|cache_line_bank:inst1|lpm_dff2:inst3|lpm_ff:lpm_ff_component|dffs[2] ; clk        ; clk      ; None                        ; None                      ; 2.767 ns                ;
; N/A                                     ; 338.75 MHz ( period = 2.952 ns )                    ; cache_set_2_way:inst2|cache_line_bank:inst|lpm_dff0:inst|lpm_ff:lpm_ff_component|dffs[1]   ; cache_set_2_way:inst2|cache_line_bank:inst1|lpm_dff2:inst3|lpm_ff:lpm_ff_component|dffs[1] ; clk        ; clk      ; None                        ; None                      ; 2.767 ns                ;
; N/A                                     ; 338.75 MHz ( period = 2.952 ns )                    ; cache_set_2_way:inst2|cache_line_bank:inst|lpm_dff0:inst|lpm_ff:lpm_ff_component|dffs[1]   ; cache_set_2_way:inst2|cache_line_bank:inst1|lpm_dff1:inst2|lpm_ff:lpm_ff_component|dffs[1] ; clk        ; clk      ; None                        ; None                      ; 2.767 ns                ;
; N/A                                     ; 340.72 MHz ( period = 2.935 ns )                    ; cache_set_2_way:inst1|cache_line_bank:inst|lpm_dff0:inst|lpm_ff:lpm_ff_component|dffs[4]   ; cache_set_2_way:inst1|cache_line_bank:inst|lpm_dff2:inst3|lpm_ff:lpm_ff_component|dffs[2]  ; clk        ; clk      ; None                        ; None                      ; 2.753 ns                ;
; N/A                                     ; 340.72 MHz ( period = 2.935 ns )                    ; cache_set_2_way:inst1|cache_line_bank:inst|lpm_dff0:inst|lpm_ff:lpm_ff_component|dffs[4]   ; cache_set_2_way:inst1|cache_line_bank:inst|lpm_dff1:inst2|lpm_ff:lpm_ff_component|dffs[2]  ; clk        ; clk      ; None                        ; None                      ; 2.753 ns                ;
; N/A                                     ; 340.72 MHz ( period = 2.935 ns )                    ; cache_set_2_way:inst1|cache_line_bank:inst|lpm_dff0:inst|lpm_ff:lpm_ff_component|dffs[4]   ; cache_set_2_way:inst1|cache_line_bank:inst|lpm_dff2:inst3|lpm_ff:lpm_ff_component|dffs[1]  ; clk        ; clk      ; None                        ; None                      ; 2.753 ns                ;
; N/A                                     ; 340.72 MHz ( period = 2.935 ns )                    ; cache_set_2_way:inst1|cache_line_bank:inst|lpm_dff0:inst|lpm_ff:lpm_ff_component|dffs[4]   ; cache_set_2_way:inst1|cache_line_bank:inst|lpm_dff1:inst2|lpm_ff:lpm_ff_component|dffs[1]  ; clk        ; clk      ; None                        ; None                      ; 2.753 ns                ;
; N/A                                     ; 342.35 MHz ( period = 2.921 ns )                    ; cache_set_2_way:inst2|cache_line_bank:inst1|lpm_dff0:inst|lpm_ff:lpm_ff_component|dffs[1]  ; cache_set_2_way:inst2|cache_line_bank:inst1|lpm_dff2:inst3|lpm_ff:lpm_ff_component|dffs[2] ; clk        ; clk      ; None                        ; None                      ; 2.736 ns                ;
; N/A                                     ; 342.35 MHz ( period = 2.921 ns )                    ; cache_set_2_way:inst2|cache_line_bank:inst1|lpm_dff0:inst|lpm_ff:lpm_ff_component|dffs[1]  ; cache_set_2_way:inst2|cache_line_bank:inst1|lpm_dff2:inst3|lpm_ff:lpm_ff_component|dffs[1] ; clk        ; clk      ; None                        ; None                      ; 2.736 ns                ;
; N/A                                     ; 342.35 MHz ( period = 2.921 ns )                    ; cache_set_2_way:inst2|cache_line_bank:inst1|lpm_dff0:inst|lpm_ff:lpm_ff_component|dffs[1]  ; cache_set_2_way:inst2|cache_line_bank:inst1|lpm_dff1:inst2|lpm_ff:lpm_ff_component|dffs[1] ; clk        ; clk      ; None                        ; None                      ; 2.736 ns                ;
; N/A                                     ; 342.82 MHz ( period = 2.917 ns )                    ; cache_set_2_way:inst|cache_line_bank:inst1|lpm_dff0:inst|lpm_ff:lpm_ff_component|dffs[4]   ; cache_set_2_way:inst|cache_line_bank:inst|lpm_dff2:inst3|lpm_ff:lpm_ff_component|dffs[2]   ; clk        ; clk      ; None                        ; None                      ; 2.738 ns                ;
; N/A                                     ; 342.82 MHz ( period = 2.917 ns )                    ; cache_set_2_way:inst|cache_line_bank:inst1|lpm_dff0:inst|lpm_ff:lpm_ff_component|dffs[4]   ; cache_set_2_way:inst|cache_line_bank:inst|lpm_dff1:inst2|lpm_ff:lpm_ff_component|dffs[2]   ; clk        ; clk      ; None                        ; None                      ; 2.738 ns                ;
; N/A                                     ; 342.82 MHz ( period = 2.917 ns )                    ; cache_set_2_way:inst|cache_line_bank:inst1|lpm_dff0:inst|lpm_ff:lpm_ff_component|dffs[4]   ; cache_set_2_way:inst|cache_line_bank:inst|lpm_dff2:inst3|lpm_ff:lpm_ff_component|dffs[1]   ; clk        ; clk      ; None                        ; None                      ; 2.738 ns                ;
; N/A                                     ; 342.82 MHz ( period = 2.917 ns )                    ; cache_set_2_way:inst|cache_line_bank:inst1|lpm_dff0:inst|lpm_ff:lpm_ff_component|dffs[4]   ; cache_set_2_way:inst|cache_line_bank:inst|lpm_dff1:inst2|lpm_ff:lpm_ff_component|dffs[1]   ; clk        ; clk      ; None                        ; None                      ; 2.738 ns                ;
; N/A                                     ; 343.17 MHz ( period = 2.914 ns )                    ; cache_set_2_way:inst3|cache_line_bank:inst|lpm_dff0:inst|lpm_ff:lpm_ff_component|dffs[3]   ; cache_set_2_way:inst3|cache_line_bank:inst1|lpm_dff2:inst3|lpm_ff:lpm_ff_component|dffs[0] ; clk        ; clk      ; None                        ; None                      ; 2.723 ns                ;
; N/A                                     ; 343.17 MHz ( period = 2.914 ns )                    ; cache_set_2_way:inst3|cache_line_bank:inst|lpm_dff0:inst|lpm_ff:lpm_ff_component|dffs[3]   ; cache_set_2_way:inst3|cache_line_bank:inst1|lpm_dff1:inst2|lpm_ff:lpm_ff_component|dffs[0] ; clk        ; clk      ; None                        ; None                      ; 2.723 ns                ;
; N/A                                     ; 343.64 MHz ( period = 2.910 ns )                    ; cache_set_2_way:inst2|cache_line_bank:inst1|lpm_dff3:inst1|lpm_ff:lpm_ff_component|dffs[0] ; cache_set_2_way:inst2|cache_line_bank:inst1|lpm_dff2:inst3|lpm_ff:lpm_ff_component|dffs[2] ; clk        ; clk      ; None                        ; None                      ; 2.725 ns                ;
; N/A                                     ; 343.64 MHz ( period = 2.910 ns )                    ; cache_set_2_way:inst2|cache_line_bank:inst1|lpm_dff3:inst1|lpm_ff:lpm_ff_component|dffs[0] ; cache_set_2_way:inst2|cache_line_bank:inst1|lpm_dff2:inst3|lpm_ff:lpm_ff_component|dffs[1] ; clk        ; clk      ; None                        ; None                      ; 2.725 ns                ;
; N/A                                     ; 343.64 MHz ( period = 2.910 ns )                    ; cache_set_2_way:inst2|cache_line_bank:inst1|lpm_dff3:inst1|lpm_ff:lpm_ff_component|dffs[0] ; cache_set_2_way:inst2|cache_line_bank:inst1|lpm_dff1:inst2|lpm_ff:lpm_ff_component|dffs[1] ; clk        ; clk      ; None                        ; None                      ; 2.725 ns                ;
; N/A                                     ; 344.95 MHz ( period = 2.899 ns )                    ; cache_set_2_way:inst3|cache_line_bank:inst|lpm_dff0:inst|lpm_ff:lpm_ff_component|dffs[3]   ; cache_set_2_way:inst3|cache_line_bank:inst1|lpm_dff2:inst3|lpm_ff:lpm_ff_component|dffs[6] ; clk        ; clk      ; None                        ; None                      ; 2.713 ns                ;
; N/A                                     ; 344.95 MHz ( period = 2.899 ns )                    ; cache_set_2_way:inst3|cache_line_bank:inst|lpm_dff0:inst|lpm_ff:lpm_ff_component|dffs[3]   ; cache_set_2_way:inst3|cache_line_bank:inst1|lpm_dff1:inst2|lpm_ff:lpm_ff_component|dffs[6] ; clk        ; clk      ; None                        ; None                      ; 2.713 ns                ;
; N/A                                     ; 345.07 MHz ( period = 2.898 ns )                    ; cache_set_2_way:inst|cache_line_bank:inst|lpm_dff0:inst|lpm_ff:lpm_ff_component|dffs[0]    ; cache_set_2_way:inst|cache_line_bank:inst|lpm_dff2:inst3|lpm_ff:lpm_ff_component|dffs[2]   ; clk        ; clk      ; None                        ; None                      ; 2.718 ns                ;
; N/A                                     ; 345.07 MHz ( period = 2.898 ns )                    ; cache_set_2_way:inst|cache_line_bank:inst|lpm_dff0:inst|lpm_ff:lpm_ff_component|dffs[0]    ; cache_set_2_way:inst|cache_line_bank:inst|lpm_dff1:inst2|lpm_ff:lpm_ff_component|dffs[2]   ; clk        ; clk      ; None                        ; None                      ; 2.718 ns                ;
; N/A                                     ; 345.07 MHz ( period = 2.898 ns )                    ; cache_set_2_way:inst|cache_line_bank:inst|lpm_dff0:inst|lpm_ff:lpm_ff_component|dffs[0]    ; cache_set_2_way:inst|cache_line_bank:inst|lpm_dff2:inst3|lpm_ff:lpm_ff_component|dffs[1]   ; clk        ; clk      ; None                        ; None                      ; 2.718 ns                ;
; N/A                                     ; 345.07 MHz ( period = 2.898 ns )                    ; cache_set_2_way:inst|cache_line_bank:inst|lpm_dff0:inst|lpm_ff:lpm_ff_component|dffs[0]    ; cache_set_2_way:inst|cache_line_bank:inst|lpm_dff1:inst2|lpm_ff:lpm_ff_component|dffs[1]   ; clk        ; clk      ; None                        ; None                      ; 2.718 ns                ;
; N/A                                     ; 345.54 MHz ( period = 2.894 ns )                    ; cache_set_2_way:inst2|cache_line_bank:inst|lpm_dff3:inst1|lpm_ff:lpm_ff_component|dffs[0]  ; cache_set_2_way:inst2|cache_line_bank:inst1|lpm_dff2:inst3|lpm_ff:lpm_ff_component|dffs[4] ; clk        ; clk      ; None                        ; None                      ; 2.709 ns                ;
; N/A                                     ; 345.54 MHz ( period = 2.894 ns )                    ; cache_set_2_way:inst2|cache_line_bank:inst|lpm_dff3:inst1|lpm_ff:lpm_ff_component|dffs[0]  ; cache_set_2_way:inst2|cache_line_bank:inst1|lpm_dff1:inst2|lpm_ff:lpm_ff_component|dffs[4] ; clk        ; clk      ; None                        ; None                      ; 2.709 ns                ;
; N/A                                     ; 346.74 MHz ( period = 2.884 ns )                    ; cache_set_2_way:inst|cache_line_bank:inst|lpm_dff0:inst|lpm_ff:lpm_ff_component|dffs[0]    ; cache_set_2_way:inst|cache_line_bank:inst1|lpm_dff2:inst3|lpm_ff:lpm_ff_component|dffs[0]  ; clk        ; clk      ; None                        ; None                      ; 2.694 ns                ;
; N/A                                     ; 346.74 MHz ( period = 2.884 ns )                    ; cache_set_2_way:inst|cache_line_bank:inst|lpm_dff0:inst|lpm_ff:lpm_ff_component|dffs[0]    ; cache_set_2_way:inst|cache_line_bank:inst1|lpm_dff1:inst2|lpm_ff:lpm_ff_component|dffs[0]  ; clk        ; clk      ; None                        ; None                      ; 2.694 ns                ;
; N/A                                     ; 346.98 MHz ( period = 2.882 ns )                    ; cache_set_2_way:inst3|cache_line_bank:inst|lpm_dff0:inst|lpm_ff:lpm_ff_component|dffs[3]   ; cache_set_2_way:inst3|cache_line_bank:inst1|lpm_dff2:inst3|lpm_ff:lpm_ff_component|dffs[5] ; clk        ; clk      ; None                        ; None                      ; 2.699 ns                ;
; N/A                                     ; 346.98 MHz ( period = 2.882 ns )                    ; cache_set_2_way:inst3|cache_line_bank:inst|lpm_dff0:inst|lpm_ff:lpm_ff_component|dffs[3]   ; cache_set_2_way:inst3|cache_line_bank:inst1|lpm_dff1:inst2|lpm_ff:lpm_ff_component|dffs[5] ; clk        ; clk      ; None                        ; None                      ; 2.699 ns                ;
; N/A                                     ; 346.98 MHz ( period = 2.882 ns )                    ; cache_set_2_way:inst3|cache_line_bank:inst|lpm_dff0:inst|lpm_ff:lpm_ff_component|dffs[3]   ; cache_set_2_way:inst3|cache_line_bank:inst1|lpm_dff2:inst3|lpm_ff:lpm_ff_component|dffs[3] ; clk        ; clk      ; None                        ; None                      ; 2.699 ns                ;
; N/A                                     ; 346.98 MHz ( period = 2.882 ns )                    ; cache_set_2_way:inst3|cache_line_bank:inst|lpm_dff0:inst|lpm_ff:lpm_ff_component|dffs[3]   ; cache_set_2_way:inst3|cache_line_bank:inst1|lpm_dff1:inst2|lpm_ff:lpm_ff_component|dffs[3] ; clk        ; clk      ; None                        ; None                      ; 2.699 ns                ;
; N/A                                     ; 347.22 MHz ( period = 2.880 ns )                    ; cache_set_2_way:inst2|cache_line_bank:inst|lpm_dff0:inst|lpm_ff:lpm_ff_component|dffs[0]   ; cache_set_2_way:inst2|cache_line_bank:inst1|lpm_dff2:inst3|lpm_ff:lpm_ff_component|dffs[4] ; clk        ; clk      ; None                        ; None                      ; 2.695 ns                ;
; N/A                                     ; 347.22 MHz ( period = 2.880 ns )                    ; cache_set_2_way:inst2|cache_line_bank:inst|lpm_dff0:inst|lpm_ff:lpm_ff_component|dffs[0]   ; cache_set_2_way:inst2|cache_line_bank:inst1|lpm_dff1:inst2|lpm_ff:lpm_ff_component|dffs[4] ; clk        ; clk      ; None                        ; None                      ; 2.695 ns                ;
; N/A                                     ; 348.80 MHz ( period = 2.867 ns )                    ; cache_set_2_way:inst2|cache_line_bank:inst1|lpm_dff0:inst|lpm_ff:lpm_ff_component|dffs[3]  ; cache_set_2_way:inst2|cache_line_bank:inst1|lpm_dff2:inst3|lpm_ff:lpm_ff_component|dffs[2] ; clk        ; clk      ; None                        ; None                      ; 2.682 ns                ;
; N/A                                     ; 348.80 MHz ( period = 2.867 ns )                    ; cache_set_2_way:inst2|cache_line_bank:inst1|lpm_dff0:inst|lpm_ff:lpm_ff_component|dffs[3]  ; cache_set_2_way:inst2|cache_line_bank:inst1|lpm_dff2:inst3|lpm_ff:lpm_ff_component|dffs[1] ; clk        ; clk      ; None                        ; None                      ; 2.682 ns                ;
; N/A                                     ; 348.80 MHz ( period = 2.867 ns )                    ; cache_set_2_way:inst2|cache_line_bank:inst1|lpm_dff0:inst|lpm_ff:lpm_ff_component|dffs[3]  ; cache_set_2_way:inst2|cache_line_bank:inst1|lpm_dff1:inst2|lpm_ff:lpm_ff_component|dffs[1] ; clk        ; clk      ; None                        ; None                      ; 2.682 ns                ;
; N/A                                     ; 349.41 MHz ( period = 2.862 ns )                    ; cache_set_2_way:inst3|cache_line_bank:inst|lpm_dff0:inst|lpm_ff:lpm_ff_component|dffs[3]   ; cache_set_2_way:inst3|cache_line_bank:inst1|lpm_dff2:inst3|lpm_ff:lpm_ff_component|dffs[2] ; clk        ; clk      ; None                        ; None                      ; 2.681 ns                ;
; N/A                                     ; 349.41 MHz ( period = 2.862 ns )                    ; cache_set_2_way:inst3|cache_line_bank:inst|lpm_dff0:inst|lpm_ff:lpm_ff_component|dffs[3]   ; cache_set_2_way:inst3|cache_line_bank:inst1|lpm_dff1:inst2|lpm_ff:lpm_ff_component|dffs[2] ; clk        ; clk      ; None                        ; None                      ; 2.681 ns                ;
; N/A                                     ; 349.53 MHz ( period = 2.861 ns )                    ; cache_set_2_way:inst2|cache_line_bank:inst|lpm_dff3:inst1|lpm_ff:lpm_ff_component|dffs[0]  ; cache_set_2_way:inst2|cache_line_bank:inst|lpm_dff1:inst2|lpm_ff:lpm_ff_component|dffs[2]  ; clk        ; clk      ; None                        ; None                      ; 2.678 ns                ;
; N/A                                     ; 350.75 MHz ( period = 2.851 ns )                    ; cache_set_2_way:inst1|cache_line_bank:inst|lpm_dff0:inst|lpm_ff:lpm_ff_component|dffs[4]   ; cache_set_2_way:inst1|cache_line_bank:inst1|lpm_dff2:inst3|lpm_ff:lpm_ff_component|dffs[2] ; clk        ; clk      ; None                        ; None                      ; 2.669 ns                ;
; N/A                                     ; 350.75 MHz ( period = 2.851 ns )                    ; cache_set_2_way:inst1|cache_line_bank:inst|lpm_dff0:inst|lpm_ff:lpm_ff_component|dffs[4]   ; cache_set_2_way:inst1|cache_line_bank:inst1|lpm_dff1:inst2|lpm_ff:lpm_ff_component|dffs[2] ; clk        ; clk      ; None                        ; None                      ; 2.669 ns                ;
; N/A                                     ; 350.75 MHz ( period = 2.851 ns )                    ; cache_set_2_way:inst1|cache_line_bank:inst|lpm_dff0:inst|lpm_ff:lpm_ff_component|dffs[4]   ; cache_set_2_way:inst1|cache_line_bank:inst1|lpm_dff2:inst3|lpm_ff:lpm_ff_component|dffs[1] ; clk        ; clk      ; None                        ; None                      ; 2.669 ns                ;
; N/A                                     ; 350.75 MHz ( period = 2.851 ns )                    ; cache_set_2_way:inst1|cache_line_bank:inst|lpm_dff0:inst|lpm_ff:lpm_ff_component|dffs[4]   ; cache_set_2_way:inst1|cache_line_bank:inst1|lpm_dff1:inst2|lpm_ff:lpm_ff_component|dffs[1] ; clk        ; clk      ; None                        ; None                      ; 2.669 ns                ;
; N/A                                     ; 351.00 MHz ( period = 2.849 ns )                    ; cache_set_2_way:inst|cache_line_bank:inst|lpm_dff0:inst|lpm_ff:lpm_ff_component|dffs[0]    ; cache_set_2_way:inst|cache_line_bank:inst1|lpm_dff2:inst3|lpm_ff:lpm_ff_component|dffs[2]  ; clk        ; clk      ; None                        ; None                      ; 2.669 ns                ;
; N/A                                     ; 351.00 MHz ( period = 2.849 ns )                    ; cache_set_2_way:inst|cache_line_bank:inst|lpm_dff0:inst|lpm_ff:lpm_ff_component|dffs[0]    ; cache_set_2_way:inst|cache_line_bank:inst1|lpm_dff1:inst2|lpm_ff:lpm_ff_component|dffs[2]  ; clk        ; clk      ; None                        ; None                      ; 2.669 ns                ;
; N/A                                     ; 351.00 MHz ( period = 2.849 ns )                    ; cache_set_2_way:inst|cache_line_bank:inst|lpm_dff0:inst|lpm_ff:lpm_ff_component|dffs[0]    ; cache_set_2_way:inst|cache_line_bank:inst1|lpm_dff2:inst3|lpm_ff:lpm_ff_component|dffs[1]  ; clk        ; clk      ; None                        ; None                      ; 2.669 ns                ;
; N/A                                     ; 351.00 MHz ( period = 2.849 ns )                    ; cache_set_2_way:inst|cache_line_bank:inst|lpm_dff0:inst|lpm_ff:lpm_ff_component|dffs[0]    ; cache_set_2_way:inst|cache_line_bank:inst1|lpm_dff1:inst2|lpm_ff:lpm_ff_component|dffs[1]  ; clk        ; clk      ; None                        ; None                      ; 2.669 ns                ;
; N/A                                     ; 351.12 MHz ( period = 2.848 ns )                    ; cache_set_2_way:inst|cache_line_bank:inst1|lpm_dff0:inst|lpm_ff:lpm_ff_component|dffs[0]   ; cache_set_2_way:inst|cache_line_bank:inst|lpm_dff2:inst3|lpm_ff:lpm_ff_component|dffs[7]   ; clk        ; clk      ; None                        ; None                      ; 2.663 ns                ;
; N/A                                     ; 351.12 MHz ( period = 2.848 ns )                    ; cache_set_2_way:inst|cache_line_bank:inst1|lpm_dff0:inst|lpm_ff:lpm_ff_component|dffs[0]   ; cache_set_2_way:inst|cache_line_bank:inst|lpm_dff1:inst2|lpm_ff:lpm_ff_component|dffs[7]   ; clk        ; clk      ; None                        ; None                      ; 2.663 ns                ;
; N/A                                     ; 351.12 MHz ( period = 2.848 ns )                    ; cache_set_2_way:inst|cache_line_bank:inst1|lpm_dff0:inst|lpm_ff:lpm_ff_component|dffs[0]   ; cache_set_2_way:inst|cache_line_bank:inst|lpm_dff2:inst3|lpm_ff:lpm_ff_component|dffs[0]   ; clk        ; clk      ; None                        ; None                      ; 2.663 ns                ;
; N/A                                     ; 351.12 MHz ( period = 2.848 ns )                    ; cache_set_2_way:inst|cache_line_bank:inst1|lpm_dff0:inst|lpm_ff:lpm_ff_component|dffs[0]   ; cache_set_2_way:inst|cache_line_bank:inst|lpm_dff1:inst2|lpm_ff:lpm_ff_component|dffs[0]   ; clk        ; clk      ; None                        ; None                      ; 2.663 ns                ;
; N/A                                     ; 351.25 MHz ( period = 2.847 ns )                    ; cache_set_2_way:inst2|cache_line_bank:inst|lpm_dff0:inst|lpm_ff:lpm_ff_component|dffs[0]   ; cache_set_2_way:inst2|cache_line_bank:inst|lpm_dff1:inst2|lpm_ff:lpm_ff_component|dffs[2]  ; clk        ; clk      ; None                        ; None                      ; 2.664 ns                ;
; N/A                                     ; 352.98 MHz ( period = 2.833 ns )                    ; cache_set_2_way:inst1|cache_line_bank:inst|lpm_dff0:inst|lpm_ff:lpm_ff_component|dffs[0]   ; cache_set_2_way:inst1|cache_line_bank:inst|lpm_dff2:inst3|lpm_ff:lpm_ff_component|dffs[2]  ; clk        ; clk      ; None                        ; None                      ; 2.651 ns                ;
; N/A                                     ; 352.98 MHz ( period = 2.833 ns )                    ; cache_set_2_way:inst1|cache_line_bank:inst|lpm_dff0:inst|lpm_ff:lpm_ff_component|dffs[0]   ; cache_set_2_way:inst1|cache_line_bank:inst|lpm_dff1:inst2|lpm_ff:lpm_ff_component|dffs[2]  ; clk        ; clk      ; None                        ; None                      ; 2.651 ns                ;
; N/A                                     ; 352.98 MHz ( period = 2.833 ns )                    ; cache_set_2_way:inst1|cache_line_bank:inst|lpm_dff0:inst|lpm_ff:lpm_ff_component|dffs[0]   ; cache_set_2_way:inst1|cache_line_bank:inst|lpm_dff2:inst3|lpm_ff:lpm_ff_component|dffs[1]  ; clk        ; clk      ; None                        ; None                      ; 2.651 ns                ;
; N/A                                     ; 352.98 MHz ( period = 2.833 ns )                    ; cache_set_2_way:inst1|cache_line_bank:inst|lpm_dff0:inst|lpm_ff:lpm_ff_component|dffs[0]   ; cache_set_2_way:inst1|cache_line_bank:inst|lpm_dff1:inst2|lpm_ff:lpm_ff_component|dffs[1]  ; clk        ; clk      ; None                        ; None                      ; 2.651 ns                ;
; N/A                                     ; 353.11 MHz ( period = 2.832 ns )                    ; cache_set_2_way:inst|cache_line_bank:inst1|lpm_dff0:inst|lpm_ff:lpm_ff_component|dffs[4]   ; cache_set_2_way:inst|cache_line_bank:inst|lpm_dff2:inst3|lpm_ff:lpm_ff_component|dffs[6]   ; clk        ; clk      ; None                        ; None                      ; 2.640 ns                ;
; N/A                                     ; 353.11 MHz ( period = 2.832 ns )                    ; cache_set_2_way:inst|cache_line_bank:inst1|lpm_dff0:inst|lpm_ff:lpm_ff_component|dffs[4]   ; cache_set_2_way:inst|cache_line_bank:inst|lpm_dff1:inst2|lpm_ff:lpm_ff_component|dffs[6]   ; clk        ; clk      ; None                        ; None                      ; 2.640 ns                ;
; N/A                                     ; 353.11 MHz ( period = 2.832 ns )                    ; cache_set_2_way:inst|cache_line_bank:inst1|lpm_dff0:inst|lpm_ff:lpm_ff_component|dffs[4]   ; cache_set_2_way:inst|cache_line_bank:inst|lpm_dff2:inst3|lpm_ff:lpm_ff_component|dffs[5]   ; clk        ; clk      ; None                        ; None                      ; 2.640 ns                ;
; N/A                                     ; 353.86 MHz ( period = 2.826 ns )                    ; cache_set_2_way:inst|cache_line_bank:inst1|lpm_dff0:inst|lpm_ff:lpm_ff_component|dffs[3]   ; cache_set_2_way:inst|cache_line_bank:inst|lpm_dff2:inst3|lpm_ff:lpm_ff_component|dffs[7]   ; clk        ; clk      ; None                        ; None                      ; 2.641 ns                ;
; N/A                                     ; 353.86 MHz ( period = 2.826 ns )                    ; cache_set_2_way:inst|cache_line_bank:inst1|lpm_dff0:inst|lpm_ff:lpm_ff_component|dffs[3]   ; cache_set_2_way:inst|cache_line_bank:inst|lpm_dff1:inst2|lpm_ff:lpm_ff_component|dffs[7]   ; clk        ; clk      ; None                        ; None                      ; 2.641 ns                ;
; N/A                                     ; 353.86 MHz ( period = 2.826 ns )                    ; cache_set_2_way:inst|cache_line_bank:inst1|lpm_dff0:inst|lpm_ff:lpm_ff_component|dffs[3]   ; cache_set_2_way:inst|cache_line_bank:inst|lpm_dff2:inst3|lpm_ff:lpm_ff_component|dffs[0]   ; clk        ; clk      ; None                        ; None                      ; 2.641 ns                ;
; N/A                                     ; 353.86 MHz ( period = 2.826 ns )                    ; cache_set_2_way:inst|cache_line_bank:inst1|lpm_dff0:inst|lpm_ff:lpm_ff_component|dffs[3]   ; cache_set_2_way:inst|cache_line_bank:inst|lpm_dff1:inst2|lpm_ff:lpm_ff_component|dffs[0]   ; clk        ; clk      ; None                        ; None                      ; 2.641 ns                ;
; N/A                                     ; 353.98 MHz ( period = 2.825 ns )                    ; cache_set_2_way:inst|cache_line_bank:inst1|lpm_dff0:inst|lpm_ff:lpm_ff_component|dffs[0]   ; cache_set_2_way:inst|cache_line_bank:inst1|lpm_dff2:inst3|lpm_ff:lpm_ff_component|dffs[0]  ; clk        ; clk      ; None                        ; None                      ; 2.636 ns                ;
; N/A                                     ; 353.98 MHz ( period = 2.825 ns )                    ; cache_set_2_way:inst|cache_line_bank:inst1|lpm_dff0:inst|lpm_ff:lpm_ff_component|dffs[0]   ; cache_set_2_way:inst|cache_line_bank:inst1|lpm_dff1:inst2|lpm_ff:lpm_ff_component|dffs[0]  ; clk        ; clk      ; None                        ; None                      ; 2.636 ns                ;
; N/A                                     ; 354.36 MHz ( period = 2.822 ns )                    ; cache_set_2_way:inst3|cache_line_bank:inst|lpm_dff3:inst1|lpm_ff:lpm_ff_component|dffs[0]  ; cache_set_2_way:inst3|cache_line_bank:inst1|lpm_dff2:inst3|lpm_ff:lpm_ff_component|dffs[0] ; clk        ; clk      ; None                        ; None                      ; 2.631 ns                ;
; N/A                                     ; 354.36 MHz ( period = 2.822 ns )                    ; cache_set_2_way:inst3|cache_line_bank:inst|lpm_dff3:inst1|lpm_ff:lpm_ff_component|dffs[0]  ; cache_set_2_way:inst3|cache_line_bank:inst1|lpm_dff1:inst2|lpm_ff:lpm_ff_component|dffs[0] ; clk        ; clk      ; None                        ; None                      ; 2.631 ns                ;
; N/A                                     ; 354.48 MHz ( period = 2.821 ns )                    ; cache_set_2_way:inst3|cache_line_bank:inst|lpm_dff0:inst|lpm_ff:lpm_ff_component|dffs[3]   ; cache_set_2_way:inst3|cache_line_bank:inst|lpm_dff2:inst3|lpm_ff:lpm_ff_component|dffs[0]  ; clk        ; clk      ; None                        ; None                      ; 2.630 ns                ;
; N/A                                     ; 354.48 MHz ( period = 2.821 ns )                    ; cache_set_2_way:inst3|cache_line_bank:inst|lpm_dff0:inst|lpm_ff:lpm_ff_component|dffs[3]   ; cache_set_2_way:inst3|cache_line_bank:inst|lpm_dff1:inst2|lpm_ff:lpm_ff_component|dffs[0]  ; clk        ; clk      ; None                        ; None                      ; 2.630 ns                ;
; N/A                                     ; 355.11 MHz ( period = 2.816 ns )                    ; cache_set_2_way:inst2|cache_line_bank:inst|lpm_dff3:inst1|lpm_ff:lpm_ff_component|dffs[0]  ; cache_set_2_way:inst2|cache_line_bank:inst1|lpm_dff1:inst2|lpm_ff:lpm_ff_component|dffs[6] ; clk        ; clk      ; None                        ; None                      ; 2.638 ns                ;
; N/A                                     ; 355.11 MHz ( period = 2.816 ns )                    ; cache_set_2_way:inst2|cache_line_bank:inst|lpm_dff3:inst1|lpm_ff:lpm_ff_component|dffs[0]  ; cache_set_2_way:inst2|cache_line_bank:inst1|lpm_dff2:inst3|lpm_ff:lpm_ff_component|dffs[5] ; clk        ; clk      ; None                        ; None                      ; 2.638 ns                ;
; N/A                                     ; 355.11 MHz ( period = 2.816 ns )                    ; cache_set_2_way:inst2|cache_line_bank:inst|lpm_dff3:inst1|lpm_ff:lpm_ff_component|dffs[0]  ; cache_set_2_way:inst2|cache_line_bank:inst1|lpm_dff1:inst2|lpm_ff:lpm_ff_component|dffs[5] ; clk        ; clk      ; None                        ; None                      ; 2.638 ns                ;
; N/A                                     ; 355.11 MHz ( period = 2.816 ns )                    ; cache_set_2_way:inst2|cache_line_bank:inst|lpm_dff3:inst1|lpm_ff:lpm_ff_component|dffs[0]  ; cache_set_2_way:inst2|cache_line_bank:inst1|lpm_dff2:inst3|lpm_ff:lpm_ff_component|dffs[3] ; clk        ; clk      ; None                        ; None                      ; 2.638 ns                ;
; N/A                                     ; 355.11 MHz ( period = 2.816 ns )                    ; cache_set_2_way:inst2|cache_line_bank:inst|lpm_dff3:inst1|lpm_ff:lpm_ff_component|dffs[0]  ; cache_set_2_way:inst2|cache_line_bank:inst1|lpm_dff1:inst2|lpm_ff:lpm_ff_component|dffs[3] ; clk        ; clk      ; None                        ; None                      ; 2.638 ns                ;
; N/A                                     ; 355.11 MHz ( period = 2.816 ns )                    ; cache_set_2_way:inst2|cache_line_bank:inst|lpm_dff3:inst1|lpm_ff:lpm_ff_component|dffs[0]  ; cache_set_2_way:inst2|cache_line_bank:inst1|lpm_dff1:inst2|lpm_ff:lpm_ff_component|dffs[2] ; clk        ; clk      ; None                        ; None                      ; 2.638 ns                ;
; N/A                                     ; 355.49 MHz ( period = 2.813 ns )                    ; cache_set_2_way:inst|cache_line_bank:inst|lpm_dff0:inst|lpm_ff:lpm_ff_component|dffs[0]    ; cache_set_2_way:inst|cache_line_bank:inst|lpm_dff2:inst3|lpm_ff:lpm_ff_component|dffs[6]   ; clk        ; clk      ; None                        ; None                      ; 2.620 ns                ;
; N/A                                     ; 355.49 MHz ( period = 2.813 ns )                    ; cache_set_2_way:inst|cache_line_bank:inst|lpm_dff0:inst|lpm_ff:lpm_ff_component|dffs[0]    ; cache_set_2_way:inst|cache_line_bank:inst|lpm_dff1:inst2|lpm_ff:lpm_ff_component|dffs[6]   ; clk        ; clk      ; None                        ; None                      ; 2.620 ns                ;
; N/A                                     ; 355.49 MHz ( period = 2.813 ns )                    ; cache_set_2_way:inst|cache_line_bank:inst|lpm_dff0:inst|lpm_ff:lpm_ff_component|dffs[0]    ; cache_set_2_way:inst|cache_line_bank:inst|lpm_dff2:inst3|lpm_ff:lpm_ff_component|dffs[5]   ; clk        ; clk      ; None                        ; None                      ; 2.620 ns                ;
; N/A                                     ; 356.25 MHz ( period = 2.807 ns )                    ; cache_set_2_way:inst3|cache_line_bank:inst|lpm_dff3:inst1|lpm_ff:lpm_ff_component|dffs[0]  ; cache_set_2_way:inst3|cache_line_bank:inst1|lpm_dff2:inst3|lpm_ff:lpm_ff_component|dffs[6] ; clk        ; clk      ; None                        ; None                      ; 2.621 ns                ;
; N/A                                     ; 356.25 MHz ( period = 2.807 ns )                    ; cache_set_2_way:inst3|cache_line_bank:inst|lpm_dff3:inst1|lpm_ff:lpm_ff_component|dffs[0]  ; cache_set_2_way:inst3|cache_line_bank:inst1|lpm_dff1:inst2|lpm_ff:lpm_ff_component|dffs[6] ; clk        ; clk      ; None                        ; None                      ; 2.621 ns                ;
; N/A                                     ; 356.76 MHz ( period = 2.803 ns )                    ; cache_set_2_way:inst|cache_line_bank:inst|lpm_dff0:inst|lpm_ff:lpm_ff_component|dffs[4]    ; cache_set_2_way:inst|cache_line_bank:inst|lpm_dff2:inst3|lpm_ff:lpm_ff_component|dffs[7]   ; clk        ; clk      ; None                        ; None                      ; 2.617 ns                ;
; N/A                                     ; 356.76 MHz ( period = 2.803 ns )                    ; cache_set_2_way:inst|cache_line_bank:inst|lpm_dff0:inst|lpm_ff:lpm_ff_component|dffs[4]    ; cache_set_2_way:inst|cache_line_bank:inst|lpm_dff1:inst2|lpm_ff:lpm_ff_component|dffs[7]   ; clk        ; clk      ; None                        ; None                      ; 2.617 ns                ;
; N/A                                     ; 356.76 MHz ( period = 2.803 ns )                    ; cache_set_2_way:inst|cache_line_bank:inst1|lpm_dff0:inst|lpm_ff:lpm_ff_component|dffs[3]   ; cache_set_2_way:inst|cache_line_bank:inst1|lpm_dff2:inst3|lpm_ff:lpm_ff_component|dffs[0]  ; clk        ; clk      ; None                        ; None                      ; 2.614 ns                ;
; N/A                                     ; 356.76 MHz ( period = 2.803 ns )                    ; cache_set_2_way:inst|cache_line_bank:inst1|lpm_dff0:inst|lpm_ff:lpm_ff_component|dffs[3]   ; cache_set_2_way:inst|cache_line_bank:inst1|lpm_dff1:inst2|lpm_ff:lpm_ff_component|dffs[0]  ; clk        ; clk      ; None                        ; None                      ; 2.614 ns                ;
; N/A                                     ; 356.76 MHz ( period = 2.803 ns )                    ; cache_set_2_way:inst|cache_line_bank:inst|lpm_dff0:inst|lpm_ff:lpm_ff_component|dffs[4]    ; cache_set_2_way:inst|cache_line_bank:inst|lpm_dff2:inst3|lpm_ff:lpm_ff_component|dffs[0]   ; clk        ; clk      ; None                        ; None                      ; 2.617 ns                ;
; N/A                                     ; 356.76 MHz ( period = 2.803 ns )                    ; cache_set_2_way:inst|cache_line_bank:inst|lpm_dff0:inst|lpm_ff:lpm_ff_component|dffs[4]    ; cache_set_2_way:inst|cache_line_bank:inst|lpm_dff1:inst2|lpm_ff:lpm_ff_component|dffs[0]   ; clk        ; clk      ; None                        ; None                      ; 2.617 ns                ;
; N/A                                     ; 356.89 MHz ( period = 2.802 ns )                    ; cache_set_2_way:inst2|cache_line_bank:inst|lpm_dff0:inst|lpm_ff:lpm_ff_component|dffs[0]   ; cache_set_2_way:inst2|cache_line_bank:inst1|lpm_dff1:inst2|lpm_ff:lpm_ff_component|dffs[6] ; clk        ; clk      ; None                        ; None                      ; 2.624 ns                ;
; N/A                                     ; 356.89 MHz ( period = 2.802 ns )                    ; cache_set_2_way:inst2|cache_line_bank:inst|lpm_dff0:inst|lpm_ff:lpm_ff_component|dffs[0]   ; cache_set_2_way:inst2|cache_line_bank:inst1|lpm_dff2:inst3|lpm_ff:lpm_ff_component|dffs[5] ; clk        ; clk      ; None                        ; None                      ; 2.624 ns                ;
; N/A                                     ; 356.89 MHz ( period = 2.802 ns )                    ; cache_set_2_way:inst2|cache_line_bank:inst|lpm_dff0:inst|lpm_ff:lpm_ff_component|dffs[0]   ; cache_set_2_way:inst2|cache_line_bank:inst1|lpm_dff1:inst2|lpm_ff:lpm_ff_component|dffs[5] ; clk        ; clk      ; None                        ; None                      ; 2.624 ns                ;
; N/A                                     ; 356.89 MHz ( period = 2.802 ns )                    ; cache_set_2_way:inst2|cache_line_bank:inst|lpm_dff0:inst|lpm_ff:lpm_ff_component|dffs[0]   ; cache_set_2_way:inst2|cache_line_bank:inst1|lpm_dff2:inst3|lpm_ff:lpm_ff_component|dffs[3] ; clk        ; clk      ; None                        ; None                      ; 2.624 ns                ;
; N/A                                     ; 356.89 MHz ( period = 2.802 ns )                    ; cache_set_2_way:inst2|cache_line_bank:inst|lpm_dff0:inst|lpm_ff:lpm_ff_component|dffs[0]   ; cache_set_2_way:inst2|cache_line_bank:inst1|lpm_dff1:inst2|lpm_ff:lpm_ff_component|dffs[3] ; clk        ; clk      ; None                        ; None                      ; 2.624 ns                ;
; N/A                                     ; 356.89 MHz ( period = 2.802 ns )                    ; cache_set_2_way:inst2|cache_line_bank:inst|lpm_dff0:inst|lpm_ff:lpm_ff_component|dffs[0]   ; cache_set_2_way:inst2|cache_line_bank:inst1|lpm_dff1:inst2|lpm_ff:lpm_ff_component|dffs[2] ; clk        ; clk      ; None                        ; None                      ; 2.624 ns                ;
; N/A                                     ; 357.65 MHz ( period = 2.796 ns )                    ; cache_set_2_way:inst2|cache_line_bank:inst1|lpm_dff0:inst|lpm_ff:lpm_ff_component|dffs[0]  ; cache_set_2_way:inst2|cache_line_bank:inst1|lpm_dff2:inst3|lpm_ff:lpm_ff_component|dffs[2] ; clk        ; clk      ; None                        ; None                      ; 2.611 ns                ;
; N/A                                     ; 357.65 MHz ( period = 2.796 ns )                    ; cache_set_2_way:inst2|cache_line_bank:inst1|lpm_dff0:inst|lpm_ff:lpm_ff_component|dffs[0]  ; cache_set_2_way:inst2|cache_line_bank:inst1|lpm_dff2:inst3|lpm_ff:lpm_ff_component|dffs[1] ; clk        ; clk      ; None                        ; None                      ; 2.611 ns                ;
; N/A                                     ; 357.65 MHz ( period = 2.796 ns )                    ; cache_set_2_way:inst2|cache_line_bank:inst1|lpm_dff0:inst|lpm_ff:lpm_ff_component|dffs[0]  ; cache_set_2_way:inst2|cache_line_bank:inst1|lpm_dff1:inst2|lpm_ff:lpm_ff_component|dffs[1] ; clk        ; clk      ; None                        ; None                      ; 2.611 ns                ;
; N/A                                     ; 358.42 MHz ( period = 2.790 ns )                    ; cache_set_2_way:inst3|cache_line_bank:inst|lpm_dff0:inst|lpm_ff:lpm_ff_component|dffs[3]   ; cache_set_2_way:inst3|cache_line_bank:inst|lpm_dff2:inst3|lpm_ff:lpm_ff_component|dffs[6]  ; clk        ; clk      ; None                        ; None                      ; 2.604 ns                ;
; N/A                                     ; 358.42 MHz ( period = 2.790 ns )                    ; cache_set_2_way:inst3|cache_line_bank:inst|lpm_dff0:inst|lpm_ff:lpm_ff_component|dffs[3]   ; cache_set_2_way:inst3|cache_line_bank:inst|lpm_dff1:inst2|lpm_ff:lpm_ff_component|dffs[6]  ; clk        ; clk      ; None                        ; None                      ; 2.604 ns                ;
; N/A                                     ; 358.42 MHz ( period = 2.790 ns )                    ; cache_set_2_way:inst3|cache_line_bank:inst|lpm_dff3:inst1|lpm_ff:lpm_ff_component|dffs[0]  ; cache_set_2_way:inst3|cache_line_bank:inst1|lpm_dff2:inst3|lpm_ff:lpm_ff_component|dffs[5] ; clk        ; clk      ; None                        ; None                      ; 2.607 ns                ;
; N/A                                     ; 358.42 MHz ( period = 2.790 ns )                    ; cache_set_2_way:inst3|cache_line_bank:inst|lpm_dff3:inst1|lpm_ff:lpm_ff_component|dffs[0]  ; cache_set_2_way:inst3|cache_line_bank:inst1|lpm_dff1:inst2|lpm_ff:lpm_ff_component|dffs[5] ; clk        ; clk      ; None                        ; None                      ; 2.607 ns                ;
; N/A                                     ; 358.42 MHz ( period = 2.790 ns )                    ; cache_set_2_way:inst3|cache_line_bank:inst|lpm_dff3:inst1|lpm_ff:lpm_ff_component|dffs[0]  ; cache_set_2_way:inst3|cache_line_bank:inst1|lpm_dff2:inst3|lpm_ff:lpm_ff_component|dffs[3] ; clk        ; clk      ; None                        ; None                      ; 2.607 ns                ;
; N/A                                     ; 358.42 MHz ( period = 2.790 ns )                    ; cache_set_2_way:inst3|cache_line_bank:inst|lpm_dff3:inst1|lpm_ff:lpm_ff_component|dffs[0]  ; cache_set_2_way:inst3|cache_line_bank:inst1|lpm_dff1:inst2|lpm_ff:lpm_ff_component|dffs[3] ; clk        ; clk      ; None                        ; None                      ; 2.607 ns                ;
; N/A                                     ; 358.42 MHz ( period = 2.790 ns )                    ; cache_set_2_way:inst|cache_line_bank:inst1|lpm_dff0:inst|lpm_ff:lpm_ff_component|dffs[0]   ; cache_set_2_way:inst|cache_line_bank:inst1|lpm_dff2:inst3|lpm_ff:lpm_ff_component|dffs[2]  ; clk        ; clk      ; None                        ; None                      ; 2.611 ns                ;
; N/A                                     ; 358.42 MHz ( period = 2.790 ns )                    ; cache_set_2_way:inst|cache_line_bank:inst1|lpm_dff0:inst|lpm_ff:lpm_ff_component|dffs[0]   ; cache_set_2_way:inst|cache_line_bank:inst1|lpm_dff1:inst2|lpm_ff:lpm_ff_component|dffs[2]  ; clk        ; clk      ; None                        ; None                      ; 2.611 ns                ;
; N/A                                     ; 358.42 MHz ( period = 2.790 ns )                    ; cache_set_2_way:inst|cache_line_bank:inst1|lpm_dff0:inst|lpm_ff:lpm_ff_component|dffs[0]   ; cache_set_2_way:inst|cache_line_bank:inst1|lpm_dff2:inst3|lpm_ff:lpm_ff_component|dffs[1]  ; clk        ; clk      ; None                        ; None                      ; 2.611 ns                ;
; N/A                                     ; 358.42 MHz ( period = 2.790 ns )                    ; cache_set_2_way:inst|cache_line_bank:inst1|lpm_dff0:inst|lpm_ff:lpm_ff_component|dffs[0]   ; cache_set_2_way:inst|cache_line_bank:inst1|lpm_dff1:inst2|lpm_ff:lpm_ff_component|dffs[1]  ; clk        ; clk      ; None                        ; None                      ; 2.611 ns                ;
; N/A                                     ; 358.68 MHz ( period = 2.788 ns )                    ; cache_set_2_way:inst|cache_line_bank:inst1|lpm_dff3:inst1|lpm_ff:lpm_ff_component|dffs[0]  ; cache_set_2_way:inst|cache_line_bank:inst|lpm_dff2:inst3|lpm_ff:lpm_ff_component|dffs[7]   ; clk        ; clk      ; None                        ; None                      ; 2.603 ns                ;
; N/A                                     ; 358.68 MHz ( period = 2.788 ns )                    ; cache_set_2_way:inst|cache_line_bank:inst1|lpm_dff3:inst1|lpm_ff:lpm_ff_component|dffs[0]  ; cache_set_2_way:inst|cache_line_bank:inst|lpm_dff1:inst2|lpm_ff:lpm_ff_component|dffs[7]   ; clk        ; clk      ; None                        ; None                      ; 2.603 ns                ;
; N/A                                     ; 358.68 MHz ( period = 2.788 ns )                    ; cache_set_2_way:inst|cache_line_bank:inst1|lpm_dff3:inst1|lpm_ff:lpm_ff_component|dffs[0]  ; cache_set_2_way:inst|cache_line_bank:inst|lpm_dff2:inst3|lpm_ff:lpm_ff_component|dffs[0]   ; clk        ; clk      ; None                        ; None                      ; 2.603 ns                ;
; N/A                                     ; 358.68 MHz ( period = 2.788 ns )                    ; cache_set_2_way:inst|cache_line_bank:inst1|lpm_dff3:inst1|lpm_ff:lpm_ff_component|dffs[0]  ; cache_set_2_way:inst|cache_line_bank:inst|lpm_dff1:inst2|lpm_ff:lpm_ff_component|dffs[0]   ; clk        ; clk      ; None                        ; None                      ; 2.603 ns                ;
; N/A                                     ; 358.81 MHz ( period = 2.787 ns )                    ; cache_set_2_way:inst3|cache_line_bank:inst|lpm_dff0:inst|lpm_ff:lpm_ff_component|dffs[3]   ; cache_set_2_way:inst3|cache_line_bank:inst|lpm_dff2:inst3|lpm_ff:lpm_ff_component|dffs[5]  ; clk        ; clk      ; None                        ; None                      ; 2.600 ns                ;
; N/A                                     ; 358.81 MHz ( period = 2.787 ns )                    ; cache_set_2_way:inst3|cache_line_bank:inst|lpm_dff0:inst|lpm_ff:lpm_ff_component|dffs[3]   ; cache_set_2_way:inst3|cache_line_bank:inst|lpm_dff1:inst2|lpm_ff:lpm_ff_component|dffs[5]  ; clk        ; clk      ; None                        ; None                      ; 2.600 ns                ;
; N/A                                     ; 358.94 MHz ( period = 2.786 ns )                    ; cache_set_2_way:inst2|cache_line_bank:inst|lpm_dff3:inst1|lpm_ff:lpm_ff_component|dffs[0]  ; cache_set_2_way:inst2|cache_line_bank:inst|lpm_dff1:inst2|lpm_ff:lpm_ff_component|dffs[6]  ; clk        ; clk      ; None                        ; None                      ; 2.608 ns                ;
; N/A                                     ; 358.94 MHz ( period = 2.786 ns )                    ; cache_set_2_way:inst2|cache_line_bank:inst|lpm_dff3:inst1|lpm_ff:lpm_ff_component|dffs[0]  ; cache_set_2_way:inst2|cache_line_bank:inst|lpm_dff2:inst3|lpm_ff:lpm_ff_component|dffs[5]  ; clk        ; clk      ; None                        ; None                      ; 2.608 ns                ;
; N/A                                     ; 358.94 MHz ( period = 2.786 ns )                    ; cache_set_2_way:inst2|cache_line_bank:inst|lpm_dff3:inst1|lpm_ff:lpm_ff_component|dffs[0]  ; cache_set_2_way:inst2|cache_line_bank:inst|lpm_dff1:inst2|lpm_ff:lpm_ff_component|dffs[5]  ; clk        ; clk      ; None                        ; None                      ; 2.608 ns                ;
; N/A                                     ; 358.94 MHz ( period = 2.786 ns )                    ; cache_set_2_way:inst2|cache_line_bank:inst|lpm_dff3:inst1|lpm_ff:lpm_ff_component|dffs[0]  ; cache_set_2_way:inst2|cache_line_bank:inst|lpm_dff2:inst3|lpm_ff:lpm_ff_component|dffs[3]  ; clk        ; clk      ; None                        ; None                      ; 2.608 ns                ;
; N/A                                     ; 358.94 MHz ( period = 2.786 ns )                    ; cache_set_2_way:inst2|cache_line_bank:inst|lpm_dff3:inst1|lpm_ff:lpm_ff_component|dffs[0]  ; cache_set_2_way:inst2|cache_line_bank:inst|lpm_dff1:inst2|lpm_ff:lpm_ff_component|dffs[3]  ; clk        ; clk      ; None                        ; None                      ; 2.608 ns                ;
; N/A                                     ; 359.07 MHz ( period = 2.785 ns )                    ; cache_set_2_way:inst2|cache_line_bank:inst1|lpm_dff0:inst|lpm_ff:lpm_ff_component|dffs[4]  ; cache_set_2_way:inst2|cache_line_bank:inst1|lpm_dff2:inst3|lpm_ff:lpm_ff_component|dffs[2] ; clk        ; clk      ; None                        ; None                      ; 2.600 ns                ;
; N/A                                     ; 359.07 MHz ( period = 2.785 ns )                    ; cache_set_2_way:inst2|cache_line_bank:inst1|lpm_dff0:inst|lpm_ff:lpm_ff_component|dffs[4]  ; cache_set_2_way:inst2|cache_line_bank:inst1|lpm_dff2:inst3|lpm_ff:lpm_ff_component|dffs[1] ; clk        ; clk      ; None                        ; None                      ; 2.600 ns                ;
; N/A                                     ; 359.07 MHz ( period = 2.785 ns )                    ; cache_set_2_way:inst2|cache_line_bank:inst1|lpm_dff0:inst|lpm_ff:lpm_ff_component|dffs[4]  ; cache_set_2_way:inst2|cache_line_bank:inst1|lpm_dff1:inst2|lpm_ff:lpm_ff_component|dffs[1] ; clk        ; clk      ; None                        ; None                      ; 2.600 ns                ;
; N/A                                     ; 360.36 MHz ( period = 2.775 ns )                    ; cache_set_2_way:inst2|cache_line_bank:inst|lpm_dff3:inst1|lpm_ff:lpm_ff_component|dffs[0]  ; cache_set_2_way:inst2|cache_line_bank:inst|lpm_dff2:inst3|lpm_ff:lpm_ff_component|dffs[2]  ; clk        ; clk      ; None                        ; None                      ; 2.597 ns                ;
; N/A                                     ; 360.75 MHz ( period = 2.772 ns )                    ; cache_set_2_way:inst2|cache_line_bank:inst|lpm_dff0:inst|lpm_ff:lpm_ff_component|dffs[0]   ; cache_set_2_way:inst2|cache_line_bank:inst|lpm_dff1:inst2|lpm_ff:lpm_ff_component|dffs[6]  ; clk        ; clk      ; None                        ; None                      ; 2.594 ns                ;
; N/A                                     ; 360.75 MHz ( period = 2.772 ns )                    ; cache_set_2_way:inst2|cache_line_bank:inst|lpm_dff0:inst|lpm_ff:lpm_ff_component|dffs[0]   ; cache_set_2_way:inst2|cache_line_bank:inst|lpm_dff2:inst3|lpm_ff:lpm_ff_component|dffs[5]  ; clk        ; clk      ; None                        ; None                      ; 2.594 ns                ;
; N/A                                     ; 360.75 MHz ( period = 2.772 ns )                    ; cache_set_2_way:inst2|cache_line_bank:inst|lpm_dff0:inst|lpm_ff:lpm_ff_component|dffs[0]   ; cache_set_2_way:inst2|cache_line_bank:inst|lpm_dff1:inst2|lpm_ff:lpm_ff_component|dffs[5]  ; clk        ; clk      ; None                        ; None                      ; 2.594 ns                ;
; N/A                                     ; 360.75 MHz ( period = 2.772 ns )                    ; cache_set_2_way:inst2|cache_line_bank:inst|lpm_dff0:inst|lpm_ff:lpm_ff_component|dffs[0]   ; cache_set_2_way:inst2|cache_line_bank:inst|lpm_dff2:inst3|lpm_ff:lpm_ff_component|dffs[3]  ; clk        ; clk      ; None                        ; None                      ; 2.594 ns                ;
; N/A                                     ; 360.75 MHz ( period = 2.772 ns )                    ; cache_set_2_way:inst2|cache_line_bank:inst|lpm_dff0:inst|lpm_ff:lpm_ff_component|dffs[0]   ; cache_set_2_way:inst2|cache_line_bank:inst|lpm_dff1:inst2|lpm_ff:lpm_ff_component|dffs[3]  ; clk        ; clk      ; None                        ; None                      ; 2.594 ns                ;
; N/A                                     ; 361.01 MHz ( period = 2.770 ns )                    ; cache_set_2_way:inst3|cache_line_bank:inst|lpm_dff3:inst1|lpm_ff:lpm_ff_component|dffs[0]  ; cache_set_2_way:inst3|cache_line_bank:inst1|lpm_dff2:inst3|lpm_ff:lpm_ff_component|dffs[2] ; clk        ; clk      ; None                        ; None                      ; 2.589 ns                ;
; N/A                                     ; 361.01 MHz ( period = 2.770 ns )                    ; cache_set_2_way:inst3|cache_line_bank:inst|lpm_dff3:inst1|lpm_ff:lpm_ff_component|dffs[0]  ; cache_set_2_way:inst3|cache_line_bank:inst1|lpm_dff1:inst2|lpm_ff:lpm_ff_component|dffs[2] ; clk        ; clk      ; None                        ; None                      ; 2.589 ns                ;
; N/A                                     ; 361.27 MHz ( period = 2.768 ns )                    ; cache_set_2_way:inst|cache_line_bank:inst1|lpm_dff0:inst|lpm_ff:lpm_ff_component|dffs[2]   ; cache_set_2_way:inst|cache_line_bank:inst|lpm_dff2:inst3|lpm_ff:lpm_ff_component|dffs[7]   ; clk        ; clk      ; None                        ; None                      ; 2.583 ns                ;
; N/A                                     ; 361.27 MHz ( period = 2.768 ns )                    ; cache_set_2_way:inst|cache_line_bank:inst1|lpm_dff0:inst|lpm_ff:lpm_ff_component|dffs[2]   ; cache_set_2_way:inst|cache_line_bank:inst|lpm_dff1:inst2|lpm_ff:lpm_ff_component|dffs[7]   ; clk        ; clk      ; None                        ; None                      ; 2.583 ns                ;
; N/A                                     ; 361.27 MHz ( period = 2.768 ns )                    ; cache_set_2_way:inst|cache_line_bank:inst1|lpm_dff0:inst|lpm_ff:lpm_ff_component|dffs[3]   ; cache_set_2_way:inst|cache_line_bank:inst1|lpm_dff2:inst3|lpm_ff:lpm_ff_component|dffs[2]  ; clk        ; clk      ; None                        ; None                      ; 2.589 ns                ;
; N/A                                     ; 361.27 MHz ( period = 2.768 ns )                    ; cache_set_2_way:inst|cache_line_bank:inst1|lpm_dff0:inst|lpm_ff:lpm_ff_component|dffs[3]   ; cache_set_2_way:inst|cache_line_bank:inst1|lpm_dff1:inst2|lpm_ff:lpm_ff_component|dffs[2]  ; clk        ; clk      ; None                        ; None                      ; 2.589 ns                ;
; N/A                                     ; 361.27 MHz ( period = 2.768 ns )                    ; cache_set_2_way:inst|cache_line_bank:inst1|lpm_dff0:inst|lpm_ff:lpm_ff_component|dffs[3]   ; cache_set_2_way:inst|cache_line_bank:inst1|lpm_dff2:inst3|lpm_ff:lpm_ff_component|dffs[1]  ; clk        ; clk      ; None                        ; None                      ; 2.589 ns                ;
; N/A                                     ; 361.27 MHz ( period = 2.768 ns )                    ; cache_set_2_way:inst|cache_line_bank:inst1|lpm_dff0:inst|lpm_ff:lpm_ff_component|dffs[3]   ; cache_set_2_way:inst|cache_line_bank:inst1|lpm_dff1:inst2|lpm_ff:lpm_ff_component|dffs[1]  ; clk        ; clk      ; None                        ; None                      ; 2.589 ns                ;
; N/A                                     ; 361.27 MHz ( period = 2.768 ns )                    ; cache_set_2_way:inst|cache_line_bank:inst1|lpm_dff0:inst|lpm_ff:lpm_ff_component|dffs[2]   ; cache_set_2_way:inst|cache_line_bank:inst|lpm_dff2:inst3|lpm_ff:lpm_ff_component|dffs[0]   ; clk        ; clk      ; None                        ; None                      ; 2.583 ns                ;
; N/A                                     ; 361.27 MHz ( period = 2.768 ns )                    ; cache_set_2_way:inst|cache_line_bank:inst1|lpm_dff0:inst|lpm_ff:lpm_ff_component|dffs[2]   ; cache_set_2_way:inst|cache_line_bank:inst|lpm_dff1:inst2|lpm_ff:lpm_ff_component|dffs[0]   ; clk        ; clk      ; None                        ; None                      ; 2.583 ns                ;
; N/A                                     ; 361.40 MHz ( period = 2.767 ns )                    ; cache_set_2_way:inst|cache_line_bank:inst|lpm_dff0:inst|lpm_ff:lpm_ff_component|dffs[3]    ; cache_set_2_way:inst|cache_line_bank:inst|lpm_dff2:inst3|lpm_ff:lpm_ff_component|dffs[7]   ; clk        ; clk      ; None                        ; None                      ; 2.581 ns                ;
; N/A                                     ; 361.40 MHz ( period = 2.767 ns )                    ; cache_set_2_way:inst|cache_line_bank:inst|lpm_dff0:inst|lpm_ff:lpm_ff_component|dffs[3]    ; cache_set_2_way:inst|cache_line_bank:inst|lpm_dff1:inst2|lpm_ff:lpm_ff_component|dffs[7]   ; clk        ; clk      ; None                        ; None                      ; 2.581 ns                ;
; N/A                                     ; 361.40 MHz ( period = 2.767 ns )                    ; cache_set_2_way:inst|cache_line_bank:inst|lpm_dff0:inst|lpm_ff:lpm_ff_component|dffs[3]    ; cache_set_2_way:inst|cache_line_bank:inst|lpm_dff2:inst3|lpm_ff:lpm_ff_component|dffs[0]   ; clk        ; clk      ; None                        ; None                      ; 2.581 ns                ;
; N/A                                     ; 361.40 MHz ( period = 2.767 ns )                    ; cache_set_2_way:inst|cache_line_bank:inst|lpm_dff0:inst|lpm_ff:lpm_ff_component|dffs[3]    ; cache_set_2_way:inst|cache_line_bank:inst|lpm_dff1:inst2|lpm_ff:lpm_ff_component|dffs[0]   ; clk        ; clk      ; None                        ; None                      ; 2.581 ns                ;
; N/A                                     ; 361.53 MHz ( period = 2.766 ns )                    ; cache_set_2_way:inst2|cache_line_bank:inst1|lpm_dff0:inst|lpm_ff:lpm_ff_component|dffs[2]  ; cache_set_2_way:inst2|cache_line_bank:inst1|lpm_dff2:inst3|lpm_ff:lpm_ff_component|dffs[2] ; clk        ; clk      ; None                        ; None                      ; 2.581 ns                ;
; N/A                                     ; 361.53 MHz ( period = 2.766 ns )                    ; cache_set_2_way:inst2|cache_line_bank:inst1|lpm_dff0:inst|lpm_ff:lpm_ff_component|dffs[2]  ; cache_set_2_way:inst2|cache_line_bank:inst1|lpm_dff2:inst3|lpm_ff:lpm_ff_component|dffs[1] ; clk        ; clk      ; None                        ; None                      ; 2.581 ns                ;
; N/A                                     ; 361.53 MHz ( period = 2.766 ns )                    ; cache_set_2_way:inst2|cache_line_bank:inst1|lpm_dff0:inst|lpm_ff:lpm_ff_component|dffs[2]  ; cache_set_2_way:inst2|cache_line_bank:inst1|lpm_dff1:inst2|lpm_ff:lpm_ff_component|dffs[1] ; clk        ; clk      ; None                        ; None                      ; 2.581 ns                ;
; N/A                                     ; 361.66 MHz ( period = 2.765 ns )                    ; cache_set_2_way:inst|cache_line_bank:inst1|lpm_dff3:inst1|lpm_ff:lpm_ff_component|dffs[0]  ; cache_set_2_way:inst|cache_line_bank:inst1|lpm_dff2:inst3|lpm_ff:lpm_ff_component|dffs[0]  ; clk        ; clk      ; None                        ; None                      ; 2.576 ns                ;
; N/A                                     ; 361.66 MHz ( period = 2.765 ns )                    ; cache_set_2_way:inst|cache_line_bank:inst1|lpm_dff3:inst1|lpm_ff:lpm_ff_component|dffs[0]  ; cache_set_2_way:inst|cache_line_bank:inst1|lpm_dff1:inst2|lpm_ff:lpm_ff_component|dffs[0]  ; clk        ; clk      ; None                        ; None                      ; 2.576 ns                ;
; N/A                                     ; 362.19 MHz ( period = 2.761 ns )                    ; cache_set_2_way:inst2|cache_line_bank:inst|lpm_dff0:inst|lpm_ff:lpm_ff_component|dffs[0]   ; cache_set_2_way:inst2|cache_line_bank:inst|lpm_dff2:inst3|lpm_ff:lpm_ff_component|dffs[2]  ; clk        ; clk      ; None                        ; None                      ; 2.583 ns                ;
; N/A                                     ; 362.32 MHz ( period = 2.760 ns )                    ; cache_set_2_way:inst3|cache_line_bank:inst|lpm_dff0:inst|lpm_ff:lpm_ff_component|dffs[3]   ; cache_set_2_way:inst3|cache_line_bank:inst|lpm_dff2:inst3|lpm_ff:lpm_ff_component|dffs[3]  ; clk        ; clk      ; None                        ; None                      ; 2.577 ns                ;
; N/A                                     ; 362.32 MHz ( period = 2.760 ns )                    ; cache_set_2_way:inst3|cache_line_bank:inst|lpm_dff0:inst|lpm_ff:lpm_ff_component|dffs[3]   ; cache_set_2_way:inst3|cache_line_bank:inst|lpm_dff2:inst3|lpm_ff:lpm_ff_component|dffs[2]  ; clk        ; clk      ; None                        ; None                      ; 2.577 ns                ;
; N/A                                     ; 363.77 MHz ( period = 2.749 ns )                    ; cache_set_2_way:inst1|cache_line_bank:inst|lpm_dff0:inst|lpm_ff:lpm_ff_component|dffs[0]   ; cache_set_2_way:inst1|cache_line_bank:inst1|lpm_dff2:inst3|lpm_ff:lpm_ff_component|dffs[2] ; clk        ; clk      ; None                        ; None                      ; 2.567 ns                ;
; N/A                                     ; 363.77 MHz ( period = 2.749 ns )                    ; cache_set_2_way:inst1|cache_line_bank:inst|lpm_dff0:inst|lpm_ff:lpm_ff_component|dffs[0]   ; cache_set_2_way:inst1|cache_line_bank:inst1|lpm_dff1:inst2|lpm_ff:lpm_ff_component|dffs[2] ; clk        ; clk      ; None                        ; None                      ; 2.567 ns                ;
; N/A                                     ; 363.77 MHz ( period = 2.749 ns )                    ; cache_set_2_way:inst1|cache_line_bank:inst|lpm_dff0:inst|lpm_ff:lpm_ff_component|dffs[0]   ; cache_set_2_way:inst1|cache_line_bank:inst1|lpm_dff2:inst3|lpm_ff:lpm_ff_component|dffs[1] ; clk        ; clk      ; None                        ; None                      ; 2.567 ns                ;
; N/A                                     ; 363.77 MHz ( period = 2.749 ns )                    ; cache_set_2_way:inst1|cache_line_bank:inst|lpm_dff0:inst|lpm_ff:lpm_ff_component|dffs[0]   ; cache_set_2_way:inst1|cache_line_bank:inst1|lpm_dff1:inst2|lpm_ff:lpm_ff_component|dffs[1] ; clk        ; clk      ; None                        ; None                      ; 2.567 ns                ;
; N/A                                     ; 363.90 MHz ( period = 2.748 ns )                    ; cache_set_2_way:inst|cache_line_bank:inst|lpm_dff0:inst|lpm_ff:lpm_ff_component|dffs[1]    ; cache_set_2_way:inst|cache_line_bank:inst|lpm_dff2:inst3|lpm_ff:lpm_ff_component|dffs[7]   ; clk        ; clk      ; None                        ; None                      ; 2.562 ns                ;
; N/A                                     ; 363.90 MHz ( period = 2.748 ns )                    ; cache_set_2_way:inst|cache_line_bank:inst|lpm_dff0:inst|lpm_ff:lpm_ff_component|dffs[1]    ; cache_set_2_way:inst|cache_line_bank:inst|lpm_dff1:inst2|lpm_ff:lpm_ff_component|dffs[7]   ; clk        ; clk      ; None                        ; None                      ; 2.562 ns                ;
; N/A                                     ; 363.90 MHz ( period = 2.748 ns )                    ; cache_set_2_way:inst|cache_line_bank:inst|lpm_dff0:inst|lpm_ff:lpm_ff_component|dffs[1]    ; cache_set_2_way:inst|cache_line_bank:inst|lpm_dff2:inst3|lpm_ff:lpm_ff_component|dffs[0]   ; clk        ; clk      ; None                        ; None                      ; 2.562 ns                ;
; N/A                                     ; 363.90 MHz ( period = 2.748 ns )                    ; cache_set_2_way:inst|cache_line_bank:inst|lpm_dff0:inst|lpm_ff:lpm_ff_component|dffs[1]    ; cache_set_2_way:inst|cache_line_bank:inst|lpm_dff1:inst2|lpm_ff:lpm_ff_component|dffs[0]   ; clk        ; clk      ; None                        ; None                      ; 2.562 ns                ;
; N/A                                     ; 364.30 MHz ( period = 2.745 ns )                    ; cache_set_2_way:inst|cache_line_bank:inst1|lpm_dff0:inst|lpm_ff:lpm_ff_component|dffs[2]   ; cache_set_2_way:inst|cache_line_bank:inst1|lpm_dff2:inst3|lpm_ff:lpm_ff_component|dffs[0]  ; clk        ; clk      ; None                        ; None                      ; 2.556 ns                ;
; N/A                                     ; 364.30 MHz ( period = 2.745 ns )                    ; cache_set_2_way:inst|cache_line_bank:inst1|lpm_dff0:inst|lpm_ff:lpm_ff_component|dffs[2]   ; cache_set_2_way:inst|cache_line_bank:inst1|lpm_dff1:inst2|lpm_ff:lpm_ff_component|dffs[0]  ; clk        ; clk      ; None                        ; None                      ; 2.556 ns                ;
; N/A                                     ; 365.10 MHz ( period = 2.739 ns )                    ; cache_set_2_way:inst|cache_line_bank:inst1|lpm_dff0:inst|lpm_ff:lpm_ff_component|dffs[4]   ; cache_set_2_way:inst|cache_line_bank:inst1|lpm_dff1:inst2|lpm_ff:lpm_ff_component|dffs[5]  ; clk        ; clk      ; None                        ; None                      ; 2.554 ns                ;
; N/A                                     ; 365.10 MHz ( period = 2.739 ns )                    ; cache_set_2_way:inst|cache_line_bank:inst1|lpm_dff0:inst|lpm_ff:lpm_ff_component|dffs[4]   ; cache_set_2_way:inst|cache_line_bank:inst1|lpm_dff2:inst3|lpm_ff:lpm_ff_component|dffs[4]  ; clk        ; clk      ; None                        ; None                      ; 2.554 ns                ;
; N/A                                     ; 365.10 MHz ( period = 2.739 ns )                    ; cache_set_2_way:inst|cache_line_bank:inst1|lpm_dff0:inst|lpm_ff:lpm_ff_component|dffs[4]   ; cache_set_2_way:inst|cache_line_bank:inst1|lpm_dff1:inst2|lpm_ff:lpm_ff_component|dffs[4]  ; clk        ; clk      ; None                        ; None                      ; 2.554 ns                ;
; N/A                                     ; 365.10 MHz ( period = 2.739 ns )                    ; cache_set_2_way:inst|cache_line_bank:inst1|lpm_dff0:inst|lpm_ff:lpm_ff_component|dffs[4]   ; cache_set_2_way:inst|cache_line_bank:inst1|lpm_dff2:inst3|lpm_ff:lpm_ff_component|dffs[3]  ; clk        ; clk      ; None                        ; None                      ; 2.554 ns                ;
; Timing analysis restricted to 200 rows. ; To change the limit use Settings (Assignments menu) ;                                                                                            ;                                                                                            ;            ;          ;                             ;                           ;                         ;
+-----------------------------------------+-----------------------------------------------------+--------------------------------------------------------------------------------------------+--------------------------------------------------------------------------------------------+------------+----------+-----------------------------+---------------------------+-------------------------+


+--------------------------------------------------------------------------------------------------------------------------------------------------------------------------------------------------------------------------------------+
; tsu                                                                                                                                                                                                                                  ;
+-----------------------------------------+-----------------------------------------------------+------------+---------------+----------------------------------------------------------------------------------------------+----------+
; Slack                                   ; Required tsu                                        ; Actual tsu ; From          ; To                                                                                           ; To Clock ;
+-----------------------------------------+-----------------------------------------------------+------------+---------------+----------------------------------------------------------------------------------------------+----------+
; N/A                                     ; None                                                ; 6.341 ns   ; input_tag[2]  ; cache_set_2_way:inst|cache_line_bank:inst|lpm_dff2:inst3|lpm_ff:lpm_ff_component|dffs[7]     ; clk      ;
; N/A                                     ; None                                                ; 6.341 ns   ; input_tag[2]  ; cache_set_2_way:inst|cache_line_bank:inst|lpm_dff1:inst2|lpm_ff:lpm_ff_component|dffs[7]     ; clk      ;
; N/A                                     ; None                                                ; 6.341 ns   ; input_tag[2]  ; cache_set_2_way:inst|cache_line_bank:inst|lpm_dff2:inst3|lpm_ff:lpm_ff_component|dffs[0]     ; clk      ;
; N/A                                     ; None                                                ; 6.341 ns   ; input_tag[2]  ; cache_set_2_way:inst|cache_line_bank:inst|lpm_dff1:inst2|lpm_ff:lpm_ff_component|dffs[0]     ; clk      ;
; N/A                                     ; None                                                ; 6.292 ns   ; addr_index[1] ; cache_set_2_way:inst2|cache_line_bank:inst1|lpm_dff2:inst3|lpm_ff:lpm_ff_component|dffs[2]   ; clk      ;
; N/A                                     ; None                                                ; 6.292 ns   ; addr_index[1] ; cache_set_2_way:inst2|cache_line_bank:inst1|lpm_dff2:inst3|lpm_ff:lpm_ff_component|dffs[1]   ; clk      ;
; N/A                                     ; None                                                ; 6.292 ns   ; addr_index[1] ; cache_set_2_way:inst2|cache_line_bank:inst1|lpm_dff1:inst2|lpm_ff:lpm_ff_component|dffs[1]   ; clk      ;
; N/A                                     ; None                                                ; 6.218 ns   ; input_tag[2]  ; cache_set_2_way:inst|cache_line_bank:inst|lpm_dff2:inst3|lpm_ff:lpm_ff_component|dffs[2]     ; clk      ;
; N/A                                     ; None                                                ; 6.218 ns   ; input_tag[2]  ; cache_set_2_way:inst|cache_line_bank:inst|lpm_dff1:inst2|lpm_ff:lpm_ff_component|dffs[2]     ; clk      ;
; N/A                                     ; None                                                ; 6.218 ns   ; input_tag[2]  ; cache_set_2_way:inst|cache_line_bank:inst|lpm_dff2:inst3|lpm_ff:lpm_ff_component|dffs[1]     ; clk      ;
; N/A                                     ; None                                                ; 6.218 ns   ; input_tag[2]  ; cache_set_2_way:inst|cache_line_bank:inst|lpm_dff1:inst2|lpm_ff:lpm_ff_component|dffs[1]     ; clk      ;
; N/A                                     ; None                                                ; 6.204 ns   ; input_tag[2]  ; cache_set_2_way:inst|cache_line_bank:inst1|lpm_dff2:inst3|lpm_ff:lpm_ff_component|dffs[0]    ; clk      ;
; N/A                                     ; None                                                ; 6.204 ns   ; input_tag[2]  ; cache_set_2_way:inst|cache_line_bank:inst1|lpm_dff1:inst2|lpm_ff:lpm_ff_component|dffs[0]    ; clk      ;
; N/A                                     ; None                                                ; 6.177 ns   ; input_tag[3]  ; cache_set_2_way:inst3|cache_line_bank:inst1|lpm_dff2:inst3|lpm_ff:lpm_ff_component|dffs[0]   ; clk      ;
; N/A                                     ; None                                                ; 6.177 ns   ; input_tag[3]  ; cache_set_2_way:inst3|cache_line_bank:inst1|lpm_dff1:inst2|lpm_ff:lpm_ff_component|dffs[0]   ; clk      ;
; N/A                                     ; None                                                ; 6.169 ns   ; input_tag[2]  ; cache_set_2_way:inst|cache_line_bank:inst1|lpm_dff2:inst3|lpm_ff:lpm_ff_component|dffs[2]    ; clk      ;
; N/A                                     ; None                                                ; 6.169 ns   ; input_tag[2]  ; cache_set_2_way:inst|cache_line_bank:inst1|lpm_dff1:inst2|lpm_ff:lpm_ff_component|dffs[2]    ; clk      ;
; N/A                                     ; None                                                ; 6.169 ns   ; input_tag[2]  ; cache_set_2_way:inst|cache_line_bank:inst1|lpm_dff2:inst3|lpm_ff:lpm_ff_component|dffs[1]    ; clk      ;
; N/A                                     ; None                                                ; 6.169 ns   ; input_tag[2]  ; cache_set_2_way:inst|cache_line_bank:inst1|lpm_dff1:inst2|lpm_ff:lpm_ff_component|dffs[1]    ; clk      ;
; N/A                                     ; None                                                ; 6.162 ns   ; input_tag[3]  ; cache_set_2_way:inst3|cache_line_bank:inst1|lpm_dff2:inst3|lpm_ff:lpm_ff_component|dffs[6]   ; clk      ;
; N/A                                     ; None                                                ; 6.162 ns   ; input_tag[3]  ; cache_set_2_way:inst3|cache_line_bank:inst1|lpm_dff1:inst2|lpm_ff:lpm_ff_component|dffs[6]   ; clk      ;
; N/A                                     ; None                                                ; 6.145 ns   ; input_tag[3]  ; cache_set_2_way:inst3|cache_line_bank:inst1|lpm_dff2:inst3|lpm_ff:lpm_ff_component|dffs[5]   ; clk      ;
; N/A                                     ; None                                                ; 6.145 ns   ; input_tag[3]  ; cache_set_2_way:inst3|cache_line_bank:inst1|lpm_dff1:inst2|lpm_ff:lpm_ff_component|dffs[5]   ; clk      ;
; N/A                                     ; None                                                ; 6.145 ns   ; input_tag[3]  ; cache_set_2_way:inst3|cache_line_bank:inst1|lpm_dff2:inst3|lpm_ff:lpm_ff_component|dffs[3]   ; clk      ;
; N/A                                     ; None                                                ; 6.145 ns   ; input_tag[3]  ; cache_set_2_way:inst3|cache_line_bank:inst1|lpm_dff1:inst2|lpm_ff:lpm_ff_component|dffs[3]   ; clk      ;
; N/A                                     ; None                                                ; 6.133 ns   ; input_tag[2]  ; cache_set_2_way:inst|cache_line_bank:inst|lpm_dff2:inst3|lpm_ff:lpm_ff_component|dffs[6]     ; clk      ;
; N/A                                     ; None                                                ; 6.133 ns   ; input_tag[2]  ; cache_set_2_way:inst|cache_line_bank:inst|lpm_dff1:inst2|lpm_ff:lpm_ff_component|dffs[6]     ; clk      ;
; N/A                                     ; None                                                ; 6.133 ns   ; input_tag[2]  ; cache_set_2_way:inst|cache_line_bank:inst|lpm_dff2:inst3|lpm_ff:lpm_ff_component|dffs[5]     ; clk      ;
; N/A                                     ; None                                                ; 6.125 ns   ; input_tag[3]  ; cache_set_2_way:inst3|cache_line_bank:inst1|lpm_dff2:inst3|lpm_ff:lpm_ff_component|dffs[2]   ; clk      ;
; N/A                                     ; None                                                ; 6.125 ns   ; input_tag[3]  ; cache_set_2_way:inst3|cache_line_bank:inst1|lpm_dff1:inst2|lpm_ff:lpm_ff_component|dffs[2]   ; clk      ;
; N/A                                     ; None                                                ; 6.084 ns   ; input_tag[3]  ; cache_set_2_way:inst3|cache_line_bank:inst|lpm_dff2:inst3|lpm_ff:lpm_ff_component|dffs[0]    ; clk      ;
; N/A                                     ; None                                                ; 6.084 ns   ; input_tag[3]  ; cache_set_2_way:inst3|cache_line_bank:inst|lpm_dff1:inst2|lpm_ff:lpm_ff_component|dffs[0]    ; clk      ;
; N/A                                     ; None                                                ; 6.053 ns   ; input_tag[3]  ; cache_set_2_way:inst3|cache_line_bank:inst|lpm_dff2:inst3|lpm_ff:lpm_ff_component|dffs[6]    ; clk      ;
; N/A                                     ; None                                                ; 6.053 ns   ; input_tag[3]  ; cache_set_2_way:inst3|cache_line_bank:inst|lpm_dff1:inst2|lpm_ff:lpm_ff_component|dffs[6]    ; clk      ;
; N/A                                     ; None                                                ; 6.050 ns   ; input_tag[3]  ; cache_set_2_way:inst|cache_line_bank:inst|lpm_dff2:inst3|lpm_ff:lpm_ff_component|dffs[7]     ; clk      ;
; N/A                                     ; None                                                ; 6.050 ns   ; input_tag[3]  ; cache_set_2_way:inst|cache_line_bank:inst|lpm_dff1:inst2|lpm_ff:lpm_ff_component|dffs[7]     ; clk      ;
; N/A                                     ; None                                                ; 6.050 ns   ; input_tag[3]  ; cache_set_2_way:inst3|cache_line_bank:inst|lpm_dff2:inst3|lpm_ff:lpm_ff_component|dffs[5]    ; clk      ;
; N/A                                     ; None                                                ; 6.050 ns   ; input_tag[3]  ; cache_set_2_way:inst3|cache_line_bank:inst|lpm_dff1:inst2|lpm_ff:lpm_ff_component|dffs[5]    ; clk      ;
; N/A                                     ; None                                                ; 6.050 ns   ; input_tag[3]  ; cache_set_2_way:inst|cache_line_bank:inst|lpm_dff2:inst3|lpm_ff:lpm_ff_component|dffs[0]     ; clk      ;
; N/A                                     ; None                                                ; 6.050 ns   ; input_tag[3]  ; cache_set_2_way:inst|cache_line_bank:inst|lpm_dff1:inst2|lpm_ff:lpm_ff_component|dffs[0]     ; clk      ;
; N/A                                     ; None                                                ; 6.031 ns   ; addr_index[1] ; cache_set_2_way:inst2|cache_line_bank:inst|lpm_dff2:inst3|lpm_ff:lpm_ff_component|dffs[4]    ; clk      ;
; N/A                                     ; None                                                ; 6.031 ns   ; addr_index[1] ; cache_set_2_way:inst2|cache_line_bank:inst|lpm_dff1:inst2|lpm_ff:lpm_ff_component|dffs[4]    ; clk      ;
; N/A                                     ; None                                                ; 6.031 ns   ; addr_index[1] ; cache_set_2_way:inst2|cache_line_bank:inst|lpm_dff2:inst3|lpm_ff:lpm_ff_component|dffs[1]    ; clk      ;
; N/A                                     ; None                                                ; 6.031 ns   ; addr_index[1] ; cache_set_2_way:inst2|cache_line_bank:inst|lpm_dff1:inst2|lpm_ff:lpm_ff_component|dffs[1]    ; clk      ;
; N/A                                     ; None                                                ; 6.023 ns   ; input_tag[3]  ; cache_set_2_way:inst3|cache_line_bank:inst|lpm_dff2:inst3|lpm_ff:lpm_ff_component|dffs[3]    ; clk      ;
; N/A                                     ; None                                                ; 6.023 ns   ; input_tag[3]  ; cache_set_2_way:inst3|cache_line_bank:inst|lpm_dff2:inst3|lpm_ff:lpm_ff_component|dffs[2]    ; clk      ;
; N/A                                     ; None                                                ; 5.987 ns   ; input_tag[3]  ; cache_set_2_way:inst3|cache_line_bank:inst|lpm_dff1:inst2|lpm_ff:lpm_ff_component|dffs[3]    ; clk      ;
; N/A                                     ; None                                                ; 5.987 ns   ; input_tag[3]  ; cache_set_2_way:inst3|cache_line_bank:inst|lpm_dff1:inst2|lpm_ff:lpm_ff_component|dffs[2]    ; clk      ;
; N/A                                     ; None                                                ; 5.979 ns   ; input_tag[0]  ; cache_set_2_way:inst2|cache_line_bank:inst1|lpm_dff2:inst3|lpm_ff:lpm_ff_component|dffs[2]   ; clk      ;
; N/A                                     ; None                                                ; 5.979 ns   ; input_tag[0]  ; cache_set_2_way:inst2|cache_line_bank:inst1|lpm_dff2:inst3|lpm_ff:lpm_ff_component|dffs[1]   ; clk      ;
; N/A                                     ; None                                                ; 5.979 ns   ; input_tag[0]  ; cache_set_2_way:inst2|cache_line_bank:inst1|lpm_dff1:inst2|lpm_ff:lpm_ff_component|dffs[1]   ; clk      ;
; N/A                                     ; None                                                ; 5.972 ns   ; input_tag[3]  ; cache_set_2_way:inst2|cache_line_bank:inst1|lpm_dff2:inst3|lpm_ff:lpm_ff_component|dffs[2]   ; clk      ;
; N/A                                     ; None                                                ; 5.972 ns   ; input_tag[3]  ; cache_set_2_way:inst2|cache_line_bank:inst1|lpm_dff2:inst3|lpm_ff:lpm_ff_component|dffs[1]   ; clk      ;
; N/A                                     ; None                                                ; 5.972 ns   ; input_tag[3]  ; cache_set_2_way:inst2|cache_line_bank:inst1|lpm_dff1:inst2|lpm_ff:lpm_ff_component|dffs[1]   ; clk      ;
; N/A                                     ; None                                                ; 5.963 ns   ; input_tag[3]  ; cache_set_2_way:inst|cache_line_bank:inst1|lpm_dff2:inst3|lpm_ff:lpm_ff_component|dffs[0]    ; clk      ;
; N/A                                     ; None                                                ; 5.963 ns   ; input_tag[3]  ; cache_set_2_way:inst|cache_line_bank:inst1|lpm_dff1:inst2|lpm_ff:lpm_ff_component|dffs[0]    ; clk      ;
; N/A                                     ; None                                                ; 5.952 ns   ; addr_index[1] ; cache_set_2_way:inst2|cache_line_bank:inst1|lpm_dff2:inst3|lpm_ff:lpm_ff_component|dffs[4]   ; clk      ;
; N/A                                     ; None                                                ; 5.952 ns   ; addr_index[1] ; cache_set_2_way:inst2|cache_line_bank:inst1|lpm_dff1:inst2|lpm_ff:lpm_ff_component|dffs[4]   ; clk      ;
; N/A                                     ; None                                                ; 5.941 ns   ; input_tag[2]  ; cache_set_2_way:inst|cache_line_bank:inst|lpm_dff1:inst2|lpm_ff:lpm_ff_component|dffs[5]     ; clk      ;
; N/A                                     ; None                                                ; 5.941 ns   ; input_tag[2]  ; cache_set_2_way:inst|cache_line_bank:inst|lpm_dff2:inst3|lpm_ff:lpm_ff_component|dffs[4]     ; clk      ;
; N/A                                     ; None                                                ; 5.941 ns   ; input_tag[2]  ; cache_set_2_way:inst|cache_line_bank:inst|lpm_dff1:inst2|lpm_ff:lpm_ff_component|dffs[4]     ; clk      ;
; N/A                                     ; None                                                ; 5.941 ns   ; input_tag[2]  ; cache_set_2_way:inst|cache_line_bank:inst|lpm_dff2:inst3|lpm_ff:lpm_ff_component|dffs[3]     ; clk      ;
; N/A                                     ; None                                                ; 5.941 ns   ; input_tag[2]  ; cache_set_2_way:inst|cache_line_bank:inst|lpm_dff1:inst2|lpm_ff:lpm_ff_component|dffs[3]     ; clk      ;
; N/A                                     ; None                                                ; 5.928 ns   ; input_tag[3]  ; cache_set_2_way:inst|cache_line_bank:inst1|lpm_dff2:inst3|lpm_ff:lpm_ff_component|dffs[2]    ; clk      ;
; N/A                                     ; None                                                ; 5.928 ns   ; input_tag[3]  ; cache_set_2_way:inst|cache_line_bank:inst1|lpm_dff1:inst2|lpm_ff:lpm_ff_component|dffs[2]    ; clk      ;
; N/A                                     ; None                                                ; 5.928 ns   ; input_tag[3]  ; cache_set_2_way:inst|cache_line_bank:inst1|lpm_dff2:inst3|lpm_ff:lpm_ff_component|dffs[1]    ; clk      ;
; N/A                                     ; None                                                ; 5.928 ns   ; input_tag[3]  ; cache_set_2_way:inst|cache_line_bank:inst1|lpm_dff1:inst2|lpm_ff:lpm_ff_component|dffs[1]    ; clk      ;
; N/A                                     ; None                                                ; 5.927 ns   ; input_tag[3]  ; cache_set_2_way:inst|cache_line_bank:inst|lpm_dff2:inst3|lpm_ff:lpm_ff_component|dffs[2]     ; clk      ;
; N/A                                     ; None                                                ; 5.927 ns   ; input_tag[3]  ; cache_set_2_way:inst|cache_line_bank:inst|lpm_dff1:inst2|lpm_ff:lpm_ff_component|dffs[2]     ; clk      ;
; N/A                                     ; None                                                ; 5.927 ns   ; input_tag[3]  ; cache_set_2_way:inst|cache_line_bank:inst|lpm_dff2:inst3|lpm_ff:lpm_ff_component|dffs[1]     ; clk      ;
; N/A                                     ; None                                                ; 5.927 ns   ; input_tag[3]  ; cache_set_2_way:inst|cache_line_bank:inst|lpm_dff1:inst2|lpm_ff:lpm_ff_component|dffs[1]     ; clk      ;
; N/A                                     ; None                                                ; 5.926 ns   ; input_tag[2]  ; cache_set_2_way:inst|cache_line_bank:inst1|lpm_dff2:inst3|lpm_ff:lpm_ff_component|dffs[7]    ; clk      ;
; N/A                                     ; None                                                ; 5.926 ns   ; input_tag[2]  ; cache_set_2_way:inst|cache_line_bank:inst1|lpm_dff1:inst2|lpm_ff:lpm_ff_component|dffs[7]    ; clk      ;
; N/A                                     ; None                                                ; 5.926 ns   ; input_tag[2]  ; cache_set_2_way:inst|cache_line_bank:inst1|lpm_dff2:inst3|lpm_ff:lpm_ff_component|dffs[5]    ; clk      ;
; N/A                                     ; None                                                ; 5.926 ns   ; input_tag[2]  ; cache_set_2_way:inst|cache_line_bank:inst1|lpm_dff1:inst2|lpm_ff:lpm_ff_component|dffs[5]    ; clk      ;
; N/A                                     ; None                                                ; 5.926 ns   ; input_tag[2]  ; cache_set_2_way:inst|cache_line_bank:inst1|lpm_dff2:inst3|lpm_ff:lpm_ff_component|dffs[4]    ; clk      ;
; N/A                                     ; None                                                ; 5.926 ns   ; input_tag[2]  ; cache_set_2_way:inst|cache_line_bank:inst1|lpm_dff1:inst2|lpm_ff:lpm_ff_component|dffs[4]    ; clk      ;
; N/A                                     ; None                                                ; 5.926 ns   ; input_tag[2]  ; cache_set_2_way:inst|cache_line_bank:inst1|lpm_dff2:inst3|lpm_ff:lpm_ff_component|dffs[3]    ; clk      ;
; N/A                                     ; None                                                ; 5.926 ns   ; input_tag[2]  ; cache_set_2_way:inst|cache_line_bank:inst1|lpm_dff1:inst2|lpm_ff:lpm_ff_component|dffs[3]    ; clk      ;
; N/A                                     ; None                                                ; 5.921 ns   ; addr_index[1] ; cache_set_2_way:inst2|cache_line_bank:inst|lpm_dff1:inst2|lpm_ff:lpm_ff_component|dffs[2]    ; clk      ;
; N/A                                     ; None                                                ; 5.918 ns   ; input_tag[2]  ; cache_set_2_way:inst|cache_line_bank:inst|lpm_dff0:inst|lpm_ff:lpm_ff_component|dffs[2]      ; clk      ;
; N/A                                     ; None                                                ; 5.918 ns   ; input_tag[2]  ; cache_set_2_way:inst|cache_line_bank:inst|lpm_dff0:inst|lpm_ff:lpm_ff_component|dffs[0]      ; clk      ;
; N/A                                     ; None                                                ; 5.918 ns   ; input_tag[2]  ; cache_set_2_way:inst|cache_line_bank:inst|lpm_dff0:inst|lpm_ff:lpm_ff_component|dffs[1]      ; clk      ;
; N/A                                     ; None                                                ; 5.918 ns   ; input_tag[2]  ; cache_set_2_way:inst|cache_line_bank:inst|lpm_dff0:inst|lpm_ff:lpm_ff_component|dffs[3]      ; clk      ;
; N/A                                     ; None                                                ; 5.918 ns   ; input_tag[2]  ; cache_set_2_way:inst|cache_line_bank:inst|lpm_dff0:inst|lpm_ff:lpm_ff_component|dffs[4]      ; clk      ;
; N/A                                     ; None                                                ; 5.918 ns   ; input_tag[2]  ; cache_set_2_way:inst|cache_line_bank:inst|lpm_dff3:inst1|lpm_ff:lpm_ff_component|dffs[0]     ; clk      ;
; N/A                                     ; None                                                ; 5.900 ns   ; input_tag[3]  ; cache_set_2_way:inst1|cache_line_bank:inst|lpm_dff2:inst3|lpm_ff:lpm_ff_component|dffs[2]    ; clk      ;
; N/A                                     ; None                                                ; 5.900 ns   ; input_tag[3]  ; cache_set_2_way:inst1|cache_line_bank:inst|lpm_dff1:inst2|lpm_ff:lpm_ff_component|dffs[2]    ; clk      ;
; N/A                                     ; None                                                ; 5.900 ns   ; input_tag[3]  ; cache_set_2_way:inst1|cache_line_bank:inst|lpm_dff2:inst3|lpm_ff:lpm_ff_component|dffs[1]    ; clk      ;
; N/A                                     ; None                                                ; 5.900 ns   ; input_tag[3]  ; cache_set_2_way:inst1|cache_line_bank:inst|lpm_dff1:inst2|lpm_ff:lpm_ff_component|dffs[1]    ; clk      ;
; N/A                                     ; None                                                ; 5.897 ns   ; input_tag[3]  ; cache_set_2_way:inst3|cache_line_bank:inst1|lpm_dff2:inst3|lpm_ff:lpm_ff_component|dffs[7]   ; clk      ;
; N/A                                     ; None                                                ; 5.897 ns   ; input_tag[3]  ; cache_set_2_way:inst3|cache_line_bank:inst1|lpm_dff1:inst2|lpm_ff:lpm_ff_component|dffs[7]   ; clk      ;
; N/A                                     ; None                                                ; 5.897 ns   ; input_tag[3]  ; cache_set_2_way:inst3|cache_line_bank:inst1|lpm_dff2:inst3|lpm_ff:lpm_ff_component|dffs[4]   ; clk      ;
; N/A                                     ; None                                                ; 5.897 ns   ; input_tag[3]  ; cache_set_2_way:inst3|cache_line_bank:inst1|lpm_dff1:inst2|lpm_ff:lpm_ff_component|dffs[4]   ; clk      ;
; N/A                                     ; None                                                ; 5.897 ns   ; input_tag[3]  ; cache_set_2_way:inst3|cache_line_bank:inst1|lpm_dff2:inst3|lpm_ff:lpm_ff_component|dffs[1]   ; clk      ;
; N/A                                     ; None                                                ; 5.897 ns   ; input_tag[3]  ; cache_set_2_way:inst3|cache_line_bank:inst1|lpm_dff1:inst2|lpm_ff:lpm_ff_component|dffs[1]   ; clk      ;
; N/A                                     ; None                                                ; 5.884 ns   ; input_tag[1]  ; cache_set_2_way:inst|cache_line_bank:inst|lpm_dff2:inst3|lpm_ff:lpm_ff_component|dffs[7]     ; clk      ;
; N/A                                     ; None                                                ; 5.884 ns   ; input_tag[1]  ; cache_set_2_way:inst|cache_line_bank:inst|lpm_dff1:inst2|lpm_ff:lpm_ff_component|dffs[7]     ; clk      ;
; N/A                                     ; None                                                ; 5.884 ns   ; input_tag[1]  ; cache_set_2_way:inst|cache_line_bank:inst|lpm_dff2:inst3|lpm_ff:lpm_ff_component|dffs[0]     ; clk      ;
; N/A                                     ; None                                                ; 5.884 ns   ; input_tag[1]  ; cache_set_2_way:inst|cache_line_bank:inst|lpm_dff1:inst2|lpm_ff:lpm_ff_component|dffs[0]     ; clk      ;
; N/A                                     ; None                                                ; 5.874 ns   ; addr_index[1] ; cache_set_2_way:inst2|cache_line_bank:inst1|lpm_dff1:inst2|lpm_ff:lpm_ff_component|dffs[6]   ; clk      ;
; N/A                                     ; None                                                ; 5.874 ns   ; addr_index[1] ; cache_set_2_way:inst2|cache_line_bank:inst1|lpm_dff2:inst3|lpm_ff:lpm_ff_component|dffs[5]   ; clk      ;
; N/A                                     ; None                                                ; 5.874 ns   ; addr_index[1] ; cache_set_2_way:inst2|cache_line_bank:inst1|lpm_dff1:inst2|lpm_ff:lpm_ff_component|dffs[5]   ; clk      ;
; N/A                                     ; None                                                ; 5.874 ns   ; addr_index[1] ; cache_set_2_way:inst2|cache_line_bank:inst1|lpm_dff2:inst3|lpm_ff:lpm_ff_component|dffs[3]   ; clk      ;
; N/A                                     ; None                                                ; 5.874 ns   ; addr_index[1] ; cache_set_2_way:inst2|cache_line_bank:inst1|lpm_dff1:inst2|lpm_ff:lpm_ff_component|dffs[3]   ; clk      ;
; N/A                                     ; None                                                ; 5.874 ns   ; addr_index[1] ; cache_set_2_way:inst2|cache_line_bank:inst1|lpm_dff1:inst2|lpm_ff:lpm_ff_component|dffs[2]   ; clk      ;
; N/A                                     ; None                                                ; 5.846 ns   ; addr_index[1] ; cache_set_2_way:inst2|cache_line_bank:inst|lpm_dff1:inst2|lpm_ff:lpm_ff_component|dffs[6]    ; clk      ;
; N/A                                     ; None                                                ; 5.846 ns   ; addr_index[1] ; cache_set_2_way:inst2|cache_line_bank:inst|lpm_dff2:inst3|lpm_ff:lpm_ff_component|dffs[5]    ; clk      ;
; N/A                                     ; None                                                ; 5.846 ns   ; addr_index[1] ; cache_set_2_way:inst2|cache_line_bank:inst|lpm_dff1:inst2|lpm_ff:lpm_ff_component|dffs[5]    ; clk      ;
; N/A                                     ; None                                                ; 5.846 ns   ; addr_index[1] ; cache_set_2_way:inst2|cache_line_bank:inst|lpm_dff2:inst3|lpm_ff:lpm_ff_component|dffs[3]    ; clk      ;
; N/A                                     ; None                                                ; 5.846 ns   ; addr_index[1] ; cache_set_2_way:inst2|cache_line_bank:inst|lpm_dff1:inst2|lpm_ff:lpm_ff_component|dffs[3]    ; clk      ;
; N/A                                     ; None                                                ; 5.842 ns   ; input_tag[3]  ; cache_set_2_way:inst|cache_line_bank:inst|lpm_dff2:inst3|lpm_ff:lpm_ff_component|dffs[6]     ; clk      ;
; N/A                                     ; None                                                ; 5.842 ns   ; input_tag[3]  ; cache_set_2_way:inst|cache_line_bank:inst|lpm_dff1:inst2|lpm_ff:lpm_ff_component|dffs[6]     ; clk      ;
; N/A                                     ; None                                                ; 5.842 ns   ; input_tag[3]  ; cache_set_2_way:inst|cache_line_bank:inst|lpm_dff2:inst3|lpm_ff:lpm_ff_component|dffs[5]     ; clk      ;
; N/A                                     ; None                                                ; 5.835 ns   ; addr_index[1] ; cache_set_2_way:inst2|cache_line_bank:inst|lpm_dff2:inst3|lpm_ff:lpm_ff_component|dffs[2]    ; clk      ;
; N/A                                     ; None                                                ; 5.826 ns   ; input_tag[2]  ; cache_set_2_way:inst|cache_line_bank:inst1|lpm_dff0:inst|lpm_ff:lpm_ff_component|dffs[1]     ; clk      ;
; N/A                                     ; None                                                ; 5.826 ns   ; input_tag[2]  ; cache_set_2_way:inst|cache_line_bank:inst1|lpm_dff0:inst|lpm_ff:lpm_ff_component|dffs[4]     ; clk      ;
; N/A                                     ; None                                                ; 5.826 ns   ; input_tag[2]  ; cache_set_2_way:inst|cache_line_bank:inst1|lpm_dff0:inst|lpm_ff:lpm_ff_component|dffs[2]     ; clk      ;
; N/A                                     ; None                                                ; 5.826 ns   ; input_tag[2]  ; cache_set_2_way:inst|cache_line_bank:inst1|lpm_dff3:inst1|lpm_ff:lpm_ff_component|dffs[0]    ; clk      ;
; N/A                                     ; None                                                ; 5.826 ns   ; input_tag[2]  ; cache_set_2_way:inst|cache_line_bank:inst1|lpm_dff0:inst|lpm_ff:lpm_ff_component|dffs[3]     ; clk      ;
; N/A                                     ; None                                                ; 5.826 ns   ; input_tag[2]  ; cache_set_2_way:inst|cache_line_bank:inst1|lpm_dff0:inst|lpm_ff:lpm_ff_component|dffs[0]     ; clk      ;
; N/A                                     ; None                                                ; 5.826 ns   ; input_tag[2]  ; cache_set_2_way:inst|cache_line_bank:inst1|lpm_dff2:inst3|lpm_ff:lpm_ff_component|dffs[6]    ; clk      ;
; N/A                                     ; None                                                ; 5.826 ns   ; input_tag[2]  ; cache_set_2_way:inst|cache_line_bank:inst1|lpm_dff1:inst2|lpm_ff:lpm_ff_component|dffs[6]    ; clk      ;
; N/A                                     ; None                                                ; 5.821 ns   ; input_tag[3]  ; cache_set_2_way:inst3|cache_line_bank:inst|lpm_dff2:inst3|lpm_ff:lpm_ff_component|dffs[7]    ; clk      ;
; N/A                                     ; None                                                ; 5.821 ns   ; input_tag[3]  ; cache_set_2_way:inst3|cache_line_bank:inst|lpm_dff1:inst2|lpm_ff:lpm_ff_component|dffs[7]    ; clk      ;
; N/A                                     ; None                                                ; 5.821 ns   ; input_tag[3]  ; cache_set_2_way:inst3|cache_line_bank:inst|lpm_dff2:inst3|lpm_ff:lpm_ff_component|dffs[4]    ; clk      ;
; N/A                                     ; None                                                ; 5.821 ns   ; input_tag[3]  ; cache_set_2_way:inst3|cache_line_bank:inst|lpm_dff1:inst2|lpm_ff:lpm_ff_component|dffs[4]    ; clk      ;
; N/A                                     ; None                                                ; 5.821 ns   ; input_tag[3]  ; cache_set_2_way:inst3|cache_line_bank:inst|lpm_dff2:inst3|lpm_ff:lpm_ff_component|dffs[1]    ; clk      ;
; N/A                                     ; None                                                ; 5.821 ns   ; input_tag[3]  ; cache_set_2_way:inst3|cache_line_bank:inst|lpm_dff1:inst2|lpm_ff:lpm_ff_component|dffs[1]    ; clk      ;
; N/A                                     ; None                                                ; 5.816 ns   ; input_tag[3]  ; cache_set_2_way:inst1|cache_line_bank:inst1|lpm_dff2:inst3|lpm_ff:lpm_ff_component|dffs[2]   ; clk      ;
; N/A                                     ; None                                                ; 5.816 ns   ; input_tag[3]  ; cache_set_2_way:inst1|cache_line_bank:inst1|lpm_dff1:inst2|lpm_ff:lpm_ff_component|dffs[2]   ; clk      ;
; N/A                                     ; None                                                ; 5.816 ns   ; input_tag[3]  ; cache_set_2_way:inst1|cache_line_bank:inst1|lpm_dff2:inst3|lpm_ff:lpm_ff_component|dffs[1]   ; clk      ;
; N/A                                     ; None                                                ; 5.816 ns   ; input_tag[3]  ; cache_set_2_way:inst1|cache_line_bank:inst1|lpm_dff1:inst2|lpm_ff:lpm_ff_component|dffs[1]   ; clk      ;
; N/A                                     ; None                                                ; 5.813 ns   ; input_tag[4]  ; cache_set_2_way:inst2|cache_line_bank:inst1|lpm_dff2:inst3|lpm_ff:lpm_ff_component|dffs[2]   ; clk      ;
; N/A                                     ; None                                                ; 5.813 ns   ; input_tag[4]  ; cache_set_2_way:inst2|cache_line_bank:inst1|lpm_dff2:inst3|lpm_ff:lpm_ff_component|dffs[1]   ; clk      ;
; N/A                                     ; None                                                ; 5.813 ns   ; input_tag[4]  ; cache_set_2_way:inst2|cache_line_bank:inst1|lpm_dff1:inst2|lpm_ff:lpm_ff_component|dffs[1]   ; clk      ;
; N/A                                     ; None                                                ; 5.770 ns   ; input_tag[3]  ; cache_set_2_way:inst3|cache_line_bank:inst1|lpm_dff0:inst|lpm_ff:lpm_ff_component|dffs[1]    ; clk      ;
; N/A                                     ; None                                                ; 5.770 ns   ; input_tag[3]  ; cache_set_2_way:inst3|cache_line_bank:inst1|lpm_dff0:inst|lpm_ff:lpm_ff_component|dffs[3]    ; clk      ;
; N/A                                     ; None                                                ; 5.770 ns   ; input_tag[3]  ; cache_set_2_way:inst3|cache_line_bank:inst1|lpm_dff0:inst|lpm_ff:lpm_ff_component|dffs[0]    ; clk      ;
; N/A                                     ; None                                                ; 5.770 ns   ; input_tag[3]  ; cache_set_2_way:inst3|cache_line_bank:inst1|lpm_dff0:inst|lpm_ff:lpm_ff_component|dffs[4]    ; clk      ;
; N/A                                     ; None                                                ; 5.770 ns   ; input_tag[3]  ; cache_set_2_way:inst3|cache_line_bank:inst1|lpm_dff0:inst|lpm_ff:lpm_ff_component|dffs[2]    ; clk      ;
; N/A                                     ; None                                                ; 5.770 ns   ; input_tag[3]  ; cache_set_2_way:inst3|cache_line_bank:inst1|lpm_dff3:inst1|lpm_ff:lpm_ff_component|dffs[0]   ; clk      ;
; N/A                                     ; None                                                ; 5.761 ns   ; input_tag[1]  ; cache_set_2_way:inst|cache_line_bank:inst|lpm_dff2:inst3|lpm_ff:lpm_ff_component|dffs[2]     ; clk      ;
; N/A                                     ; None                                                ; 5.761 ns   ; input_tag[1]  ; cache_set_2_way:inst|cache_line_bank:inst|lpm_dff1:inst2|lpm_ff:lpm_ff_component|dffs[2]     ; clk      ;
; N/A                                     ; None                                                ; 5.761 ns   ; input_tag[1]  ; cache_set_2_way:inst|cache_line_bank:inst|lpm_dff2:inst3|lpm_ff:lpm_ff_component|dffs[1]     ; clk      ;
; N/A                                     ; None                                                ; 5.761 ns   ; input_tag[1]  ; cache_set_2_way:inst|cache_line_bank:inst|lpm_dff1:inst2|lpm_ff:lpm_ff_component|dffs[1]     ; clk      ;
; N/A                                     ; None                                                ; 5.747 ns   ; input_tag[1]  ; cache_set_2_way:inst|cache_line_bank:inst1|lpm_dff2:inst3|lpm_ff:lpm_ff_component|dffs[0]    ; clk      ;
; N/A                                     ; None                                                ; 5.747 ns   ; input_tag[1]  ; cache_set_2_way:inst|cache_line_bank:inst1|lpm_dff1:inst2|lpm_ff:lpm_ff_component|dffs[0]    ; clk      ;
; N/A                                     ; None                                                ; 5.732 ns   ; input_tag[1]  ; cache_set_2_way:inst2|cache_line_bank:inst1|lpm_dff2:inst3|lpm_ff:lpm_ff_component|dffs[2]   ; clk      ;
; N/A                                     ; None                                                ; 5.732 ns   ; input_tag[1]  ; cache_set_2_way:inst2|cache_line_bank:inst1|lpm_dff2:inst3|lpm_ff:lpm_ff_component|dffs[1]   ; clk      ;
; N/A                                     ; None                                                ; 5.732 ns   ; input_tag[1]  ; cache_set_2_way:inst2|cache_line_bank:inst1|lpm_dff1:inst2|lpm_ff:lpm_ff_component|dffs[1]   ; clk      ;
; N/A                                     ; None                                                ; 5.719 ns   ; input_tag[3]  ; cache_set_2_way:inst3|cache_line_bank:inst|lpm_dff0:inst|lpm_ff:lpm_ff_component|dffs[2]     ; clk      ;
; N/A                                     ; None                                                ; 5.719 ns   ; input_tag[3]  ; cache_set_2_way:inst3|cache_line_bank:inst|lpm_dff0:inst|lpm_ff:lpm_ff_component|dffs[3]     ; clk      ;
; N/A                                     ; None                                                ; 5.719 ns   ; input_tag[3]  ; cache_set_2_way:inst3|cache_line_bank:inst|lpm_dff0:inst|lpm_ff:lpm_ff_component|dffs[1]     ; clk      ;
; N/A                                     ; None                                                ; 5.719 ns   ; input_tag[3]  ; cache_set_2_way:inst3|cache_line_bank:inst|lpm_dff0:inst|lpm_ff:lpm_ff_component|dffs[0]     ; clk      ;
; N/A                                     ; None                                                ; 5.719 ns   ; input_tag[3]  ; cache_set_2_way:inst3|cache_line_bank:inst|lpm_dff3:inst1|lpm_ff:lpm_ff_component|dffs[0]    ; clk      ;
; N/A                                     ; None                                                ; 5.719 ns   ; input_tag[3]  ; cache_set_2_way:inst3|cache_line_bank:inst|lpm_dff0:inst|lpm_ff:lpm_ff_component|dffs[4]     ; clk      ;
; N/A                                     ; None                                                ; 5.716 ns   ; input_tag[0]  ; cache_set_2_way:inst2|cache_line_bank:inst|lpm_dff2:inst3|lpm_ff:lpm_ff_component|dffs[4]    ; clk      ;
; N/A                                     ; None                                                ; 5.716 ns   ; input_tag[0]  ; cache_set_2_way:inst2|cache_line_bank:inst|lpm_dff1:inst2|lpm_ff:lpm_ff_component|dffs[4]    ; clk      ;
; N/A                                     ; None                                                ; 5.716 ns   ; input_tag[0]  ; cache_set_2_way:inst2|cache_line_bank:inst|lpm_dff2:inst3|lpm_ff:lpm_ff_component|dffs[1]    ; clk      ;
; N/A                                     ; None                                                ; 5.716 ns   ; input_tag[0]  ; cache_set_2_way:inst2|cache_line_bank:inst|lpm_dff1:inst2|lpm_ff:lpm_ff_component|dffs[1]    ; clk      ;
; N/A                                     ; None                                                ; 5.712 ns   ; input_tag[1]  ; cache_set_2_way:inst|cache_line_bank:inst1|lpm_dff2:inst3|lpm_ff:lpm_ff_component|dffs[2]    ; clk      ;
; N/A                                     ; None                                                ; 5.712 ns   ; input_tag[1]  ; cache_set_2_way:inst|cache_line_bank:inst1|lpm_dff1:inst2|lpm_ff:lpm_ff_component|dffs[2]    ; clk      ;
; N/A                                     ; None                                                ; 5.712 ns   ; input_tag[1]  ; cache_set_2_way:inst|cache_line_bank:inst1|lpm_dff2:inst3|lpm_ff:lpm_ff_component|dffs[1]    ; clk      ;
; N/A                                     ; None                                                ; 5.712 ns   ; input_tag[1]  ; cache_set_2_way:inst|cache_line_bank:inst1|lpm_dff1:inst2|lpm_ff:lpm_ff_component|dffs[1]    ; clk      ;
; N/A                                     ; None                                                ; 5.709 ns   ; input_tag[3]  ; cache_set_2_way:inst2|cache_line_bank:inst|lpm_dff2:inst3|lpm_ff:lpm_ff_component|dffs[4]    ; clk      ;
; N/A                                     ; None                                                ; 5.709 ns   ; input_tag[3]  ; cache_set_2_way:inst2|cache_line_bank:inst|lpm_dff1:inst2|lpm_ff:lpm_ff_component|dffs[4]    ; clk      ;
; N/A                                     ; None                                                ; 5.709 ns   ; input_tag[3]  ; cache_set_2_way:inst2|cache_line_bank:inst|lpm_dff2:inst3|lpm_ff:lpm_ff_component|dffs[1]    ; clk      ;
; N/A                                     ; None                                                ; 5.709 ns   ; input_tag[3]  ; cache_set_2_way:inst2|cache_line_bank:inst|lpm_dff1:inst2|lpm_ff:lpm_ff_component|dffs[1]    ; clk      ;
; N/A                                     ; None                                                ; 5.703 ns   ; input_tag[3]  ; cache_set_2_way:inst1|cache_line_bank:inst|lpm_dff2:inst3|lpm_ff:lpm_ff_component|dffs[4]    ; clk      ;
; N/A                                     ; None                                                ; 5.703 ns   ; input_tag[3]  ; cache_set_2_way:inst1|cache_line_bank:inst|lpm_dff1:inst2|lpm_ff:lpm_ff_component|dffs[4]    ; clk      ;
; N/A                                     ; None                                                ; 5.703 ns   ; input_tag[3]  ; cache_set_2_way:inst1|cache_line_bank:inst|lpm_dff2:inst3|lpm_ff:lpm_ff_component|dffs[3]    ; clk      ;
; N/A                                     ; None                                                ; 5.703 ns   ; input_tag[3]  ; cache_set_2_way:inst1|cache_line_bank:inst|lpm_dff1:inst2|lpm_ff:lpm_ff_component|dffs[3]    ; clk      ;
; N/A                                     ; None                                                ; 5.703 ns   ; input_tag[3]  ; cache_set_2_way:inst1|cache_line_bank:inst|lpm_dff2:inst3|lpm_ff:lpm_ff_component|dffs[0]    ; clk      ;
; N/A                                     ; None                                                ; 5.703 ns   ; input_tag[3]  ; cache_set_2_way:inst1|cache_line_bank:inst|lpm_dff1:inst2|lpm_ff:lpm_ff_component|dffs[0]    ; clk      ;
; N/A                                     ; None                                                ; 5.691 ns   ; input_tag[3]  ; cache_set_2_way:inst1|cache_line_bank:inst|lpm_dff2:inst3|lpm_ff:lpm_ff_component|dffs[7]    ; clk      ;
; N/A                                     ; None                                                ; 5.691 ns   ; input_tag[3]  ; cache_set_2_way:inst1|cache_line_bank:inst|lpm_dff1:inst2|lpm_ff:lpm_ff_component|dffs[7]    ; clk      ;
; N/A                                     ; None                                                ; 5.691 ns   ; input_tag[3]  ; cache_set_2_way:inst1|cache_line_bank:inst|lpm_dff2:inst3|lpm_ff:lpm_ff_component|dffs[6]    ; clk      ;
; N/A                                     ; None                                                ; 5.691 ns   ; input_tag[3]  ; cache_set_2_way:inst1|cache_line_bank:inst|lpm_dff1:inst2|lpm_ff:lpm_ff_component|dffs[6]    ; clk      ;
; N/A                                     ; None                                                ; 5.691 ns   ; input_tag[3]  ; cache_set_2_way:inst1|cache_line_bank:inst|lpm_dff2:inst3|lpm_ff:lpm_ff_component|dffs[5]    ; clk      ;
; N/A                                     ; None                                                ; 5.691 ns   ; input_tag[3]  ; cache_set_2_way:inst1|cache_line_bank:inst|lpm_dff1:inst2|lpm_ff:lpm_ff_component|dffs[5]    ; clk      ;
; N/A                                     ; None                                                ; 5.690 ns   ; input_tag[3]  ; cache_set_2_way:inst1|cache_line_bank:inst|lpm_dff0:inst|lpm_ff:lpm_ff_component|dffs[2]     ; clk      ;
; N/A                                     ; None                                                ; 5.690 ns   ; input_tag[3]  ; cache_set_2_way:inst1|cache_line_bank:inst|lpm_dff0:inst|lpm_ff:lpm_ff_component|dffs[4]     ; clk      ;
; N/A                                     ; None                                                ; 5.690 ns   ; input_tag[3]  ; cache_set_2_way:inst1|cache_line_bank:inst|lpm_dff3:inst1|lpm_ff:lpm_ff_component|dffs[0]    ; clk      ;
; N/A                                     ; None                                                ; 5.690 ns   ; input_tag[3]  ; cache_set_2_way:inst1|cache_line_bank:inst|lpm_dff0:inst|lpm_ff:lpm_ff_component|dffs[0]     ; clk      ;
; N/A                                     ; None                                                ; 5.690 ns   ; input_tag[3]  ; cache_set_2_way:inst1|cache_line_bank:inst|lpm_dff0:inst|lpm_ff:lpm_ff_component|dffs[3]     ; clk      ;
; N/A                                     ; None                                                ; 5.690 ns   ; input_tag[3]  ; cache_set_2_way:inst1|cache_line_bank:inst|lpm_dff0:inst|lpm_ff:lpm_ff_component|dffs[1]     ; clk      ;
; N/A                                     ; None                                                ; 5.685 ns   ; input_tag[3]  ; cache_set_2_way:inst|cache_line_bank:inst1|lpm_dff2:inst3|lpm_ff:lpm_ff_component|dffs[7]    ; clk      ;
; N/A                                     ; None                                                ; 5.685 ns   ; input_tag[3]  ; cache_set_2_way:inst|cache_line_bank:inst1|lpm_dff1:inst2|lpm_ff:lpm_ff_component|dffs[7]    ; clk      ;
; N/A                                     ; None                                                ; 5.685 ns   ; input_tag[3]  ; cache_set_2_way:inst|cache_line_bank:inst1|lpm_dff2:inst3|lpm_ff:lpm_ff_component|dffs[5]    ; clk      ;
; N/A                                     ; None                                                ; 5.685 ns   ; input_tag[3]  ; cache_set_2_way:inst|cache_line_bank:inst1|lpm_dff1:inst2|lpm_ff:lpm_ff_component|dffs[5]    ; clk      ;
; N/A                                     ; None                                                ; 5.685 ns   ; input_tag[3]  ; cache_set_2_way:inst|cache_line_bank:inst1|lpm_dff2:inst3|lpm_ff:lpm_ff_component|dffs[4]    ; clk      ;
; N/A                                     ; None                                                ; 5.685 ns   ; input_tag[3]  ; cache_set_2_way:inst|cache_line_bank:inst1|lpm_dff1:inst2|lpm_ff:lpm_ff_component|dffs[4]    ; clk      ;
; N/A                                     ; None                                                ; 5.685 ns   ; input_tag[3]  ; cache_set_2_way:inst|cache_line_bank:inst1|lpm_dff2:inst3|lpm_ff:lpm_ff_component|dffs[3]    ; clk      ;
; N/A                                     ; None                                                ; 5.685 ns   ; input_tag[3]  ; cache_set_2_way:inst|cache_line_bank:inst1|lpm_dff1:inst2|lpm_ff:lpm_ff_component|dffs[3]    ; clk      ;
; N/A                                     ; None                                                ; 5.676 ns   ; input_tag[1]  ; cache_set_2_way:inst|cache_line_bank:inst|lpm_dff2:inst3|lpm_ff:lpm_ff_component|dffs[6]     ; clk      ;
; N/A                                     ; None                                                ; 5.676 ns   ; input_tag[1]  ; cache_set_2_way:inst|cache_line_bank:inst|lpm_dff1:inst2|lpm_ff:lpm_ff_component|dffs[6]     ; clk      ;
; N/A                                     ; None                                                ; 5.676 ns   ; input_tag[1]  ; cache_set_2_way:inst|cache_line_bank:inst|lpm_dff2:inst3|lpm_ff:lpm_ff_component|dffs[5]     ; clk      ;
; N/A                                     ; None                                                ; 5.675 ns   ; input_tag[3]  ; cache_set_2_way:inst1|cache_controller:inst2|lpm_dff4:inst10|lpm_ff:lpm_ff_component|dffs[0] ; clk      ;
; N/A                                     ; None                                                ; 5.668 ns   ; addr_index[1] ; cache_set_2_way:inst2|cache_line_bank:inst|lpm_dff2:inst3|lpm_ff:lpm_ff_component|dffs[7]    ; clk      ;
; Timing analysis restricted to 200 rows. ; To change the limit use Settings (Assignments menu) ;            ;               ;                                                                                              ;          ;
+-----------------------------------------+-----------------------------------------------------+------------+---------------+----------------------------------------------------------------------------------------------+----------+


+----------------------------------------------------------------------------------------------------------------------------------------------------------------------------------------------------------------------------------+
; tco                                                                                                                                                                                                                              ;
+-----------------------------------------+-----------------------------------------------------+------------+--------------------------------------------------------------------------------------------+-----------+------------+
; Slack                                   ; Required tco                                        ; Actual tco ; From                                                                                       ; To        ; From Clock ;
+-----------------------------------------+-----------------------------------------------------+------------+--------------------------------------------------------------------------------------------+-----------+------------+
; N/A                                     ; None                                                ; 11.393 ns  ; cache_set_2_way:inst1|cache_line_bank:inst1|lpm_dff0:inst|lpm_ff:lpm_ff_component|dffs[0]  ; result[7] ; clk        ;
; N/A                                     ; None                                                ; 11.303 ns  ; cache_set_2_way:inst1|cache_line_bank:inst1|lpm_dff0:inst|lpm_ff:lpm_ff_component|dffs[3]  ; result[7] ; clk        ;
; N/A                                     ; None                                                ; 11.221 ns  ; cache_set_2_way:inst1|cache_line_bank:inst|lpm_dff0:inst|lpm_ff:lpm_ff_component|dffs[4]   ; result[7] ; clk        ;
; N/A                                     ; None                                                ; 11.119 ns  ; cache_set_2_way:inst1|cache_line_bank:inst|lpm_dff0:inst|lpm_ff:lpm_ff_component|dffs[0]   ; result[7] ; clk        ;
; N/A                                     ; None                                                ; 10.973 ns  ; cache_set_2_way:inst3|cache_line_bank:inst1|lpm_dff0:inst|lpm_ff:lpm_ff_component|dffs[0]  ; result[7] ; clk        ;
; N/A                                     ; None                                                ; 10.971 ns  ; cache_set_2_way:inst3|cache_line_bank:inst|lpm_dff0:inst|lpm_ff:lpm_ff_component|dffs[3]   ; result[7] ; clk        ;
; N/A                                     ; None                                                ; 10.970 ns  ; cache_set_2_way:inst1|cache_line_bank:inst|lpm_dff3:inst1|lpm_ff:lpm_ff_component|dffs[0]  ; result[7] ; clk        ;
; N/A                                     ; None                                                ; 10.947 ns  ; cache_set_2_way:inst1|cache_line_bank:inst|lpm_dff0:inst|lpm_ff:lpm_ff_component|dffs[2]   ; result[7] ; clk        ;
; N/A                                     ; None                                                ; 10.882 ns  ; cache_set_2_way:inst1|cache_line_bank:inst|lpm_dff0:inst|lpm_ff:lpm_ff_component|dffs[1]   ; result[7] ; clk        ;
; N/A                                     ; None                                                ; 10.879 ns  ; cache_set_2_way:inst3|cache_line_bank:inst|lpm_dff3:inst1|lpm_ff:lpm_ff_component|dffs[0]  ; result[7] ; clk        ;
; N/A                                     ; None                                                ; 10.866 ns  ; cache_set_2_way:inst3|cache_line_bank:inst1|lpm_dff0:inst|lpm_ff:lpm_ff_component|dffs[4]  ; result[7] ; clk        ;
; N/A                                     ; None                                                ; 10.847 ns  ; cache_set_2_way:inst1|cache_line_bank:inst|lpm_dff0:inst|lpm_ff:lpm_ff_component|dffs[3]   ; result[7] ; clk        ;
; N/A                                     ; None                                                ; 10.799 ns  ; cache_set_2_way:inst3|cache_line_bank:inst1|lpm_dff0:inst|lpm_ff:lpm_ff_component|dffs[3]  ; result[7] ; clk        ;
; N/A                                     ; None                                                ; 10.744 ns  ; cache_set_2_way:inst3|cache_line_bank:inst1|lpm_dff3:inst1|lpm_ff:lpm_ff_component|dffs[0] ; result[7] ; clk        ;
; N/A                                     ; None                                                ; 10.728 ns  ; cache_set_2_way:inst3|cache_line_bank:inst1|lpm_dff0:inst|lpm_ff:lpm_ff_component|dffs[2]  ; result[7] ; clk        ;
; N/A                                     ; None                                                ; 10.718 ns  ; cache_set_2_way:inst3|cache_line_bank:inst|lpm_dff0:inst|lpm_ff:lpm_ff_component|dffs[0]   ; result[7] ; clk        ;
; N/A                                     ; None                                                ; 10.708 ns  ; cache_set_2_way:inst2|cache_line_bank:inst|lpm_dff3:inst1|lpm_ff:lpm_ff_component|dffs[0]  ; result[7] ; clk        ;
; N/A                                     ; None                                                ; 10.698 ns  ; cache_set_2_way:inst3|cache_line_bank:inst|lpm_dff0:inst|lpm_ff:lpm_ff_component|dffs[1]   ; result[7] ; clk        ;
; N/A                                     ; None                                                ; 10.694 ns  ; cache_set_2_way:inst2|cache_line_bank:inst|lpm_dff0:inst|lpm_ff:lpm_ff_component|dffs[0]   ; result[7] ; clk        ;
; N/A                                     ; None                                                ; 10.619 ns  ; cache_set_2_way:inst3|cache_line_bank:inst|lpm_dff0:inst|lpm_ff:lpm_ff_component|dffs[4]   ; result[7] ; clk        ;
; N/A                                     ; None                                                ; 10.603 ns  ; cache_set_2_way:inst1|cache_line_bank:inst1|lpm_dff0:inst|lpm_ff:lpm_ff_component|dffs[1]  ; result[7] ; clk        ;
; N/A                                     ; None                                                ; 10.600 ns  ; cache_set_2_way:inst3|cache_line_bank:inst|lpm_dff0:inst|lpm_ff:lpm_ff_component|dffs[2]   ; result[7] ; clk        ;
; N/A                                     ; None                                                ; 10.600 ns  ; cache_set_2_way:inst3|cache_line_bank:inst1|lpm_dff0:inst|lpm_ff:lpm_ff_component|dffs[1]  ; result[7] ; clk        ;
; N/A                                     ; None                                                ; 10.492 ns  ; cache_set_2_way:inst1|cache_line_bank:inst1|lpm_dff0:inst|lpm_ff:lpm_ff_component|dffs[2]  ; result[7] ; clk        ;
; N/A                                     ; None                                                ; 10.458 ns  ; cache_set_2_way:inst1|cache_line_bank:inst1|lpm_dff0:inst|lpm_ff:lpm_ff_component|dffs[0]  ; result[3] ; clk        ;
; N/A                                     ; None                                                ; 10.450 ns  ; cache_set_2_way:inst2|cache_line_bank:inst|lpm_dff0:inst|lpm_ff:lpm_ff_component|dffs[4]   ; result[7] ; clk        ;
; N/A                                     ; None                                                ; 10.445 ns  ; cache_set_2_way:inst2|cache_line_bank:inst|lpm_dff0:inst|lpm_ff:lpm_ff_component|dffs[3]   ; result[7] ; clk        ;
; N/A                                     ; None                                                ; 10.432 ns  ; cache_set_2_way:inst2|cache_line_bank:inst|lpm_dff0:inst|lpm_ff:lpm_ff_component|dffs[2]   ; result[7] ; clk        ;
; N/A                                     ; None                                                ; 10.426 ns  ; cache_set_2_way:inst2|cache_line_bank:inst|lpm_dff0:inst|lpm_ff:lpm_ff_component|dffs[1]   ; result[7] ; clk        ;
; N/A                                     ; None                                                ; 10.384 ns  ; cache_set_2_way:inst1|cache_line_bank:inst1|lpm_dff3:inst1|lpm_ff:lpm_ff_component|dffs[0] ; result[7] ; clk        ;
; N/A                                     ; None                                                ; 10.368 ns  ; cache_set_2_way:inst1|cache_line_bank:inst1|lpm_dff0:inst|lpm_ff:lpm_ff_component|dffs[3]  ; result[3] ; clk        ;
; N/A                                     ; None                                                ; 10.361 ns  ; cache_set_2_way:inst1|cache_line_bank:inst1|lpm_dff0:inst|lpm_ff:lpm_ff_component|dffs[4]  ; result[7] ; clk        ;
; N/A                                     ; None                                                ; 10.343 ns  ; cache_set_2_way:inst2|cache_line_bank:inst1|lpm_dff3:inst1|lpm_ff:lpm_ff_component|dffs[0] ; result[7] ; clk        ;
; N/A                                     ; None                                                ; 10.315 ns  ; cache_set_2_way:inst2|cache_line_bank:inst1|lpm_dff0:inst|lpm_ff:lpm_ff_component|dffs[3]  ; result[7] ; clk        ;
; N/A                                     ; None                                                ; 10.260 ns  ; cache_set_2_way:inst2|cache_line_bank:inst|lpm_dff3:inst1|lpm_ff:lpm_ff_component|dffs[0]  ; result[3] ; clk        ;
; N/A                                     ; None                                                ; 10.253 ns  ; cache_set_2_way:inst1|cache_line_bank:inst1|lpm_dff0:inst|lpm_ff:lpm_ff_component|dffs[0]  ; result[4] ; clk        ;
; N/A                                     ; None                                                ; 10.246 ns  ; cache_set_2_way:inst2|cache_line_bank:inst|lpm_dff0:inst|lpm_ff:lpm_ff_component|dffs[0]   ; result[3] ; clk        ;
; N/A                                     ; None                                                ; 10.244 ns  ; cache_set_2_way:inst2|cache_line_bank:inst1|lpm_dff0:inst|lpm_ff:lpm_ff_component|dffs[0]  ; result[7] ; clk        ;
; N/A                                     ; None                                                ; 10.218 ns  ; cache_set_2_way:inst2|cache_line_bank:inst1|lpm_dff0:inst|lpm_ff:lpm_ff_component|dffs[4]  ; result[7] ; clk        ;
; N/A                                     ; None                                                ; 10.199 ns  ; cache_set_2_way:inst2|cache_line_bank:inst1|lpm_dff0:inst|lpm_ff:lpm_ff_component|dffs[2]  ; result[7] ; clk        ;
; N/A                                     ; None                                                ; 10.173 ns  ; cache_set_2_way:inst1|cache_line_bank:inst|lpm_dff1:inst2|lpm_ff:lpm_ff_component|dffs[7]  ; result[7] ; clk        ;
; N/A                                     ; None                                                ; 10.163 ns  ; cache_set_2_way:inst1|cache_line_bank:inst1|lpm_dff0:inst|lpm_ff:lpm_ff_component|dffs[0]  ; cache_hit ; clk        ;
; N/A                                     ; None                                                ; 10.163 ns  ; cache_set_2_way:inst1|cache_line_bank:inst1|lpm_dff0:inst|lpm_ff:lpm_ff_component|dffs[3]  ; result[4] ; clk        ;
; N/A                                     ; None                                                ; 10.141 ns  ; cache_set_2_way:inst1|cache_line_bank:inst1|lpm_dff0:inst|lpm_ff:lpm_ff_component|dffs[0]  ; result[6] ; clk        ;
; N/A                                     ; None                                                ; 10.135 ns  ; cache_set_2_way:inst1|cache_line_bank:inst1|lpm_dff1:inst2|lpm_ff:lpm_ff_component|dffs[7] ; result[7] ; clk        ;
; N/A                                     ; None                                                ; 10.118 ns  ; cache_set_2_way:inst1|cache_line_bank:inst|lpm_dff0:inst|lpm_ff:lpm_ff_component|dffs[4]   ; result[3] ; clk        ;
; N/A                                     ; None                                                ; 10.100 ns  ; cache_set_2_way:inst|cache_line_bank:inst1|lpm_dff0:inst|lpm_ff:lpm_ff_component|dffs[4]   ; result[7] ; clk        ;
; N/A                                     ; None                                                ; 10.073 ns  ; cache_set_2_way:inst1|cache_line_bank:inst1|lpm_dff0:inst|lpm_ff:lpm_ff_component|dffs[3]  ; cache_hit ; clk        ;
; N/A                                     ; None                                                ; 10.064 ns  ; cache_set_2_way:inst2|cache_line_bank:inst1|lpm_dff0:inst|lpm_ff:lpm_ff_component|dffs[1]  ; result[7] ; clk        ;
; N/A                                     ; None                                                ; 10.062 ns  ; cache_set_2_way:inst|cache_line_bank:inst|lpm_dff0:inst|lpm_ff:lpm_ff_component|dffs[0]    ; result[7] ; clk        ;
; N/A                                     ; None                                                ; 10.051 ns  ; cache_set_2_way:inst1|cache_line_bank:inst1|lpm_dff0:inst|lpm_ff:lpm_ff_component|dffs[3]  ; result[6] ; clk        ;
; N/A                                     ; None                                                ; 10.045 ns  ; cache_set_2_way:inst3|cache_line_bank:inst1|lpm_dff0:inst|lpm_ff:lpm_ff_component|dffs[0]  ; result[3] ; clk        ;
; N/A                                     ; None                                                ; 10.043 ns  ; cache_set_2_way:inst3|cache_line_bank:inst|lpm_dff0:inst|lpm_ff:lpm_ff_component|dffs[3]   ; result[3] ; clk        ;
; N/A                                     ; None                                                ; 10.036 ns  ; cache_set_2_way:inst1|cache_line_bank:inst|lpm_dff2:inst3|lpm_ff:lpm_ff_component|dffs[7]  ; result[7] ; clk        ;
; N/A                                     ; None                                                ; 10.032 ns  ; cache_set_2_way:inst2|cache_line_bank:inst|lpm_dff3:inst1|lpm_ff:lpm_ff_component|dffs[0]  ; result[4] ; clk        ;
; N/A                                     ; None                                                ; 10.018 ns  ; cache_set_2_way:inst2|cache_line_bank:inst|lpm_dff0:inst|lpm_ff:lpm_ff_component|dffs[0]   ; result[4] ; clk        ;
; N/A                                     ; None                                                ; 10.015 ns  ; cache_set_2_way:inst3|cache_line_bank:inst1|lpm_dff0:inst|lpm_ff:lpm_ff_component|dffs[0]  ; result[4] ; clk        ;
; N/A                                     ; None                                                ; 10.013 ns  ; cache_set_2_way:inst3|cache_line_bank:inst|lpm_dff0:inst|lpm_ff:lpm_ff_component|dffs[3]   ; result[4] ; clk        ;
; N/A                                     ; None                                                ; 10.002 ns  ; cache_set_2_way:inst2|cache_line_bank:inst|lpm_dff0:inst|lpm_ff:lpm_ff_component|dffs[4]   ; result[3] ; clk        ;
; N/A                                     ; None                                                ; 10.002 ns  ; cache_set_2_way:inst1|cache_line_bank:inst1|lpm_dff0:inst|lpm_ff:lpm_ff_component|dffs[0]  ; result[5] ; clk        ;
; N/A                                     ; None                                                ; 9.997 ns   ; cache_set_2_way:inst2|cache_line_bank:inst|lpm_dff0:inst|lpm_ff:lpm_ff_component|dffs[3]   ; result[3] ; clk        ;
; N/A                                     ; None                                                ; 9.984 ns   ; cache_set_2_way:inst2|cache_line_bank:inst|lpm_dff0:inst|lpm_ff:lpm_ff_component|dffs[2]   ; result[3] ; clk        ;
; N/A                                     ; None                                                ; 9.978 ns   ; cache_set_2_way:inst2|cache_line_bank:inst|lpm_dff0:inst|lpm_ff:lpm_ff_component|dffs[1]   ; result[3] ; clk        ;
; N/A                                     ; None                                                ; 9.963 ns   ; cache_set_2_way:inst1|cache_line_bank:inst|lpm_dff0:inst|lpm_ff:lpm_ff_component|dffs[4]   ; result[2] ; clk        ;
; N/A                                     ; None                                                ; 9.951 ns   ; cache_set_2_way:inst3|cache_line_bank:inst|lpm_dff3:inst1|lpm_ff:lpm_ff_component|dffs[0]  ; result[3] ; clk        ;
; N/A                                     ; None                                                ; 9.938 ns   ; cache_set_2_way:inst3|cache_line_bank:inst1|lpm_dff0:inst|lpm_ff:lpm_ff_component|dffs[4]  ; result[3] ; clk        ;
; N/A                                     ; None                                                ; 9.921 ns   ; cache_set_2_way:inst3|cache_line_bank:inst|lpm_dff3:inst1|lpm_ff:lpm_ff_component|dffs[0]  ; result[4] ; clk        ;
; N/A                                     ; None                                                ; 9.913 ns   ; cache_set_2_way:inst1|cache_line_bank:inst|lpm_dff0:inst|lpm_ff:lpm_ff_component|dffs[4]   ; result[4] ; clk        ;
; N/A                                     ; None                                                ; 9.912 ns   ; cache_set_2_way:inst1|cache_line_bank:inst1|lpm_dff0:inst|lpm_ff:lpm_ff_component|dffs[3]  ; result[5] ; clk        ;
; N/A                                     ; None                                                ; 9.908 ns   ; cache_set_2_way:inst3|cache_line_bank:inst1|lpm_dff0:inst|lpm_ff:lpm_ff_component|dffs[4]  ; result[4] ; clk        ;
; N/A                                     ; None                                                ; 9.908 ns   ; cache_set_2_way:inst|cache_line_bank:inst1|lpm_dff0:inst|lpm_ff:lpm_ff_component|dffs[0]   ; result[7] ; clk        ;
; N/A                                     ; None                                                ; 9.886 ns   ; cache_set_2_way:inst|cache_line_bank:inst1|lpm_dff0:inst|lpm_ff:lpm_ff_component|dffs[3]   ; result[7] ; clk        ;
; N/A                                     ; None                                                ; 9.871 ns   ; cache_set_2_way:inst3|cache_line_bank:inst1|lpm_dff0:inst|lpm_ff:lpm_ff_component|dffs[3]  ; result[3] ; clk        ;
; N/A                                     ; None                                                ; 9.867 ns   ; cache_set_2_way:inst1|cache_line_bank:inst|lpm_dff3:inst1|lpm_ff:lpm_ff_component|dffs[0]  ; result[3] ; clk        ;
; N/A                                     ; None                                                ; 9.861 ns   ; cache_set_2_way:inst1|cache_line_bank:inst|lpm_dff0:inst|lpm_ff:lpm_ff_component|dffs[0]   ; result[2] ; clk        ;
; N/A                                     ; None                                                ; 9.848 ns   ; cache_set_2_way:inst|cache_line_bank:inst1|lpm_dff3:inst1|lpm_ff:lpm_ff_component|dffs[0]  ; result[7] ; clk        ;
; N/A                                     ; None                                                ; 9.844 ns   ; cache_set_2_way:inst1|cache_line_bank:inst|lpm_dff0:inst|lpm_ff:lpm_ff_component|dffs[2]   ; result[3] ; clk        ;
; N/A                                     ; None                                                ; 9.844 ns   ; cache_set_2_way:inst|cache_line_bank:inst|lpm_dff0:inst|lpm_ff:lpm_ff_component|dffs[4]    ; result[7] ; clk        ;
; N/A                                     ; None                                                ; 9.841 ns   ; cache_set_2_way:inst3|cache_line_bank:inst1|lpm_dff0:inst|lpm_ff:lpm_ff_component|dffs[3]  ; result[4] ; clk        ;
; N/A                                     ; None                                                ; 9.828 ns   ; cache_set_2_way:inst|cache_line_bank:inst1|lpm_dff0:inst|lpm_ff:lpm_ff_component|dffs[2]   ; result[7] ; clk        ;
; N/A                                     ; None                                                ; 9.823 ns   ; cache_set_2_way:inst1|cache_line_bank:inst|lpm_dff0:inst|lpm_ff:lpm_ff_component|dffs[4]   ; cache_hit ; clk        ;
; N/A                                     ; None                                                ; 9.816 ns   ; cache_set_2_way:inst3|cache_line_bank:inst1|lpm_dff3:inst1|lpm_ff:lpm_ff_component|dffs[0] ; result[3] ; clk        ;
; N/A                                     ; None                                                ; 9.808 ns   ; cache_set_2_way:inst|cache_line_bank:inst|lpm_dff0:inst|lpm_ff:lpm_ff_component|dffs[3]    ; result[7] ; clk        ;
; N/A                                     ; None                                                ; 9.801 ns   ; cache_set_2_way:inst1|cache_line_bank:inst|lpm_dff0:inst|lpm_ff:lpm_ff_component|dffs[4]   ; result[6] ; clk        ;
; N/A                                     ; None                                                ; 9.800 ns   ; cache_set_2_way:inst3|cache_line_bank:inst1|lpm_dff0:inst|lpm_ff:lpm_ff_component|dffs[2]  ; result[3] ; clk        ;
; N/A                                     ; None                                                ; 9.790 ns   ; cache_set_2_way:inst3|cache_line_bank:inst|lpm_dff0:inst|lpm_ff:lpm_ff_component|dffs[0]   ; result[3] ; clk        ;
; N/A                                     ; None                                                ; 9.789 ns   ; cache_set_2_way:inst|cache_line_bank:inst|lpm_dff0:inst|lpm_ff:lpm_ff_component|dffs[1]    ; result[7] ; clk        ;
; N/A                                     ; None                                                ; 9.786 ns   ; cache_set_2_way:inst3|cache_line_bank:inst1|lpm_dff3:inst1|lpm_ff:lpm_ff_component|dffs[0] ; result[4] ; clk        ;
; N/A                                     ; None                                                ; 9.774 ns   ; cache_set_2_way:inst1|cache_line_bank:inst1|lpm_dff0:inst|lpm_ff:lpm_ff_component|dffs[0]  ; result[2] ; clk        ;
; N/A                                     ; None                                                ; 9.774 ns   ; cache_set_2_way:inst2|cache_line_bank:inst|lpm_dff0:inst|lpm_ff:lpm_ff_component|dffs[4]   ; result[4] ; clk        ;
; N/A                                     ; None                                                ; 9.770 ns   ; cache_set_2_way:inst3|cache_line_bank:inst|lpm_dff0:inst|lpm_ff:lpm_ff_component|dffs[1]   ; result[3] ; clk        ;
; N/A                                     ; None                                                ; 9.770 ns   ; cache_set_2_way:inst3|cache_line_bank:inst1|lpm_dff0:inst|lpm_ff:lpm_ff_component|dffs[2]  ; result[4] ; clk        ;
; N/A                                     ; None                                                ; 9.769 ns   ; cache_set_2_way:inst2|cache_line_bank:inst|lpm_dff0:inst|lpm_ff:lpm_ff_component|dffs[3]   ; result[4] ; clk        ;
; N/A                                     ; None                                                ; 9.767 ns   ; cache_set_2_way:inst1|cache_line_bank:inst1|lpm_dff2:inst3|lpm_ff:lpm_ff_component|dffs[7] ; result[7] ; clk        ;
; N/A                                     ; None                                                ; 9.760 ns   ; cache_set_2_way:inst3|cache_line_bank:inst|lpm_dff0:inst|lpm_ff:lpm_ff_component|dffs[0]   ; result[4] ; clk        ;
; N/A                                     ; None                                                ; 9.756 ns   ; cache_set_2_way:inst2|cache_line_bank:inst|lpm_dff0:inst|lpm_ff:lpm_ff_component|dffs[2]   ; result[4] ; clk        ;
; N/A                                     ; None                                                ; 9.750 ns   ; cache_set_2_way:inst2|cache_line_bank:inst|lpm_dff0:inst|lpm_ff:lpm_ff_component|dffs[1]   ; result[4] ; clk        ;
; N/A                                     ; None                                                ; 9.741 ns   ; cache_set_2_way:inst1|cache_line_bank:inst1|lpm_dff0:inst|lpm_ff:lpm_ff_component|dffs[0]  ; result[0] ; clk        ;
; N/A                                     ; None                                                ; 9.740 ns   ; cache_set_2_way:inst3|cache_line_bank:inst|lpm_dff0:inst|lpm_ff:lpm_ff_component|dffs[1]   ; result[4] ; clk        ;
; N/A                                     ; None                                                ; 9.736 ns   ; cache_set_2_way:inst|cache_line_bank:inst1|lpm_dff0:inst|lpm_ff:lpm_ff_component|dffs[1]   ; result[7] ; clk        ;
; N/A                                     ; None                                                ; 9.731 ns   ; cache_set_2_way:inst2|cache_line_bank:inst|lpm_dff3:inst1|lpm_ff:lpm_ff_component|dffs[0]  ; result[2] ; clk        ;
; N/A                                     ; None                                                ; 9.717 ns   ; cache_set_2_way:inst2|cache_line_bank:inst|lpm_dff0:inst|lpm_ff:lpm_ff_component|dffs[0]   ; result[2] ; clk        ;
; N/A                                     ; None                                                ; 9.712 ns   ; cache_set_2_way:inst1|cache_line_bank:inst|lpm_dff3:inst1|lpm_ff:lpm_ff_component|dffs[0]  ; result[2] ; clk        ;
; N/A                                     ; None                                                ; 9.703 ns   ; cache_set_2_way:inst|cache_line_bank:inst|lpm_dff0:inst|lpm_ff:lpm_ff_component|dffs[2]    ; result[7] ; clk        ;
; N/A                                     ; None                                                ; 9.691 ns   ; cache_set_2_way:inst3|cache_line_bank:inst|lpm_dff0:inst|lpm_ff:lpm_ff_component|dffs[4]   ; result[3] ; clk        ;
; N/A                                     ; None                                                ; 9.689 ns   ; cache_set_2_way:inst1|cache_line_bank:inst|lpm_dff0:inst|lpm_ff:lpm_ff_component|dffs[2]   ; result[2] ; clk        ;
; N/A                                     ; None                                                ; 9.684 ns   ; cache_set_2_way:inst1|cache_line_bank:inst1|lpm_dff0:inst|lpm_ff:lpm_ff_component|dffs[3]  ; result[2] ; clk        ;
; N/A                                     ; None                                                ; 9.672 ns   ; cache_set_2_way:inst3|cache_line_bank:inst|lpm_dff0:inst|lpm_ff:lpm_ff_component|dffs[2]   ; result[3] ; clk        ;
; N/A                                     ; None                                                ; 9.672 ns   ; cache_set_2_way:inst3|cache_line_bank:inst1|lpm_dff0:inst|lpm_ff:lpm_ff_component|dffs[1]  ; result[3] ; clk        ;
; N/A                                     ; None                                                ; 9.668 ns   ; cache_set_2_way:inst1|cache_line_bank:inst1|lpm_dff0:inst|lpm_ff:lpm_ff_component|dffs[1]  ; result[3] ; clk        ;
; N/A                                     ; None                                                ; 9.662 ns   ; cache_set_2_way:inst1|cache_line_bank:inst|lpm_dff3:inst1|lpm_ff:lpm_ff_component|dffs[0]  ; result[4] ; clk        ;
; N/A                                     ; None                                                ; 9.662 ns   ; cache_set_2_way:inst1|cache_line_bank:inst|lpm_dff0:inst|lpm_ff:lpm_ff_component|dffs[4]   ; result[5] ; clk        ;
; N/A                                     ; None                                                ; 9.661 ns   ; cache_set_2_way:inst3|cache_line_bank:inst|lpm_dff0:inst|lpm_ff:lpm_ff_component|dffs[4]   ; result[4] ; clk        ;
; N/A                                     ; None                                                ; 9.651 ns   ; cache_set_2_way:inst1|cache_line_bank:inst1|lpm_dff0:inst|lpm_ff:lpm_ff_component|dffs[3]  ; result[0] ; clk        ;
; N/A                                     ; None                                                ; 9.642 ns   ; cache_set_2_way:inst3|cache_line_bank:inst|lpm_dff0:inst|lpm_ff:lpm_ff_component|dffs[2]   ; result[4] ; clk        ;
; N/A                                     ; None                                                ; 9.642 ns   ; cache_set_2_way:inst3|cache_line_bank:inst1|lpm_dff0:inst|lpm_ff:lpm_ff_component|dffs[1]  ; result[4] ; clk        ;
; N/A                                     ; None                                                ; 9.639 ns   ; cache_set_2_way:inst1|cache_line_bank:inst|lpm_dff0:inst|lpm_ff:lpm_ff_component|dffs[2]   ; result[4] ; clk        ;
; N/A                                     ; None                                                ; 9.626 ns   ; cache_set_2_way:inst|cache_line_bank:inst|lpm_dff3:inst1|lpm_ff:lpm_ff_component|dffs[0]   ; result[7] ; clk        ;
; N/A                                     ; None                                                ; 9.624 ns   ; cache_set_2_way:inst1|cache_line_bank:inst|lpm_dff0:inst|lpm_ff:lpm_ff_component|dffs[1]   ; result[2] ; clk        ;
; N/A                                     ; None                                                ; 9.589 ns   ; cache_set_2_way:inst1|cache_line_bank:inst|lpm_dff0:inst|lpm_ff:lpm_ff_component|dffs[4]   ; result[0] ; clk        ;
; N/A                                     ; None                                                ; 9.589 ns   ; cache_set_2_way:inst1|cache_line_bank:inst|lpm_dff0:inst|lpm_ff:lpm_ff_component|dffs[3]   ; result[2] ; clk        ;
; N/A                                     ; None                                                ; 9.572 ns   ; cache_set_2_way:inst1|cache_line_bank:inst|lpm_dff3:inst1|lpm_ff:lpm_ff_component|dffs[0]  ; cache_hit ; clk        ;
; N/A                                     ; None                                                ; 9.557 ns   ; cache_set_2_way:inst1|cache_line_bank:inst1|lpm_dff0:inst|lpm_ff:lpm_ff_component|dffs[2]  ; result[3] ; clk        ;
; N/A                                     ; None                                                ; 9.550 ns   ; cache_set_2_way:inst1|cache_line_bank:inst|lpm_dff3:inst1|lpm_ff:lpm_ff_component|dffs[0]  ; result[6] ; clk        ;
; N/A                                     ; None                                                ; 9.549 ns   ; cache_set_2_way:inst1|cache_line_bank:inst|lpm_dff0:inst|lpm_ff:lpm_ff_component|dffs[2]   ; cache_hit ; clk        ;
; N/A                                     ; None                                                ; 9.536 ns   ; cache_set_2_way:inst1|cache_line_bank:inst|lpm_dff0:inst|lpm_ff:lpm_ff_component|dffs[4]   ; result[1] ; clk        ;
; N/A                                     ; None                                                ; 9.527 ns   ; cache_set_2_way:inst1|cache_line_bank:inst|lpm_dff0:inst|lpm_ff:lpm_ff_component|dffs[2]   ; result[6] ; clk        ;
; N/A                                     ; None                                                ; 9.507 ns   ; cache_set_2_way:inst2|cache_line_bank:inst|lpm_dff2:inst3|lpm_ff:lpm_ff_component|dffs[7]  ; result[7] ; clk        ;
; N/A                                     ; None                                                ; 9.502 ns   ; cache_set_2_way:inst1|cache_line_bank:inst|lpm_dff0:inst|lpm_ff:lpm_ff_component|dffs[0]   ; result[3] ; clk        ;
; N/A                                     ; None                                                ; 9.487 ns   ; cache_set_2_way:inst1|cache_line_bank:inst|lpm_dff0:inst|lpm_ff:lpm_ff_component|dffs[0]   ; result[0] ; clk        ;
; N/A                                     ; None                                                ; 9.473 ns   ; cache_set_2_way:inst2|cache_line_bank:inst|lpm_dff0:inst|lpm_ff:lpm_ff_component|dffs[4]   ; result[2] ; clk        ;
; N/A                                     ; None                                                ; 9.468 ns   ; cache_set_2_way:inst2|cache_line_bank:inst|lpm_dff0:inst|lpm_ff:lpm_ff_component|dffs[3]   ; result[2] ; clk        ;
; N/A                                     ; None                                                ; 9.463 ns   ; cache_set_2_way:inst1|cache_line_bank:inst1|lpm_dff0:inst|lpm_ff:lpm_ff_component|dffs[1]  ; result[4] ; clk        ;
; N/A                                     ; None                                                ; 9.455 ns   ; cache_set_2_way:inst2|cache_line_bank:inst|lpm_dff0:inst|lpm_ff:lpm_ff_component|dffs[2]   ; result[2] ; clk        ;
; N/A                                     ; None                                                ; 9.449 ns   ; cache_set_2_way:inst2|cache_line_bank:inst|lpm_dff0:inst|lpm_ff:lpm_ff_component|dffs[1]   ; result[2] ; clk        ;
; N/A                                     ; None                                                ; 9.449 ns   ; cache_set_2_way:inst1|cache_line_bank:inst1|lpm_dff3:inst1|lpm_ff:lpm_ff_component|dffs[0] ; result[3] ; clk        ;
; N/A                                     ; None                                                ; 9.447 ns   ; cache_set_2_way:inst2|cache_line_bank:inst|lpm_dff3:inst1|lpm_ff:lpm_ff_component|dffs[0]  ; result[0] ; clk        ;
; N/A                                     ; None                                                ; 9.443 ns   ; cache_set_2_way:inst3|cache_line_bank:inst1|lpm_dff0:inst|lpm_ff:lpm_ff_component|dffs[0]  ; cache_hit ; clk        ;
; N/A                                     ; None                                                ; 9.442 ns   ; cache_set_2_way:inst2|cache_line_bank:inst|lpm_dff3:inst1|lpm_ff:lpm_ff_component|dffs[0]  ; result[5] ; clk        ;
; N/A                                     ; None                                                ; 9.441 ns   ; cache_set_2_way:inst3|cache_line_bank:inst|lpm_dff0:inst|lpm_ff:lpm_ff_component|dffs[3]   ; cache_hit ; clk        ;
; N/A                                     ; None                                                ; 9.434 ns   ; cache_set_2_way:inst1|cache_line_bank:inst|lpm_dff0:inst|lpm_ff:lpm_ff_component|dffs[0]   ; result[1] ; clk        ;
; N/A                                     ; None                                                ; 9.433 ns   ; cache_set_2_way:inst2|cache_line_bank:inst|lpm_dff0:inst|lpm_ff:lpm_ff_component|dffs[0]   ; result[0] ; clk        ;
; N/A                                     ; None                                                ; 9.428 ns   ; cache_set_2_way:inst2|cache_line_bank:inst|lpm_dff0:inst|lpm_ff:lpm_ff_component|dffs[0]   ; result[5] ; clk        ;
; N/A                                     ; None                                                ; 9.426 ns   ; cache_set_2_way:inst1|cache_line_bank:inst1|lpm_dff0:inst|lpm_ff:lpm_ff_component|dffs[4]  ; result[3] ; clk        ;
; N/A                                     ; None                                                ; 9.411 ns   ; cache_set_2_way:inst1|cache_line_bank:inst|lpm_dff3:inst1|lpm_ff:lpm_ff_component|dffs[0]  ; result[5] ; clk        ;
; N/A                                     ; None                                                ; 9.406 ns   ; cache_set_2_way:inst|cache_line_bank:inst1|lpm_dff0:inst|lpm_ff:lpm_ff_component|dffs[4]   ; cache_hit ; clk        ;
; N/A                                     ; None                                                ; 9.388 ns   ; cache_set_2_way:inst1|cache_line_bank:inst|lpm_dff0:inst|lpm_ff:lpm_ff_component|dffs[2]   ; result[5] ; clk        ;
; N/A                                     ; None                                                ; 9.379 ns   ; cache_set_2_way:inst2|cache_line_bank:inst1|lpm_dff1:inst2|lpm_ff:lpm_ff_component|dffs[7] ; result[7] ; clk        ;
; N/A                                     ; None                                                ; 9.375 ns   ; cache_set_2_way:inst2|cache_line_bank:inst|lpm_dff1:inst2|lpm_ff:lpm_ff_component|dffs[7]  ; result[7] ; clk        ;
; N/A                                     ; None                                                ; 9.373 ns   ; cache_set_2_way:inst1|cache_line_bank:inst1|lpm_dff0:inst|lpm_ff:lpm_ff_component|dffs[1]  ; cache_hit ; clk        ;
; N/A                                     ; None                                                ; 9.368 ns   ; cache_set_2_way:inst|cache_line_bank:inst|lpm_dff0:inst|lpm_ff:lpm_ff_component|dffs[0]    ; cache_hit ; clk        ;
; N/A                                     ; None                                                ; 9.352 ns   ; cache_set_2_way:inst1|cache_line_bank:inst1|lpm_dff0:inst|lpm_ff:lpm_ff_component|dffs[2]  ; result[4] ; clk        ;
; N/A                                     ; None                                                ; 9.351 ns   ; cache_set_2_way:inst1|cache_line_bank:inst1|lpm_dff0:inst|lpm_ff:lpm_ff_component|dffs[1]  ; result[6] ; clk        ;
; N/A                                     ; None                                                ; 9.350 ns   ; cache_set_2_way:inst3|cache_line_bank:inst1|lpm_dff0:inst|lpm_ff:lpm_ff_component|dffs[0]  ; result[5] ; clk        ;
; N/A                                     ; None                                                ; 9.349 ns   ; cache_set_2_way:inst3|cache_line_bank:inst|lpm_dff3:inst1|lpm_ff:lpm_ff_component|dffs[0]  ; cache_hit ; clk        ;
; N/A                                     ; None                                                ; 9.348 ns   ; cache_set_2_way:inst3|cache_line_bank:inst|lpm_dff0:inst|lpm_ff:lpm_ff_component|dffs[3]   ; result[5] ; clk        ;
; N/A                                     ; None                                                ; 9.342 ns   ; cache_set_2_way:inst1|cache_line_bank:inst1|lpm_dff0:inst|lpm_ff:lpm_ff_component|dffs[0]  ; result[1] ; clk        ;
; N/A                                     ; None                                                ; 9.338 ns   ; cache_set_2_way:inst1|cache_line_bank:inst|lpm_dff3:inst1|lpm_ff:lpm_ff_component|dffs[0]  ; result[0] ; clk        ;
; N/A                                     ; None                                                ; 9.336 ns   ; cache_set_2_way:inst3|cache_line_bank:inst1|lpm_dff0:inst|lpm_ff:lpm_ff_component|dffs[4]  ; cache_hit ; clk        ;
; N/A                                     ; None                                                ; 9.329 ns   ; cache_set_2_way:inst|cache_line_bank:inst|lpm_dff1:inst2|lpm_ff:lpm_ff_component|dffs[7]   ; result[7] ; clk        ;
; N/A                                     ; None                                                ; 9.326 ns   ; cache_set_2_way:inst2|cache_line_bank:inst|lpm_dff3:inst1|lpm_ff:lpm_ff_component|dffs[0]  ; result[1] ; clk        ;
; N/A                                     ; None                                                ; 9.324 ns   ; cache_set_2_way:inst|cache_line_bank:inst|lpm_dff0:inst|lpm_ff:lpm_ff_component|dffs[0]    ; result[4] ; clk        ;
; N/A                                     ; None                                                ; 9.317 ns   ; cache_set_2_way:inst1|cache_line_bank:inst|lpm_dff0:inst|lpm_ff:lpm_ff_component|dffs[0]   ; result[6] ; clk        ;
; N/A                                     ; None                                                ; 9.315 ns   ; cache_set_2_way:inst1|cache_line_bank:inst|lpm_dff0:inst|lpm_ff:lpm_ff_component|dffs[2]   ; result[0] ; clk        ;
; N/A                                     ; None                                                ; 9.312 ns   ; cache_set_2_way:inst2|cache_line_bank:inst|lpm_dff0:inst|lpm_ff:lpm_ff_component|dffs[0]   ; result[1] ; clk        ;
; N/A                                     ; None                                                ; 9.312 ns   ; cache_set_2_way:inst2|cache_line_bank:inst|lpm_dff3:inst1|lpm_ff:lpm_ff_component|dffs[0]  ; result[6] ; clk        ;
; N/A                                     ; None                                                ; 9.298 ns   ; cache_set_2_way:inst2|cache_line_bank:inst|lpm_dff0:inst|lpm_ff:lpm_ff_component|dffs[0]   ; result[6] ; clk        ;
; N/A                                     ; None                                                ; 9.291 ns   ; cache_set_2_way:inst1|cache_line_bank:inst|lpm_dff0:inst|lpm_ff:lpm_ff_component|dffs[0]   ; result[4] ; clk        ;
; N/A                                     ; None                                                ; 9.285 ns   ; cache_set_2_way:inst1|cache_line_bank:inst|lpm_dff3:inst1|lpm_ff:lpm_ff_component|dffs[0]  ; result[1] ; clk        ;
; N/A                                     ; None                                                ; 9.269 ns   ; cache_set_2_way:inst3|cache_line_bank:inst1|lpm_dff0:inst|lpm_ff:lpm_ff_component|dffs[3]  ; cache_hit ; clk        ;
; N/A                                     ; None                                                ; 9.265 ns   ; cache_set_2_way:inst1|cache_line_bank:inst|lpm_dff0:inst|lpm_ff:lpm_ff_component|dffs[1]   ; result[3] ; clk        ;
; N/A                                     ; None                                                ; 9.262 ns   ; cache_set_2_way:inst1|cache_line_bank:inst1|lpm_dff0:inst|lpm_ff:lpm_ff_component|dffs[2]  ; cache_hit ; clk        ;
; N/A                                     ; None                                                ; 9.262 ns   ; cache_set_2_way:inst1|cache_line_bank:inst|lpm_dff0:inst|lpm_ff:lpm_ff_component|dffs[2]   ; result[1] ; clk        ;
; N/A                                     ; None                                                ; 9.256 ns   ; cache_set_2_way:inst3|cache_line_bank:inst|lpm_dff3:inst1|lpm_ff:lpm_ff_component|dffs[0]  ; result[5] ; clk        ;
; N/A                                     ; None                                                ; 9.252 ns   ; cache_set_2_way:inst1|cache_line_bank:inst1|lpm_dff0:inst|lpm_ff:lpm_ff_component|dffs[3]  ; result[1] ; clk        ;
; N/A                                     ; None                                                ; 9.251 ns   ; cache_set_2_way:inst2|cache_line_bank:inst1|lpm_dff3:inst1|lpm_ff:lpm_ff_component|dffs[0] ; result[3] ; clk        ;
; N/A                                     ; None                                                ; 9.250 ns   ; cache_set_2_way:inst1|cache_line_bank:inst|lpm_dff0:inst|lpm_ff:lpm_ff_component|dffs[1]   ; result[0] ; clk        ;
; N/A                                     ; None                                                ; 9.244 ns   ; cache_set_2_way:inst1|cache_line_bank:inst1|lpm_dff3:inst1|lpm_ff:lpm_ff_component|dffs[0] ; result[4] ; clk        ;
; N/A                                     ; None                                                ; 9.243 ns   ; cache_set_2_way:inst3|cache_line_bank:inst1|lpm_dff0:inst|lpm_ff:lpm_ff_component|dffs[4]  ; result[5] ; clk        ;
; N/A                                     ; None                                                ; 9.240 ns   ; cache_set_2_way:inst1|cache_line_bank:inst1|lpm_dff0:inst|lpm_ff:lpm_ff_component|dffs[2]  ; result[6] ; clk        ;
; N/A                                     ; None                                                ; 9.235 ns   ; cache_set_2_way:inst2|cache_line_bank:inst|lpm_dff3:inst1|lpm_ff:lpm_ff_component|dffs[0]  ; cache_hit ; clk        ;
; N/A                                     ; None                                                ; 9.230 ns   ; cache_set_2_way:inst1|cache_line_bank:inst|lpm_dff0:inst|lpm_ff:lpm_ff_component|dffs[3]   ; result[3] ; clk        ;
; N/A                                     ; None                                                ; 9.227 ns   ; cache_set_2_way:inst|cache_line_bank:inst|lpm_dff2:inst3|lpm_ff:lpm_ff_component|dffs[7]   ; result[7] ; clk        ;
; N/A                                     ; None                                                ; 9.223 ns   ; cache_set_2_way:inst2|cache_line_bank:inst1|lpm_dff0:inst|lpm_ff:lpm_ff_component|dffs[3]  ; result[3] ; clk        ;
; N/A                                     ; None                                                ; 9.221 ns   ; cache_set_2_way:inst1|cache_line_bank:inst1|lpm_dff0:inst|lpm_ff:lpm_ff_component|dffs[4]  ; result[4] ; clk        ;
; N/A                                     ; None                                                ; 9.215 ns   ; cache_set_2_way:inst1|cache_line_bank:inst|lpm_dff0:inst|lpm_ff:lpm_ff_component|dffs[3]   ; result[0] ; clk        ;
; N/A                                     ; None                                                ; 9.214 ns   ; cache_set_2_way:inst3|cache_line_bank:inst1|lpm_dff3:inst1|lpm_ff:lpm_ff_component|dffs[0] ; cache_hit ; clk        ;
; N/A                                     ; None                                                ; 9.214 ns   ; cache_set_2_way:inst|cache_line_bank:inst1|lpm_dff0:inst|lpm_ff:lpm_ff_component|dffs[0]   ; cache_hit ; clk        ;
; N/A                                     ; None                                                ; 9.212 ns   ; cache_set_2_way:inst1|cache_line_bank:inst1|lpm_dff0:inst|lpm_ff:lpm_ff_component|dffs[1]  ; result[5] ; clk        ;
; N/A                                     ; None                                                ; 9.201 ns   ; cache_set_2_way:inst1|cache_line_bank:inst|lpm_dff0:inst|lpm_ff:lpm_ff_component|dffs[0]   ; cache_hit ; clk        ;
; N/A                                     ; None                                                ; 9.198 ns   ; cache_set_2_way:inst3|cache_line_bank:inst1|lpm_dff0:inst|lpm_ff:lpm_ff_component|dffs[2]  ; cache_hit ; clk        ;
; N/A                                     ; None                                                ; 9.197 ns   ; cache_set_2_way:inst1|cache_line_bank:inst|lpm_dff0:inst|lpm_ff:lpm_ff_component|dffs[1]   ; result[1] ; clk        ;
; N/A                                     ; None                                                ; 9.192 ns   ; cache_set_2_way:inst|cache_line_bank:inst1|lpm_dff0:inst|lpm_ff:lpm_ff_component|dffs[3]   ; cache_hit ; clk        ;
; N/A                                     ; None                                                ; 9.189 ns   ; cache_set_2_way:inst2|cache_line_bank:inst|lpm_dff0:inst|lpm_ff:lpm_ff_component|dffs[4]   ; result[0] ; clk        ;
; N/A                                     ; None                                                ; 9.188 ns   ; cache_set_2_way:inst3|cache_line_bank:inst|lpm_dff0:inst|lpm_ff:lpm_ff_component|dffs[0]   ; cache_hit ; clk        ;
; N/A                                     ; None                                                ; 9.184 ns   ; cache_set_2_way:inst2|cache_line_bank:inst|lpm_dff0:inst|lpm_ff:lpm_ff_component|dffs[3]   ; result[0] ; clk        ;
; N/A                                     ; None                                                ; 9.184 ns   ; cache_set_2_way:inst2|cache_line_bank:inst|lpm_dff0:inst|lpm_ff:lpm_ff_component|dffs[4]   ; result[5] ; clk        ;
; N/A                                     ; None                                                ; 9.179 ns   ; cache_set_2_way:inst2|cache_line_bank:inst|lpm_dff0:inst|lpm_ff:lpm_ff_component|dffs[3]   ; result[5] ; clk        ;
; N/A                                     ; None                                                ; 9.176 ns   ; cache_set_2_way:inst3|cache_line_bank:inst1|lpm_dff0:inst|lpm_ff:lpm_ff_component|dffs[3]  ; result[5] ; clk        ;
; N/A                                     ; None                                                ; 9.173 ns   ; cache_set_2_way:inst|cache_line_bank:inst|lpm_dff0:inst|lpm_ff:lpm_ff_component|dffs[0]    ; result[3] ; clk        ;
; Timing analysis restricted to 200 rows. ; To change the limit use Settings (Assignments menu) ;            ;                                                                                            ;           ;            ;
+-----------------------------------------+-----------------------------------------------------+------------+--------------------------------------------------------------------------------------------+-----------+------------+


+------------------------------------------------------------------------+
; tpd                                                                    ;
+-------+-------------------+-----------------+--------------+-----------+
; Slack ; Required P2P Time ; Actual P2P Time ; From         ; To        ;
+-------+-------------------+-----------------+--------------+-----------+
; N/A   ; None              ; 14.543 ns       ; input_tag[3] ; result[7] ;
; N/A   ; None              ; 13.838 ns       ; input_tag[4] ; result[7] ;
; N/A   ; None              ; 13.772 ns       ; input_tag[0] ; result[7] ;
; N/A   ; None              ; 13.672 ns       ; input_tag[1] ; result[7] ;
; N/A   ; None              ; 13.608 ns       ; input_tag[3] ; result[3] ;
; N/A   ; None              ; 13.604 ns       ; input_tag[2] ; result[7] ;
; N/A   ; None              ; 13.403 ns       ; input_tag[3] ; result[4] ;
; N/A   ; None              ; 13.313 ns       ; input_tag[3] ; cache_hit ;
; N/A   ; None              ; 13.291 ns       ; input_tag[3] ; result[6] ;
; N/A   ; None              ; 13.152 ns       ; input_tag[3] ; result[5] ;
; N/A   ; None              ; 13.005 ns       ; input_tag[0] ; result[3] ;
; N/A   ; None              ; 12.961 ns       ; offset       ; result[7] ;
; N/A   ; None              ; 12.928 ns       ; input_tag[3] ; result[2] ;
; N/A   ; None              ; 12.891 ns       ; input_tag[3] ; result[0] ;
; N/A   ; None              ; 12.839 ns       ; input_tag[4] ; result[3] ;
; N/A   ; None              ; 12.777 ns       ; input_tag[0] ; result[4] ;
; N/A   ; None              ; 12.758 ns       ; input_tag[1] ; result[3] ;
; N/A   ; None              ; 12.714 ns       ; input_tag[1] ; result[4] ;
; N/A   ; None              ; 12.688 ns       ; input_tag[2] ; cache_hit ;
; N/A   ; None              ; 12.676 ns       ; input_tag[2] ; result[3] ;
; N/A   ; None              ; 12.646 ns       ; input_tag[2] ; result[4] ;
; N/A   ; None              ; 12.611 ns       ; input_tag[4] ; result[4] ;
; N/A   ; None              ; 12.580 ns       ; input_tag[4] ; result[2] ;
; N/A   ; None              ; 12.542 ns       ; input_tag[0] ; cache_hit ;
; N/A   ; None              ; 12.520 ns       ; input_tag[0] ; result[6] ;
; N/A   ; None              ; 12.501 ns       ; input_tag[3] ; result[1] ;
; N/A   ; None              ; 12.476 ns       ; input_tag[0] ; result[2] ;
; N/A   ; None              ; 12.440 ns       ; input_tag[4] ; cache_hit ;
; N/A   ; None              ; 12.418 ns       ; input_tag[4] ; result[6] ;
; N/A   ; None              ; 12.381 ns       ; input_tag[0] ; result[5] ;
; N/A   ; None              ; 12.293 ns       ; input_tag[1] ; result[2] ;
; N/A   ; None              ; 12.279 ns       ; input_tag[4] ; result[5] ;
; N/A   ; None              ; 12.231 ns       ; input_tag[1] ; cache_hit ;
; N/A   ; None              ; 12.206 ns       ; input_tag[4] ; result[0] ;
; N/A   ; None              ; 12.198 ns       ; input_tag[2] ; result[2] ;
; N/A   ; None              ; 12.192 ns       ; input_tag[0] ; result[0] ;
; N/A   ; None              ; 12.153 ns       ; input_tag[4] ; result[1] ;
; N/A   ; None              ; 12.071 ns       ; input_tag[0] ; result[1] ;
; N/A   ; None              ; 12.049 ns       ; input_tag[1] ; result[5] ;
; N/A   ; None              ; 12.028 ns       ; input_tag[2] ; result[1] ;
; N/A   ; None              ; 11.998 ns       ; input_tag[2] ; result[6] ;
; N/A   ; None              ; 11.981 ns       ; input_tag[2] ; result[5] ;
; N/A   ; None              ; 11.948 ns       ; input_tag[1] ; result[6] ;
; N/A   ; None              ; 11.945 ns       ; input_tag[1] ; result[0] ;
; N/A   ; None              ; 11.866 ns       ; input_tag[1] ; result[1] ;
; N/A   ; None              ; 11.804 ns       ; input_tag[2] ; result[0] ;
; N/A   ; None              ; 11.680 ns       ; offset       ; result[3] ;
; N/A   ; None              ; 11.474 ns       ; offset       ; result[4] ;
; N/A   ; None              ; 11.263 ns       ; offset       ; result[6] ;
; N/A   ; None              ; 11.216 ns       ; offset       ; result[0] ;
; N/A   ; None              ; 11.051 ns       ; offset       ; result[2] ;
; N/A   ; None              ; 10.744 ns       ; offset       ; result[5] ;
; N/A   ; None              ; 10.589 ns       ; offset       ; result[1] ;
+-------+-------------------+-----------------+--------------+-----------+


+-------------------------------------------------------------------------------------------------------------------------------------------------------------------------------------------------------------------------------------+
; th                                                                                                                                                                                                                                  ;
+-----------------------------------------+-----------------------------------------------------+-----------+---------------+----------------------------------------------------------------------------------------------+----------+
; Minimum Slack                           ; Required th                                         ; Actual th ; From          ; To                                                                                           ; To Clock ;
+-----------------------------------------+-----------------------------------------------------+-----------+---------------+----------------------------------------------------------------------------------------------+----------+
; N/A                                     ; None                                                ; -2.363 ns ; data_word0[5] ; cache_set_2_way:inst|cache_line_bank:inst1|lpm_dff1:inst2|lpm_ff:lpm_ff_component|dffs[5]    ; clk      ;
; N/A                                     ; None                                                ; -2.419 ns ; data_word0[6] ; cache_set_2_way:inst3|cache_line_bank:inst|lpm_dff1:inst2|lpm_ff:lpm_ff_component|dffs[6]    ; clk      ;
; N/A                                     ; None                                                ; -2.432 ns ; data_word0[0] ; cache_set_2_way:inst1|cache_line_bank:inst1|lpm_dff1:inst2|lpm_ff:lpm_ff_component|dffs[0]   ; clk      ;
; N/A                                     ; None                                                ; -2.464 ns ; data_word0[5] ; cache_set_2_way:inst3|cache_line_bank:inst|lpm_dff1:inst2|lpm_ff:lpm_ff_component|dffs[5]    ; clk      ;
; N/A                                     ; None                                                ; -2.464 ns ; data_word0[5] ; cache_set_2_way:inst|cache_line_bank:inst|lpm_dff1:inst2|lpm_ff:lpm_ff_component|dffs[5]     ; clk      ;
; N/A                                     ; None                                                ; -2.515 ns ; data_word0[6] ; cache_set_2_way:inst3|cache_line_bank:inst1|lpm_dff1:inst2|lpm_ff:lpm_ff_component|dffs[6]   ; clk      ;
; N/A                                     ; None                                                ; -2.533 ns ; data_word0[0] ; cache_set_2_way:inst1|cache_line_bank:inst|lpm_dff1:inst2|lpm_ff:lpm_ff_component|dffs[0]    ; clk      ;
; N/A                                     ; None                                                ; -2.538 ns ; data_word0[0] ; cache_set_2_way:inst|cache_line_bank:inst|lpm_dff1:inst2|lpm_ff:lpm_ff_component|dffs[0]     ; clk      ;
; N/A                                     ; None                                                ; -2.539 ns ; data_word0[0] ; cache_set_2_way:inst2|cache_line_bank:inst1|lpm_dff1:inst2|lpm_ff:lpm_ff_component|dffs[0]   ; clk      ;
; N/A                                     ; None                                                ; -2.619 ns ; data_word1[5] ; cache_set_2_way:inst|cache_line_bank:inst1|lpm_dff2:inst3|lpm_ff:lpm_ff_component|dffs[5]    ; clk      ;
; N/A                                     ; None                                                ; -2.638 ns ; data_word1[7] ; cache_set_2_way:inst1|cache_line_bank:inst|lpm_dff2:inst3|lpm_ff:lpm_ff_component|dffs[7]    ; clk      ;
; N/A                                     ; None                                                ; -2.639 ns ; data_word0[0] ; cache_set_2_way:inst2|cache_line_bank:inst|lpm_dff1:inst2|lpm_ff:lpm_ff_component|dffs[0]    ; clk      ;
; N/A                                     ; None                                                ; -2.639 ns ; data_word1[7] ; cache_set_2_way:inst1|cache_line_bank:inst1|lpm_dff2:inst3|lpm_ff:lpm_ff_component|dffs[7]   ; clk      ;
; N/A                                     ; None                                                ; -2.651 ns ; data_word1[5] ; cache_set_2_way:inst3|cache_line_bank:inst|lpm_dff2:inst3|lpm_ff:lpm_ff_component|dffs[5]    ; clk      ;
; N/A                                     ; None                                                ; -2.657 ns ; data_word1[5] ; cache_set_2_way:inst1|cache_line_bank:inst1|lpm_dff2:inst3|lpm_ff:lpm_ff_component|dffs[5]   ; clk      ;
; N/A                                     ; None                                                ; -2.658 ns ; data_word1[5] ; cache_set_2_way:inst|cache_line_bank:inst|lpm_dff2:inst3|lpm_ff:lpm_ff_component|dffs[5]     ; clk      ;
; N/A                                     ; None                                                ; -2.658 ns ; data_word1[5] ; cache_set_2_way:inst1|cache_line_bank:inst|lpm_dff2:inst3|lpm_ff:lpm_ff_component|dffs[5]    ; clk      ;
; N/A                                     ; None                                                ; -2.663 ns ; input_tag[2]  ; cache_set_2_way:inst1|cache_line_bank:inst|lpm_dff0:inst|lpm_ff:lpm_ff_component|dffs[2]     ; clk      ;
; N/A                                     ; None                                                ; -2.669 ns ; input_tag[2]  ; cache_set_2_way:inst1|cache_line_bank:inst1|lpm_dff0:inst|lpm_ff:lpm_ff_component|dffs[2]    ; clk      ;
; N/A                                     ; None                                                ; -2.670 ns ; data_word0[6] ; cache_set_2_way:inst|cache_line_bank:inst1|lpm_dff1:inst2|lpm_ff:lpm_ff_component|dffs[6]    ; clk      ;
; N/A                                     ; None                                                ; -2.673 ns ; data_word1[1] ; cache_set_2_way:inst3|cache_line_bank:inst|lpm_dff2:inst3|lpm_ff:lpm_ff_component|dffs[1]    ; clk      ;
; N/A                                     ; None                                                ; -2.696 ns ; input_tag[2]  ; cache_set_2_way:inst2|cache_line_bank:inst1|lpm_dff0:inst|lpm_ff:lpm_ff_component|dffs[2]    ; clk      ;
; N/A                                     ; None                                                ; -2.698 ns ; input_tag[2]  ; cache_set_2_way:inst2|cache_line_bank:inst|lpm_dff0:inst|lpm_ff:lpm_ff_component|dffs[2]     ; clk      ;
; N/A                                     ; None                                                ; -2.704 ns ; data_word0[6] ; cache_set_2_way:inst1|cache_line_bank:inst1|lpm_dff1:inst2|lpm_ff:lpm_ff_component|dffs[6]   ; clk      ;
; N/A                                     ; None                                                ; -2.717 ns ; data_word0[0] ; cache_set_2_way:inst|cache_line_bank:inst1|lpm_dff1:inst2|lpm_ff:lpm_ff_component|dffs[0]    ; clk      ;
; N/A                                     ; None                                                ; -2.718 ns ; input_tag[0]  ; cache_set_2_way:inst3|cache_line_bank:inst1|lpm_dff0:inst|lpm_ff:lpm_ff_component|dffs[0]    ; clk      ;
; N/A                                     ; None                                                ; -2.721 ns ; input_tag[0]  ; cache_set_2_way:inst3|cache_line_bank:inst|lpm_dff0:inst|lpm_ff:lpm_ff_component|dffs[0]     ; clk      ;
; N/A                                     ; None                                                ; -2.734 ns ; data_word0[4] ; cache_set_2_way:inst2|cache_line_bank:inst|lpm_dff1:inst2|lpm_ff:lpm_ff_component|dffs[4]    ; clk      ;
; N/A                                     ; None                                                ; -2.753 ns ; data_word0[5] ; cache_set_2_way:inst3|cache_line_bank:inst1|lpm_dff1:inst2|lpm_ff:lpm_ff_component|dffs[5]   ; clk      ;
; N/A                                     ; None                                                ; -2.758 ns ; data_word0[2] ; cache_set_2_way:inst3|cache_line_bank:inst1|lpm_dff1:inst2|lpm_ff:lpm_ff_component|dffs[2]   ; clk      ;
; N/A                                     ; None                                                ; -2.758 ns ; input_tag[0]  ; cache_set_2_way:inst|cache_line_bank:inst1|lpm_dff0:inst|lpm_ff:lpm_ff_component|dffs[0]     ; clk      ;
; N/A                                     ; None                                                ; -2.760 ns ; input_tag[1]  ; cache_set_2_way:inst1|cache_line_bank:inst|lpm_dff0:inst|lpm_ff:lpm_ff_component|dffs[1]     ; clk      ;
; N/A                                     ; None                                                ; -2.762 ns ; input_tag[1]  ; cache_set_2_way:inst1|cache_line_bank:inst1|lpm_dff0:inst|lpm_ff:lpm_ff_component|dffs[1]    ; clk      ;
; N/A                                     ; None                                                ; -2.763 ns ; input_tag[4]  ; cache_set_2_way:inst3|cache_line_bank:inst|lpm_dff0:inst|lpm_ff:lpm_ff_component|dffs[4]     ; clk      ;
; N/A                                     ; None                                                ; -2.764 ns ; data_word0[2] ; cache_set_2_way:inst2|cache_line_bank:inst1|lpm_dff1:inst2|lpm_ff:lpm_ff_component|dffs[2]   ; clk      ;
; N/A                                     ; None                                                ; -2.767 ns ; input_tag[4]  ; cache_set_2_way:inst3|cache_line_bank:inst1|lpm_dff0:inst|lpm_ff:lpm_ff_component|dffs[4]    ; clk      ;
; N/A                                     ; None                                                ; -2.771 ns ; data_word1[1] ; cache_set_2_way:inst3|cache_line_bank:inst1|lpm_dff2:inst3|lpm_ff:lpm_ff_component|dffs[1]   ; clk      ;
; N/A                                     ; None                                                ; -2.773 ns ; data_word1[0] ; cache_set_2_way:inst|cache_line_bank:inst1|lpm_dff2:inst3|lpm_ff:lpm_ff_component|dffs[0]    ; clk      ;
; N/A                                     ; None                                                ; -2.774 ns ; data_word1[0] ; cache_set_2_way:inst3|cache_line_bank:inst1|lpm_dff2:inst3|lpm_ff:lpm_ff_component|dffs[0]   ; clk      ;
; N/A                                     ; None                                                ; -2.774 ns ; data_word1[1] ; cache_set_2_way:inst2|cache_line_bank:inst|lpm_dff2:inst3|lpm_ff:lpm_ff_component|dffs[1]    ; clk      ;
; N/A                                     ; None                                                ; -2.775 ns ; input_tag[0]  ; cache_set_2_way:inst|cache_line_bank:inst|lpm_dff0:inst|lpm_ff:lpm_ff_component|dffs[0]      ; clk      ;
; N/A                                     ; None                                                ; -2.787 ns ; data_word1[1] ; cache_set_2_way:inst1|cache_line_bank:inst1|lpm_dff2:inst3|lpm_ff:lpm_ff_component|dffs[1]   ; clk      ;
; N/A                                     ; None                                                ; -2.788 ns ; data_word1[1] ; cache_set_2_way:inst1|cache_line_bank:inst|lpm_dff2:inst3|lpm_ff:lpm_ff_component|dffs[1]    ; clk      ;
; N/A                                     ; None                                                ; -2.789 ns ; data_word1[1] ; cache_set_2_way:inst2|cache_line_bank:inst1|lpm_dff2:inst3|lpm_ff:lpm_ff_component|dffs[1]   ; clk      ;
; N/A                                     ; None                                                ; -2.805 ns ; input_tag[0]  ; cache_set_2_way:inst1|cache_line_bank:inst|lpm_dff0:inst|lpm_ff:lpm_ff_component|dffs[0]     ; clk      ;
; N/A                                     ; None                                                ; -2.805 ns ; input_tag[0]  ; cache_set_2_way:inst1|cache_line_bank:inst1|lpm_dff0:inst|lpm_ff:lpm_ff_component|dffs[0]    ; clk      ;
; N/A                                     ; None                                                ; -2.831 ns ; data_word1[7] ; cache_set_2_way:inst|cache_line_bank:inst1|lpm_dff2:inst3|lpm_ff:lpm_ff_component|dffs[7]    ; clk      ;
; N/A                                     ; None                                                ; -2.872 ns ; input_tag[1]  ; cache_set_2_way:inst2|cache_line_bank:inst|lpm_dff0:inst|lpm_ff:lpm_ff_component|dffs[1]     ; clk      ;
; N/A                                     ; None                                                ; -2.875 ns ; data_word0[3] ; cache_set_2_way:inst3|cache_line_bank:inst|lpm_dff1:inst2|lpm_ff:lpm_ff_component|dffs[3]    ; clk      ;
; N/A                                     ; None                                                ; -2.876 ns ; input_tag[1]  ; cache_set_2_way:inst2|cache_line_bank:inst1|lpm_dff0:inst|lpm_ff:lpm_ff_component|dffs[1]    ; clk      ;
; N/A                                     ; None                                                ; -2.888 ns ; data_word1[3] ; cache_set_2_way:inst1|cache_line_bank:inst1|lpm_dff2:inst3|lpm_ff:lpm_ff_component|dffs[3]   ; clk      ;
; N/A                                     ; None                                                ; -2.890 ns ; data_word1[3] ; cache_set_2_way:inst1|cache_line_bank:inst|lpm_dff2:inst3|lpm_ff:lpm_ff_component|dffs[3]    ; clk      ;
; N/A                                     ; None                                                ; -2.897 ns ; data_word1[3] ; cache_set_2_way:inst|cache_line_bank:inst1|lpm_dff2:inst3|lpm_ff:lpm_ff_component|dffs[3]    ; clk      ;
; N/A                                     ; None                                                ; -2.898 ns ; data_word1[3] ; cache_set_2_way:inst|cache_line_bank:inst|lpm_dff2:inst3|lpm_ff:lpm_ff_component|dffs[3]     ; clk      ;
; N/A                                     ; None                                                ; -2.908 ns ; data_word0[4] ; cache_set_2_way:inst2|cache_line_bank:inst1|lpm_dff1:inst2|lpm_ff:lpm_ff_component|dffs[4]   ; clk      ;
; N/A                                     ; None                                                ; -2.911 ns ; data_word1[7] ; cache_set_2_way:inst3|cache_line_bank:inst1|lpm_dff2:inst3|lpm_ff:lpm_ff_component|dffs[7]   ; clk      ;
; N/A                                     ; None                                                ; -2.912 ns ; data_word1[7] ; cache_set_2_way:inst3|cache_line_bank:inst|lpm_dff2:inst3|lpm_ff:lpm_ff_component|dffs[7]    ; clk      ;
; N/A                                     ; None                                                ; -2.917 ns ; data_word0[1] ; cache_set_2_way:inst2|cache_line_bank:inst|lpm_dff1:inst2|lpm_ff:lpm_ff_component|dffs[1]    ; clk      ;
; N/A                                     ; None                                                ; -2.928 ns ; data_word0[5] ; cache_set_2_way:inst1|cache_line_bank:inst1|lpm_dff1:inst2|lpm_ff:lpm_ff_component|dffs[5]   ; clk      ;
; N/A                                     ; None                                                ; -2.928 ns ; data_word0[5] ; cache_set_2_way:inst1|cache_line_bank:inst|lpm_dff1:inst2|lpm_ff:lpm_ff_component|dffs[5]    ; clk      ;
; N/A                                     ; None                                                ; -2.932 ns ; data_word1[0] ; cache_set_2_way:inst3|cache_line_bank:inst|lpm_dff2:inst3|lpm_ff:lpm_ff_component|dffs[0]    ; clk      ;
; N/A                                     ; None                                                ; -2.937 ns ; data_word1[7] ; cache_set_2_way:inst|cache_line_bank:inst|lpm_dff2:inst3|lpm_ff:lpm_ff_component|dffs[7]     ; clk      ;
; N/A                                     ; None                                                ; -2.937 ns ; data_word1[7] ; cache_set_2_way:inst2|cache_line_bank:inst1|lpm_dff2:inst3|lpm_ff:lpm_ff_component|dffs[7]   ; clk      ;
; N/A                                     ; None                                                ; -2.953 ns ; data_word1[0] ; cache_set_2_way:inst2|cache_line_bank:inst|lpm_dff2:inst3|lpm_ff:lpm_ff_component|dffs[0]    ; clk      ;
; N/A                                     ; None                                                ; -2.956 ns ; data_word0[3] ; cache_set_2_way:inst3|cache_line_bank:inst1|lpm_dff1:inst2|lpm_ff:lpm_ff_component|dffs[3]   ; clk      ;
; N/A                                     ; None                                                ; -2.968 ns ; input_tag[4]  ; cache_set_2_way:inst|cache_line_bank:inst1|lpm_dff0:inst|lpm_ff:lpm_ff_component|dffs[4]     ; clk      ;
; N/A                                     ; None                                                ; -2.970 ns ; data_word1[3] ; cache_set_2_way:inst3|cache_line_bank:inst|lpm_dff2:inst3|lpm_ff:lpm_ff_component|dffs[3]    ; clk      ;
; N/A                                     ; None                                                ; -2.974 ns ; data_word1[2] ; cache_set_2_way:inst2|cache_line_bank:inst|lpm_dff2:inst3|lpm_ff:lpm_ff_component|dffs[2]    ; clk      ;
; N/A                                     ; None                                                ; -2.974 ns ; data_word0[4] ; cache_set_2_way:inst3|cache_line_bank:inst1|lpm_dff1:inst2|lpm_ff:lpm_ff_component|dffs[4]   ; clk      ;
; N/A                                     ; None                                                ; -2.974 ns ; data_word0[4] ; cache_set_2_way:inst3|cache_line_bank:inst|lpm_dff1:inst2|lpm_ff:lpm_ff_component|dffs[4]    ; clk      ;
; N/A                                     ; None                                                ; -2.974 ns ; data_word0[6] ; cache_set_2_way:inst|cache_line_bank:inst|lpm_dff1:inst2|lpm_ff:lpm_ff_component|dffs[6]     ; clk      ;
; N/A                                     ; None                                                ; -2.974 ns ; data_word0[6] ; cache_set_2_way:inst1|cache_line_bank:inst|lpm_dff1:inst2|lpm_ff:lpm_ff_component|dffs[6]    ; clk      ;
; N/A                                     ; None                                                ; -2.975 ns ; data_word1[2] ; cache_set_2_way:inst3|cache_line_bank:inst|lpm_dff2:inst3|lpm_ff:lpm_ff_component|dffs[2]    ; clk      ;
; N/A                                     ; None                                                ; -2.977 ns ; input_tag[4]  ; cache_set_2_way:inst|cache_line_bank:inst|lpm_dff0:inst|lpm_ff:lpm_ff_component|dffs[4]      ; clk      ;
; N/A                                     ; None                                                ; -2.979 ns ; data_word0[0] ; cache_set_2_way:inst3|cache_line_bank:inst1|lpm_dff1:inst2|lpm_ff:lpm_ff_component|dffs[0]   ; clk      ;
; N/A                                     ; None                                                ; -2.979 ns ; data_word0[0] ; cache_set_2_way:inst3|cache_line_bank:inst|lpm_dff1:inst2|lpm_ff:lpm_ff_component|dffs[0]    ; clk      ;
; N/A                                     ; None                                                ; -2.980 ns ; data_word1[3] ; cache_set_2_way:inst3|cache_line_bank:inst1|lpm_dff2:inst3|lpm_ff:lpm_ff_component|dffs[3]   ; clk      ;
; N/A                                     ; None                                                ; -2.982 ns ; data_word1[3] ; cache_set_2_way:inst2|cache_line_bank:inst1|lpm_dff2:inst3|lpm_ff:lpm_ff_component|dffs[3]   ; clk      ;
; N/A                                     ; None                                                ; -2.982 ns ; data_word1[3] ; cache_set_2_way:inst2|cache_line_bank:inst|lpm_dff2:inst3|lpm_ff:lpm_ff_component|dffs[3]    ; clk      ;
; N/A                                     ; None                                                ; -2.986 ns ; input_tag[4]  ; cache_set_2_way:inst1|cache_line_bank:inst1|lpm_dff0:inst|lpm_ff:lpm_ff_component|dffs[4]    ; clk      ;
; N/A                                     ; None                                                ; -3.001 ns ; data_word1[0] ; cache_set_2_way:inst1|cache_line_bank:inst1|lpm_dff2:inst3|lpm_ff:lpm_ff_component|dffs[0]   ; clk      ;
; N/A                                     ; None                                                ; -3.016 ns ; data_word0[5] ; cache_set_2_way:inst2|cache_line_bank:inst1|lpm_dff1:inst2|lpm_ff:lpm_ff_component|dffs[5]   ; clk      ;
; N/A                                     ; None                                                ; -3.016 ns ; data_word0[5] ; cache_set_2_way:inst2|cache_line_bank:inst|lpm_dff1:inst2|lpm_ff:lpm_ff_component|dffs[5]    ; clk      ;
; N/A                                     ; None                                                ; -3.018 ns ; data_word0[1] ; cache_set_2_way:inst3|cache_line_bank:inst1|lpm_dff1:inst2|lpm_ff:lpm_ff_component|dffs[1]   ; clk      ;
; N/A                                     ; None                                                ; -3.022 ns ; data_word0[2] ; cache_set_2_way:inst|cache_line_bank:inst1|lpm_dff1:inst2|lpm_ff:lpm_ff_component|dffs[2]    ; clk      ;
; N/A                                     ; None                                                ; -3.022 ns ; data_word0[2] ; cache_set_2_way:inst|cache_line_bank:inst|lpm_dff1:inst2|lpm_ff:lpm_ff_component|dffs[2]     ; clk      ;
; N/A                                     ; None                                                ; -3.022 ns ; data_word1[2] ; cache_set_2_way:inst1|cache_line_bank:inst1|lpm_dff2:inst3|lpm_ff:lpm_ff_component|dffs[2]   ; clk      ;
; N/A                                     ; None                                                ; -3.023 ns ; data_word1[2] ; cache_set_2_way:inst2|cache_line_bank:inst1|lpm_dff2:inst3|lpm_ff:lpm_ff_component|dffs[2]   ; clk      ;
; N/A                                     ; None                                                ; -3.028 ns ; data_word0[1] ; cache_set_2_way:inst|cache_line_bank:inst1|lpm_dff1:inst2|lpm_ff:lpm_ff_component|dffs[1]    ; clk      ;
; N/A                                     ; None                                                ; -3.028 ns ; data_word0[1] ; cache_set_2_way:inst|cache_line_bank:inst|lpm_dff1:inst2|lpm_ff:lpm_ff_component|dffs[1]     ; clk      ;
; N/A                                     ; None                                                ; -3.028 ns ; data_word0[1] ; cache_set_2_way:inst2|cache_line_bank:inst1|lpm_dff1:inst2|lpm_ff:lpm_ff_component|dffs[1]   ; clk      ;
; N/A                                     ; None                                                ; -3.039 ns ; data_word0[6] ; cache_set_2_way:inst2|cache_line_bank:inst1|lpm_dff1:inst2|lpm_ff:lpm_ff_component|dffs[6]   ; clk      ;
; N/A                                     ; None                                                ; -3.039 ns ; data_word0[6] ; cache_set_2_way:inst2|cache_line_bank:inst|lpm_dff1:inst2|lpm_ff:lpm_ff_component|dffs[6]    ; clk      ;
; N/A                                     ; None                                                ; -3.057 ns ; data_word1[0] ; cache_set_2_way:inst2|cache_line_bank:inst1|lpm_dff2:inst3|lpm_ff:lpm_ff_component|dffs[0]   ; clk      ;
; N/A                                     ; None                                                ; -3.069 ns ; input_tag[1]  ; cache_set_2_way:inst3|cache_line_bank:inst1|lpm_dff0:inst|lpm_ff:lpm_ff_component|dffs[1]    ; clk      ;
; N/A                                     ; None                                                ; -3.070 ns ; input_tag[1]  ; cache_set_2_way:inst3|cache_line_bank:inst|lpm_dff0:inst|lpm_ff:lpm_ff_component|dffs[1]     ; clk      ;
; N/A                                     ; None                                                ; -3.071 ns ; input_tag[2]  ; cache_set_2_way:inst3|cache_line_bank:inst1|lpm_dff0:inst|lpm_ff:lpm_ff_component|dffs[2]    ; clk      ;
; N/A                                     ; None                                                ; -3.072 ns ; input_tag[2]  ; cache_set_2_way:inst3|cache_line_bank:inst|lpm_dff0:inst|lpm_ff:lpm_ff_component|dffs[2]     ; clk      ;
; N/A                                     ; None                                                ; -3.083 ns ; input_tag[0]  ; cache_set_2_way:inst2|cache_line_bank:inst1|lpm_dff0:inst|lpm_ff:lpm_ff_component|dffs[0]    ; clk      ;
; N/A                                     ; None                                                ; -3.095 ns ; input_tag[1]  ; cache_set_2_way:inst|cache_line_bank:inst1|lpm_dff0:inst|lpm_ff:lpm_ff_component|dffs[1]     ; clk      ;
; N/A                                     ; None                                                ; -3.098 ns ; data_word1[6] ; cache_set_2_way:inst3|cache_line_bank:inst|lpm_dff2:inst3|lpm_ff:lpm_ff_component|dffs[6]    ; clk      ;
; N/A                                     ; None                                                ; -3.099 ns ; data_word1[6] ; cache_set_2_way:inst|cache_line_bank:inst1|lpm_dff2:inst3|lpm_ff:lpm_ff_component|dffs[6]    ; clk      ;
; N/A                                     ; None                                                ; -3.100 ns ; data_word1[6] ; cache_set_2_way:inst3|cache_line_bank:inst1|lpm_dff2:inst3|lpm_ff:lpm_ff_component|dffs[6]   ; clk      ;
; N/A                                     ; None                                                ; -3.103 ns ; data_word1[5] ; cache_set_2_way:inst3|cache_line_bank:inst1|lpm_dff2:inst3|lpm_ff:lpm_ff_component|dffs[5]   ; clk      ;
; N/A                                     ; None                                                ; -3.103 ns ; data_word1[5] ; cache_set_2_way:inst2|cache_line_bank:inst|lpm_dff2:inst3|lpm_ff:lpm_ff_component|dffs[5]    ; clk      ;
; N/A                                     ; None                                                ; -3.104 ns ; data_word1[5] ; cache_set_2_way:inst2|cache_line_bank:inst1|lpm_dff2:inst3|lpm_ff:lpm_ff_component|dffs[5]   ; clk      ;
; N/A                                     ; None                                                ; -3.108 ns ; data_word1[7] ; cache_set_2_way:inst2|cache_line_bank:inst|lpm_dff2:inst3|lpm_ff:lpm_ff_component|dffs[7]    ; clk      ;
; N/A                                     ; None                                                ; -3.110 ns ; data_word1[6] ; cache_set_2_way:inst2|cache_line_bank:inst|lpm_dff2:inst3|lpm_ff:lpm_ff_component|dffs[6]    ; clk      ;
; N/A                                     ; None                                                ; -3.111 ns ; data_word1[2] ; cache_set_2_way:inst|cache_line_bank:inst1|lpm_dff2:inst3|lpm_ff:lpm_ff_component|dffs[2]    ; clk      ;
; N/A                                     ; None                                                ; -3.111 ns ; data_word1[6] ; cache_set_2_way:inst2|cache_line_bank:inst1|lpm_dff2:inst3|lpm_ff:lpm_ff_component|dffs[6]   ; clk      ;
; N/A                                     ; None                                                ; -3.113 ns ; data_word1[2] ; cache_set_2_way:inst3|cache_line_bank:inst1|lpm_dff2:inst3|lpm_ff:lpm_ff_component|dffs[2]   ; clk      ;
; N/A                                     ; None                                                ; -3.127 ns ; input_tag[4]  ; cache_set_2_way:inst2|cache_line_bank:inst1|lpm_dff0:inst|lpm_ff:lpm_ff_component|dffs[4]    ; clk      ;
; N/A                                     ; None                                                ; -3.128 ns ; input_tag[4]  ; cache_set_2_way:inst2|cache_line_bank:inst|lpm_dff0:inst|lpm_ff:lpm_ff_component|dffs[4]     ; clk      ;
; N/A                                     ; None                                                ; -3.160 ns ; data_word0[7] ; cache_set_2_way:inst|cache_line_bank:inst|lpm_dff1:inst2|lpm_ff:lpm_ff_component|dffs[7]     ; clk      ;
; N/A                                     ; None                                                ; -3.160 ns ; input_tag[3]  ; cache_set_2_way:inst3|cache_line_bank:inst1|lpm_dff0:inst|lpm_ff:lpm_ff_component|dffs[3]    ; clk      ;
; N/A                                     ; None                                                ; -3.164 ns ; input_tag[3]  ; cache_set_2_way:inst3|cache_line_bank:inst|lpm_dff0:inst|lpm_ff:lpm_ff_component|dffs[3]     ; clk      ;
; N/A                                     ; None                                                ; -3.170 ns ; data_word0[4] ; cache_set_2_way:inst1|cache_line_bank:inst1|lpm_dff1:inst2|lpm_ff:lpm_ff_component|dffs[4]   ; clk      ;
; N/A                                     ; None                                                ; -3.170 ns ; data_word0[4] ; cache_set_2_way:inst1|cache_line_bank:inst|lpm_dff1:inst2|lpm_ff:lpm_ff_component|dffs[4]    ; clk      ;
; N/A                                     ; None                                                ; -3.180 ns ; data_word1[0] ; cache_set_2_way:inst1|cache_line_bank:inst|lpm_dff2:inst3|lpm_ff:lpm_ff_component|dffs[0]    ; clk      ;
; N/A                                     ; None                                                ; -3.187 ns ; data_word0[7] ; cache_set_2_way:inst3|cache_line_bank:inst1|lpm_dff1:inst2|lpm_ff:lpm_ff_component|dffs[7]   ; clk      ;
; N/A                                     ; None                                                ; -3.187 ns ; data_word0[7] ; cache_set_2_way:inst3|cache_line_bank:inst|lpm_dff1:inst2|lpm_ff:lpm_ff_component|dffs[7]    ; clk      ;
; N/A                                     ; None                                                ; -3.195 ns ; data_word1[2] ; cache_set_2_way:inst1|cache_line_bank:inst|lpm_dff2:inst3|lpm_ff:lpm_ff_component|dffs[2]    ; clk      ;
; N/A                                     ; None                                                ; -3.199 ns ; data_word0[1] ; cache_set_2_way:inst3|cache_line_bank:inst|lpm_dff1:inst2|lpm_ff:lpm_ff_component|dffs[1]    ; clk      ;
; N/A                                     ; None                                                ; -3.204 ns ; input_tag[3]  ; cache_set_2_way:inst2|cache_line_bank:inst1|lpm_dff0:inst|lpm_ff:lpm_ff_component|dffs[3]    ; clk      ;
; N/A                                     ; None                                                ; -3.211 ns ; data_word1[0] ; cache_set_2_way:inst|cache_line_bank:inst|lpm_dff2:inst3|lpm_ff:lpm_ff_component|dffs[0]     ; clk      ;
; N/A                                     ; None                                                ; -3.219 ns ; data_word0[3] ; cache_set_2_way:inst2|cache_line_bank:inst1|lpm_dff1:inst2|lpm_ff:lpm_ff_component|dffs[3]   ; clk      ;
; N/A                                     ; None                                                ; -3.219 ns ; data_word0[3] ; cache_set_2_way:inst2|cache_line_bank:inst|lpm_dff1:inst2|lpm_ff:lpm_ff_component|dffs[3]    ; clk      ;
; N/A                                     ; None                                                ; -3.222 ns ; data_word0[4] ; cache_set_2_way:inst|cache_line_bank:inst1|lpm_dff1:inst2|lpm_ff:lpm_ff_component|dffs[4]    ; clk      ;
; N/A                                     ; None                                                ; -3.222 ns ; data_word0[4] ; cache_set_2_way:inst|cache_line_bank:inst|lpm_dff1:inst2|lpm_ff:lpm_ff_component|dffs[4]     ; clk      ;
; N/A                                     ; None                                                ; -3.247 ns ; data_word0[2] ; cache_set_2_way:inst1|cache_line_bank:inst1|lpm_dff1:inst2|lpm_ff:lpm_ff_component|dffs[2]   ; clk      ;
; N/A                                     ; None                                                ; -3.256 ns ; data_word1[1] ; cache_set_2_way:inst|cache_line_bank:inst1|lpm_dff2:inst3|lpm_ff:lpm_ff_component|dffs[1]    ; clk      ;
; N/A                                     ; None                                                ; -3.259 ns ; data_word0[1] ; cache_set_2_way:inst1|cache_line_bank:inst1|lpm_dff1:inst2|lpm_ff:lpm_ff_component|dffs[1]   ; clk      ;
; N/A                                     ; None                                                ; -3.259 ns ; data_word0[1] ; cache_set_2_way:inst1|cache_line_bank:inst|lpm_dff1:inst2|lpm_ff:lpm_ff_component|dffs[1]    ; clk      ;
; N/A                                     ; None                                                ; -3.269 ns ; input_tag[0]  ; cache_set_2_way:inst2|cache_line_bank:inst|lpm_dff0:inst|lpm_ff:lpm_ff_component|dffs[0]     ; clk      ;
; N/A                                     ; None                                                ; -3.279 ns ; data_word1[4] ; cache_set_2_way:inst1|cache_line_bank:inst|lpm_dff2:inst3|lpm_ff:lpm_ff_component|dffs[4]    ; clk      ;
; N/A                                     ; None                                                ; -3.280 ns ; data_word1[4] ; cache_set_2_way:inst2|cache_line_bank:inst1|lpm_dff2:inst3|lpm_ff:lpm_ff_component|dffs[4]   ; clk      ;
; N/A                                     ; None                                                ; -3.280 ns ; data_word1[4] ; cache_set_2_way:inst1|cache_line_bank:inst1|lpm_dff2:inst3|lpm_ff:lpm_ff_component|dffs[4]   ; clk      ;
; N/A                                     ; None                                                ; -3.285 ns ; data_word1[2] ; cache_set_2_way:inst|cache_line_bank:inst|lpm_dff2:inst3|lpm_ff:lpm_ff_component|dffs[2]     ; clk      ;
; N/A                                     ; None                                                ; -3.305 ns ; data_word1[6] ; cache_set_2_way:inst1|cache_line_bank:inst|lpm_dff2:inst3|lpm_ff:lpm_ff_component|dffs[6]    ; clk      ;
; N/A                                     ; None                                                ; -3.316 ns ; input_tag[2]  ; cache_set_2_way:inst|cache_line_bank:inst1|lpm_dff0:inst|lpm_ff:lpm_ff_component|dffs[2]     ; clk      ;
; N/A                                     ; None                                                ; -3.327 ns ; input_tag[4]  ; cache_set_2_way:inst1|cache_line_bank:inst|lpm_dff0:inst|lpm_ff:lpm_ff_component|dffs[4]     ; clk      ;
; N/A                                     ; None                                                ; -3.330 ns ; input_tag[1]  ; cache_set_2_way:inst|cache_line_bank:inst|lpm_dff0:inst|lpm_ff:lpm_ff_component|dffs[1]      ; clk      ;
; N/A                                     ; None                                                ; -3.351 ns ; input_tag[3]  ; cache_set_2_way:inst|cache_line_bank:inst1|lpm_dff0:inst|lpm_ff:lpm_ff_component|dffs[3]     ; clk      ;
; N/A                                     ; None                                                ; -3.363 ns ; input_tag[3]  ; cache_set_2_way:inst|cache_line_bank:inst|lpm_dff0:inst|lpm_ff:lpm_ff_component|dffs[3]      ; clk      ;
; N/A                                     ; None                                                ; -3.402 ns ; input_tag[3]  ; cache_set_2_way:inst2|cache_line_bank:inst|lpm_dff0:inst|lpm_ff:lpm_ff_component|dffs[3]     ; clk      ;
; N/A                                     ; None                                                ; -3.408 ns ; data_word1[6] ; cache_set_2_way:inst1|cache_line_bank:inst1|lpm_dff2:inst3|lpm_ff:lpm_ff_component|dffs[6]   ; clk      ;
; N/A                                     ; None                                                ; -3.424 ns ; data_word0[7] ; cache_set_2_way:inst2|cache_line_bank:inst1|lpm_dff1:inst2|lpm_ff:lpm_ff_component|dffs[7]   ; clk      ;
; N/A                                     ; None                                                ; -3.424 ns ; data_word0[7] ; cache_set_2_way:inst2|cache_line_bank:inst|lpm_dff1:inst2|lpm_ff:lpm_ff_component|dffs[7]    ; clk      ;
; N/A                                     ; None                                                ; -3.431 ns ; input_tag[3]  ; cache_set_2_way:inst1|cache_line_bank:inst|lpm_dff0:inst|lpm_ff:lpm_ff_component|dffs[3]     ; clk      ;
; N/A                                     ; None                                                ; -3.434 ns ; data_word1[4] ; cache_set_2_way:inst3|cache_line_bank:inst1|lpm_dff2:inst3|lpm_ff:lpm_ff_component|dffs[4]   ; clk      ;
; N/A                                     ; None                                                ; -3.434 ns ; input_tag[3]  ; cache_set_2_way:inst1|cache_line_bank:inst1|lpm_dff0:inst|lpm_ff:lpm_ff_component|dffs[3]    ; clk      ;
; N/A                                     ; None                                                ; -3.435 ns ; data_word1[4] ; cache_set_2_way:inst3|cache_line_bank:inst|lpm_dff2:inst3|lpm_ff:lpm_ff_component|dffs[4]    ; clk      ;
; N/A                                     ; None                                                ; -3.436 ns ; data_word1[4] ; cache_set_2_way:inst2|cache_line_bank:inst|lpm_dff2:inst3|lpm_ff:lpm_ff_component|dffs[4]    ; clk      ;
; N/A                                     ; None                                                ; -3.437 ns ; data_word0[3] ; cache_set_2_way:inst1|cache_line_bank:inst1|lpm_dff1:inst2|lpm_ff:lpm_ff_component|dffs[3]   ; clk      ;
; N/A                                     ; None                                                ; -3.439 ns ; data_word1[1] ; cache_set_2_way:inst|cache_line_bank:inst|lpm_dff2:inst3|lpm_ff:lpm_ff_component|dffs[1]     ; clk      ;
; N/A                                     ; None                                                ; -3.441 ns ; data_word0[3] ; cache_set_2_way:inst1|cache_line_bank:inst|lpm_dff1:inst2|lpm_ff:lpm_ff_component|dffs[3]    ; clk      ;
; N/A                                     ; None                                                ; -3.459 ns ; data_word0[3] ; cache_set_2_way:inst|cache_line_bank:inst1|lpm_dff1:inst2|lpm_ff:lpm_ff_component|dffs[3]    ; clk      ;
; N/A                                     ; None                                                ; -3.459 ns ; data_word0[3] ; cache_set_2_way:inst|cache_line_bank:inst|lpm_dff1:inst2|lpm_ff:lpm_ff_component|dffs[3]     ; clk      ;
; N/A                                     ; None                                                ; -3.463 ns ; data_word1[4] ; cache_set_2_way:inst|cache_line_bank:inst|lpm_dff2:inst3|lpm_ff:lpm_ff_component|dffs[4]     ; clk      ;
; N/A                                     ; None                                                ; -3.464 ns ; data_word1[4] ; cache_set_2_way:inst|cache_line_bank:inst1|lpm_dff2:inst3|lpm_ff:lpm_ff_component|dffs[4]    ; clk      ;
; N/A                                     ; None                                                ; -3.489 ns ; input_tag[2]  ; cache_set_2_way:inst|cache_line_bank:inst|lpm_dff0:inst|lpm_ff:lpm_ff_component|dffs[2]      ; clk      ;
; N/A                                     ; None                                                ; -3.496 ns ; data_word0[2] ; cache_set_2_way:inst3|cache_line_bank:inst|lpm_dff1:inst2|lpm_ff:lpm_ff_component|dffs[2]    ; clk      ;
; N/A                                     ; None                                                ; -3.496 ns ; data_word0[2] ; cache_set_2_way:inst2|cache_line_bank:inst|lpm_dff1:inst2|lpm_ff:lpm_ff_component|dffs[2]    ; clk      ;
; N/A                                     ; None                                                ; -3.558 ns ; data_word0[7] ; cache_set_2_way:inst|cache_line_bank:inst1|lpm_dff1:inst2|lpm_ff:lpm_ff_component|dffs[7]    ; clk      ;
; N/A                                     ; None                                                ; -3.585 ns ; data_word0[7] ; cache_set_2_way:inst1|cache_line_bank:inst1|lpm_dff1:inst2|lpm_ff:lpm_ff_component|dffs[7]   ; clk      ;
; N/A                                     ; None                                                ; -3.585 ns ; data_word0[7] ; cache_set_2_way:inst1|cache_line_bank:inst|lpm_dff1:inst2|lpm_ff:lpm_ff_component|dffs[7]    ; clk      ;
; N/A                                     ; None                                                ; -3.615 ns ; data_word1[6] ; cache_set_2_way:inst|cache_line_bank:inst|lpm_dff2:inst3|lpm_ff:lpm_ff_component|dffs[6]     ; clk      ;
; N/A                                     ; None                                                ; -3.637 ns ; data_word0[2] ; cache_set_2_way:inst1|cache_line_bank:inst|lpm_dff1:inst2|lpm_ff:lpm_ff_component|dffs[2]    ; clk      ;
; N/A                                     ; None                                                ; -3.895 ns ; write_set     ; cache_set_2_way:inst1|cache_controller:inst2|lpm_dff4:inst10|lpm_ff:lpm_ff_component|dffs[0] ; clk      ;
; N/A                                     ; None                                                ; -3.979 ns ; write_set     ; cache_set_2_way:inst|cache_controller:inst2|lpm_dff4:inst10|lpm_ff:lpm_ff_component|dffs[0]  ; clk      ;
; N/A                                     ; None                                                ; -4.024 ns ; addr_index[0] ; cache_set_2_way:inst|cache_controller:inst2|lpm_dff4:inst10|lpm_ff:lpm_ff_component|dffs[0]  ; clk      ;
; N/A                                     ; None                                                ; -4.086 ns ; write_set     ; cache_set_2_way:inst|cache_line_bank:inst1|lpm_dff0:inst|lpm_ff:lpm_ff_component|dffs[1]     ; clk      ;
; N/A                                     ; None                                                ; -4.086 ns ; write_set     ; cache_set_2_way:inst|cache_line_bank:inst1|lpm_dff0:inst|lpm_ff:lpm_ff_component|dffs[4]     ; clk      ;
; N/A                                     ; None                                                ; -4.086 ns ; write_set     ; cache_set_2_way:inst|cache_line_bank:inst1|lpm_dff0:inst|lpm_ff:lpm_ff_component|dffs[2]     ; clk      ;
; N/A                                     ; None                                                ; -4.086 ns ; write_set     ; cache_set_2_way:inst|cache_line_bank:inst1|lpm_dff3:inst1|lpm_ff:lpm_ff_component|dffs[0]    ; clk      ;
; N/A                                     ; None                                                ; -4.086 ns ; write_set     ; cache_set_2_way:inst|cache_line_bank:inst1|lpm_dff0:inst|lpm_ff:lpm_ff_component|dffs[3]     ; clk      ;
; N/A                                     ; None                                                ; -4.086 ns ; write_set     ; cache_set_2_way:inst|cache_line_bank:inst1|lpm_dff0:inst|lpm_ff:lpm_ff_component|dffs[0]     ; clk      ;
; N/A                                     ; None                                                ; -4.086 ns ; write_set     ; cache_set_2_way:inst|cache_line_bank:inst1|lpm_dff2:inst3|lpm_ff:lpm_ff_component|dffs[6]    ; clk      ;
; N/A                                     ; None                                                ; -4.086 ns ; write_set     ; cache_set_2_way:inst|cache_line_bank:inst1|lpm_dff1:inst2|lpm_ff:lpm_ff_component|dffs[6]    ; clk      ;
; N/A                                     ; None                                                ; -4.114 ns ; write_set     ; cache_set_2_way:inst3|cache_line_bank:inst1|lpm_dff0:inst|lpm_ff:lpm_ff_component|dffs[1]    ; clk      ;
; N/A                                     ; None                                                ; -4.114 ns ; write_set     ; cache_set_2_way:inst3|cache_line_bank:inst1|lpm_dff0:inst|lpm_ff:lpm_ff_component|dffs[3]    ; clk      ;
; N/A                                     ; None                                                ; -4.114 ns ; write_set     ; cache_set_2_way:inst3|cache_line_bank:inst1|lpm_dff0:inst|lpm_ff:lpm_ff_component|dffs[0]    ; clk      ;
; N/A                                     ; None                                                ; -4.114 ns ; write_set     ; cache_set_2_way:inst3|cache_line_bank:inst1|lpm_dff0:inst|lpm_ff:lpm_ff_component|dffs[4]    ; clk      ;
; N/A                                     ; None                                                ; -4.114 ns ; write_set     ; cache_set_2_way:inst3|cache_line_bank:inst1|lpm_dff0:inst|lpm_ff:lpm_ff_component|dffs[2]    ; clk      ;
; N/A                                     ; None                                                ; -4.114 ns ; write_set     ; cache_set_2_way:inst3|cache_line_bank:inst1|lpm_dff3:inst1|lpm_ff:lpm_ff_component|dffs[0]   ; clk      ;
; N/A                                     ; None                                                ; -4.131 ns ; addr_index[0] ; cache_set_2_way:inst|cache_line_bank:inst1|lpm_dff0:inst|lpm_ff:lpm_ff_component|dffs[1]     ; clk      ;
; N/A                                     ; None                                                ; -4.131 ns ; addr_index[0] ; cache_set_2_way:inst|cache_line_bank:inst1|lpm_dff0:inst|lpm_ff:lpm_ff_component|dffs[4]     ; clk      ;
; N/A                                     ; None                                                ; -4.131 ns ; addr_index[0] ; cache_set_2_way:inst|cache_line_bank:inst1|lpm_dff0:inst|lpm_ff:lpm_ff_component|dffs[2]     ; clk      ;
; N/A                                     ; None                                                ; -4.131 ns ; addr_index[0] ; cache_set_2_way:inst|cache_line_bank:inst1|lpm_dff3:inst1|lpm_ff:lpm_ff_component|dffs[0]    ; clk      ;
; N/A                                     ; None                                                ; -4.131 ns ; addr_index[0] ; cache_set_2_way:inst|cache_line_bank:inst1|lpm_dff0:inst|lpm_ff:lpm_ff_component|dffs[3]     ; clk      ;
; N/A                                     ; None                                                ; -4.131 ns ; addr_index[0] ; cache_set_2_way:inst|cache_line_bank:inst1|lpm_dff0:inst|lpm_ff:lpm_ff_component|dffs[0]     ; clk      ;
; N/A                                     ; None                                                ; -4.131 ns ; addr_index[0] ; cache_set_2_way:inst|cache_line_bank:inst1|lpm_dff2:inst3|lpm_ff:lpm_ff_component|dffs[6]    ; clk      ;
; N/A                                     ; None                                                ; -4.131 ns ; addr_index[0] ; cache_set_2_way:inst|cache_line_bank:inst1|lpm_dff1:inst2|lpm_ff:lpm_ff_component|dffs[6]    ; clk      ;
; N/A                                     ; None                                                ; -4.145 ns ; write_set     ; cache_set_2_way:inst3|cache_line_bank:inst|lpm_dff0:inst|lpm_ff:lpm_ff_component|dffs[2]     ; clk      ;
; N/A                                     ; None                                                ; -4.145 ns ; write_set     ; cache_set_2_way:inst3|cache_line_bank:inst|lpm_dff0:inst|lpm_ff:lpm_ff_component|dffs[3]     ; clk      ;
; N/A                                     ; None                                                ; -4.145 ns ; write_set     ; cache_set_2_way:inst3|cache_line_bank:inst|lpm_dff0:inst|lpm_ff:lpm_ff_component|dffs[1]     ; clk      ;
; N/A                                     ; None                                                ; -4.145 ns ; write_set     ; cache_set_2_way:inst3|cache_line_bank:inst|lpm_dff0:inst|lpm_ff:lpm_ff_component|dffs[0]     ; clk      ;
; N/A                                     ; None                                                ; -4.145 ns ; write_set     ; cache_set_2_way:inst3|cache_line_bank:inst|lpm_dff3:inst1|lpm_ff:lpm_ff_component|dffs[0]    ; clk      ;
; N/A                                     ; None                                                ; -4.145 ns ; write_set     ; cache_set_2_way:inst3|cache_line_bank:inst|lpm_dff0:inst|lpm_ff:lpm_ff_component|dffs[4]     ; clk      ;
; N/A                                     ; None                                                ; -4.170 ns ; write_set     ; cache_set_2_way:inst3|cache_controller:inst2|lpm_dff4:inst10|lpm_ff:lpm_ff_component|dffs[0] ; clk      ;
; Timing analysis restricted to 200 rows. ; To change the limit use Settings (Assignments menu) ;           ;               ;                                                                                              ;          ;
+-----------------------------------------+-----------------------------------------------------+-----------+---------------+----------------------------------------------------------------------------------------------+----------+


+--------------------------+
; Timing Analyzer Messages ;
+--------------------------+
Info: *******************************************************************
Info: Running Quartus II Classic Timing Analyzer
    Info: Version 9.1 Build 222 10/21/2009 SJ Web Edition
    Info: Processing started: Sun May 03 19:35:39 2026
Info: Command: quartus_tan --read_settings_files=off --write_settings_files=off lab8_var12_v1 -c laba8_var1 --timing_analysis_only
Warning: Found pins functioning as undefined clocks and/or memory enables
    Info: Assuming node "clk" is an undefined clock
Info: Clock "clk" has Internal fmax of 309.21 MHz between source register "cache_set_2_way:inst2|cache_line_bank:inst|lpm_dff3:inst1|lpm_ff:lpm_ff_component|dffs[0]" and destination register "cache_set_2_way:inst2|cache_line_bank:inst1|lpm_dff2:inst3|lpm_ff:lpm_ff_component|dffs[2]" (period= 3.234 ns)
    Info: + Longest register to register delay is 3.049 ns
        Info: 1: + IC(0.000 ns) + CELL(0.000 ns) = 0.000 ns; Loc. = LCFF_X22_Y12_N7; Fanout = 1; REG Node = 'cache_set_2_way:inst2|cache_line_bank:inst|lpm_dff3:inst1|lpm_ff:lpm_ff_component|dffs[0]'
        Info: 2: + IC(0.245 ns) + CELL(0.272 ns) = 0.517 ns; Loc. = LCCOMB_X22_Y12_N2; Fanout = 3; COMB Node = 'cache_set_2_way:inst2|cache_line_bank:inst|inst4~0'
        Info: 3: + IC(0.217 ns) + CELL(0.154 ns) = 0.888 ns; Loc. = LCCOMB_X22_Y12_N12; Fanout = 10; COMB Node = 'cache_set_2_way:inst2|cache_line_bank:inst|inst4'
        Info: 4: + IC(0.225 ns) + CELL(0.225 ns) = 1.338 ns; Loc. = LCCOMB_X22_Y12_N30; Fanout = 22; COMB Node = 'cache_set_2_way:inst2|cache_controller:inst2|inst26~0'
        Info: 5: + IC(0.965 ns) + CELL(0.746 ns) = 3.049 ns; Loc. = LCFF_X22_Y11_N21; Fanout = 1; REG Node = 'cache_set_2_way:inst2|cache_line_bank:inst1|lpm_dff2:inst3|lpm_ff:lpm_ff_component|dffs[2]'
        Info: Total cell delay = 1.397 ns ( 45.82 % )
        Info: Total interconnect delay = 1.652 ns ( 54.18 % )
    Info: - Smallest clock skew is -0.001 ns
        Info: + Shortest clock path from clock "clk" to destination register is 2.482 ns
            Info: 1: + IC(0.000 ns) + CELL(0.854 ns) = 0.854 ns; Loc. = PIN_N20; Fanout = 1; CLK Node = 'clk'
            Info: 2: + IC(0.343 ns) + CELL(0.000 ns) = 1.197 ns; Loc. = CLKCTRL_G3; Fanout = 180; COMB Node = 'clk~clkctrl'
            Info: 3: + IC(0.667 ns) + CELL(0.618 ns) = 2.482 ns; Loc. = LCFF_X22_Y11_N21; Fanout = 1; REG Node = 'cache_set_2_way:inst2|cache_line_bank:inst1|lpm_dff2:inst3|lpm_ff:lpm_ff_component|dffs[2]'
            Info: Total cell delay = 1.472 ns ( 59.31 % )
            Info: Total interconnect delay = 1.010 ns ( 40.69 % )
        Info: - Longest clock path from clock "clk" to source register is 2.483 ns
            Info: 1: + IC(0.000 ns) + CELL(0.854 ns) = 0.854 ns; Loc. = PIN_N20; Fanout = 1; CLK Node = 'clk'
            Info: 2: + IC(0.343 ns) + CELL(0.000 ns) = 1.197 ns; Loc. = CLKCTRL_G3; Fanout = 180; COMB Node = 'clk~clkctrl'
            Info: 3: + IC(0.668 ns) + CELL(0.618 ns) = 2.483 ns; Loc. = LCFF_X22_Y12_N7; Fanout = 1; REG Node = 'cache_set_2_way:inst2|cache_line_bank:inst|lpm_dff3:inst1|lpm_ff:lpm_ff_component|dffs[0]'
            Info: Total cell delay = 1.472 ns ( 59.28 % )
            Info: Total interconnect delay = 1.011 ns ( 40.72 % )
    Info: + Micro clock to output delay of source is 0.094 ns
    Info: + Micro setup delay of destination is 0.090 ns
Info: tsu for register "cache_set_2_way:inst|cache_line_bank:inst|lpm_dff2:inst3|lpm_ff:lpm_ff_component|dffs[7]" (data pin = "input_tag[2]", clock pin = "clk") is 6.341 ns
    Info: + Longest pin to register delay is 8.736 ns
        Info: 1: + IC(0.000 ns) + CELL(0.820 ns) = 0.820 ns; Loc. = PIN_P20; Fanout = 16; PIN Node = 'input_tag[2]'
        Info: 2: + IC(5.427 ns) + CELL(0.346 ns) = 6.593 ns; Loc. = LCCOMB_X27_Y10_N16; Fanout = 2; COMB Node = 'cache_set_2_way:inst|cache_line_bank:inst|inst4~0'
        Info: 3: + IC(0.306 ns) + CELL(0.053 ns) = 6.952 ns; Loc. = LCCOMB_X26_Y10_N16; Fanout = 11; COMB Node = 'cache_set_2_way:inst|cache_line_bank:inst|inst4'
        Info: 4: + IC(0.235 ns) + CELL(0.053 ns) = 7.240 ns; Loc. = LCCOMB_X26_Y10_N14; Fanout = 22; COMB Node = 'cache_set_2_way:inst|cache_controller:inst2|inst23~0'
        Info: 5: + IC(0.750 ns) + CELL(0.746 ns) = 8.736 ns; Loc. = LCFF_X23_Y12_N3; Fanout = 1; REG Node = 'cache_set_2_way:inst|cache_line_bank:inst|lpm_dff2:inst3|lpm_ff:lpm_ff_component|dffs[7]'
        Info: Total cell delay = 2.018 ns ( 23.10 % )
        Info: Total interconnect delay = 6.718 ns ( 76.90 % )
    Info: + Micro setup delay of destination is 0.090 ns
    Info: - Shortest clock path from clock "clk" to destination register is 2.485 ns
        Info: 1: + IC(0.000 ns) + CELL(0.854 ns) = 0.854 ns; Loc. = PIN_N20; Fanout = 1; CLK Node = 'clk'
        Info: 2: + IC(0.343 ns) + CELL(0.000 ns) = 1.197 ns; Loc. = CLKCTRL_G3; Fanout = 180; COMB Node = 'clk~clkctrl'
        Info: 3: + IC(0.670 ns) + CELL(0.618 ns) = 2.485 ns; Loc. = LCFF_X23_Y12_N3; Fanout = 1; REG Node = 'cache_set_2_way:inst|cache_line_bank:inst|lpm_dff2:inst3|lpm_ff:lpm_ff_component|dffs[7]'
        Info: Total cell delay = 1.472 ns ( 59.24 % )
        Info: Total interconnect delay = 1.013 ns ( 40.76 % )
Info: tco from clock "clk" to destination pin "result[7]" through register "cache_set_2_way:inst1|cache_line_bank:inst1|lpm_dff0:inst|lpm_ff:lpm_ff_component|dffs[0]" is 11.393 ns
    Info: + Longest clock path from clock "clk" to source register is 2.480 ns
        Info: 1: + IC(0.000 ns) + CELL(0.854 ns) = 0.854 ns; Loc. = PIN_N20; Fanout = 1; CLK Node = 'clk'
        Info: 2: + IC(0.343 ns) + CELL(0.000 ns) = 1.197 ns; Loc. = CLKCTRL_G3; Fanout = 180; COMB Node = 'clk~clkctrl'
        Info: 3: + IC(0.665 ns) + CELL(0.618 ns) = 2.480 ns; Loc. = LCFF_X22_Y10_N29; Fanout = 1; REG Node = 'cache_set_2_way:inst1|cache_line_bank:inst1|lpm_dff0:inst|lpm_ff:lpm_ff_component|dffs[0]'
        Info: Total cell delay = 1.472 ns ( 59.35 % )
        Info: Total interconnect delay = 1.008 ns ( 40.65 % )
    Info: + Micro clock to output delay of source is 0.094 ns
    Info: + Longest register to pin delay is 8.819 ns
        Info: 1: + IC(0.000 ns) + CELL(0.000 ns) = 0.000 ns; Loc. = LCFF_X22_Y10_N29; Fanout = 1; REG Node = 'cache_set_2_way:inst1|cache_line_bank:inst1|lpm_dff0:inst|lpm_ff:lpm_ff_component|dffs[0]'
        Info: 2: + IC(0.370 ns) + CELL(0.053 ns) = 0.423 ns; Loc. = LCCOMB_X22_Y10_N4; Fanout = 3; COMB Node = 'cache_set_2_way:inst1|cache_line_bank:inst1|inst4~1'
        Info: 3: + IC(1.342 ns) + CELL(0.357 ns) = 2.122 ns; Loc. = LCCOMB_X22_Y11_N2; Fanout = 9; COMB Node = 'cache_set_2_way:inst1|inst7'
        Info: 4: + IC(0.766 ns) + CELL(0.154 ns) = 3.042 ns; Loc. = LCCOMB_X23_Y12_N0; Fanout = 1; COMB Node = 'lpm_bustri0:inst7|lpm_bustri:lpm_bustri_component|dout[7]~8'
        Info: 5: + IC(0.810 ns) + CELL(0.228 ns) = 4.080 ns; Loc. = LCCOMB_X25_Y9_N20; Fanout = 1; COMB Node = 'lpm_bustri0:inst7|lpm_bustri:lpm_bustri_component|dout[7]~9'
        Info: 6: + IC(2.585 ns) + CELL(2.154 ns) = 8.819 ns; Loc. = PIN_G22; Fanout = 0; PIN Node = 'result[7]'
        Info: Total cell delay = 2.946 ns ( 33.41 % )
        Info: Total interconnect delay = 5.873 ns ( 66.59 % )
Info: Longest tpd from source pin "input_tag[3]" to destination pin "result[7]" is 14.543 ns
    Info: 1: + IC(0.000 ns) + CELL(0.837 ns) = 0.837 ns; Loc. = PIN_D6; Fanout = 16; PIN Node = 'input_tag[3]'
    Info: 2: + IC(4.964 ns) + CELL(0.346 ns) = 6.147 ns; Loc. = LCCOMB_X22_Y10_N4; Fanout = 3; COMB Node = 'cache_set_2_way:inst1|cache_line_bank:inst1|inst4~1'
    Info: 3: + IC(1.342 ns) + CELL(0.357 ns) = 7.846 ns; Loc. = LCCOMB_X22_Y11_N2; Fanout = 9; COMB Node = 'cache_set_2_way:inst1|inst7'
    Info: 4: + IC(0.766 ns) + CELL(0.154 ns) = 8.766 ns; Loc. = LCCOMB_X23_Y12_N0; Fanout = 1; COMB Node = 'lpm_bustri0:inst7|lpm_bustri:lpm_bustri_component|dout[7]~8'
    Info: 5: + IC(0.810 ns) + CELL(0.228 ns) = 9.804 ns; Loc. = LCCOMB_X25_Y9_N20; Fanout = 1; COMB Node = 'lpm_bustri0:inst7|lpm_bustri:lpm_bustri_component|dout[7]~9'
    Info: 6: + IC(2.585 ns) + CELL(2.154 ns) = 14.543 ns; Loc. = PIN_G22; Fanout = 0; PIN Node = 'result[7]'
    Info: Total cell delay = 4.076 ns ( 28.03 % )
    Info: Total interconnect delay = 10.467 ns ( 71.97 % )
Info: th for register "cache_set_2_way:inst|cache_line_bank:inst1|lpm_dff1:inst2|lpm_ff:lpm_ff_component|dffs[5]" (data pin = "data_word0[5]", clock pin = "clk") is -2.363 ns
    Info: + Longest clock path from clock "clk" to destination register is 2.485 ns
        Info: 1: + IC(0.000 ns) + CELL(0.854 ns) = 0.854 ns; Loc. = PIN_N20; Fanout = 1; CLK Node = 'clk'
        Info: 2: + IC(0.343 ns) + CELL(0.000 ns) = 1.197 ns; Loc. = CLKCTRL_G3; Fanout = 180; COMB Node = 'clk~clkctrl'
        Info: 3: + IC(0.670 ns) + CELL(0.618 ns) = 2.485 ns; Loc. = LCFF_X25_Y10_N31; Fanout = 1; REG Node = 'cache_set_2_way:inst|cache_line_bank:inst1|lpm_dff1:inst2|lpm_ff:lpm_ff_component|dffs[5]'
        Info: Total cell delay = 1.472 ns ( 59.24 % )
        Info: Total interconnect delay = 1.013 ns ( 40.76 % )
    Info: + Micro hold delay of destination is 0.149 ns
    Info: - Shortest pin to register delay is 4.997 ns
        Info: 1: + IC(0.000 ns) + CELL(0.854 ns) = 0.854 ns; Loc. = PIN_N4; Fanout = 8; PIN Node = 'data_word0[5]'
        Info: 2: + IC(3.935 ns) + CELL(0.053 ns) = 4.842 ns; Loc. = LCCOMB_X25_Y10_N30; Fanout = 1; COMB Node = 'cache_set_2_way:inst|cache_line_bank:inst1|lpm_dff1:inst2|lpm_ff:lpm_ff_component|dffs[5]~feeder'
        Info: 3: + IC(0.000 ns) + CELL(0.155 ns) = 4.997 ns; Loc. = LCFF_X25_Y10_N31; Fanout = 1; REG Node = 'cache_set_2_way:inst|cache_line_bank:inst1|lpm_dff1:inst2|lpm_ff:lpm_ff_component|dffs[5]'
        Info: Total cell delay = 1.062 ns ( 21.25 % )
        Info: Total interconnect delay = 3.935 ns ( 78.75 % )
Info: Quartus II Classic Timing Analyzer was successful. 0 errors, 1 warning
    Info: Peak virtual memory: 202 megabytes
    Info: Processing ended: Sun May 03 19:35:39 2026
    Info: Elapsed time: 00:00:00
    Info: Total CPU time (on all processors): 00:00:01


