Classic Timing Analyzer report for lab6_var4_v1
Mon May 18 19:28:58 2026
Quartus II Version 9.1 Build 222 10/21/2009 SJ Web Edition


---------------------
; Table of Contents ;
---------------------
  1. Legal Notice
  2. Timing Analyzer Summary
  3. Timing Analyzer Settings
  4. Clock Settings Summary
  5. Parallel Compilation
  6. Clock Setup: 'clk'
  7. tsu
  8. tco
  9. th
 10. Timing Analyzer Messages



----------------
; Legal Notice ;
----------------
Copyright (C) 1991-2009 Altera Corporation
Your use of Altera Corporation's design tools, logic functions 
and other software and tools, and its AMPP partner logic 
functions, and any output files from any of the foregoing 
(including device programming or simulation files), and any 
associated documentation or information are expressly subject 
to the terms and conditions of the Altera Program License 
Subscription Agreement, Altera MegaCore Function License 
Agreement, or other applicable license agreement, including, 
without limitation, that your use is for the sole purpose of 
programming logic devices manufactured by Altera and sold by 
Altera or its authorized distributors.  Please refer to the 
applicable agreement for further details.



+--------------------------------------------------------------------------------------------------------------------------------------------------------------------------------------------------------------------------------------------------------------------------+
; Timing Analyzer Summary                                                                                                                                                                                                                                                  ;
+------------------------------+-------+---------------+----------------------------------+--------------------------------------------------------------------+--------------------------------------------------------------------+------------+----------+--------------+
; Type                         ; Slack ; Required Time ; Actual Time                      ; From                                                               ; To                                                                 ; From Clock ; To Clock ; Failed Paths ;
+------------------------------+-------+---------------+----------------------------------+--------------------------------------------------------------------+--------------------------------------------------------------------+------------+----------+--------------+
; Worst-case tsu               ; N/A   ; None          ; 4.318 ns                         ; stack_en                                                           ; stack_memory:inst|lpm_ff7:2|lpm_ff:lpm_ff_component|dffs[7]        ; --         ; clk      ; 0            ;
; Worst-case tco               ; N/A   ; None          ; 9.196 ns                         ; stack_control:inst3|lpm_ff9:inst26|lpm_ff:lpm_ff_component|dffs[0] ; data_out[4]                                                        ; clk        ; --       ; 0            ;
; Worst-case th                ; N/A   ; None          ; -2.188 ns                        ; CMD[0]                                                             ; stack_control:inst3|lpm_ff9:inst26|lpm_ff:lpm_ff_component|dffs[0] ; --         ; clk      ; 0            ;
; Clock Setup: 'clk'           ; N/A   ; None          ; 438.60 MHz ( period = 2.280 ns ) ; stack_control:inst3|lpm_ff9:inst26|lpm_ff:lpm_ff_component|dffs[0] ; stack_memory:inst|lpm_ff7:2|lpm_ff:lpm_ff_component|dffs[7]        ; clk        ; clk      ; 0            ;
; Total number of failed paths ;       ;               ;                                  ;                                                                    ;                                                                    ;            ;          ; 0            ;
+------------------------------+-------+---------------+----------------------------------+--------------------------------------------------------------------+--------------------------------------------------------------------+------------+----------+--------------+


+-----------------------------------------------------------------------------------------------------------------------------------------------------+
; Timing Analyzer Settings                                                                                                                            ;
+------------------------------------------------------------------------------------------------------+--------------------+------+----+-------------+
; Option                                                                                               ; Setting            ; From ; To ; Entity Name ;
+------------------------------------------------------------------------------------------------------+--------------------+------+----+-------------+
; Device Name                                                                                          ; EP2S15F484C3       ;      ;    ;             ;
; Timing Models                                                                                        ; Final              ;      ;    ;             ;
; Default hold multicycle                                                                              ; Same as Multicycle ;      ;    ;             ;
; Cut paths between unrelated clock domains                                                            ; On                 ;      ;    ;             ;
; Cut off read during write signal paths                                                               ; On                 ;      ;    ;             ;
; Cut off feedback from I/O pins                                                                       ; On                 ;      ;    ;             ;
; Report Combined Fast/Slow Timing                                                                     ; Off                ;      ;    ;             ;
; Ignore Clock Settings                                                                                ; Off                ;      ;    ;             ;
; Analyze latches as synchronous elements                                                              ; On                 ;      ;    ;             ;
; Enable Recovery/Removal analysis                                                                     ; Off                ;      ;    ;             ;
; Enable Clock Latency                                                                                 ; Off                ;      ;    ;             ;
; Use TimeQuest Timing Analyzer                                                                        ; Off                ;      ;    ;             ;
; Number of source nodes to report per destination node                                                ; 10                 ;      ;    ;             ;
; Number of destination nodes to report                                                                ; 10                 ;      ;    ;             ;
; Number of paths to report                                                                            ; 200                ;      ;    ;             ;
; Report Minimum Timing Checks                                                                         ; Off                ;      ;    ;             ;
; Use Fast Timing Models                                                                               ; Off                ;      ;    ;             ;
; Report IO Paths Separately                                                                           ; Off                ;      ;    ;             ;
; Perform Multicorner Analysis                                                                         ; On                 ;      ;    ;             ;
; Reports the worst-case path for each clock domain and analysis                                       ; Off                ;      ;    ;             ;
; Reports worst-case timing paths for each clock domain and analysis                                   ; Off                ;      ;    ;             ;
; Specifies the maximum number of worst-case timing paths to report for each clock domain and analysis ; 100                ;      ;    ;             ;
; Removes common clock path pessimism (CCPP) during slack computation                                  ; Off                ;      ;    ;             ;
; Output I/O Timing Endpoint                                                                           ; Near End           ;      ;    ;             ;
+------------------------------------------------------------------------------------------------------+--------------------+------+----+-------------+


+------------------------------------------------------------------------------------------------------------------------------------------------------------------------------------+
; Clock Settings Summary                                                                                                                                                             ;
+-----------------+--------------------+----------+------------------+---------------+--------------+----------+-----------------------+---------------------+--------+--------------+
; Clock Node Name ; Clock Setting Name ; Type     ; Fmax Requirement ; Early Latency ; Late Latency ; Based on ; Multiply Base Fmax by ; Divide Base Fmax by ; Offset ; Phase offset ;
+-----------------+--------------------+----------+------------------+---------------+--------------+----------+-----------------------+---------------------+--------+--------------+
; clk             ;                    ; User Pin ; None             ; 0.000 ns      ; 0.000 ns     ; --       ; N/A                   ; N/A                 ; N/A    ;              ;
+-----------------+--------------------+----------+------------------+---------------+--------------+----------+-----------------------+---------------------+--------+--------------+


Parallel compilation was disabled, but you have multiple processors available. Enable parallel compilation to reduce compilation time.
+-------------------------------------+
; Parallel Compilation                ;
+----------------------------+--------+
; Processors                 ; Number ;
+----------------------------+--------+
; Number detected on machine ; 2      ;
; Maximum allowed            ; 1      ;
+----------------------------+--------+


+----------------------------------------------------------------------------------------------------------------------------------------------------------------------------------------------------------------------------------------------------------------------------------------------------------------------------------+
; Clock Setup: 'clk'                                                                                                                                                                                                                                                                                                               ;
+-------+------------------------------------------------+------------------------------------------------------------------------------+------------------------------------------------------------------------------+------------+----------+-----------------------------+---------------------------+-------------------------+
; Slack ; Actual fmax (period)                           ; From                                                                         ; To                                                                           ; From Clock ; To Clock ; Required Setup Relationship ; Required Longest P2P Time ; Actual Longest P2P Time ;
+-------+------------------------------------------------+------------------------------------------------------------------------------+------------------------------------------------------------------------------+------------+----------+-----------------------------+---------------------------+-------------------------+
; N/A   ; 438.60 MHz ( period = 2.280 ns )               ; stack_control:inst3|lpm_ff9:inst26|lpm_ff:lpm_ff_component|dffs[0]           ; stack_memory:inst|lpm_ff7:2|lpm_ff:lpm_ff_component|dffs[5]                  ; clk        ; clk      ; None                        ; None                      ; 2.086 ns                ;
; N/A   ; 438.60 MHz ( period = 2.280 ns )               ; stack_control:inst3|lpm_ff9:inst26|lpm_ff:lpm_ff_component|dffs[0]           ; stack_memory:inst|lpm_ff7:2|lpm_ff:lpm_ff_component|dffs[7]                  ; clk        ; clk      ; None                        ; None                      ; 2.086 ns                ;
; N/A   ; 443.07 MHz ( period = 2.257 ns )               ; stack_control:inst3|lpm_ff9:inst26|lpm_ff:lpm_ff_component|dffs[0]           ; stack_memory:inst|lpm_ff7:0|lpm_ff:lpm_ff_component|dffs[4]                  ; clk        ; clk      ; None                        ; None                      ; 2.063 ns                ;
; N/A   ; 443.07 MHz ( period = 2.257 ns )               ; stack_control:inst3|lpm_ff9:inst26|lpm_ff:lpm_ff_component|dffs[0]           ; stack_memory:inst|lpm_ff7:0|lpm_ff:lpm_ff_component|dffs[3]                  ; clk        ; clk      ; None                        ; None                      ; 2.063 ns                ;
; N/A   ; 443.07 MHz ( period = 2.257 ns )               ; stack_control:inst3|lpm_ff9:inst26|lpm_ff:lpm_ff_component|dffs[0]           ; stack_memory:inst|lpm_ff7:0|lpm_ff:lpm_ff_component|dffs[2]                  ; clk        ; clk      ; None                        ; None                      ; 2.063 ns                ;
; N/A   ; 443.07 MHz ( period = 2.257 ns )               ; stack_control:inst3|lpm_ff9:inst26|lpm_ff:lpm_ff_component|dffs[0]           ; stack_memory:inst|lpm_ff7:0|lpm_ff:lpm_ff_component|dffs[1]                  ; clk        ; clk      ; None                        ; None                      ; 2.063 ns                ;
; N/A   ; 443.07 MHz ( period = 2.257 ns )               ; stack_control:inst3|lpm_ff9:inst26|lpm_ff:lpm_ff_component|dffs[0]           ; stack_memory:inst|lpm_ff7:0|lpm_ff:lpm_ff_component|dffs[0]                  ; clk        ; clk      ; None                        ; None                      ; 2.063 ns                ;
; N/A   ; 445.63 MHz ( period = 2.244 ns )               ; stack_control:inst3|lpm_ff9:inst26|lpm_ff:lpm_ff_component|dffs[2]           ; stack_memory:inst|lpm_ff7:5|lpm_ff:lpm_ff_component|dffs[4]                  ; clk        ; clk      ; None                        ; None                      ; 2.050 ns                ;
; N/A   ; 445.63 MHz ( period = 2.244 ns )               ; stack_control:inst3|lpm_ff9:inst26|lpm_ff:lpm_ff_component|dffs[2]           ; stack_memory:inst|lpm_ff7:5|lpm_ff:lpm_ff_component|dffs[3]                  ; clk        ; clk      ; None                        ; None                      ; 2.050 ns                ;
; N/A   ; 445.63 MHz ( period = 2.244 ns )               ; stack_control:inst3|lpm_ff9:inst26|lpm_ff:lpm_ff_component|dffs[2]           ; stack_memory:inst|lpm_ff7:5|lpm_ff:lpm_ff_component|dffs[2]                  ; clk        ; clk      ; None                        ; None                      ; 2.050 ns                ;
; N/A   ; 445.63 MHz ( period = 2.244 ns )               ; stack_control:inst3|lpm_ff9:inst26|lpm_ff:lpm_ff_component|dffs[2]           ; stack_memory:inst|lpm_ff7:5|lpm_ff:lpm_ff_component|dffs[1]                  ; clk        ; clk      ; None                        ; None                      ; 2.050 ns                ;
; N/A   ; 445.63 MHz ( period = 2.244 ns )               ; stack_control:inst3|lpm_ff9:inst26|lpm_ff:lpm_ff_component|dffs[2]           ; stack_memory:inst|lpm_ff7:5|lpm_ff:lpm_ff_component|dffs[0]                  ; clk        ; clk      ; None                        ; None                      ; 2.050 ns                ;
; N/A   ; 446.23 MHz ( period = 2.241 ns )               ; stack_control:inst3|lpm_ff9:inst26|lpm_ff:lpm_ff_component|dffs[0]           ; stack_memory:inst|lpm_ff7:2|lpm_ff:lpm_ff_component|dffs[6]                  ; clk        ; clk      ; None                        ; None                      ; 2.047 ns                ;
; N/A   ; 446.23 MHz ( period = 2.241 ns )               ; stack_control:inst3|lpm_ff9:inst26|lpm_ff:lpm_ff_component|dffs[0]           ; stack_memory:inst|lpm_ff7:2|lpm_ff:lpm_ff_component|dffs[4]                  ; clk        ; clk      ; None                        ; None                      ; 2.047 ns                ;
; N/A   ; 446.23 MHz ( period = 2.241 ns )               ; stack_control:inst3|lpm_ff9:inst26|lpm_ff:lpm_ff_component|dffs[0]           ; stack_memory:inst|lpm_ff7:2|lpm_ff:lpm_ff_component|dffs[3]                  ; clk        ; clk      ; None                        ; None                      ; 2.047 ns                ;
; N/A   ; 446.23 MHz ( period = 2.241 ns )               ; stack_control:inst3|lpm_ff9:inst26|lpm_ff:lpm_ff_component|dffs[0]           ; stack_memory:inst|lpm_ff7:2|lpm_ff:lpm_ff_component|dffs[2]                  ; clk        ; clk      ; None                        ; None                      ; 2.047 ns                ;
; N/A   ; 446.23 MHz ( period = 2.241 ns )               ; stack_control:inst3|lpm_ff9:inst26|lpm_ff:lpm_ff_component|dffs[0]           ; stack_memory:inst|lpm_ff7:2|lpm_ff:lpm_ff_component|dffs[1]                  ; clk        ; clk      ; None                        ; None                      ; 2.047 ns                ;
; N/A   ; 446.23 MHz ( period = 2.241 ns )               ; stack_control:inst3|lpm_ff9:inst26|lpm_ff:lpm_ff_component|dffs[0]           ; stack_memory:inst|lpm_ff7:2|lpm_ff:lpm_ff_component|dffs[0]                  ; clk        ; clk      ; None                        ; None                      ; 2.047 ns                ;
; N/A   ; 467.73 MHz ( period = 2.138 ns )               ; stack_control:inst3|lpm_ff9:inst26|lpm_ff:lpm_ff_component|dffs[1]~DUPLICATE ; stack_memory:inst|lpm_ff7:2|lpm_ff:lpm_ff_component|dffs[5]                  ; clk        ; clk      ; None                        ; None                      ; 1.944 ns                ;
; N/A   ; 467.73 MHz ( period = 2.138 ns )               ; stack_control:inst3|lpm_ff9:inst26|lpm_ff:lpm_ff_component|dffs[1]~DUPLICATE ; stack_memory:inst|lpm_ff7:2|lpm_ff:lpm_ff_component|dffs[7]                  ; clk        ; clk      ; None                        ; None                      ; 1.944 ns                ;
; N/A   ; 469.26 MHz ( period = 2.131 ns )               ; stack_control:inst3|lpm_ff9:inst26|lpm_ff:lpm_ff_component|dffs[2]           ; stack_memory:inst|lpm_ff7:5|lpm_ff:lpm_ff_component|dffs[5]                  ; clk        ; clk      ; None                        ; None                      ; 1.937 ns                ;
; N/A   ; 473.26 MHz ( period = 2.113 ns )               ; stack_control:inst3|lpm_ff9:inst26|lpm_ff:lpm_ff_component|dffs[1]~DUPLICATE ; stack_memory:inst|lpm_ff7:0|lpm_ff:lpm_ff_component|dffs[4]                  ; clk        ; clk      ; None                        ; None                      ; 1.919 ns                ;
; N/A   ; 473.26 MHz ( period = 2.113 ns )               ; stack_control:inst3|lpm_ff9:inst26|lpm_ff:lpm_ff_component|dffs[1]~DUPLICATE ; stack_memory:inst|lpm_ff7:0|lpm_ff:lpm_ff_component|dffs[3]                  ; clk        ; clk      ; None                        ; None                      ; 1.919 ns                ;
; N/A   ; 473.26 MHz ( period = 2.113 ns )               ; stack_control:inst3|lpm_ff9:inst26|lpm_ff:lpm_ff_component|dffs[1]~DUPLICATE ; stack_memory:inst|lpm_ff7:0|lpm_ff:lpm_ff_component|dffs[2]                  ; clk        ; clk      ; None                        ; None                      ; 1.919 ns                ;
; N/A   ; 473.26 MHz ( period = 2.113 ns )               ; stack_control:inst3|lpm_ff9:inst26|lpm_ff:lpm_ff_component|dffs[1]~DUPLICATE ; stack_memory:inst|lpm_ff7:0|lpm_ff:lpm_ff_component|dffs[1]                  ; clk        ; clk      ; None                        ; None                      ; 1.919 ns                ;
; N/A   ; 473.26 MHz ( period = 2.113 ns )               ; stack_control:inst3|lpm_ff9:inst26|lpm_ff:lpm_ff_component|dffs[1]~DUPLICATE ; stack_memory:inst|lpm_ff7:0|lpm_ff:lpm_ff_component|dffs[0]                  ; clk        ; clk      ; None                        ; None                      ; 1.919 ns                ;
; N/A   ; 474.83 MHz ( period = 2.106 ns )               ; stack_control:inst3|lpm_ff9:inst26|lpm_ff:lpm_ff_component|dffs[0]           ; stack_memory:inst|lpm_ff7:5|lpm_ff:lpm_ff_component|dffs[4]                  ; clk        ; clk      ; None                        ; None                      ; 1.912 ns                ;
; N/A   ; 474.83 MHz ( period = 2.106 ns )               ; stack_control:inst3|lpm_ff9:inst26|lpm_ff:lpm_ff_component|dffs[0]           ; stack_memory:inst|lpm_ff7:5|lpm_ff:lpm_ff_component|dffs[3]                  ; clk        ; clk      ; None                        ; None                      ; 1.912 ns                ;
; N/A   ; 474.83 MHz ( period = 2.106 ns )               ; stack_control:inst3|lpm_ff9:inst26|lpm_ff:lpm_ff_component|dffs[0]           ; stack_memory:inst|lpm_ff7:5|lpm_ff:lpm_ff_component|dffs[2]                  ; clk        ; clk      ; None                        ; None                      ; 1.912 ns                ;
; N/A   ; 474.83 MHz ( period = 2.106 ns )               ; stack_control:inst3|lpm_ff9:inst26|lpm_ff:lpm_ff_component|dffs[0]           ; stack_memory:inst|lpm_ff7:5|lpm_ff:lpm_ff_component|dffs[1]                  ; clk        ; clk      ; None                        ; None                      ; 1.912 ns                ;
; N/A   ; 474.83 MHz ( period = 2.106 ns )               ; stack_control:inst3|lpm_ff9:inst26|lpm_ff:lpm_ff_component|dffs[0]           ; stack_memory:inst|lpm_ff7:5|lpm_ff:lpm_ff_component|dffs[0]                  ; clk        ; clk      ; None                        ; None                      ; 1.912 ns                ;
; N/A   ; 476.42 MHz ( period = 2.099 ns )               ; stack_control:inst3|lpm_ff9:inst26|lpm_ff:lpm_ff_component|dffs[1]~DUPLICATE ; stack_memory:inst|lpm_ff7:2|lpm_ff:lpm_ff_component|dffs[6]                  ; clk        ; clk      ; None                        ; None                      ; 1.905 ns                ;
; N/A   ; 476.42 MHz ( period = 2.099 ns )               ; stack_control:inst3|lpm_ff9:inst26|lpm_ff:lpm_ff_component|dffs[1]~DUPLICATE ; stack_memory:inst|lpm_ff7:2|lpm_ff:lpm_ff_component|dffs[4]                  ; clk        ; clk      ; None                        ; None                      ; 1.905 ns                ;
; N/A   ; 476.42 MHz ( period = 2.099 ns )               ; stack_control:inst3|lpm_ff9:inst26|lpm_ff:lpm_ff_component|dffs[1]~DUPLICATE ; stack_memory:inst|lpm_ff7:2|lpm_ff:lpm_ff_component|dffs[3]                  ; clk        ; clk      ; None                        ; None                      ; 1.905 ns                ;
; N/A   ; 476.42 MHz ( period = 2.099 ns )               ; stack_control:inst3|lpm_ff9:inst26|lpm_ff:lpm_ff_component|dffs[1]~DUPLICATE ; stack_memory:inst|lpm_ff7:2|lpm_ff:lpm_ff_component|dffs[2]                  ; clk        ; clk      ; None                        ; None                      ; 1.905 ns                ;
; N/A   ; 476.42 MHz ( period = 2.099 ns )               ; stack_control:inst3|lpm_ff9:inst26|lpm_ff:lpm_ff_component|dffs[1]~DUPLICATE ; stack_memory:inst|lpm_ff7:2|lpm_ff:lpm_ff_component|dffs[1]                  ; clk        ; clk      ; None                        ; None                      ; 1.905 ns                ;
; N/A   ; 476.42 MHz ( period = 2.099 ns )               ; stack_control:inst3|lpm_ff9:inst26|lpm_ff:lpm_ff_component|dffs[1]~DUPLICATE ; stack_memory:inst|lpm_ff7:2|lpm_ff:lpm_ff_component|dffs[0]                  ; clk        ; clk      ; None                        ; None                      ; 1.905 ns                ;
; N/A   ; 493.10 MHz ( period = 2.028 ns )               ; stack_control:inst3|lpm_ff9:inst26|lpm_ff:lpm_ff_component|dffs[2]           ; stack_memory:inst|lpm_ff7:2|lpm_ff:lpm_ff_component|dffs[5]                  ; clk        ; clk      ; None                        ; None                      ; 1.834 ns                ;
; N/A   ; 493.10 MHz ( period = 2.028 ns )               ; stack_control:inst3|lpm_ff9:inst26|lpm_ff:lpm_ff_component|dffs[2]           ; stack_memory:inst|lpm_ff7:2|lpm_ff:lpm_ff_component|dffs[7]                  ; clk        ; clk      ; None                        ; None                      ; 1.834 ns                ;
; N/A   ; 493.58 MHz ( period = 2.026 ns )               ; stack_control:inst3|lpm_ff9:inst26|lpm_ff:lpm_ff_component|dffs[0]           ; stack_memory:inst|lpm_ff7:3|lpm_ff:lpm_ff_component|dffs[5]                  ; clk        ; clk      ; None                        ; None                      ; 1.832 ns                ;
; N/A   ; 493.58 MHz ( period = 2.026 ns )               ; stack_control:inst3|lpm_ff9:inst26|lpm_ff:lpm_ff_component|dffs[0]           ; stack_memory:inst|lpm_ff7:3|lpm_ff:lpm_ff_component|dffs[6]                  ; clk        ; clk      ; None                        ; None                      ; 1.832 ns                ;
; N/A   ; 493.58 MHz ( period = 2.026 ns )               ; stack_control:inst3|lpm_ff9:inst26|lpm_ff:lpm_ff_component|dffs[0]           ; stack_memory:inst|lpm_ff7:3|lpm_ff:lpm_ff_component|dffs[7]                  ; clk        ; clk      ; None                        ; None                      ; 1.832 ns                ;
; N/A   ; 493.58 MHz ( period = 2.026 ns )               ; stack_control:inst3|lpm_ff9:inst26|lpm_ff:lpm_ff_component|dffs[0]           ; stack_memory:inst|lpm_ff7:3|lpm_ff:lpm_ff_component|dffs[4]                  ; clk        ; clk      ; None                        ; None                      ; 1.832 ns                ;
; N/A   ; 493.58 MHz ( period = 2.026 ns )               ; stack_control:inst3|lpm_ff9:inst26|lpm_ff:lpm_ff_component|dffs[0]           ; stack_memory:inst|lpm_ff7:3|lpm_ff:lpm_ff_component|dffs[3]                  ; clk        ; clk      ; None                        ; None                      ; 1.832 ns                ;
; N/A   ; 494.32 MHz ( period = 2.023 ns )               ; stack_control:inst3|lpm_ff9:inst26|lpm_ff:lpm_ff_component|dffs[0]           ; stack_memory:inst|lpm_ff7:1|lpm_ff:lpm_ff_component|dffs[3]                  ; clk        ; clk      ; None                        ; None                      ; 1.834 ns                ;
; N/A   ; 494.32 MHz ( period = 2.023 ns )               ; stack_control:inst3|lpm_ff9:inst26|lpm_ff:lpm_ff_component|dffs[0]           ; stack_memory:inst|lpm_ff7:1|lpm_ff:lpm_ff_component|dffs[2]                  ; clk        ; clk      ; None                        ; None                      ; 1.834 ns                ;
; N/A   ; 494.32 MHz ( period = 2.023 ns )               ; stack_control:inst3|lpm_ff9:inst26|lpm_ff:lpm_ff_component|dffs[0]           ; stack_memory:inst|lpm_ff7:1|lpm_ff:lpm_ff_component|dffs[1]                  ; clk        ; clk      ; None                        ; None                      ; 1.834 ns                ;
; N/A   ; 494.32 MHz ( period = 2.023 ns )               ; stack_control:inst3|lpm_ff9:inst26|lpm_ff:lpm_ff_component|dffs[0]           ; stack_memory:inst|lpm_ff7:1|lpm_ff:lpm_ff_component|dffs[0]                  ; clk        ; clk      ; None                        ; None                      ; 1.834 ns                ;
; N/A   ; 494.80 MHz ( period = 2.021 ns )               ; stack_control:inst3|lpm_ff9:inst26|lpm_ff:lpm_ff_component|dffs[0]           ; stack_memory:inst|lpm_ff7:3|lpm_ff:lpm_ff_component|dffs[2]                  ; clk        ; clk      ; None                        ; None                      ; 1.832 ns                ;
; N/A   ; 494.80 MHz ( period = 2.021 ns )               ; stack_control:inst3|lpm_ff9:inst26|lpm_ff:lpm_ff_component|dffs[0]           ; stack_memory:inst|lpm_ff7:3|lpm_ff:lpm_ff_component|dffs[1]                  ; clk        ; clk      ; None                        ; None                      ; 1.832 ns                ;
; N/A   ; 494.80 MHz ( period = 2.021 ns )               ; stack_control:inst3|lpm_ff9:inst26|lpm_ff:lpm_ff_component|dffs[0]           ; stack_memory:inst|lpm_ff7:3|lpm_ff:lpm_ff_component|dffs[0]                  ; clk        ; clk      ; None                        ; None                      ; 1.832 ns                ;
; N/A   ; 495.79 MHz ( period = 2.017 ns )               ; stack_control:inst3|lpm_ff9:inst26|lpm_ff:lpm_ff_component|dffs[0]           ; stack_memory:inst|lpm_ff7:1|lpm_ff:lpm_ff_component|dffs[5]                  ; clk        ; clk      ; None                        ; None                      ; 1.823 ns                ;
; N/A   ; 495.79 MHz ( period = 2.017 ns )               ; stack_control:inst3|lpm_ff9:inst26|lpm_ff:lpm_ff_component|dffs[0]           ; stack_memory:inst|lpm_ff7:1|lpm_ff:lpm_ff_component|dffs[6]                  ; clk        ; clk      ; None                        ; None                      ; 1.823 ns                ;
; N/A   ; 495.79 MHz ( period = 2.017 ns )               ; stack_control:inst3|lpm_ff9:inst26|lpm_ff:lpm_ff_component|dffs[0]           ; stack_memory:inst|lpm_ff7:1|lpm_ff:lpm_ff_component|dffs[7]                  ; clk        ; clk      ; None                        ; None                      ; 1.823 ns                ;
; N/A   ; 495.79 MHz ( period = 2.017 ns )               ; stack_control:inst3|lpm_ff9:inst26|lpm_ff:lpm_ff_component|dffs[0]           ; stack_memory:inst|lpm_ff7:1|lpm_ff:lpm_ff_component|dffs[4]                  ; clk        ; clk      ; None                        ; None                      ; 1.823 ns                ;
; N/A   ; 495.79 MHz ( period = 2.017 ns )               ; stack_control:inst3|lpm_ff9:inst26|lpm_ff:lpm_ff_component|dffs[2]           ; stack_memory:inst|lpm_ff7:4|lpm_ff:lpm_ff_component|dffs[3]                  ; clk        ; clk      ; None                        ; None                      ; 1.828 ns                ;
; N/A   ; 495.79 MHz ( period = 2.017 ns )               ; stack_control:inst3|lpm_ff9:inst26|lpm_ff:lpm_ff_component|dffs[2]           ; stack_memory:inst|lpm_ff7:4|lpm_ff:lpm_ff_component|dffs[2]                  ; clk        ; clk      ; None                        ; None                      ; 1.828 ns                ;
; N/A   ; 495.79 MHz ( period = 2.017 ns )               ; stack_control:inst3|lpm_ff9:inst26|lpm_ff:lpm_ff_component|dffs[2]           ; stack_memory:inst|lpm_ff7:4|lpm_ff:lpm_ff_component|dffs[1]                  ; clk        ; clk      ; None                        ; None                      ; 1.828 ns                ;
; N/A   ; 495.79 MHz ( period = 2.017 ns )               ; stack_control:inst3|lpm_ff9:inst26|lpm_ff:lpm_ff_component|dffs[2]           ; stack_memory:inst|lpm_ff7:4|lpm_ff:lpm_ff_component|dffs[0]                  ; clk        ; clk      ; None                        ; None                      ; 1.828 ns                ;
; N/A   ; 496.03 MHz ( period = 2.016 ns )               ; stack_control:inst3|lpm_ff9:inst26|lpm_ff:lpm_ff_component|dffs[2]           ; stack_memory:inst|lpm_ff7:4|lpm_ff:lpm_ff_component|dffs[5]                  ; clk        ; clk      ; None                        ; None                      ; 1.822 ns                ;
; N/A   ; 496.03 MHz ( period = 2.016 ns )               ; stack_control:inst3|lpm_ff9:inst26|lpm_ff:lpm_ff_component|dffs[2]           ; stack_memory:inst|lpm_ff7:4|lpm_ff:lpm_ff_component|dffs[6]                  ; clk        ; clk      ; None                        ; None                      ; 1.822 ns                ;
; N/A   ; 496.03 MHz ( period = 2.016 ns )               ; stack_control:inst3|lpm_ff9:inst26|lpm_ff:lpm_ff_component|dffs[2]           ; stack_memory:inst|lpm_ff7:4|lpm_ff:lpm_ff_component|dffs[7]                  ; clk        ; clk      ; None                        ; None                      ; 1.822 ns                ;
; N/A   ; 496.03 MHz ( period = 2.016 ns )               ; stack_control:inst3|lpm_ff9:inst26|lpm_ff:lpm_ff_component|dffs[2]           ; stack_memory:inst|lpm_ff7:4|lpm_ff:lpm_ff_component|dffs[4]                  ; clk        ; clk      ; None                        ; None                      ; 1.822 ns                ;
; N/A   ; 497.27 MHz ( period = 2.011 ns )               ; stack_control:inst3|lpm_ff9:inst26|lpm_ff:lpm_ff_component|dffs[2]           ; stack_memory:inst|lpm_ff7:0|lpm_ff:lpm_ff_component|dffs[4]                  ; clk        ; clk      ; None                        ; None                      ; 1.817 ns                ;
; N/A   ; 497.27 MHz ( period = 2.011 ns )               ; stack_control:inst3|lpm_ff9:inst26|lpm_ff:lpm_ff_component|dffs[2]           ; stack_memory:inst|lpm_ff7:0|lpm_ff:lpm_ff_component|dffs[3]                  ; clk        ; clk      ; None                        ; None                      ; 1.817 ns                ;
; N/A   ; 497.27 MHz ( period = 2.011 ns )               ; stack_control:inst3|lpm_ff9:inst26|lpm_ff:lpm_ff_component|dffs[2]           ; stack_memory:inst|lpm_ff7:0|lpm_ff:lpm_ff_component|dffs[2]                  ; clk        ; clk      ; None                        ; None                      ; 1.817 ns                ;
; N/A   ; 497.27 MHz ( period = 2.011 ns )               ; stack_control:inst3|lpm_ff9:inst26|lpm_ff:lpm_ff_component|dffs[2]           ; stack_memory:inst|lpm_ff7:0|lpm_ff:lpm_ff_component|dffs[1]                  ; clk        ; clk      ; None                        ; None                      ; 1.817 ns                ;
; N/A   ; 497.27 MHz ( period = 2.011 ns )               ; stack_control:inst3|lpm_ff9:inst26|lpm_ff:lpm_ff_component|dffs[2]           ; stack_memory:inst|lpm_ff7:0|lpm_ff:lpm_ff_component|dffs[0]                  ; clk        ; clk      ; None                        ; None                      ; 1.817 ns                ;
; N/A   ; Restricted to 500.00 MHz ( period = 2.000 ns ) ; stack_control:inst3|lpm_ff9:inst26|lpm_ff:lpm_ff_component|dffs[0]           ; stack_memory:inst|lpm_ff7:5|lpm_ff:lpm_ff_component|dffs[5]                  ; clk        ; clk      ; None                        ; None                      ; 1.799 ns                ;
; N/A   ; Restricted to 500.00 MHz ( period = 2.000 ns ) ; stack_control:inst3|lpm_ff9:inst26|lpm_ff:lpm_ff_component|dffs[2]           ; stack_memory:inst|lpm_ff7:2|lpm_ff:lpm_ff_component|dffs[6]                  ; clk        ; clk      ; None                        ; None                      ; 1.795 ns                ;
; N/A   ; Restricted to 500.00 MHz ( period = 2.000 ns ) ; stack_control:inst3|lpm_ff9:inst26|lpm_ff:lpm_ff_component|dffs[2]           ; stack_memory:inst|lpm_ff7:2|lpm_ff:lpm_ff_component|dffs[4]                  ; clk        ; clk      ; None                        ; None                      ; 1.795 ns                ;
; N/A   ; Restricted to 500.00 MHz ( period = 2.000 ns ) ; stack_control:inst3|lpm_ff9:inst26|lpm_ff:lpm_ff_component|dffs[2]           ; stack_memory:inst|lpm_ff7:2|lpm_ff:lpm_ff_component|dffs[3]                  ; clk        ; clk      ; None                        ; None                      ; 1.795 ns                ;
; N/A   ; Restricted to 500.00 MHz ( period = 2.000 ns ) ; stack_control:inst3|lpm_ff9:inst26|lpm_ff:lpm_ff_component|dffs[2]           ; stack_memory:inst|lpm_ff7:2|lpm_ff:lpm_ff_component|dffs[2]                  ; clk        ; clk      ; None                        ; None                      ; 1.795 ns                ;
; N/A   ; Restricted to 500.00 MHz ( period = 2.000 ns ) ; stack_control:inst3|lpm_ff9:inst26|lpm_ff:lpm_ff_component|dffs[2]           ; stack_memory:inst|lpm_ff7:2|lpm_ff:lpm_ff_component|dffs[1]                  ; clk        ; clk      ; None                        ; None                      ; 1.795 ns                ;
; N/A   ; Restricted to 500.00 MHz ( period = 2.000 ns ) ; stack_control:inst3|lpm_ff9:inst26|lpm_ff:lpm_ff_component|dffs[2]           ; stack_memory:inst|lpm_ff7:2|lpm_ff:lpm_ff_component|dffs[0]                  ; clk        ; clk      ; None                        ; None                      ; 1.795 ns                ;
; N/A   ; Restricted to 500.00 MHz ( period = 2.000 ns ) ; stack_control:inst3|lpm_ff9:inst26|lpm_ff:lpm_ff_component|dffs[1]           ; stack_memory:inst|lpm_ff7:5|lpm_ff:lpm_ff_component|dffs[4]                  ; clk        ; clk      ; None                        ; None                      ; 1.740 ns                ;
; N/A   ; Restricted to 500.00 MHz ( period = 2.000 ns ) ; stack_control:inst3|lpm_ff9:inst26|lpm_ff:lpm_ff_component|dffs[1]           ; stack_memory:inst|lpm_ff7:5|lpm_ff:lpm_ff_component|dffs[3]                  ; clk        ; clk      ; None                        ; None                      ; 1.740 ns                ;
; N/A   ; Restricted to 500.00 MHz ( period = 2.000 ns ) ; stack_control:inst3|lpm_ff9:inst26|lpm_ff:lpm_ff_component|dffs[1]           ; stack_memory:inst|lpm_ff7:5|lpm_ff:lpm_ff_component|dffs[2]                  ; clk        ; clk      ; None                        ; None                      ; 1.740 ns                ;
; N/A   ; Restricted to 500.00 MHz ( period = 2.000 ns ) ; stack_control:inst3|lpm_ff9:inst26|lpm_ff:lpm_ff_component|dffs[1]           ; stack_memory:inst|lpm_ff7:5|lpm_ff:lpm_ff_component|dffs[1]                  ; clk        ; clk      ; None                        ; None                      ; 1.740 ns                ;
; N/A   ; Restricted to 500.00 MHz ( period = 2.000 ns ) ; stack_control:inst3|lpm_ff9:inst26|lpm_ff:lpm_ff_component|dffs[1]           ; stack_memory:inst|lpm_ff7:5|lpm_ff:lpm_ff_component|dffs[0]                  ; clk        ; clk      ; None                        ; None                      ; 1.740 ns                ;
; N/A   ; Restricted to 500.00 MHz ( period = 2.000 ns ) ; stack_control:inst3|lpm_ff9:inst26|lpm_ff:lpm_ff_component|dffs[2]           ; stack_memory:inst|lpm_ff7:3|lpm_ff:lpm_ff_component|dffs[5]                  ; clk        ; clk      ; None                        ; None                      ; 1.735 ns                ;
; N/A   ; Restricted to 500.00 MHz ( period = 2.000 ns ) ; stack_control:inst3|lpm_ff9:inst26|lpm_ff:lpm_ff_component|dffs[2]           ; stack_memory:inst|lpm_ff7:3|lpm_ff:lpm_ff_component|dffs[6]                  ; clk        ; clk      ; None                        ; None                      ; 1.735 ns                ;
; N/A   ; Restricted to 500.00 MHz ( period = 2.000 ns ) ; stack_control:inst3|lpm_ff9:inst26|lpm_ff:lpm_ff_component|dffs[2]           ; stack_memory:inst|lpm_ff7:3|lpm_ff:lpm_ff_component|dffs[7]                  ; clk        ; clk      ; None                        ; None                      ; 1.735 ns                ;
; N/A   ; Restricted to 500.00 MHz ( period = 2.000 ns ) ; stack_control:inst3|lpm_ff9:inst26|lpm_ff:lpm_ff_component|dffs[2]           ; stack_memory:inst|lpm_ff7:3|lpm_ff:lpm_ff_component|dffs[4]                  ; clk        ; clk      ; None                        ; None                      ; 1.735 ns                ;
; N/A   ; Restricted to 500.00 MHz ( period = 2.000 ns ) ; stack_control:inst3|lpm_ff9:inst26|lpm_ff:lpm_ff_component|dffs[2]           ; stack_memory:inst|lpm_ff7:3|lpm_ff:lpm_ff_component|dffs[3]                  ; clk        ; clk      ; None                        ; None                      ; 1.735 ns                ;
; N/A   ; Restricted to 500.00 MHz ( period = 2.000 ns ) ; stack_control:inst3|lpm_ff9:inst26|lpm_ff:lpm_ff_component|dffs[2]           ; stack_memory:inst|lpm_ff7:3|lpm_ff:lpm_ff_component|dffs[2]                  ; clk        ; clk      ; None                        ; None                      ; 1.735 ns                ;
; N/A   ; Restricted to 500.00 MHz ( period = 2.000 ns ) ; stack_control:inst3|lpm_ff9:inst26|lpm_ff:lpm_ff_component|dffs[2]           ; stack_memory:inst|lpm_ff7:3|lpm_ff:lpm_ff_component|dffs[1]                  ; clk        ; clk      ; None                        ; None                      ; 1.735 ns                ;
; N/A   ; Restricted to 500.00 MHz ( period = 2.000 ns ) ; stack_control:inst3|lpm_ff9:inst26|lpm_ff:lpm_ff_component|dffs[2]           ; stack_memory:inst|lpm_ff7:3|lpm_ff:lpm_ff_component|dffs[0]                  ; clk        ; clk      ; None                        ; None                      ; 1.735 ns                ;
; N/A   ; Restricted to 500.00 MHz ( period = 2.000 ns ) ; stack_control:inst3|lpm_ff9:inst26|lpm_ff:lpm_ff_component|dffs[1]~DUPLICATE ; stack_memory:inst|lpm_ff7:4|lpm_ff:lpm_ff_component|dffs[3]                  ; clk        ; clk      ; None                        ; None                      ; 1.697 ns                ;
; N/A   ; Restricted to 500.00 MHz ( period = 2.000 ns ) ; stack_control:inst3|lpm_ff9:inst26|lpm_ff:lpm_ff_component|dffs[1]~DUPLICATE ; stack_memory:inst|lpm_ff7:4|lpm_ff:lpm_ff_component|dffs[2]                  ; clk        ; clk      ; None                        ; None                      ; 1.697 ns                ;
; N/A   ; Restricted to 500.00 MHz ( period = 2.000 ns ) ; stack_control:inst3|lpm_ff9:inst26|lpm_ff:lpm_ff_component|dffs[1]~DUPLICATE ; stack_memory:inst|lpm_ff7:4|lpm_ff:lpm_ff_component|dffs[1]                  ; clk        ; clk      ; None                        ; None                      ; 1.697 ns                ;
; N/A   ; Restricted to 500.00 MHz ( period = 2.000 ns ) ; stack_control:inst3|lpm_ff9:inst26|lpm_ff:lpm_ff_component|dffs[1]~DUPLICATE ; stack_memory:inst|lpm_ff7:4|lpm_ff:lpm_ff_component|dffs[0]                  ; clk        ; clk      ; None                        ; None                      ; 1.697 ns                ;
; N/A   ; Restricted to 500.00 MHz ( period = 2.000 ns ) ; stack_control:inst3|lpm_ff9:inst26|lpm_ff:lpm_ff_component|dffs[1]~DUPLICATE ; stack_memory:inst|lpm_ff7:4|lpm_ff:lpm_ff_component|dffs[5]                  ; clk        ; clk      ; None                        ; None                      ; 1.691 ns                ;
; N/A   ; Restricted to 500.00 MHz ( period = 2.000 ns ) ; stack_control:inst3|lpm_ff9:inst26|lpm_ff:lpm_ff_component|dffs[1]~DUPLICATE ; stack_memory:inst|lpm_ff7:4|lpm_ff:lpm_ff_component|dffs[6]                  ; clk        ; clk      ; None                        ; None                      ; 1.691 ns                ;
; N/A   ; Restricted to 500.00 MHz ( period = 2.000 ns ) ; stack_control:inst3|lpm_ff9:inst26|lpm_ff:lpm_ff_component|dffs[1]~DUPLICATE ; stack_memory:inst|lpm_ff7:4|lpm_ff:lpm_ff_component|dffs[7]                  ; clk        ; clk      ; None                        ; None                      ; 1.691 ns                ;
; N/A   ; Restricted to 500.00 MHz ( period = 2.000 ns ) ; stack_control:inst3|lpm_ff9:inst26|lpm_ff:lpm_ff_component|dffs[1]~DUPLICATE ; stack_memory:inst|lpm_ff7:4|lpm_ff:lpm_ff_component|dffs[4]                  ; clk        ; clk      ; None                        ; None                      ; 1.691 ns                ;
; N/A   ; Restricted to 500.00 MHz ( period = 2.000 ns ) ; stack_control:inst3|lpm_ff9:inst26|lpm_ff:lpm_ff_component|dffs[1]~DUPLICATE ; stack_memory:inst|lpm_ff7:1|lpm_ff:lpm_ff_component|dffs[3]                  ; clk        ; clk      ; None                        ; None                      ; 1.695 ns                ;
; N/A   ; Restricted to 500.00 MHz ( period = 2.000 ns ) ; stack_control:inst3|lpm_ff9:inst26|lpm_ff:lpm_ff_component|dffs[1]~DUPLICATE ; stack_memory:inst|lpm_ff7:1|lpm_ff:lpm_ff_component|dffs[2]                  ; clk        ; clk      ; None                        ; None                      ; 1.695 ns                ;
; N/A   ; Restricted to 500.00 MHz ( period = 2.000 ns ) ; stack_control:inst3|lpm_ff9:inst26|lpm_ff:lpm_ff_component|dffs[1]~DUPLICATE ; stack_memory:inst|lpm_ff7:1|lpm_ff:lpm_ff_component|dffs[1]                  ; clk        ; clk      ; None                        ; None                      ; 1.695 ns                ;
; N/A   ; Restricted to 500.00 MHz ( period = 2.000 ns ) ; stack_control:inst3|lpm_ff9:inst26|lpm_ff:lpm_ff_component|dffs[1]~DUPLICATE ; stack_memory:inst|lpm_ff7:1|lpm_ff:lpm_ff_component|dffs[0]                  ; clk        ; clk      ; None                        ; None                      ; 1.695 ns                ;
; N/A   ; Restricted to 500.00 MHz ( period = 2.000 ns ) ; stack_control:inst3|lpm_ff9:inst26|lpm_ff:lpm_ff_component|dffs[1]~DUPLICATE ; stack_memory:inst|lpm_ff7:1|lpm_ff:lpm_ff_component|dffs[5]                  ; clk        ; clk      ; None                        ; None                      ; 1.684 ns                ;
; N/A   ; Restricted to 500.00 MHz ( period = 2.000 ns ) ; stack_control:inst3|lpm_ff9:inst26|lpm_ff:lpm_ff_component|dffs[1]~DUPLICATE ; stack_memory:inst|lpm_ff7:1|lpm_ff:lpm_ff_component|dffs[6]                  ; clk        ; clk      ; None                        ; None                      ; 1.684 ns                ;
; N/A   ; Restricted to 500.00 MHz ( period = 2.000 ns ) ; stack_control:inst3|lpm_ff9:inst26|lpm_ff:lpm_ff_component|dffs[1]~DUPLICATE ; stack_memory:inst|lpm_ff7:1|lpm_ff:lpm_ff_component|dffs[7]                  ; clk        ; clk      ; None                        ; None                      ; 1.684 ns                ;
; N/A   ; Restricted to 500.00 MHz ( period = 2.000 ns ) ; stack_control:inst3|lpm_ff9:inst26|lpm_ff:lpm_ff_component|dffs[1]~DUPLICATE ; stack_memory:inst|lpm_ff7:1|lpm_ff:lpm_ff_component|dffs[4]                  ; clk        ; clk      ; None                        ; None                      ; 1.684 ns                ;
; N/A   ; Restricted to 500.00 MHz ( period = 2.000 ns ) ; stack_control:inst3|lpm_ff9:inst26|lpm_ff:lpm_ff_component|dffs[0]           ; stack_memory:inst|lpm_ff7:4|lpm_ff:lpm_ff_component|dffs[3]                  ; clk        ; clk      ; None                        ; None                      ; 1.641 ns                ;
; N/A   ; Restricted to 500.00 MHz ( period = 2.000 ns ) ; stack_control:inst3|lpm_ff9:inst26|lpm_ff:lpm_ff_component|dffs[0]           ; stack_memory:inst|lpm_ff7:4|lpm_ff:lpm_ff_component|dffs[2]                  ; clk        ; clk      ; None                        ; None                      ; 1.641 ns                ;
; N/A   ; Restricted to 500.00 MHz ( period = 2.000 ns ) ; stack_control:inst3|lpm_ff9:inst26|lpm_ff:lpm_ff_component|dffs[0]           ; stack_memory:inst|lpm_ff7:4|lpm_ff:lpm_ff_component|dffs[1]                  ; clk        ; clk      ; None                        ; None                      ; 1.641 ns                ;
; N/A   ; Restricted to 500.00 MHz ( period = 2.000 ns ) ; stack_control:inst3|lpm_ff9:inst26|lpm_ff:lpm_ff_component|dffs[0]           ; stack_memory:inst|lpm_ff7:4|lpm_ff:lpm_ff_component|dffs[0]                  ; clk        ; clk      ; None                        ; None                      ; 1.641 ns                ;
; N/A   ; Restricted to 500.00 MHz ( period = 2.000 ns ) ; stack_control:inst3|lpm_ff9:inst26|lpm_ff:lpm_ff_component|dffs[0]           ; stack_memory:inst|lpm_ff7:4|lpm_ff:lpm_ff_component|dffs[5]                  ; clk        ; clk      ; None                        ; None                      ; 1.635 ns                ;
; N/A   ; Restricted to 500.00 MHz ( period = 2.000 ns ) ; stack_control:inst3|lpm_ff9:inst26|lpm_ff:lpm_ff_component|dffs[0]           ; stack_memory:inst|lpm_ff7:4|lpm_ff:lpm_ff_component|dffs[6]                  ; clk        ; clk      ; None                        ; None                      ; 1.635 ns                ;
; N/A   ; Restricted to 500.00 MHz ( period = 2.000 ns ) ; stack_control:inst3|lpm_ff9:inst26|lpm_ff:lpm_ff_component|dffs[0]           ; stack_memory:inst|lpm_ff7:4|lpm_ff:lpm_ff_component|dffs[7]                  ; clk        ; clk      ; None                        ; None                      ; 1.635 ns                ;
; N/A   ; Restricted to 500.00 MHz ( period = 2.000 ns ) ; stack_control:inst3|lpm_ff9:inst26|lpm_ff:lpm_ff_component|dffs[0]           ; stack_memory:inst|lpm_ff7:4|lpm_ff:lpm_ff_component|dffs[4]                  ; clk        ; clk      ; None                        ; None                      ; 1.635 ns                ;
; N/A   ; Restricted to 500.00 MHz ( period = 2.000 ns ) ; stack_control:inst3|lpm_ff9:inst26|lpm_ff:lpm_ff_component|dffs[1]           ; stack_memory:inst|lpm_ff7:5|lpm_ff:lpm_ff_component|dffs[5]                  ; clk        ; clk      ; None                        ; None                      ; 1.627 ns                ;
; N/A   ; Restricted to 500.00 MHz ( period = 2.000 ns ) ; stack_control:inst3|lpm_ff9:inst26|lpm_ff:lpm_ff_component|dffs[1]~DUPLICATE ; stack_memory:inst|lpm_ff7:3|lpm_ff:lpm_ff_component|dffs[5]                  ; clk        ; clk      ; None                        ; None                      ; 1.599 ns                ;
; N/A   ; Restricted to 500.00 MHz ( period = 2.000 ns ) ; stack_control:inst3|lpm_ff9:inst26|lpm_ff:lpm_ff_component|dffs[1]~DUPLICATE ; stack_memory:inst|lpm_ff7:3|lpm_ff:lpm_ff_component|dffs[6]                  ; clk        ; clk      ; None                        ; None                      ; 1.599 ns                ;
; N/A   ; Restricted to 500.00 MHz ( period = 2.000 ns ) ; stack_control:inst3|lpm_ff9:inst26|lpm_ff:lpm_ff_component|dffs[1]~DUPLICATE ; stack_memory:inst|lpm_ff7:3|lpm_ff:lpm_ff_component|dffs[7]                  ; clk        ; clk      ; None                        ; None                      ; 1.599 ns                ;
; N/A   ; Restricted to 500.00 MHz ( period = 2.000 ns ) ; stack_control:inst3|lpm_ff9:inst26|lpm_ff:lpm_ff_component|dffs[1]~DUPLICATE ; stack_memory:inst|lpm_ff7:3|lpm_ff:lpm_ff_component|dffs[4]                  ; clk        ; clk      ; None                        ; None                      ; 1.599 ns                ;
; N/A   ; Restricted to 500.00 MHz ( period = 2.000 ns ) ; stack_control:inst3|lpm_ff9:inst26|lpm_ff:lpm_ff_component|dffs[1]~DUPLICATE ; stack_memory:inst|lpm_ff7:3|lpm_ff:lpm_ff_component|dffs[3]                  ; clk        ; clk      ; None                        ; None                      ; 1.599 ns                ;
; N/A   ; Restricted to 500.00 MHz ( period = 2.000 ns ) ; stack_control:inst3|lpm_ff9:inst26|lpm_ff:lpm_ff_component|dffs[1]~DUPLICATE ; stack_memory:inst|lpm_ff7:3|lpm_ff:lpm_ff_component|dffs[2]                  ; clk        ; clk      ; None                        ; None                      ; 1.599 ns                ;
; N/A   ; Restricted to 500.00 MHz ( period = 2.000 ns ) ; stack_control:inst3|lpm_ff9:inst26|lpm_ff:lpm_ff_component|dffs[1]~DUPLICATE ; stack_memory:inst|lpm_ff7:3|lpm_ff:lpm_ff_component|dffs[1]                  ; clk        ; clk      ; None                        ; None                      ; 1.599 ns                ;
; N/A   ; Restricted to 500.00 MHz ( period = 2.000 ns ) ; stack_control:inst3|lpm_ff9:inst26|lpm_ff:lpm_ff_component|dffs[1]~DUPLICATE ; stack_memory:inst|lpm_ff7:3|lpm_ff:lpm_ff_component|dffs[0]                  ; clk        ; clk      ; None                        ; None                      ; 1.599 ns                ;
; N/A   ; Restricted to 500.00 MHz ( period = 2.000 ns ) ; stack_control:inst3|lpm_ff9:inst26|lpm_ff:lpm_ff_component|dffs[0]           ; stack_memory:inst|lpm_ff7:0|lpm_ff:lpm_ff_component|dffs[5]                  ; clk        ; clk      ; None                        ; None                      ; 1.588 ns                ;
; N/A   ; Restricted to 500.00 MHz ( period = 2.000 ns ) ; stack_control:inst3|lpm_ff9:inst26|lpm_ff:lpm_ff_component|dffs[0]           ; stack_memory:inst|lpm_ff7:0|lpm_ff:lpm_ff_component|dffs[6]                  ; clk        ; clk      ; None                        ; None                      ; 1.588 ns                ;
; N/A   ; Restricted to 500.00 MHz ( period = 2.000 ns ) ; stack_control:inst3|lpm_ff9:inst26|lpm_ff:lpm_ff_component|dffs[0]           ; stack_memory:inst|lpm_ff7:0|lpm_ff:lpm_ff_component|dffs[7]                  ; clk        ; clk      ; None                        ; None                      ; 1.588 ns                ;
; N/A   ; Restricted to 500.00 MHz ( period = 2.000 ns ) ; stack_control:inst3|lpm_ff9:inst26|lpm_ff:lpm_ff_component|dffs[2]           ; stack_memory:inst|lpm_ff7:1|lpm_ff:lpm_ff_component|dffs[3]                  ; clk        ; clk      ; None                        ; None                      ; 1.578 ns                ;
; N/A   ; Restricted to 500.00 MHz ( period = 2.000 ns ) ; stack_control:inst3|lpm_ff9:inst26|lpm_ff:lpm_ff_component|dffs[2]           ; stack_memory:inst|lpm_ff7:1|lpm_ff:lpm_ff_component|dffs[2]                  ; clk        ; clk      ; None                        ; None                      ; 1.578 ns                ;
; N/A   ; Restricted to 500.00 MHz ( period = 2.000 ns ) ; stack_control:inst3|lpm_ff9:inst26|lpm_ff:lpm_ff_component|dffs[2]           ; stack_memory:inst|lpm_ff7:1|lpm_ff:lpm_ff_component|dffs[1]                  ; clk        ; clk      ; None                        ; None                      ; 1.578 ns                ;
; N/A   ; Restricted to 500.00 MHz ( period = 2.000 ns ) ; stack_control:inst3|lpm_ff9:inst26|lpm_ff:lpm_ff_component|dffs[2]           ; stack_memory:inst|lpm_ff7:1|lpm_ff:lpm_ff_component|dffs[0]                  ; clk        ; clk      ; None                        ; None                      ; 1.578 ns                ;
; N/A   ; Restricted to 500.00 MHz ( period = 2.000 ns ) ; stack_control:inst3|lpm_ff9:inst26|lpm_ff:lpm_ff_component|dffs[2]           ; stack_memory:inst|lpm_ff7:1|lpm_ff:lpm_ff_component|dffs[5]                  ; clk        ; clk      ; None                        ; None                      ; 1.567 ns                ;
; N/A   ; Restricted to 500.00 MHz ( period = 2.000 ns ) ; stack_control:inst3|lpm_ff9:inst26|lpm_ff:lpm_ff_component|dffs[2]           ; stack_memory:inst|lpm_ff7:1|lpm_ff:lpm_ff_component|dffs[6]                  ; clk        ; clk      ; None                        ; None                      ; 1.567 ns                ;
; N/A   ; Restricted to 500.00 MHz ( period = 2.000 ns ) ; stack_control:inst3|lpm_ff9:inst26|lpm_ff:lpm_ff_component|dffs[2]           ; stack_memory:inst|lpm_ff7:1|lpm_ff:lpm_ff_component|dffs[7]                  ; clk        ; clk      ; None                        ; None                      ; 1.567 ns                ;
; N/A   ; Restricted to 500.00 MHz ( period = 2.000 ns ) ; stack_control:inst3|lpm_ff9:inst26|lpm_ff:lpm_ff_component|dffs[2]           ; stack_memory:inst|lpm_ff7:1|lpm_ff:lpm_ff_component|dffs[4]                  ; clk        ; clk      ; None                        ; None                      ; 1.567 ns                ;
; N/A   ; Restricted to 500.00 MHz ( period = 2.000 ns ) ; stack_control:inst3|lpm_ff9:inst26|lpm_ff:lpm_ff_component|dffs[2]           ; stack_memory:inst|lpm_ff7:5|lpm_ff:lpm_ff_component|dffs[6]                  ; clk        ; clk      ; None                        ; None                      ; 1.560 ns                ;
; N/A   ; Restricted to 500.00 MHz ( period = 2.000 ns ) ; stack_control:inst3|lpm_ff9:inst26|lpm_ff:lpm_ff_component|dffs[2]           ; stack_memory:inst|lpm_ff7:5|lpm_ff:lpm_ff_component|dffs[7]                  ; clk        ; clk      ; None                        ; None                      ; 1.560 ns                ;
; N/A   ; Restricted to 500.00 MHz ( period = 2.000 ns ) ; stack_control:inst3|lpm_ff9:inst26|lpm_ff:lpm_ff_component|dffs[1]~DUPLICATE ; stack_memory:inst|lpm_ff7:0|lpm_ff:lpm_ff_component|dffs[5]                  ; clk        ; clk      ; None                        ; None                      ; 1.444 ns                ;
; N/A   ; Restricted to 500.00 MHz ( period = 2.000 ns ) ; stack_control:inst3|lpm_ff9:inst26|lpm_ff:lpm_ff_component|dffs[1]~DUPLICATE ; stack_memory:inst|lpm_ff7:0|lpm_ff:lpm_ff_component|dffs[6]                  ; clk        ; clk      ; None                        ; None                      ; 1.444 ns                ;
; N/A   ; Restricted to 500.00 MHz ( period = 2.000 ns ) ; stack_control:inst3|lpm_ff9:inst26|lpm_ff:lpm_ff_component|dffs[1]~DUPLICATE ; stack_memory:inst|lpm_ff7:0|lpm_ff:lpm_ff_component|dffs[7]                  ; clk        ; clk      ; None                        ; None                      ; 1.444 ns                ;
; N/A   ; Restricted to 500.00 MHz ( period = 2.000 ns ) ; stack_control:inst3|lpm_ff9:inst26|lpm_ff:lpm_ff_component|dffs[0]           ; stack_memory:inst|lpm_ff7:5|lpm_ff:lpm_ff_component|dffs[6]                  ; clk        ; clk      ; None                        ; None                      ; 1.422 ns                ;
; N/A   ; Restricted to 500.00 MHz ( period = 2.000 ns ) ; stack_control:inst3|lpm_ff9:inst26|lpm_ff:lpm_ff_component|dffs[0]           ; stack_memory:inst|lpm_ff7:5|lpm_ff:lpm_ff_component|dffs[7]                  ; clk        ; clk      ; None                        ; None                      ; 1.422 ns                ;
; N/A   ; Restricted to 500.00 MHz ( period = 2.000 ns ) ; stack_control:inst3|lpm_ff9:inst26|lpm_ff:lpm_ff_component|dffs[2]           ; stack_memory:inst|lpm_ff7:0|lpm_ff:lpm_ff_component|dffs[5]                  ; clk        ; clk      ; None                        ; None                      ; 1.342 ns                ;
; N/A   ; Restricted to 500.00 MHz ( period = 2.000 ns ) ; stack_control:inst3|lpm_ff9:inst26|lpm_ff:lpm_ff_component|dffs[2]           ; stack_memory:inst|lpm_ff7:0|lpm_ff:lpm_ff_component|dffs[6]                  ; clk        ; clk      ; None                        ; None                      ; 1.342 ns                ;
; N/A   ; Restricted to 500.00 MHz ( period = 2.000 ns ) ; stack_control:inst3|lpm_ff9:inst26|lpm_ff:lpm_ff_component|dffs[2]           ; stack_memory:inst|lpm_ff7:0|lpm_ff:lpm_ff_component|dffs[7]                  ; clk        ; clk      ; None                        ; None                      ; 1.342 ns                ;
; N/A   ; Restricted to 500.00 MHz ( period = 2.000 ns ) ; stack_control:inst3|lpm_ff9:inst26|lpm_ff:lpm_ff_component|dffs[1]           ; stack_memory:inst|lpm_ff7:5|lpm_ff:lpm_ff_component|dffs[6]                  ; clk        ; clk      ; None                        ; None                      ; 1.250 ns                ;
; N/A   ; Restricted to 500.00 MHz ( period = 2.000 ns ) ; stack_control:inst3|lpm_ff9:inst26|lpm_ff:lpm_ff_component|dffs[1]           ; stack_memory:inst|lpm_ff7:5|lpm_ff:lpm_ff_component|dffs[7]                  ; clk        ; clk      ; None                        ; None                      ; 1.250 ns                ;
; N/A   ; Restricted to 500.00 MHz ( period = 2.000 ns ) ; stack_control:inst3|lpm_ff9:inst26|lpm_ff:lpm_ff_component|dffs[2]           ; stack_control:inst3|lpm_ff9:inst26|lpm_ff:lpm_ff_component|dffs[1]           ; clk        ; clk      ; None                        ; None                      ; 1.072 ns                ;
; N/A   ; Restricted to 500.00 MHz ( period = 2.000 ns ) ; stack_control:inst3|lpm_ff9:inst26|lpm_ff:lpm_ff_component|dffs[2]           ; stack_control:inst3|lpm_ff9:inst26|lpm_ff:lpm_ff_component|dffs[0]           ; clk        ; clk      ; None                        ; None                      ; 1.072 ns                ;
; N/A   ; Restricted to 500.00 MHz ( period = 2.000 ns ) ; stack_control:inst3|lpm_ff9:inst26|lpm_ff:lpm_ff_component|dffs[2]           ; stack_control:inst3|lpm_ff9:inst26|lpm_ff:lpm_ff_component|dffs[1]~DUPLICATE ; clk        ; clk      ; None                        ; None                      ; 1.072 ns                ;
; N/A   ; Restricted to 500.00 MHz ( period = 2.000 ns ) ; stack_control:inst3|lpm_ff9:inst26|lpm_ff:lpm_ff_component|dffs[1]~DUPLICATE ; stack_control:inst3|lpm_ff9:inst26|lpm_ff:lpm_ff_component|dffs[2]           ; clk        ; clk      ; None                        ; None                      ; 0.852 ns                ;
; N/A   ; Restricted to 500.00 MHz ( period = 2.000 ns ) ; stack_control:inst3|lpm_ff9:inst26|lpm_ff:lpm_ff_component|dffs[1]~DUPLICATE ; stack_control:inst3|lpm_ff9:inst26|lpm_ff:lpm_ff_component|dffs[0]           ; clk        ; clk      ; None                        ; None                      ; 0.738 ns                ;
; N/A   ; Restricted to 500.00 MHz ( period = 2.000 ns ) ; stack_control:inst3|lpm_ff9:inst26|lpm_ff:lpm_ff_component|dffs[0]           ; stack_control:inst3|lpm_ff9:inst26|lpm_ff:lpm_ff_component|dffs[2]           ; clk        ; clk      ; None                        ; None                      ; 0.551 ns                ;
; N/A   ; Restricted to 500.00 MHz ( period = 2.000 ns ) ; stack_control:inst3|lpm_ff9:inst26|lpm_ff:lpm_ff_component|dffs[0]           ; stack_control:inst3|lpm_ff9:inst26|lpm_ff:lpm_ff_component|dffs[1]           ; clk        ; clk      ; None                        ; None                      ; 0.544 ns                ;
; N/A   ; Restricted to 500.00 MHz ( period = 2.000 ns ) ; stack_control:inst3|lpm_ff9:inst26|lpm_ff:lpm_ff_component|dffs[0]           ; stack_control:inst3|lpm_ff9:inst26|lpm_ff:lpm_ff_component|dffs[1]~DUPLICATE ; clk        ; clk      ; None                        ; None                      ; 0.544 ns                ;
; N/A   ; Restricted to 500.00 MHz ( period = 2.000 ns ) ; stack_control:inst3|lpm_ff9:inst26|lpm_ff:lpm_ff_component|dffs[1]           ; stack_control:inst3|lpm_ff9:inst26|lpm_ff:lpm_ff_component|dffs[1]           ; clk        ; clk      ; None                        ; None                      ; 0.396 ns                ;
; N/A   ; Restricted to 500.00 MHz ( period = 2.000 ns ) ; stack_control:inst3|lpm_ff9:inst26|lpm_ff:lpm_ff_component|dffs[2]           ; stack_control:inst3|lpm_ff9:inst26|lpm_ff:lpm_ff_component|dffs[2]           ; clk        ; clk      ; None                        ; None                      ; 0.396 ns                ;
; N/A   ; Restricted to 500.00 MHz ( period = 2.000 ns ) ; stack_control:inst3|lpm_ff9:inst26|lpm_ff:lpm_ff_component|dffs[0]           ; stack_control:inst3|lpm_ff9:inst26|lpm_ff:lpm_ff_component|dffs[0]           ; clk        ; clk      ; None                        ; None                      ; 0.396 ns                ;
; N/A   ; Restricted to 500.00 MHz ( period = 2.000 ns ) ; stack_control:inst3|lpm_ff9:inst26|lpm_ff:lpm_ff_component|dffs[1]~DUPLICATE ; stack_control:inst3|lpm_ff9:inst26|lpm_ff:lpm_ff_component|dffs[1]~DUPLICATE ; clk        ; clk      ; None                        ; None                      ; 0.396 ns                ;
+-------+------------------------------------------------+------------------------------------------------------------------------------+------------------------------------------------------------------------------+------------+----------+-----------------------------+---------------------------+-------------------------+


+-------------------------------------------------------------------------------------------------------------------------------------------------------------------------------------------------------------------+
; tsu                                                                                                                                                                                                               ;
+-----------------------------------------+-----------------------------------------------------+------------+------------+------------------------------------------------------------------------------+----------+
; Slack                                   ; Required tsu                                        ; Actual tsu ; From       ; To                                                                           ; To Clock ;
+-----------------------------------------+-----------------------------------------------------+------------+------------+------------------------------------------------------------------------------+----------+
; N/A                                     ; None                                                ; 4.318 ns   ; stack_en   ; stack_memory:inst|lpm_ff7:2|lpm_ff:lpm_ff_component|dffs[5]                  ; clk      ;
; N/A                                     ; None                                                ; 4.318 ns   ; stack_en   ; stack_memory:inst|lpm_ff7:2|lpm_ff:lpm_ff_component|dffs[7]                  ; clk      ;
; N/A                                     ; None                                                ; 4.302 ns   ; stack_en   ; stack_memory:inst|lpm_ff7:0|lpm_ff:lpm_ff_component|dffs[4]                  ; clk      ;
; N/A                                     ; None                                                ; 4.302 ns   ; stack_en   ; stack_memory:inst|lpm_ff7:0|lpm_ff:lpm_ff_component|dffs[3]                  ; clk      ;
; N/A                                     ; None                                                ; 4.302 ns   ; stack_en   ; stack_memory:inst|lpm_ff7:0|lpm_ff:lpm_ff_component|dffs[2]                  ; clk      ;
; N/A                                     ; None                                                ; 4.302 ns   ; stack_en   ; stack_memory:inst|lpm_ff7:0|lpm_ff:lpm_ff_component|dffs[1]                  ; clk      ;
; N/A                                     ; None                                                ; 4.302 ns   ; stack_en   ; stack_memory:inst|lpm_ff7:0|lpm_ff:lpm_ff_component|dffs[0]                  ; clk      ;
; N/A                                     ; None                                                ; 4.282 ns   ; stack_en   ; stack_memory:inst|lpm_ff7:5|lpm_ff:lpm_ff_component|dffs[4]                  ; clk      ;
; N/A                                     ; None                                                ; 4.282 ns   ; stack_en   ; stack_memory:inst|lpm_ff7:5|lpm_ff:lpm_ff_component|dffs[3]                  ; clk      ;
; N/A                                     ; None                                                ; 4.282 ns   ; stack_en   ; stack_memory:inst|lpm_ff7:5|lpm_ff:lpm_ff_component|dffs[2]                  ; clk      ;
; N/A                                     ; None                                                ; 4.282 ns   ; stack_en   ; stack_memory:inst|lpm_ff7:5|lpm_ff:lpm_ff_component|dffs[1]                  ; clk      ;
; N/A                                     ; None                                                ; 4.282 ns   ; stack_en   ; stack_memory:inst|lpm_ff7:5|lpm_ff:lpm_ff_component|dffs[0]                  ; clk      ;
; N/A                                     ; None                                                ; 4.279 ns   ; stack_en   ; stack_memory:inst|lpm_ff7:2|lpm_ff:lpm_ff_component|dffs[6]                  ; clk      ;
; N/A                                     ; None                                                ; 4.279 ns   ; stack_en   ; stack_memory:inst|lpm_ff7:2|lpm_ff:lpm_ff_component|dffs[4]                  ; clk      ;
; N/A                                     ; None                                                ; 4.279 ns   ; stack_en   ; stack_memory:inst|lpm_ff7:2|lpm_ff:lpm_ff_component|dffs[3]                  ; clk      ;
; N/A                                     ; None                                                ; 4.279 ns   ; stack_en   ; stack_memory:inst|lpm_ff7:2|lpm_ff:lpm_ff_component|dffs[2]                  ; clk      ;
; N/A                                     ; None                                                ; 4.279 ns   ; stack_en   ; stack_memory:inst|lpm_ff7:2|lpm_ff:lpm_ff_component|dffs[1]                  ; clk      ;
; N/A                                     ; None                                                ; 4.279 ns   ; stack_en   ; stack_memory:inst|lpm_ff7:2|lpm_ff:lpm_ff_component|dffs[0]                  ; clk      ;
; N/A                                     ; None                                                ; 4.169 ns   ; stack_en   ; stack_memory:inst|lpm_ff7:5|lpm_ff:lpm_ff_component|dffs[5]                  ; clk      ;
; N/A                                     ; None                                                ; 4.133 ns   ; CMD[0]     ; stack_memory:inst|lpm_ff7:2|lpm_ff:lpm_ff_component|dffs[5]                  ; clk      ;
; N/A                                     ; None                                                ; 4.133 ns   ; CMD[0]     ; stack_memory:inst|lpm_ff7:2|lpm_ff:lpm_ff_component|dffs[7]                  ; clk      ;
; N/A                                     ; None                                                ; 4.109 ns   ; CMD[0]     ; stack_memory:inst|lpm_ff7:0|lpm_ff:lpm_ff_component|dffs[4]                  ; clk      ;
; N/A                                     ; None                                                ; 4.109 ns   ; CMD[0]     ; stack_memory:inst|lpm_ff7:0|lpm_ff:lpm_ff_component|dffs[3]                  ; clk      ;
; N/A                                     ; None                                                ; 4.109 ns   ; CMD[0]     ; stack_memory:inst|lpm_ff7:0|lpm_ff:lpm_ff_component|dffs[2]                  ; clk      ;
; N/A                                     ; None                                                ; 4.109 ns   ; CMD[0]     ; stack_memory:inst|lpm_ff7:0|lpm_ff:lpm_ff_component|dffs[1]                  ; clk      ;
; N/A                                     ; None                                                ; 4.109 ns   ; CMD[0]     ; stack_memory:inst|lpm_ff7:0|lpm_ff:lpm_ff_component|dffs[0]                  ; clk      ;
; N/A                                     ; None                                                ; 4.107 ns   ; CMD[0]     ; stack_memory:inst|lpm_ff7:5|lpm_ff:lpm_ff_component|dffs[4]                  ; clk      ;
; N/A                                     ; None                                                ; 4.107 ns   ; CMD[0]     ; stack_memory:inst|lpm_ff7:5|lpm_ff:lpm_ff_component|dffs[3]                  ; clk      ;
; N/A                                     ; None                                                ; 4.107 ns   ; CMD[0]     ; stack_memory:inst|lpm_ff7:5|lpm_ff:lpm_ff_component|dffs[2]                  ; clk      ;
; N/A                                     ; None                                                ; 4.107 ns   ; CMD[0]     ; stack_memory:inst|lpm_ff7:5|lpm_ff:lpm_ff_component|dffs[1]                  ; clk      ;
; N/A                                     ; None                                                ; 4.107 ns   ; CMD[0]     ; stack_memory:inst|lpm_ff7:5|lpm_ff:lpm_ff_component|dffs[0]                  ; clk      ;
; N/A                                     ; None                                                ; 4.096 ns   ; CMD[1]     ; stack_memory:inst|lpm_ff7:2|lpm_ff:lpm_ff_component|dffs[5]                  ; clk      ;
; N/A                                     ; None                                                ; 4.096 ns   ; CMD[1]     ; stack_memory:inst|lpm_ff7:2|lpm_ff:lpm_ff_component|dffs[7]                  ; clk      ;
; N/A                                     ; None                                                ; 4.094 ns   ; CMD[0]     ; stack_memory:inst|lpm_ff7:2|lpm_ff:lpm_ff_component|dffs[6]                  ; clk      ;
; N/A                                     ; None                                                ; 4.094 ns   ; CMD[0]     ; stack_memory:inst|lpm_ff7:2|lpm_ff:lpm_ff_component|dffs[4]                  ; clk      ;
; N/A                                     ; None                                                ; 4.094 ns   ; CMD[0]     ; stack_memory:inst|lpm_ff7:2|lpm_ff:lpm_ff_component|dffs[3]                  ; clk      ;
; N/A                                     ; None                                                ; 4.094 ns   ; CMD[0]     ; stack_memory:inst|lpm_ff7:2|lpm_ff:lpm_ff_component|dffs[2]                  ; clk      ;
; N/A                                     ; None                                                ; 4.094 ns   ; CMD[0]     ; stack_memory:inst|lpm_ff7:2|lpm_ff:lpm_ff_component|dffs[1]                  ; clk      ;
; N/A                                     ; None                                                ; 4.094 ns   ; CMD[0]     ; stack_memory:inst|lpm_ff7:2|lpm_ff:lpm_ff_component|dffs[0]                  ; clk      ;
; N/A                                     ; None                                                ; 4.080 ns   ; CMD[1]     ; stack_memory:inst|lpm_ff7:0|lpm_ff:lpm_ff_component|dffs[4]                  ; clk      ;
; N/A                                     ; None                                                ; 4.080 ns   ; CMD[1]     ; stack_memory:inst|lpm_ff7:0|lpm_ff:lpm_ff_component|dffs[3]                  ; clk      ;
; N/A                                     ; None                                                ; 4.080 ns   ; CMD[1]     ; stack_memory:inst|lpm_ff7:0|lpm_ff:lpm_ff_component|dffs[2]                  ; clk      ;
; N/A                                     ; None                                                ; 4.080 ns   ; CMD[1]     ; stack_memory:inst|lpm_ff7:0|lpm_ff:lpm_ff_component|dffs[1]                  ; clk      ;
; N/A                                     ; None                                                ; 4.080 ns   ; CMD[1]     ; stack_memory:inst|lpm_ff7:0|lpm_ff:lpm_ff_component|dffs[0]                  ; clk      ;
; N/A                                     ; None                                                ; 4.069 ns   ; CMD[1]     ; stack_memory:inst|lpm_ff7:5|lpm_ff:lpm_ff_component|dffs[4]                  ; clk      ;
; N/A                                     ; None                                                ; 4.069 ns   ; CMD[1]     ; stack_memory:inst|lpm_ff7:5|lpm_ff:lpm_ff_component|dffs[3]                  ; clk      ;
; N/A                                     ; None                                                ; 4.069 ns   ; CMD[1]     ; stack_memory:inst|lpm_ff7:5|lpm_ff:lpm_ff_component|dffs[2]                  ; clk      ;
; N/A                                     ; None                                                ; 4.069 ns   ; CMD[1]     ; stack_memory:inst|lpm_ff7:5|lpm_ff:lpm_ff_component|dffs[1]                  ; clk      ;
; N/A                                     ; None                                                ; 4.069 ns   ; CMD[1]     ; stack_memory:inst|lpm_ff7:5|lpm_ff:lpm_ff_component|dffs[0]                  ; clk      ;
; N/A                                     ; None                                                ; 4.057 ns   ; CMD[1]     ; stack_memory:inst|lpm_ff7:2|lpm_ff:lpm_ff_component|dffs[6]                  ; clk      ;
; N/A                                     ; None                                                ; 4.057 ns   ; CMD[1]     ; stack_memory:inst|lpm_ff7:2|lpm_ff:lpm_ff_component|dffs[4]                  ; clk      ;
; N/A                                     ; None                                                ; 4.057 ns   ; CMD[1]     ; stack_memory:inst|lpm_ff7:2|lpm_ff:lpm_ff_component|dffs[3]                  ; clk      ;
; N/A                                     ; None                                                ; 4.057 ns   ; CMD[1]     ; stack_memory:inst|lpm_ff7:2|lpm_ff:lpm_ff_component|dffs[2]                  ; clk      ;
; N/A                                     ; None                                                ; 4.057 ns   ; CMD[1]     ; stack_memory:inst|lpm_ff7:2|lpm_ff:lpm_ff_component|dffs[1]                  ; clk      ;
; N/A                                     ; None                                                ; 4.057 ns   ; CMD[1]     ; stack_memory:inst|lpm_ff7:2|lpm_ff:lpm_ff_component|dffs[0]                  ; clk      ;
; N/A                                     ; None                                                ; 4.055 ns   ; stack_en   ; stack_memory:inst|lpm_ff7:4|lpm_ff:lpm_ff_component|dffs[3]                  ; clk      ;
; N/A                                     ; None                                                ; 4.055 ns   ; stack_en   ; stack_memory:inst|lpm_ff7:4|lpm_ff:lpm_ff_component|dffs[2]                  ; clk      ;
; N/A                                     ; None                                                ; 4.055 ns   ; stack_en   ; stack_memory:inst|lpm_ff7:4|lpm_ff:lpm_ff_component|dffs[1]                  ; clk      ;
; N/A                                     ; None                                                ; 4.055 ns   ; stack_en   ; stack_memory:inst|lpm_ff7:4|lpm_ff:lpm_ff_component|dffs[0]                  ; clk      ;
; N/A                                     ; None                                                ; 4.054 ns   ; stack_en   ; stack_memory:inst|lpm_ff7:4|lpm_ff:lpm_ff_component|dffs[5]                  ; clk      ;
; N/A                                     ; None                                                ; 4.054 ns   ; stack_en   ; stack_memory:inst|lpm_ff7:4|lpm_ff:lpm_ff_component|dffs[6]                  ; clk      ;
; N/A                                     ; None                                                ; 4.054 ns   ; stack_en   ; stack_memory:inst|lpm_ff7:4|lpm_ff:lpm_ff_component|dffs[7]                  ; clk      ;
; N/A                                     ; None                                                ; 4.054 ns   ; stack_en   ; stack_memory:inst|lpm_ff7:4|lpm_ff:lpm_ff_component|dffs[4]                  ; clk      ;
; N/A                                     ; None                                                ; 3.994 ns   ; CMD[0]     ; stack_memory:inst|lpm_ff7:5|lpm_ff:lpm_ff_component|dffs[5]                  ; clk      ;
; N/A                                     ; None                                                ; 3.970 ns   ; CMD[1]     ; stack_memory:inst|lpm_ff7:3|lpm_ff:lpm_ff_component|dffs[5]                  ; clk      ;
; N/A                                     ; None                                                ; 3.970 ns   ; CMD[1]     ; stack_memory:inst|lpm_ff7:3|lpm_ff:lpm_ff_component|dffs[6]                  ; clk      ;
; N/A                                     ; None                                                ; 3.970 ns   ; CMD[1]     ; stack_memory:inst|lpm_ff7:3|lpm_ff:lpm_ff_component|dffs[7]                  ; clk      ;
; N/A                                     ; None                                                ; 3.970 ns   ; CMD[1]     ; stack_memory:inst|lpm_ff7:3|lpm_ff:lpm_ff_component|dffs[4]                  ; clk      ;
; N/A                                     ; None                                                ; 3.970 ns   ; CMD[1]     ; stack_memory:inst|lpm_ff7:3|lpm_ff:lpm_ff_component|dffs[3]                  ; clk      ;
; N/A                                     ; None                                                ; 3.967 ns   ; CMD[1]     ; stack_memory:inst|lpm_ff7:1|lpm_ff:lpm_ff_component|dffs[3]                  ; clk      ;
; N/A                                     ; None                                                ; 3.967 ns   ; CMD[1]     ; stack_memory:inst|lpm_ff7:1|lpm_ff:lpm_ff_component|dffs[2]                  ; clk      ;
; N/A                                     ; None                                                ; 3.967 ns   ; CMD[1]     ; stack_memory:inst|lpm_ff7:1|lpm_ff:lpm_ff_component|dffs[1]                  ; clk      ;
; N/A                                     ; None                                                ; 3.967 ns   ; CMD[1]     ; stack_memory:inst|lpm_ff7:1|lpm_ff:lpm_ff_component|dffs[0]                  ; clk      ;
; N/A                                     ; None                                                ; 3.965 ns   ; CMD[1]     ; stack_memory:inst|lpm_ff7:3|lpm_ff:lpm_ff_component|dffs[2]                  ; clk      ;
; N/A                                     ; None                                                ; 3.965 ns   ; CMD[1]     ; stack_memory:inst|lpm_ff7:3|lpm_ff:lpm_ff_component|dffs[1]                  ; clk      ;
; N/A                                     ; None                                                ; 3.965 ns   ; CMD[1]     ; stack_memory:inst|lpm_ff7:3|lpm_ff:lpm_ff_component|dffs[0]                  ; clk      ;
; N/A                                     ; None                                                ; 3.961 ns   ; CMD[1]     ; stack_memory:inst|lpm_ff7:1|lpm_ff:lpm_ff_component|dffs[5]                  ; clk      ;
; N/A                                     ; None                                                ; 3.961 ns   ; CMD[1]     ; stack_memory:inst|lpm_ff7:1|lpm_ff:lpm_ff_component|dffs[6]                  ; clk      ;
; N/A                                     ; None                                                ; 3.961 ns   ; CMD[1]     ; stack_memory:inst|lpm_ff7:1|lpm_ff:lpm_ff_component|dffs[7]                  ; clk      ;
; N/A                                     ; None                                                ; 3.961 ns   ; CMD[1]     ; stack_memory:inst|lpm_ff7:1|lpm_ff:lpm_ff_component|dffs[4]                  ; clk      ;
; N/A                                     ; None                                                ; 3.956 ns   ; CMD[1]     ; stack_memory:inst|lpm_ff7:5|lpm_ff:lpm_ff_component|dffs[5]                  ; clk      ;
; N/A                                     ; None                                                ; 3.934 ns   ; stack_en   ; stack_memory:inst|lpm_ff7:3|lpm_ff:lpm_ff_component|dffs[5]                  ; clk      ;
; N/A                                     ; None                                                ; 3.934 ns   ; stack_en   ; stack_memory:inst|lpm_ff7:3|lpm_ff:lpm_ff_component|dffs[6]                  ; clk      ;
; N/A                                     ; None                                                ; 3.934 ns   ; stack_en   ; stack_memory:inst|lpm_ff7:3|lpm_ff:lpm_ff_component|dffs[7]                  ; clk      ;
; N/A                                     ; None                                                ; 3.934 ns   ; stack_en   ; stack_memory:inst|lpm_ff7:3|lpm_ff:lpm_ff_component|dffs[4]                  ; clk      ;
; N/A                                     ; None                                                ; 3.934 ns   ; stack_en   ; stack_memory:inst|lpm_ff7:3|lpm_ff:lpm_ff_component|dffs[3]                  ; clk      ;
; N/A                                     ; None                                                ; 3.931 ns   ; stack_en   ; stack_memory:inst|lpm_ff7:1|lpm_ff:lpm_ff_component|dffs[3]                  ; clk      ;
; N/A                                     ; None                                                ; 3.931 ns   ; stack_en   ; stack_memory:inst|lpm_ff7:1|lpm_ff:lpm_ff_component|dffs[2]                  ; clk      ;
; N/A                                     ; None                                                ; 3.931 ns   ; stack_en   ; stack_memory:inst|lpm_ff7:1|lpm_ff:lpm_ff_component|dffs[1]                  ; clk      ;
; N/A                                     ; None                                                ; 3.931 ns   ; stack_en   ; stack_memory:inst|lpm_ff7:1|lpm_ff:lpm_ff_component|dffs[0]                  ; clk      ;
; N/A                                     ; None                                                ; 3.929 ns   ; stack_en   ; stack_memory:inst|lpm_ff7:3|lpm_ff:lpm_ff_component|dffs[2]                  ; clk      ;
; N/A                                     ; None                                                ; 3.929 ns   ; stack_en   ; stack_memory:inst|lpm_ff7:3|lpm_ff:lpm_ff_component|dffs[1]                  ; clk      ;
; N/A                                     ; None                                                ; 3.929 ns   ; stack_en   ; stack_memory:inst|lpm_ff7:3|lpm_ff:lpm_ff_component|dffs[0]                  ; clk      ;
; N/A                                     ; None                                                ; 3.925 ns   ; stack_en   ; stack_memory:inst|lpm_ff7:1|lpm_ff:lpm_ff_component|dffs[5]                  ; clk      ;
; N/A                                     ; None                                                ; 3.925 ns   ; stack_en   ; stack_memory:inst|lpm_ff7:1|lpm_ff:lpm_ff_component|dffs[6]                  ; clk      ;
; N/A                                     ; None                                                ; 3.925 ns   ; stack_en   ; stack_memory:inst|lpm_ff7:1|lpm_ff:lpm_ff_component|dffs[7]                  ; clk      ;
; N/A                                     ; None                                                ; 3.925 ns   ; stack_en   ; stack_memory:inst|lpm_ff7:1|lpm_ff:lpm_ff_component|dffs[4]                  ; clk      ;
; N/A                                     ; None                                                ; 3.881 ns   ; CMD[0]     ; stack_memory:inst|lpm_ff7:3|lpm_ff:lpm_ff_component|dffs[5]                  ; clk      ;
; N/A                                     ; None                                                ; 3.881 ns   ; CMD[0]     ; stack_memory:inst|lpm_ff7:3|lpm_ff:lpm_ff_component|dffs[6]                  ; clk      ;
; N/A                                     ; None                                                ; 3.881 ns   ; CMD[0]     ; stack_memory:inst|lpm_ff7:3|lpm_ff:lpm_ff_component|dffs[7]                  ; clk      ;
; N/A                                     ; None                                                ; 3.881 ns   ; CMD[0]     ; stack_memory:inst|lpm_ff7:3|lpm_ff:lpm_ff_component|dffs[4]                  ; clk      ;
; N/A                                     ; None                                                ; 3.881 ns   ; CMD[0]     ; stack_memory:inst|lpm_ff7:3|lpm_ff:lpm_ff_component|dffs[3]                  ; clk      ;
; N/A                                     ; None                                                ; 3.880 ns   ; CMD[0]     ; stack_memory:inst|lpm_ff7:4|lpm_ff:lpm_ff_component|dffs[3]                  ; clk      ;
; N/A                                     ; None                                                ; 3.880 ns   ; CMD[0]     ; stack_memory:inst|lpm_ff7:4|lpm_ff:lpm_ff_component|dffs[2]                  ; clk      ;
; N/A                                     ; None                                                ; 3.880 ns   ; CMD[0]     ; stack_memory:inst|lpm_ff7:4|lpm_ff:lpm_ff_component|dffs[1]                  ; clk      ;
; N/A                                     ; None                                                ; 3.880 ns   ; CMD[0]     ; stack_memory:inst|lpm_ff7:4|lpm_ff:lpm_ff_component|dffs[0]                  ; clk      ;
; N/A                                     ; None                                                ; 3.879 ns   ; CMD[0]     ; stack_memory:inst|lpm_ff7:4|lpm_ff:lpm_ff_component|dffs[5]                  ; clk      ;
; N/A                                     ; None                                                ; 3.879 ns   ; CMD[0]     ; stack_memory:inst|lpm_ff7:4|lpm_ff:lpm_ff_component|dffs[6]                  ; clk      ;
; N/A                                     ; None                                                ; 3.879 ns   ; CMD[0]     ; stack_memory:inst|lpm_ff7:4|lpm_ff:lpm_ff_component|dffs[7]                  ; clk      ;
; N/A                                     ; None                                                ; 3.879 ns   ; CMD[0]     ; stack_memory:inst|lpm_ff7:4|lpm_ff:lpm_ff_component|dffs[4]                  ; clk      ;
; N/A                                     ; None                                                ; 3.878 ns   ; CMD[0]     ; stack_memory:inst|lpm_ff7:1|lpm_ff:lpm_ff_component|dffs[3]                  ; clk      ;
; N/A                                     ; None                                                ; 3.878 ns   ; CMD[0]     ; stack_memory:inst|lpm_ff7:1|lpm_ff:lpm_ff_component|dffs[2]                  ; clk      ;
; N/A                                     ; None                                                ; 3.878 ns   ; CMD[0]     ; stack_memory:inst|lpm_ff7:1|lpm_ff:lpm_ff_component|dffs[1]                  ; clk      ;
; N/A                                     ; None                                                ; 3.878 ns   ; CMD[0]     ; stack_memory:inst|lpm_ff7:1|lpm_ff:lpm_ff_component|dffs[0]                  ; clk      ;
; N/A                                     ; None                                                ; 3.876 ns   ; CMD[0]     ; stack_memory:inst|lpm_ff7:3|lpm_ff:lpm_ff_component|dffs[2]                  ; clk      ;
; N/A                                     ; None                                                ; 3.876 ns   ; CMD[0]     ; stack_memory:inst|lpm_ff7:3|lpm_ff:lpm_ff_component|dffs[1]                  ; clk      ;
; N/A                                     ; None                                                ; 3.876 ns   ; CMD[0]     ; stack_memory:inst|lpm_ff7:3|lpm_ff:lpm_ff_component|dffs[0]                  ; clk      ;
; N/A                                     ; None                                                ; 3.872 ns   ; CMD[0]     ; stack_memory:inst|lpm_ff7:1|lpm_ff:lpm_ff_component|dffs[5]                  ; clk      ;
; N/A                                     ; None                                                ; 3.872 ns   ; CMD[0]     ; stack_memory:inst|lpm_ff7:1|lpm_ff:lpm_ff_component|dffs[6]                  ; clk      ;
; N/A                                     ; None                                                ; 3.872 ns   ; CMD[0]     ; stack_memory:inst|lpm_ff7:1|lpm_ff:lpm_ff_component|dffs[7]                  ; clk      ;
; N/A                                     ; None                                                ; 3.872 ns   ; CMD[0]     ; stack_memory:inst|lpm_ff7:1|lpm_ff:lpm_ff_component|dffs[4]                  ; clk      ;
; N/A                                     ; None                                                ; 3.842 ns   ; CMD[1]     ; stack_memory:inst|lpm_ff7:4|lpm_ff:lpm_ff_component|dffs[3]                  ; clk      ;
; N/A                                     ; None                                                ; 3.842 ns   ; CMD[1]     ; stack_memory:inst|lpm_ff7:4|lpm_ff:lpm_ff_component|dffs[2]                  ; clk      ;
; N/A                                     ; None                                                ; 3.842 ns   ; CMD[1]     ; stack_memory:inst|lpm_ff7:4|lpm_ff:lpm_ff_component|dffs[1]                  ; clk      ;
; N/A                                     ; None                                                ; 3.842 ns   ; CMD[1]     ; stack_memory:inst|lpm_ff7:4|lpm_ff:lpm_ff_component|dffs[0]                  ; clk      ;
; N/A                                     ; None                                                ; 3.841 ns   ; CMD[1]     ; stack_memory:inst|lpm_ff7:4|lpm_ff:lpm_ff_component|dffs[5]                  ; clk      ;
; N/A                                     ; None                                                ; 3.841 ns   ; CMD[1]     ; stack_memory:inst|lpm_ff7:4|lpm_ff:lpm_ff_component|dffs[6]                  ; clk      ;
; N/A                                     ; None                                                ; 3.841 ns   ; CMD[1]     ; stack_memory:inst|lpm_ff7:4|lpm_ff:lpm_ff_component|dffs[7]                  ; clk      ;
; N/A                                     ; None                                                ; 3.841 ns   ; CMD[1]     ; stack_memory:inst|lpm_ff7:4|lpm_ff:lpm_ff_component|dffs[4]                  ; clk      ;
; N/A                                     ; None                                                ; 3.817 ns   ; stack_en   ; stack_memory:inst|lpm_ff7:0|lpm_ff:lpm_ff_component|dffs[5]                  ; clk      ;
; N/A                                     ; None                                                ; 3.817 ns   ; stack_en   ; stack_memory:inst|lpm_ff7:0|lpm_ff:lpm_ff_component|dffs[6]                  ; clk      ;
; N/A                                     ; None                                                ; 3.817 ns   ; stack_en   ; stack_memory:inst|lpm_ff7:0|lpm_ff:lpm_ff_component|dffs[7]                  ; clk      ;
; N/A                                     ; None                                                ; 3.782 ns   ; stack_en   ; stack_memory:inst|lpm_ff7:5|lpm_ff:lpm_ff_component|dffs[6]                  ; clk      ;
; N/A                                     ; None                                                ; 3.782 ns   ; stack_en   ; stack_memory:inst|lpm_ff7:5|lpm_ff:lpm_ff_component|dffs[7]                  ; clk      ;
; N/A                                     ; None                                                ; 3.624 ns   ; CMD[0]     ; stack_memory:inst|lpm_ff7:0|lpm_ff:lpm_ff_component|dffs[5]                  ; clk      ;
; N/A                                     ; None                                                ; 3.624 ns   ; CMD[0]     ; stack_memory:inst|lpm_ff7:0|lpm_ff:lpm_ff_component|dffs[6]                  ; clk      ;
; N/A                                     ; None                                                ; 3.624 ns   ; CMD[0]     ; stack_memory:inst|lpm_ff7:0|lpm_ff:lpm_ff_component|dffs[7]                  ; clk      ;
; N/A                                     ; None                                                ; 3.607 ns   ; CMD[0]     ; stack_memory:inst|lpm_ff7:5|lpm_ff:lpm_ff_component|dffs[6]                  ; clk      ;
; N/A                                     ; None                                                ; 3.607 ns   ; CMD[0]     ; stack_memory:inst|lpm_ff7:5|lpm_ff:lpm_ff_component|dffs[7]                  ; clk      ;
; N/A                                     ; None                                                ; 3.595 ns   ; CMD[1]     ; stack_memory:inst|lpm_ff7:0|lpm_ff:lpm_ff_component|dffs[5]                  ; clk      ;
; N/A                                     ; None                                                ; 3.595 ns   ; CMD[1]     ; stack_memory:inst|lpm_ff7:0|lpm_ff:lpm_ff_component|dffs[6]                  ; clk      ;
; N/A                                     ; None                                                ; 3.595 ns   ; CMD[1]     ; stack_memory:inst|lpm_ff7:0|lpm_ff:lpm_ff_component|dffs[7]                  ; clk      ;
; N/A                                     ; None                                                ; 3.569 ns   ; CMD[1]     ; stack_memory:inst|lpm_ff7:5|lpm_ff:lpm_ff_component|dffs[6]                  ; clk      ;
; N/A                                     ; None                                                ; 3.569 ns   ; CMD[1]     ; stack_memory:inst|lpm_ff7:5|lpm_ff:lpm_ff_component|dffs[7]                  ; clk      ;
; N/A                                     ; None                                                ; 3.350 ns   ; data_in[4] ; stack_memory:inst|lpm_ff7:2|lpm_ff:lpm_ff_component|dffs[4]                  ; clk      ;
; N/A                                     ; None                                                ; 3.349 ns   ; data_in[4] ; stack_memory:inst|lpm_ff7:0|lpm_ff:lpm_ff_component|dffs[4]                  ; clk      ;
; N/A                                     ; None                                                ; 3.343 ns   ; data_in[4] ; stack_memory:inst|lpm_ff7:5|lpm_ff:lpm_ff_component|dffs[4]                  ; clk      ;
; N/A                                     ; None                                                ; 3.254 ns   ; data_in[7] ; stack_memory:inst|lpm_ff7:2|lpm_ff:lpm_ff_component|dffs[7]                  ; clk      ;
; N/A                                     ; None                                                ; 3.031 ns   ; data_in[3] ; stack_memory:inst|lpm_ff7:0|lpm_ff:lpm_ff_component|dffs[3]                  ; clk      ;
; N/A                                     ; None                                                ; 3.030 ns   ; data_in[3] ; stack_memory:inst|lpm_ff7:2|lpm_ff:lpm_ff_component|dffs[3]                  ; clk      ;
; N/A                                     ; None                                                ; 3.029 ns   ; data_in[3] ; stack_memory:inst|lpm_ff7:5|lpm_ff:lpm_ff_component|dffs[3]                  ; clk      ;
; N/A                                     ; None                                                ; 3.027 ns   ; data_in[3] ; stack_memory:inst|lpm_ff7:4|lpm_ff:lpm_ff_component|dffs[3]                  ; clk      ;
; N/A                                     ; None                                                ; 3.021 ns   ; data_in[3] ; stack_memory:inst|lpm_ff7:1|lpm_ff:lpm_ff_component|dffs[3]                  ; clk      ;
; N/A                                     ; None                                                ; 2.968 ns   ; data_in[6] ; stack_memory:inst|lpm_ff7:0|lpm_ff:lpm_ff_component|dffs[6]                  ; clk      ;
; N/A                                     ; None                                                ; 2.968 ns   ; data_in[6] ; stack_memory:inst|lpm_ff7:5|lpm_ff:lpm_ff_component|dffs[6]                  ; clk      ;
; N/A                                     ; None                                                ; 2.941 ns   ; data_in[5] ; stack_memory:inst|lpm_ff7:2|lpm_ff:lpm_ff_component|dffs[5]                  ; clk      ;
; N/A                                     ; None                                                ; 2.940 ns   ; data_in[5] ; stack_memory:inst|lpm_ff7:5|lpm_ff:lpm_ff_component|dffs[5]                  ; clk      ;
; N/A                                     ; None                                                ; 2.891 ns   ; data_in[4] ; stack_memory:inst|lpm_ff7:3|lpm_ff:lpm_ff_component|dffs[4]                  ; clk      ;
; N/A                                     ; None                                                ; 2.888 ns   ; data_in[4] ; stack_memory:inst|lpm_ff7:1|lpm_ff:lpm_ff_component|dffs[4]                  ; clk      ;
; N/A                                     ; None                                                ; 2.875 ns   ; CMD[1]     ; stack_control:inst3|lpm_ff9:inst26|lpm_ff:lpm_ff_component|dffs[1]           ; clk      ;
; N/A                                     ; None                                                ; 2.875 ns   ; CMD[1]     ; stack_control:inst3|lpm_ff9:inst26|lpm_ff:lpm_ff_component|dffs[0]           ; clk      ;
; N/A                                     ; None                                                ; 2.875 ns   ; CMD[1]     ; stack_control:inst3|lpm_ff9:inst26|lpm_ff:lpm_ff_component|dffs[1]~DUPLICATE ; clk      ;
; N/A                                     ; None                                                ; 2.873 ns   ; CMD[1]     ; stack_control:inst3|lpm_ff9:inst26|lpm_ff:lpm_ff_component|dffs[2]           ; clk      ;
; N/A                                     ; None                                                ; 2.868 ns   ; data_in[5] ; stack_memory:inst|lpm_ff7:3|lpm_ff:lpm_ff_component|dffs[5]                  ; clk      ;
; N/A                                     ; None                                                ; 2.849 ns   ; data_in[0] ; stack_memory:inst|lpm_ff7:2|lpm_ff:lpm_ff_component|dffs[0]                  ; clk      ;
; N/A                                     ; None                                                ; 2.848 ns   ; data_in[0] ; stack_memory:inst|lpm_ff7:0|lpm_ff:lpm_ff_component|dffs[0]                  ; clk      ;
; N/A                                     ; None                                                ; 2.847 ns   ; data_in[0] ; stack_memory:inst|lpm_ff7:5|lpm_ff:lpm_ff_component|dffs[0]                  ; clk      ;
; N/A                                     ; None                                                ; 2.846 ns   ; data_in[6] ; stack_memory:inst|lpm_ff7:2|lpm_ff:lpm_ff_component|dffs[6]                  ; clk      ;
; N/A                                     ; None                                                ; 2.843 ns   ; stack_en   ; stack_control:inst3|lpm_ff9:inst26|lpm_ff:lpm_ff_component|dffs[1]           ; clk      ;
; N/A                                     ; None                                                ; 2.843 ns   ; stack_en   ; stack_control:inst3|lpm_ff9:inst26|lpm_ff:lpm_ff_component|dffs[0]           ; clk      ;
; N/A                                     ; None                                                ; 2.843 ns   ; stack_en   ; stack_control:inst3|lpm_ff9:inst26|lpm_ff:lpm_ff_component|dffs[1]~DUPLICATE ; clk      ;
; N/A                                     ; None                                                ; 2.828 ns   ; stack_en   ; stack_control:inst3|lpm_ff9:inst26|lpm_ff:lpm_ff_component|dffs[2]           ; clk      ;
; N/A                                     ; None                                                ; 2.826 ns   ; data_in[7] ; stack_memory:inst|lpm_ff7:3|lpm_ff:lpm_ff_component|dffs[7]                  ; clk      ;
; N/A                                     ; None                                                ; 2.826 ns   ; data_in[7] ; stack_memory:inst|lpm_ff7:4|lpm_ff:lpm_ff_component|dffs[7]                  ; clk      ;
; N/A                                     ; None                                                ; 2.800 ns   ; data_in[6] ; stack_memory:inst|lpm_ff7:1|lpm_ff:lpm_ff_component|dffs[6]                  ; clk      ;
; N/A                                     ; None                                                ; 2.790 ns   ; data_in[4] ; stack_memory:inst|lpm_ff7:4|lpm_ff:lpm_ff_component|dffs[4]                  ; clk      ;
; N/A                                     ; None                                                ; 2.786 ns   ; data_in[6] ; stack_memory:inst|lpm_ff7:3|lpm_ff:lpm_ff_component|dffs[6]                  ; clk      ;
; N/A                                     ; None                                                ; 2.784 ns   ; data_in[2] ; stack_memory:inst|lpm_ff7:2|lpm_ff:lpm_ff_component|dffs[2]                  ; clk      ;
; N/A                                     ; None                                                ; 2.784 ns   ; data_in[7] ; stack_memory:inst|lpm_ff7:0|lpm_ff:lpm_ff_component|dffs[7]                  ; clk      ;
; N/A                                     ; None                                                ; 2.783 ns   ; data_in[2] ; stack_memory:inst|lpm_ff7:0|lpm_ff:lpm_ff_component|dffs[2]                  ; clk      ;
; N/A                                     ; None                                                ; 2.782 ns   ; data_in[7] ; stack_memory:inst|lpm_ff7:5|lpm_ff:lpm_ff_component|dffs[7]                  ; clk      ;
; N/A                                     ; None                                                ; 2.772 ns   ; data_in[2] ; stack_memory:inst|lpm_ff7:5|lpm_ff:lpm_ff_component|dffs[2]                  ; clk      ;
; N/A                                     ; None                                                ; 2.757 ns   ; data_in[7] ; stack_memory:inst|lpm_ff7:1|lpm_ff:lpm_ff_component|dffs[7]                  ; clk      ;
; N/A                                     ; None                                                ; 2.690 ns   ; data_in[5] ; stack_memory:inst|lpm_ff7:4|lpm_ff:lpm_ff_component|dffs[5]                  ; clk      ;
; N/A                                     ; None                                                ; 2.686 ns   ; CMD[0]     ; stack_control:inst3|lpm_ff9:inst26|lpm_ff:lpm_ff_component|dffs[2]           ; clk      ;
; N/A                                     ; None                                                ; 2.684 ns   ; data_in[6] ; stack_memory:inst|lpm_ff7:4|lpm_ff:lpm_ff_component|dffs[6]                  ; clk      ;
; N/A                                     ; None                                                ; 2.682 ns   ; data_in[5] ; stack_memory:inst|lpm_ff7:1|lpm_ff:lpm_ff_component|dffs[5]                  ; clk      ;
; N/A                                     ; None                                                ; 2.679 ns   ; CMD[0]     ; stack_control:inst3|lpm_ff9:inst26|lpm_ff:lpm_ff_component|dffs[1]           ; clk      ;
; N/A                                     ; None                                                ; 2.679 ns   ; CMD[0]     ; stack_control:inst3|lpm_ff9:inst26|lpm_ff:lpm_ff_component|dffs[1]~DUPLICATE ; clk      ;
; N/A                                     ; None                                                ; 2.667 ns   ; data_in[5] ; stack_memory:inst|lpm_ff7:0|lpm_ff:lpm_ff_component|dffs[5]                  ; clk      ;
; N/A                                     ; None                                                ; 2.665 ns   ; data_in[1] ; stack_memory:inst|lpm_ff7:0|lpm_ff:lpm_ff_component|dffs[1]                  ; clk      ;
; N/A                                     ; None                                                ; 2.663 ns   ; data_in[1] ; stack_memory:inst|lpm_ff7:2|lpm_ff:lpm_ff_component|dffs[1]                  ; clk      ;
; N/A                                     ; None                                                ; 2.662 ns   ; data_in[1] ; stack_memory:inst|lpm_ff7:5|lpm_ff:lpm_ff_component|dffs[1]                  ; clk      ;
; N/A                                     ; None                                                ; 2.598 ns   ; data_in[2] ; stack_memory:inst|lpm_ff7:3|lpm_ff:lpm_ff_component|dffs[2]                  ; clk      ;
; N/A                                     ; None                                                ; 2.596 ns   ; data_in[2] ; stack_memory:inst|lpm_ff7:1|lpm_ff:lpm_ff_component|dffs[2]                  ; clk      ;
; N/A                                     ; None                                                ; 2.590 ns   ; data_in[2] ; stack_memory:inst|lpm_ff7:4|lpm_ff:lpm_ff_component|dffs[2]                  ; clk      ;
; N/A                                     ; None                                                ; 2.574 ns   ; data_in[0] ; stack_memory:inst|lpm_ff7:1|lpm_ff:lpm_ff_component|dffs[0]                  ; clk      ;
; N/A                                     ; None                                                ; 2.572 ns   ; data_in[0] ; stack_memory:inst|lpm_ff7:4|lpm_ff:lpm_ff_component|dffs[0]                  ; clk      ;
; N/A                                     ; None                                                ; 2.543 ns   ; data_in[3] ; stack_memory:inst|lpm_ff7:3|lpm_ff:lpm_ff_component|dffs[3]                  ; clk      ;
; N/A                                     ; None                                                ; 2.527 ns   ; data_in[1] ; stack_memory:inst|lpm_ff7:1|lpm_ff:lpm_ff_component|dffs[1]                  ; clk      ;
; Timing analysis restricted to 200 rows. ; To change the limit use Settings (Assignments menu) ;            ;            ;                                                                              ;          ;
+-----------------------------------------+-----------------------------------------------------+------------+------------+------------------------------------------------------------------------------+----------+


+---------------------------------------------------------------------------------------------------------------------------------------------+
; tco                                                                                                                                         ;
+-------+--------------+------------+------------------------------------------------------------------------------+-------------+------------+
; Slack ; Required tco ; Actual tco ; From                                                                         ; To          ; From Clock ;
+-------+--------------+------------+------------------------------------------------------------------------------+-------------+------------+
; N/A   ; None         ; 9.196 ns   ; stack_control:inst3|lpm_ff9:inst26|lpm_ff:lpm_ff_component|dffs[0]           ; data_out[4] ; clk        ;
; N/A   ; None         ; 9.131 ns   ; stack_control:inst3|lpm_ff9:inst26|lpm_ff:lpm_ff_component|dffs[1]           ; data_out[4] ; clk        ;
; N/A   ; None         ; 8.932 ns   ; stack_control:inst3|lpm_ff9:inst26|lpm_ff:lpm_ff_component|dffs[0]           ; data_out[0] ; clk        ;
; N/A   ; None         ; 8.748 ns   ; stack_memory:inst|lpm_ff7:4|lpm_ff:lpm_ff_component|dffs[4]                  ; data_out[4] ; clk        ;
; N/A   ; None         ; 8.702 ns   ; stack_control:inst3|lpm_ff9:inst26|lpm_ff:lpm_ff_component|dffs[2]           ; data_out[0] ; clk        ;
; N/A   ; None         ; 8.679 ns   ; stack_control:inst3|lpm_ff9:inst26|lpm_ff:lpm_ff_component|dffs[1]           ; data_out[0] ; clk        ;
; N/A   ; None         ; 8.495 ns   ; stack_memory:inst|lpm_ff7:3|lpm_ff:lpm_ff_component|dffs[4]                  ; data_out[4] ; clk        ;
; N/A   ; None         ; 8.477 ns   ; stack_control:inst3|lpm_ff9:inst26|lpm_ff:lpm_ff_component|dffs[2]           ; data_out[4] ; clk        ;
; N/A   ; None         ; 8.432 ns   ; stack_control:inst3|lpm_ff9:inst26|lpm_ff:lpm_ff_component|dffs[1]           ; data_out[1] ; clk        ;
; N/A   ; None         ; 8.366 ns   ; stack_memory:inst|lpm_ff7:4|lpm_ff:lpm_ff_component|dffs[0]                  ; data_out[0] ; clk        ;
; N/A   ; None         ; 8.181 ns   ; stack_memory:inst|lpm_ff7:0|lpm_ff:lpm_ff_component|dffs[4]                  ; data_out[4] ; clk        ;
; N/A   ; None         ; 8.124 ns   ; stack_control:inst3|lpm_ff9:inst26|lpm_ff:lpm_ff_component|dffs[0]           ; data_out[1] ; clk        ;
; N/A   ; None         ; 8.102 ns   ; stack_control:inst3|lpm_ff9:inst26|lpm_ff:lpm_ff_component|dffs[2]           ; data_out[1] ; clk        ;
; N/A   ; None         ; 8.044 ns   ; stack_memory:inst|lpm_ff7:2|lpm_ff:lpm_ff_component|dffs[4]                  ; data_out[4] ; clk        ;
; N/A   ; None         ; 8.020 ns   ; stack_memory:inst|lpm_ff7:5|lpm_ff:lpm_ff_component|dffs[4]                  ; data_out[4] ; clk        ;
; N/A   ; None         ; 7.964 ns   ; stack_memory:inst|lpm_ff7:3|lpm_ff:lpm_ff_component|dffs[1]                  ; data_out[1] ; clk        ;
; N/A   ; None         ; 7.942 ns   ; stack_memory:inst|lpm_ff7:3|lpm_ff:lpm_ff_component|dffs[0]                  ; data_out[0] ; clk        ;
; N/A   ; None         ; 7.922 ns   ; stack_memory:inst|lpm_ff7:0|lpm_ff:lpm_ff_component|dffs[0]                  ; data_out[0] ; clk        ;
; N/A   ; None         ; 7.920 ns   ; stack_control:inst3|lpm_ff9:inst26|lpm_ff:lpm_ff_component|dffs[1]           ; data_out[3] ; clk        ;
; N/A   ; None         ; 7.664 ns   ; stack_memory:inst|lpm_ff7:2|lpm_ff:lpm_ff_component|dffs[6]                  ; data_out[6] ; clk        ;
; N/A   ; None         ; 7.623 ns   ; stack_control:inst3|lpm_ff9:inst26|lpm_ff:lpm_ff_component|dffs[0]           ; data_out[3] ; clk        ;
; N/A   ; None         ; 7.616 ns   ; stack_memory:inst|lpm_ff7:2|lpm_ff:lpm_ff_component|dffs[0]                  ; data_out[0] ; clk        ;
; N/A   ; None         ; 7.594 ns   ; stack_memory:inst|lpm_ff7:5|lpm_ff:lpm_ff_component|dffs[0]                  ; data_out[0] ; clk        ;
; N/A   ; None         ; 7.590 ns   ; stack_control:inst3|lpm_ff9:inst26|lpm_ff:lpm_ff_component|dffs[0]           ; data_out[7] ; clk        ;
; N/A   ; None         ; 7.589 ns   ; stack_memory:inst|lpm_ff7:4|lpm_ff:lpm_ff_component|dffs[1]                  ; data_out[1] ; clk        ;
; N/A   ; None         ; 7.564 ns   ; stack_control:inst3|lpm_ff9:inst26|lpm_ff:lpm_ff_component|dffs[1]           ; data_out[7] ; clk        ;
; N/A   ; None         ; 7.551 ns   ; stack_control:inst3|lpm_ff9:inst26|lpm_ff:lpm_ff_component|dffs[0]           ; data_out[5] ; clk        ;
; N/A   ; None         ; 7.528 ns   ; stack_control:inst3|lpm_ff9:inst26|lpm_ff:lpm_ff_component|dffs[1]           ; data_out[5] ; clk        ;
; N/A   ; None         ; 7.500 ns   ; stack_control:inst3|lpm_ff9:inst26|lpm_ff:lpm_ff_component|dffs[2]           ; data_out[7] ; clk        ;
; N/A   ; None         ; 7.448 ns   ; stack_control:inst3|lpm_ff9:inst26|lpm_ff:lpm_ff_component|dffs[2]           ; data_out[5] ; clk        ;
; N/A   ; None         ; 7.415 ns   ; stack_memory:inst|lpm_ff7:5|lpm_ff:lpm_ff_component|dffs[7]                  ; data_out[7] ; clk        ;
; N/A   ; None         ; 7.409 ns   ; stack_memory:inst|lpm_ff7:4|lpm_ff:lpm_ff_component|dffs[3]                  ; data_out[3] ; clk        ;
; N/A   ; None         ; 7.394 ns   ; stack_control:inst3|lpm_ff9:inst26|lpm_ff:lpm_ff_component|dffs[0]           ; data_out[2] ; clk        ;
; N/A   ; None         ; 7.387 ns   ; stack_control:inst3|lpm_ff9:inst26|lpm_ff:lpm_ff_component|dffs[0]           ; data_out[6] ; clk        ;
; N/A   ; None         ; 7.347 ns   ; stack_control:inst3|lpm_ff9:inst26|lpm_ff:lpm_ff_component|dffs[2]           ; data_out[3] ; clk        ;
; N/A   ; None         ; 7.326 ns   ; stack_memory:inst|lpm_ff7:0|lpm_ff:lpm_ff_component|dffs[7]                  ; data_out[7] ; clk        ;
; N/A   ; None         ; 7.314 ns   ; stack_control:inst3|lpm_ff9:inst26|lpm_ff:lpm_ff_component|dffs[1]           ; data_out[2] ; clk        ;
; N/A   ; None         ; 7.286 ns   ; stack_memory:inst|lpm_ff7:3|lpm_ff:lpm_ff_component|dffs[3]                  ; data_out[3] ; clk        ;
; N/A   ; None         ; 7.284 ns   ; stack_control:inst3|lpm_ff9:inst26|lpm_ff:lpm_ff_component|dffs[1]~DUPLICATE ; data_out[6] ; clk        ;
; N/A   ; None         ; 7.218 ns   ; stack_memory:inst|lpm_ff7:5|lpm_ff:lpm_ff_component|dffs[1]                  ; data_out[1] ; clk        ;
; N/A   ; None         ; 7.174 ns   ; stack_control:inst3|lpm_ff9:inst26|lpm_ff:lpm_ff_component|dffs[2]           ; data_out[6] ; clk        ;
; N/A   ; None         ; 7.136 ns   ; stack_memory:inst|lpm_ff7:1|lpm_ff:lpm_ff_component|dffs[4]                  ; data_out[4] ; clk        ;
; N/A   ; None         ; 7.123 ns   ; stack_memory:inst|lpm_ff7:0|lpm_ff:lpm_ff_component|dffs[5]                  ; data_out[5] ; clk        ;
; N/A   ; None         ; 7.120 ns   ; stack_memory:inst|lpm_ff7:0|lpm_ff:lpm_ff_component|dffs[6]                  ; data_out[6] ; clk        ;
; N/A   ; None         ; 7.071 ns   ; stack_memory:inst|lpm_ff7:2|lpm_ff:lpm_ff_component|dffs[1]                  ; data_out[1] ; clk        ;
; N/A   ; None         ; 7.063 ns   ; stack_memory:inst|lpm_ff7:0|lpm_ff:lpm_ff_component|dffs[1]                  ; data_out[1] ; clk        ;
; N/A   ; None         ; 7.034 ns   ; stack_memory:inst|lpm_ff7:3|lpm_ff:lpm_ff_component|dffs[2]                  ; data_out[2] ; clk        ;
; N/A   ; None         ; 7.003 ns   ; stack_memory:inst|lpm_ff7:2|lpm_ff:lpm_ff_component|dffs[5]                  ; data_out[5] ; clk        ;
; N/A   ; None         ; 6.984 ns   ; stack_memory:inst|lpm_ff7:1|lpm_ff:lpm_ff_component|dffs[0]                  ; data_out[0] ; clk        ;
; N/A   ; None         ; 6.938 ns   ; stack_control:inst3|lpm_ff9:inst26|lpm_ff:lpm_ff_component|dffs[2]           ; data_out[2] ; clk        ;
; N/A   ; None         ; 6.847 ns   ; stack_memory:inst|lpm_ff7:5|lpm_ff:lpm_ff_component|dffs[6]                  ; data_out[6] ; clk        ;
; N/A   ; None         ; 6.833 ns   ; stack_control:inst3|lpm_ff9:inst26|lpm_ff:lpm_ff_component|dffs[0]           ; full        ; clk        ;
; N/A   ; None         ; 6.806 ns   ; stack_control:inst3|lpm_ff9:inst26|lpm_ff:lpm_ff_component|dffs[1]           ; full        ; clk        ;
; N/A   ; None         ; 6.779 ns   ; stack_memory:inst|lpm_ff7:2|lpm_ff:lpm_ff_component|dffs[7]                  ; data_out[7] ; clk        ;
; N/A   ; None         ; 6.737 ns   ; stack_memory:inst|lpm_ff7:5|lpm_ff:lpm_ff_component|dffs[5]                  ; data_out[5] ; clk        ;
; N/A   ; None         ; 6.711 ns   ; stack_memory:inst|lpm_ff7:5|lpm_ff:lpm_ff_component|dffs[3]                  ; data_out[3] ; clk        ;
; N/A   ; None         ; 6.676 ns   ; stack_control:inst3|lpm_ff9:inst26|lpm_ff:lpm_ff_component|dffs[2]           ; full        ; clk        ;
; N/A   ; None         ; 6.619 ns   ; stack_memory:inst|lpm_ff7:4|lpm_ff:lpm_ff_component|dffs[2]                  ; data_out[2] ; clk        ;
; N/A   ; None         ; 6.589 ns   ; stack_control:inst3|lpm_ff9:inst26|lpm_ff:lpm_ff_component|dffs[1]           ; empty       ; clk        ;
; N/A   ; None         ; 6.458 ns   ; stack_control:inst3|lpm_ff9:inst26|lpm_ff:lpm_ff_component|dffs[2]           ; empty       ; clk        ;
; N/A   ; None         ; 6.457 ns   ; stack_control:inst3|lpm_ff9:inst26|lpm_ff:lpm_ff_component|dffs[0]           ; empty       ; clk        ;
; N/A   ; None         ; 6.442 ns   ; stack_memory:inst|lpm_ff7:0|lpm_ff:lpm_ff_component|dffs[3]                  ; data_out[3] ; clk        ;
; N/A   ; None         ; 6.436 ns   ; stack_memory:inst|lpm_ff7:4|lpm_ff:lpm_ff_component|dffs[6]                  ; data_out[6] ; clk        ;
; N/A   ; None         ; 6.434 ns   ; stack_control:inst3|lpm_ff9:inst26|lpm_ff:lpm_ff_component|dffs[1]           ; data_out[6] ; clk        ;
; N/A   ; None         ; 6.391 ns   ; stack_memory:inst|lpm_ff7:1|lpm_ff:lpm_ff_component|dffs[1]                  ; data_out[1] ; clk        ;
; N/A   ; None         ; 6.381 ns   ; stack_memory:inst|lpm_ff7:0|lpm_ff:lpm_ff_component|dffs[2]                  ; data_out[2] ; clk        ;
; N/A   ; None         ; 6.361 ns   ; stack_memory:inst|lpm_ff7:5|lpm_ff:lpm_ff_component|dffs[2]                  ; data_out[2] ; clk        ;
; N/A   ; None         ; 6.335 ns   ; stack_memory:inst|lpm_ff7:2|lpm_ff:lpm_ff_component|dffs[3]                  ; data_out[3] ; clk        ;
; N/A   ; None         ; 6.333 ns   ; stack_memory:inst|lpm_ff7:3|lpm_ff:lpm_ff_component|dffs[6]                  ; data_out[6] ; clk        ;
; N/A   ; None         ; 6.060 ns   ; stack_memory:inst|lpm_ff7:4|lpm_ff:lpm_ff_component|dffs[5]                  ; data_out[5] ; clk        ;
; N/A   ; None         ; 6.057 ns   ; stack_memory:inst|lpm_ff7:1|lpm_ff:lpm_ff_component|dffs[6]                  ; data_out[6] ; clk        ;
; N/A   ; None         ; 5.976 ns   ; stack_memory:inst|lpm_ff7:2|lpm_ff:lpm_ff_component|dffs[2]                  ; data_out[2] ; clk        ;
; N/A   ; None         ; 5.960 ns   ; stack_memory:inst|lpm_ff7:3|lpm_ff:lpm_ff_component|dffs[7]                  ; data_out[7] ; clk        ;
; N/A   ; None         ; 5.928 ns   ; stack_memory:inst|lpm_ff7:3|lpm_ff:lpm_ff_component|dffs[5]                  ; data_out[5] ; clk        ;
; N/A   ; None         ; 5.884 ns   ; stack_memory:inst|lpm_ff7:1|lpm_ff:lpm_ff_component|dffs[7]                  ; data_out[7] ; clk        ;
; N/A   ; None         ; 5.716 ns   ; stack_memory:inst|lpm_ff7:1|lpm_ff:lpm_ff_component|dffs[3]                  ; data_out[3] ; clk        ;
; N/A   ; None         ; 5.702 ns   ; stack_memory:inst|lpm_ff7:4|lpm_ff:lpm_ff_component|dffs[7]                  ; data_out[7] ; clk        ;
; N/A   ; None         ; 5.646 ns   ; stack_memory:inst|lpm_ff7:1|lpm_ff:lpm_ff_component|dffs[5]                  ; data_out[5] ; clk        ;
; N/A   ; None         ; 5.348 ns   ; stack_memory:inst|lpm_ff7:1|lpm_ff:lpm_ff_component|dffs[2]                  ; data_out[2] ; clk        ;
+-------+--------------+------------+------------------------------------------------------------------------------+-------------+------------+


+------------------------------------------------------------------------------------------------------------------------------------------------------------------------------------------------------------------+
; th                                                                                                                                                                                                               ;
+-----------------------------------------+-----------------------------------------------------+-----------+------------+------------------------------------------------------------------------------+----------+
; Minimum Slack                           ; Required th                                         ; Actual th ; From       ; To                                                                           ; To Clock ;
+-----------------------------------------+-----------------------------------------------------+-----------+------------+------------------------------------------------------------------------------+----------+
; N/A                                     ; None                                                ; -2.188 ns ; CMD[0]     ; stack_control:inst3|lpm_ff9:inst26|lpm_ff:lpm_ff_component|dffs[0]           ; clk      ;
; N/A                                     ; None                                                ; -2.232 ns ; data_in[0] ; stack_memory:inst|lpm_ff7:3|lpm_ff:lpm_ff_component|dffs[0]                  ; clk      ;
; N/A                                     ; None                                                ; -2.280 ns ; data_in[1] ; stack_memory:inst|lpm_ff7:3|lpm_ff:lpm_ff_component|dffs[1]                  ; clk      ;
; N/A                                     ; None                                                ; -2.285 ns ; data_in[1] ; stack_memory:inst|lpm_ff7:4|lpm_ff:lpm_ff_component|dffs[1]                  ; clk      ;
; N/A                                     ; None                                                ; -2.288 ns ; data_in[1] ; stack_memory:inst|lpm_ff7:1|lpm_ff:lpm_ff_component|dffs[1]                  ; clk      ;
; N/A                                     ; None                                                ; -2.304 ns ; data_in[3] ; stack_memory:inst|lpm_ff7:3|lpm_ff:lpm_ff_component|dffs[3]                  ; clk      ;
; N/A                                     ; None                                                ; -2.333 ns ; data_in[0] ; stack_memory:inst|lpm_ff7:4|lpm_ff:lpm_ff_component|dffs[0]                  ; clk      ;
; N/A                                     ; None                                                ; -2.335 ns ; data_in[0] ; stack_memory:inst|lpm_ff7:1|lpm_ff:lpm_ff_component|dffs[0]                  ; clk      ;
; N/A                                     ; None                                                ; -2.351 ns ; data_in[2] ; stack_memory:inst|lpm_ff7:4|lpm_ff:lpm_ff_component|dffs[2]                  ; clk      ;
; N/A                                     ; None                                                ; -2.357 ns ; data_in[2] ; stack_memory:inst|lpm_ff7:1|lpm_ff:lpm_ff_component|dffs[2]                  ; clk      ;
; N/A                                     ; None                                                ; -2.359 ns ; data_in[2] ; stack_memory:inst|lpm_ff7:3|lpm_ff:lpm_ff_component|dffs[2]                  ; clk      ;
; N/A                                     ; None                                                ; -2.423 ns ; data_in[1] ; stack_memory:inst|lpm_ff7:5|lpm_ff:lpm_ff_component|dffs[1]                  ; clk      ;
; N/A                                     ; None                                                ; -2.424 ns ; data_in[1] ; stack_memory:inst|lpm_ff7:2|lpm_ff:lpm_ff_component|dffs[1]                  ; clk      ;
; N/A                                     ; None                                                ; -2.426 ns ; data_in[1] ; stack_memory:inst|lpm_ff7:0|lpm_ff:lpm_ff_component|dffs[1]                  ; clk      ;
; N/A                                     ; None                                                ; -2.428 ns ; data_in[5] ; stack_memory:inst|lpm_ff7:0|lpm_ff:lpm_ff_component|dffs[5]                  ; clk      ;
; N/A                                     ; None                                                ; -2.440 ns ; CMD[0]     ; stack_control:inst3|lpm_ff9:inst26|lpm_ff:lpm_ff_component|dffs[1]           ; clk      ;
; N/A                                     ; None                                                ; -2.440 ns ; CMD[0]     ; stack_control:inst3|lpm_ff9:inst26|lpm_ff:lpm_ff_component|dffs[1]~DUPLICATE ; clk      ;
; N/A                                     ; None                                                ; -2.443 ns ; data_in[5] ; stack_memory:inst|lpm_ff7:1|lpm_ff:lpm_ff_component|dffs[5]                  ; clk      ;
; N/A                                     ; None                                                ; -2.445 ns ; data_in[6] ; stack_memory:inst|lpm_ff7:4|lpm_ff:lpm_ff_component|dffs[6]                  ; clk      ;
; N/A                                     ; None                                                ; -2.447 ns ; CMD[0]     ; stack_control:inst3|lpm_ff9:inst26|lpm_ff:lpm_ff_component|dffs[2]           ; clk      ;
; N/A                                     ; None                                                ; -2.451 ns ; data_in[5] ; stack_memory:inst|lpm_ff7:4|lpm_ff:lpm_ff_component|dffs[5]                  ; clk      ;
; N/A                                     ; None                                                ; -2.518 ns ; data_in[7] ; stack_memory:inst|lpm_ff7:1|lpm_ff:lpm_ff_component|dffs[7]                  ; clk      ;
; N/A                                     ; None                                                ; -2.533 ns ; data_in[2] ; stack_memory:inst|lpm_ff7:5|lpm_ff:lpm_ff_component|dffs[2]                  ; clk      ;
; N/A                                     ; None                                                ; -2.543 ns ; data_in[7] ; stack_memory:inst|lpm_ff7:5|lpm_ff:lpm_ff_component|dffs[7]                  ; clk      ;
; N/A                                     ; None                                                ; -2.544 ns ; data_in[2] ; stack_memory:inst|lpm_ff7:0|lpm_ff:lpm_ff_component|dffs[2]                  ; clk      ;
; N/A                                     ; None                                                ; -2.545 ns ; data_in[2] ; stack_memory:inst|lpm_ff7:2|lpm_ff:lpm_ff_component|dffs[2]                  ; clk      ;
; N/A                                     ; None                                                ; -2.545 ns ; data_in[7] ; stack_memory:inst|lpm_ff7:0|lpm_ff:lpm_ff_component|dffs[7]                  ; clk      ;
; N/A                                     ; None                                                ; -2.547 ns ; data_in[6] ; stack_memory:inst|lpm_ff7:3|lpm_ff:lpm_ff_component|dffs[6]                  ; clk      ;
; N/A                                     ; None                                                ; -2.551 ns ; data_in[4] ; stack_memory:inst|lpm_ff7:4|lpm_ff:lpm_ff_component|dffs[4]                  ; clk      ;
; N/A                                     ; None                                                ; -2.561 ns ; data_in[6] ; stack_memory:inst|lpm_ff7:1|lpm_ff:lpm_ff_component|dffs[6]                  ; clk      ;
; N/A                                     ; None                                                ; -2.587 ns ; data_in[7] ; stack_memory:inst|lpm_ff7:3|lpm_ff:lpm_ff_component|dffs[7]                  ; clk      ;
; N/A                                     ; None                                                ; -2.587 ns ; data_in[7] ; stack_memory:inst|lpm_ff7:4|lpm_ff:lpm_ff_component|dffs[7]                  ; clk      ;
; N/A                                     ; None                                                ; -2.589 ns ; stack_en   ; stack_control:inst3|lpm_ff9:inst26|lpm_ff:lpm_ff_component|dffs[2]           ; clk      ;
; N/A                                     ; None                                                ; -2.604 ns ; stack_en   ; stack_control:inst3|lpm_ff9:inst26|lpm_ff:lpm_ff_component|dffs[1]           ; clk      ;
; N/A                                     ; None                                                ; -2.604 ns ; stack_en   ; stack_control:inst3|lpm_ff9:inst26|lpm_ff:lpm_ff_component|dffs[0]           ; clk      ;
; N/A                                     ; None                                                ; -2.604 ns ; stack_en   ; stack_control:inst3|lpm_ff9:inst26|lpm_ff:lpm_ff_component|dffs[1]~DUPLICATE ; clk      ;
; N/A                                     ; None                                                ; -2.607 ns ; data_in[6] ; stack_memory:inst|lpm_ff7:2|lpm_ff:lpm_ff_component|dffs[6]                  ; clk      ;
; N/A                                     ; None                                                ; -2.608 ns ; data_in[0] ; stack_memory:inst|lpm_ff7:5|lpm_ff:lpm_ff_component|dffs[0]                  ; clk      ;
; N/A                                     ; None                                                ; -2.609 ns ; data_in[0] ; stack_memory:inst|lpm_ff7:0|lpm_ff:lpm_ff_component|dffs[0]                  ; clk      ;
; N/A                                     ; None                                                ; -2.610 ns ; data_in[0] ; stack_memory:inst|lpm_ff7:2|lpm_ff:lpm_ff_component|dffs[0]                  ; clk      ;
; N/A                                     ; None                                                ; -2.629 ns ; data_in[5] ; stack_memory:inst|lpm_ff7:3|lpm_ff:lpm_ff_component|dffs[5]                  ; clk      ;
; N/A                                     ; None                                                ; -2.634 ns ; CMD[1]     ; stack_control:inst3|lpm_ff9:inst26|lpm_ff:lpm_ff_component|dffs[2]           ; clk      ;
; N/A                                     ; None                                                ; -2.636 ns ; CMD[1]     ; stack_control:inst3|lpm_ff9:inst26|lpm_ff:lpm_ff_component|dffs[1]           ; clk      ;
; N/A                                     ; None                                                ; -2.636 ns ; CMD[1]     ; stack_control:inst3|lpm_ff9:inst26|lpm_ff:lpm_ff_component|dffs[0]           ; clk      ;
; N/A                                     ; None                                                ; -2.636 ns ; CMD[1]     ; stack_control:inst3|lpm_ff9:inst26|lpm_ff:lpm_ff_component|dffs[1]~DUPLICATE ; clk      ;
; N/A                                     ; None                                                ; -2.649 ns ; data_in[4] ; stack_memory:inst|lpm_ff7:1|lpm_ff:lpm_ff_component|dffs[4]                  ; clk      ;
; N/A                                     ; None                                                ; -2.652 ns ; data_in[4] ; stack_memory:inst|lpm_ff7:3|lpm_ff:lpm_ff_component|dffs[4]                  ; clk      ;
; N/A                                     ; None                                                ; -2.701 ns ; data_in[5] ; stack_memory:inst|lpm_ff7:5|lpm_ff:lpm_ff_component|dffs[5]                  ; clk      ;
; N/A                                     ; None                                                ; -2.702 ns ; data_in[5] ; stack_memory:inst|lpm_ff7:2|lpm_ff:lpm_ff_component|dffs[5]                  ; clk      ;
; N/A                                     ; None                                                ; -2.729 ns ; data_in[6] ; stack_memory:inst|lpm_ff7:0|lpm_ff:lpm_ff_component|dffs[6]                  ; clk      ;
; N/A                                     ; None                                                ; -2.729 ns ; data_in[6] ; stack_memory:inst|lpm_ff7:5|lpm_ff:lpm_ff_component|dffs[6]                  ; clk      ;
; N/A                                     ; None                                                ; -2.782 ns ; data_in[3] ; stack_memory:inst|lpm_ff7:1|lpm_ff:lpm_ff_component|dffs[3]                  ; clk      ;
; N/A                                     ; None                                                ; -2.788 ns ; data_in[3] ; stack_memory:inst|lpm_ff7:4|lpm_ff:lpm_ff_component|dffs[3]                  ; clk      ;
; N/A                                     ; None                                                ; -2.790 ns ; data_in[3] ; stack_memory:inst|lpm_ff7:5|lpm_ff:lpm_ff_component|dffs[3]                  ; clk      ;
; N/A                                     ; None                                                ; -2.791 ns ; data_in[3] ; stack_memory:inst|lpm_ff7:2|lpm_ff:lpm_ff_component|dffs[3]                  ; clk      ;
; N/A                                     ; None                                                ; -2.792 ns ; data_in[3] ; stack_memory:inst|lpm_ff7:0|lpm_ff:lpm_ff_component|dffs[3]                  ; clk      ;
; N/A                                     ; None                                                ; -3.015 ns ; data_in[7] ; stack_memory:inst|lpm_ff7:2|lpm_ff:lpm_ff_component|dffs[7]                  ; clk      ;
; N/A                                     ; None                                                ; -3.104 ns ; data_in[4] ; stack_memory:inst|lpm_ff7:5|lpm_ff:lpm_ff_component|dffs[4]                  ; clk      ;
; N/A                                     ; None                                                ; -3.110 ns ; data_in[4] ; stack_memory:inst|lpm_ff7:0|lpm_ff:lpm_ff_component|dffs[4]                  ; clk      ;
; N/A                                     ; None                                                ; -3.111 ns ; data_in[4] ; stack_memory:inst|lpm_ff7:2|lpm_ff:lpm_ff_component|dffs[4]                  ; clk      ;
; N/A                                     ; None                                                ; -3.330 ns ; CMD[1]     ; stack_memory:inst|lpm_ff7:5|lpm_ff:lpm_ff_component|dffs[6]                  ; clk      ;
; N/A                                     ; None                                                ; -3.330 ns ; CMD[1]     ; stack_memory:inst|lpm_ff7:5|lpm_ff:lpm_ff_component|dffs[7]                  ; clk      ;
; N/A                                     ; None                                                ; -3.356 ns ; CMD[1]     ; stack_memory:inst|lpm_ff7:0|lpm_ff:lpm_ff_component|dffs[5]                  ; clk      ;
; N/A                                     ; None                                                ; -3.356 ns ; CMD[1]     ; stack_memory:inst|lpm_ff7:0|lpm_ff:lpm_ff_component|dffs[6]                  ; clk      ;
; N/A                                     ; None                                                ; -3.356 ns ; CMD[1]     ; stack_memory:inst|lpm_ff7:0|lpm_ff:lpm_ff_component|dffs[7]                  ; clk      ;
; N/A                                     ; None                                                ; -3.368 ns ; CMD[0]     ; stack_memory:inst|lpm_ff7:5|lpm_ff:lpm_ff_component|dffs[6]                  ; clk      ;
; N/A                                     ; None                                                ; -3.368 ns ; CMD[0]     ; stack_memory:inst|lpm_ff7:5|lpm_ff:lpm_ff_component|dffs[7]                  ; clk      ;
; N/A                                     ; None                                                ; -3.385 ns ; CMD[0]     ; stack_memory:inst|lpm_ff7:0|lpm_ff:lpm_ff_component|dffs[5]                  ; clk      ;
; N/A                                     ; None                                                ; -3.385 ns ; CMD[0]     ; stack_memory:inst|lpm_ff7:0|lpm_ff:lpm_ff_component|dffs[6]                  ; clk      ;
; N/A                                     ; None                                                ; -3.385 ns ; CMD[0]     ; stack_memory:inst|lpm_ff7:0|lpm_ff:lpm_ff_component|dffs[7]                  ; clk      ;
; N/A                                     ; None                                                ; -3.543 ns ; stack_en   ; stack_memory:inst|lpm_ff7:5|lpm_ff:lpm_ff_component|dffs[6]                  ; clk      ;
; N/A                                     ; None                                                ; -3.543 ns ; stack_en   ; stack_memory:inst|lpm_ff7:5|lpm_ff:lpm_ff_component|dffs[7]                  ; clk      ;
; N/A                                     ; None                                                ; -3.578 ns ; stack_en   ; stack_memory:inst|lpm_ff7:0|lpm_ff:lpm_ff_component|dffs[5]                  ; clk      ;
; N/A                                     ; None                                                ; -3.578 ns ; stack_en   ; stack_memory:inst|lpm_ff7:0|lpm_ff:lpm_ff_component|dffs[6]                  ; clk      ;
; N/A                                     ; None                                                ; -3.578 ns ; stack_en   ; stack_memory:inst|lpm_ff7:0|lpm_ff:lpm_ff_component|dffs[7]                  ; clk      ;
; N/A                                     ; None                                                ; -3.602 ns ; CMD[1]     ; stack_memory:inst|lpm_ff7:4|lpm_ff:lpm_ff_component|dffs[5]                  ; clk      ;
; N/A                                     ; None                                                ; -3.602 ns ; CMD[1]     ; stack_memory:inst|lpm_ff7:4|lpm_ff:lpm_ff_component|dffs[6]                  ; clk      ;
; N/A                                     ; None                                                ; -3.602 ns ; CMD[1]     ; stack_memory:inst|lpm_ff7:4|lpm_ff:lpm_ff_component|dffs[7]                  ; clk      ;
; N/A                                     ; None                                                ; -3.602 ns ; CMD[1]     ; stack_memory:inst|lpm_ff7:4|lpm_ff:lpm_ff_component|dffs[4]                  ; clk      ;
; N/A                                     ; None                                                ; -3.603 ns ; CMD[1]     ; stack_memory:inst|lpm_ff7:4|lpm_ff:lpm_ff_component|dffs[3]                  ; clk      ;
; N/A                                     ; None                                                ; -3.603 ns ; CMD[1]     ; stack_memory:inst|lpm_ff7:4|lpm_ff:lpm_ff_component|dffs[2]                  ; clk      ;
; N/A                                     ; None                                                ; -3.603 ns ; CMD[1]     ; stack_memory:inst|lpm_ff7:4|lpm_ff:lpm_ff_component|dffs[1]                  ; clk      ;
; N/A                                     ; None                                                ; -3.603 ns ; CMD[1]     ; stack_memory:inst|lpm_ff7:4|lpm_ff:lpm_ff_component|dffs[0]                  ; clk      ;
; N/A                                     ; None                                                ; -3.633 ns ; CMD[0]     ; stack_memory:inst|lpm_ff7:1|lpm_ff:lpm_ff_component|dffs[5]                  ; clk      ;
; N/A                                     ; None                                                ; -3.633 ns ; CMD[0]     ; stack_memory:inst|lpm_ff7:1|lpm_ff:lpm_ff_component|dffs[6]                  ; clk      ;
; N/A                                     ; None                                                ; -3.633 ns ; CMD[0]     ; stack_memory:inst|lpm_ff7:1|lpm_ff:lpm_ff_component|dffs[7]                  ; clk      ;
; N/A                                     ; None                                                ; -3.633 ns ; CMD[0]     ; stack_memory:inst|lpm_ff7:1|lpm_ff:lpm_ff_component|dffs[4]                  ; clk      ;
; N/A                                     ; None                                                ; -3.637 ns ; CMD[0]     ; stack_memory:inst|lpm_ff7:3|lpm_ff:lpm_ff_component|dffs[2]                  ; clk      ;
; N/A                                     ; None                                                ; -3.637 ns ; CMD[0]     ; stack_memory:inst|lpm_ff7:3|lpm_ff:lpm_ff_component|dffs[1]                  ; clk      ;
; N/A                                     ; None                                                ; -3.637 ns ; CMD[0]     ; stack_memory:inst|lpm_ff7:3|lpm_ff:lpm_ff_component|dffs[0]                  ; clk      ;
; N/A                                     ; None                                                ; -3.639 ns ; CMD[0]     ; stack_memory:inst|lpm_ff7:1|lpm_ff:lpm_ff_component|dffs[3]                  ; clk      ;
; N/A                                     ; None                                                ; -3.639 ns ; CMD[0]     ; stack_memory:inst|lpm_ff7:1|lpm_ff:lpm_ff_component|dffs[2]                  ; clk      ;
; N/A                                     ; None                                                ; -3.639 ns ; CMD[0]     ; stack_memory:inst|lpm_ff7:1|lpm_ff:lpm_ff_component|dffs[1]                  ; clk      ;
; N/A                                     ; None                                                ; -3.639 ns ; CMD[0]     ; stack_memory:inst|lpm_ff7:1|lpm_ff:lpm_ff_component|dffs[0]                  ; clk      ;
; N/A                                     ; None                                                ; -3.640 ns ; CMD[0]     ; stack_memory:inst|lpm_ff7:4|lpm_ff:lpm_ff_component|dffs[5]                  ; clk      ;
; N/A                                     ; None                                                ; -3.640 ns ; CMD[0]     ; stack_memory:inst|lpm_ff7:4|lpm_ff:lpm_ff_component|dffs[6]                  ; clk      ;
; N/A                                     ; None                                                ; -3.640 ns ; CMD[0]     ; stack_memory:inst|lpm_ff7:4|lpm_ff:lpm_ff_component|dffs[7]                  ; clk      ;
; N/A                                     ; None                                                ; -3.640 ns ; CMD[0]     ; stack_memory:inst|lpm_ff7:4|lpm_ff:lpm_ff_component|dffs[4]                  ; clk      ;
; N/A                                     ; None                                                ; -3.641 ns ; CMD[0]     ; stack_memory:inst|lpm_ff7:4|lpm_ff:lpm_ff_component|dffs[3]                  ; clk      ;
; N/A                                     ; None                                                ; -3.641 ns ; CMD[0]     ; stack_memory:inst|lpm_ff7:4|lpm_ff:lpm_ff_component|dffs[2]                  ; clk      ;
; N/A                                     ; None                                                ; -3.641 ns ; CMD[0]     ; stack_memory:inst|lpm_ff7:4|lpm_ff:lpm_ff_component|dffs[1]                  ; clk      ;
; N/A                                     ; None                                                ; -3.641 ns ; CMD[0]     ; stack_memory:inst|lpm_ff7:4|lpm_ff:lpm_ff_component|dffs[0]                  ; clk      ;
; N/A                                     ; None                                                ; -3.642 ns ; CMD[0]     ; stack_memory:inst|lpm_ff7:3|lpm_ff:lpm_ff_component|dffs[5]                  ; clk      ;
; N/A                                     ; None                                                ; -3.642 ns ; CMD[0]     ; stack_memory:inst|lpm_ff7:3|lpm_ff:lpm_ff_component|dffs[6]                  ; clk      ;
; N/A                                     ; None                                                ; -3.642 ns ; CMD[0]     ; stack_memory:inst|lpm_ff7:3|lpm_ff:lpm_ff_component|dffs[7]                  ; clk      ;
; N/A                                     ; None                                                ; -3.642 ns ; CMD[0]     ; stack_memory:inst|lpm_ff7:3|lpm_ff:lpm_ff_component|dffs[4]                  ; clk      ;
; N/A                                     ; None                                                ; -3.642 ns ; CMD[0]     ; stack_memory:inst|lpm_ff7:3|lpm_ff:lpm_ff_component|dffs[3]                  ; clk      ;
; N/A                                     ; None                                                ; -3.686 ns ; stack_en   ; stack_memory:inst|lpm_ff7:1|lpm_ff:lpm_ff_component|dffs[5]                  ; clk      ;
; N/A                                     ; None                                                ; -3.686 ns ; stack_en   ; stack_memory:inst|lpm_ff7:1|lpm_ff:lpm_ff_component|dffs[6]                  ; clk      ;
; N/A                                     ; None                                                ; -3.686 ns ; stack_en   ; stack_memory:inst|lpm_ff7:1|lpm_ff:lpm_ff_component|dffs[7]                  ; clk      ;
; N/A                                     ; None                                                ; -3.686 ns ; stack_en   ; stack_memory:inst|lpm_ff7:1|lpm_ff:lpm_ff_component|dffs[4]                  ; clk      ;
; N/A                                     ; None                                                ; -3.690 ns ; stack_en   ; stack_memory:inst|lpm_ff7:3|lpm_ff:lpm_ff_component|dffs[2]                  ; clk      ;
; N/A                                     ; None                                                ; -3.690 ns ; stack_en   ; stack_memory:inst|lpm_ff7:3|lpm_ff:lpm_ff_component|dffs[1]                  ; clk      ;
; N/A                                     ; None                                                ; -3.690 ns ; stack_en   ; stack_memory:inst|lpm_ff7:3|lpm_ff:lpm_ff_component|dffs[0]                  ; clk      ;
; N/A                                     ; None                                                ; -3.692 ns ; stack_en   ; stack_memory:inst|lpm_ff7:1|lpm_ff:lpm_ff_component|dffs[3]                  ; clk      ;
; N/A                                     ; None                                                ; -3.692 ns ; stack_en   ; stack_memory:inst|lpm_ff7:1|lpm_ff:lpm_ff_component|dffs[2]                  ; clk      ;
; N/A                                     ; None                                                ; -3.692 ns ; stack_en   ; stack_memory:inst|lpm_ff7:1|lpm_ff:lpm_ff_component|dffs[1]                  ; clk      ;
; N/A                                     ; None                                                ; -3.692 ns ; stack_en   ; stack_memory:inst|lpm_ff7:1|lpm_ff:lpm_ff_component|dffs[0]                  ; clk      ;
; N/A                                     ; None                                                ; -3.695 ns ; stack_en   ; stack_memory:inst|lpm_ff7:3|lpm_ff:lpm_ff_component|dffs[5]                  ; clk      ;
; N/A                                     ; None                                                ; -3.695 ns ; stack_en   ; stack_memory:inst|lpm_ff7:3|lpm_ff:lpm_ff_component|dffs[6]                  ; clk      ;
; N/A                                     ; None                                                ; -3.695 ns ; stack_en   ; stack_memory:inst|lpm_ff7:3|lpm_ff:lpm_ff_component|dffs[7]                  ; clk      ;
; N/A                                     ; None                                                ; -3.695 ns ; stack_en   ; stack_memory:inst|lpm_ff7:3|lpm_ff:lpm_ff_component|dffs[4]                  ; clk      ;
; N/A                                     ; None                                                ; -3.695 ns ; stack_en   ; stack_memory:inst|lpm_ff7:3|lpm_ff:lpm_ff_component|dffs[3]                  ; clk      ;
; N/A                                     ; None                                                ; -3.717 ns ; CMD[1]     ; stack_memory:inst|lpm_ff7:5|lpm_ff:lpm_ff_component|dffs[5]                  ; clk      ;
; N/A                                     ; None                                                ; -3.722 ns ; CMD[1]     ; stack_memory:inst|lpm_ff7:1|lpm_ff:lpm_ff_component|dffs[5]                  ; clk      ;
; N/A                                     ; None                                                ; -3.722 ns ; CMD[1]     ; stack_memory:inst|lpm_ff7:1|lpm_ff:lpm_ff_component|dffs[6]                  ; clk      ;
; N/A                                     ; None                                                ; -3.722 ns ; CMD[1]     ; stack_memory:inst|lpm_ff7:1|lpm_ff:lpm_ff_component|dffs[7]                  ; clk      ;
; N/A                                     ; None                                                ; -3.722 ns ; CMD[1]     ; stack_memory:inst|lpm_ff7:1|lpm_ff:lpm_ff_component|dffs[4]                  ; clk      ;
; N/A                                     ; None                                                ; -3.726 ns ; CMD[1]     ; stack_memory:inst|lpm_ff7:3|lpm_ff:lpm_ff_component|dffs[2]                  ; clk      ;
; N/A                                     ; None                                                ; -3.726 ns ; CMD[1]     ; stack_memory:inst|lpm_ff7:3|lpm_ff:lpm_ff_component|dffs[1]                  ; clk      ;
; N/A                                     ; None                                                ; -3.726 ns ; CMD[1]     ; stack_memory:inst|lpm_ff7:3|lpm_ff:lpm_ff_component|dffs[0]                  ; clk      ;
; N/A                                     ; None                                                ; -3.728 ns ; CMD[1]     ; stack_memory:inst|lpm_ff7:1|lpm_ff:lpm_ff_component|dffs[3]                  ; clk      ;
; N/A                                     ; None                                                ; -3.728 ns ; CMD[1]     ; stack_memory:inst|lpm_ff7:1|lpm_ff:lpm_ff_component|dffs[2]                  ; clk      ;
; N/A                                     ; None                                                ; -3.728 ns ; CMD[1]     ; stack_memory:inst|lpm_ff7:1|lpm_ff:lpm_ff_component|dffs[1]                  ; clk      ;
; N/A                                     ; None                                                ; -3.728 ns ; CMD[1]     ; stack_memory:inst|lpm_ff7:1|lpm_ff:lpm_ff_component|dffs[0]                  ; clk      ;
; N/A                                     ; None                                                ; -3.731 ns ; CMD[1]     ; stack_memory:inst|lpm_ff7:3|lpm_ff:lpm_ff_component|dffs[5]                  ; clk      ;
; N/A                                     ; None                                                ; -3.731 ns ; CMD[1]     ; stack_memory:inst|lpm_ff7:3|lpm_ff:lpm_ff_component|dffs[6]                  ; clk      ;
; N/A                                     ; None                                                ; -3.731 ns ; CMD[1]     ; stack_memory:inst|lpm_ff7:3|lpm_ff:lpm_ff_component|dffs[7]                  ; clk      ;
; N/A                                     ; None                                                ; -3.731 ns ; CMD[1]     ; stack_memory:inst|lpm_ff7:3|lpm_ff:lpm_ff_component|dffs[4]                  ; clk      ;
; N/A                                     ; None                                                ; -3.731 ns ; CMD[1]     ; stack_memory:inst|lpm_ff7:3|lpm_ff:lpm_ff_component|dffs[3]                  ; clk      ;
; N/A                                     ; None                                                ; -3.755 ns ; CMD[0]     ; stack_memory:inst|lpm_ff7:5|lpm_ff:lpm_ff_component|dffs[5]                  ; clk      ;
; N/A                                     ; None                                                ; -3.815 ns ; stack_en   ; stack_memory:inst|lpm_ff7:4|lpm_ff:lpm_ff_component|dffs[5]                  ; clk      ;
; N/A                                     ; None                                                ; -3.815 ns ; stack_en   ; stack_memory:inst|lpm_ff7:4|lpm_ff:lpm_ff_component|dffs[6]                  ; clk      ;
; N/A                                     ; None                                                ; -3.815 ns ; stack_en   ; stack_memory:inst|lpm_ff7:4|lpm_ff:lpm_ff_component|dffs[7]                  ; clk      ;
; N/A                                     ; None                                                ; -3.815 ns ; stack_en   ; stack_memory:inst|lpm_ff7:4|lpm_ff:lpm_ff_component|dffs[4]                  ; clk      ;
; N/A                                     ; None                                                ; -3.816 ns ; stack_en   ; stack_memory:inst|lpm_ff7:4|lpm_ff:lpm_ff_component|dffs[3]                  ; clk      ;
; N/A                                     ; None                                                ; -3.816 ns ; stack_en   ; stack_memory:inst|lpm_ff7:4|lpm_ff:lpm_ff_component|dffs[2]                  ; clk      ;
; N/A                                     ; None                                                ; -3.816 ns ; stack_en   ; stack_memory:inst|lpm_ff7:4|lpm_ff:lpm_ff_component|dffs[1]                  ; clk      ;
; N/A                                     ; None                                                ; -3.816 ns ; stack_en   ; stack_memory:inst|lpm_ff7:4|lpm_ff:lpm_ff_component|dffs[0]                  ; clk      ;
; N/A                                     ; None                                                ; -3.818 ns ; CMD[1]     ; stack_memory:inst|lpm_ff7:2|lpm_ff:lpm_ff_component|dffs[6]                  ; clk      ;
; N/A                                     ; None                                                ; -3.818 ns ; CMD[1]     ; stack_memory:inst|lpm_ff7:2|lpm_ff:lpm_ff_component|dffs[4]                  ; clk      ;
; N/A                                     ; None                                                ; -3.818 ns ; CMD[1]     ; stack_memory:inst|lpm_ff7:2|lpm_ff:lpm_ff_component|dffs[3]                  ; clk      ;
; N/A                                     ; None                                                ; -3.818 ns ; CMD[1]     ; stack_memory:inst|lpm_ff7:2|lpm_ff:lpm_ff_component|dffs[2]                  ; clk      ;
; N/A                                     ; None                                                ; -3.818 ns ; CMD[1]     ; stack_memory:inst|lpm_ff7:2|lpm_ff:lpm_ff_component|dffs[1]                  ; clk      ;
; N/A                                     ; None                                                ; -3.818 ns ; CMD[1]     ; stack_memory:inst|lpm_ff7:2|lpm_ff:lpm_ff_component|dffs[0]                  ; clk      ;
; N/A                                     ; None                                                ; -3.830 ns ; CMD[1]     ; stack_memory:inst|lpm_ff7:5|lpm_ff:lpm_ff_component|dffs[4]                  ; clk      ;
; N/A                                     ; None                                                ; -3.830 ns ; CMD[1]     ; stack_memory:inst|lpm_ff7:5|lpm_ff:lpm_ff_component|dffs[3]                  ; clk      ;
; N/A                                     ; None                                                ; -3.830 ns ; CMD[1]     ; stack_memory:inst|lpm_ff7:5|lpm_ff:lpm_ff_component|dffs[2]                  ; clk      ;
; N/A                                     ; None                                                ; -3.830 ns ; CMD[1]     ; stack_memory:inst|lpm_ff7:5|lpm_ff:lpm_ff_component|dffs[1]                  ; clk      ;
; N/A                                     ; None                                                ; -3.830 ns ; CMD[1]     ; stack_memory:inst|lpm_ff7:5|lpm_ff:lpm_ff_component|dffs[0]                  ; clk      ;
; N/A                                     ; None                                                ; -3.841 ns ; CMD[1]     ; stack_memory:inst|lpm_ff7:0|lpm_ff:lpm_ff_component|dffs[4]                  ; clk      ;
; N/A                                     ; None                                                ; -3.841 ns ; CMD[1]     ; stack_memory:inst|lpm_ff7:0|lpm_ff:lpm_ff_component|dffs[3]                  ; clk      ;
; N/A                                     ; None                                                ; -3.841 ns ; CMD[1]     ; stack_memory:inst|lpm_ff7:0|lpm_ff:lpm_ff_component|dffs[2]                  ; clk      ;
; N/A                                     ; None                                                ; -3.841 ns ; CMD[1]     ; stack_memory:inst|lpm_ff7:0|lpm_ff:lpm_ff_component|dffs[1]                  ; clk      ;
; N/A                                     ; None                                                ; -3.841 ns ; CMD[1]     ; stack_memory:inst|lpm_ff7:0|lpm_ff:lpm_ff_component|dffs[0]                  ; clk      ;
; N/A                                     ; None                                                ; -3.855 ns ; CMD[0]     ; stack_memory:inst|lpm_ff7:2|lpm_ff:lpm_ff_component|dffs[6]                  ; clk      ;
; N/A                                     ; None                                                ; -3.855 ns ; CMD[0]     ; stack_memory:inst|lpm_ff7:2|lpm_ff:lpm_ff_component|dffs[4]                  ; clk      ;
; N/A                                     ; None                                                ; -3.855 ns ; CMD[0]     ; stack_memory:inst|lpm_ff7:2|lpm_ff:lpm_ff_component|dffs[3]                  ; clk      ;
; N/A                                     ; None                                                ; -3.855 ns ; CMD[0]     ; stack_memory:inst|lpm_ff7:2|lpm_ff:lpm_ff_component|dffs[2]                  ; clk      ;
; N/A                                     ; None                                                ; -3.855 ns ; CMD[0]     ; stack_memory:inst|lpm_ff7:2|lpm_ff:lpm_ff_component|dffs[1]                  ; clk      ;
; N/A                                     ; None                                                ; -3.855 ns ; CMD[0]     ; stack_memory:inst|lpm_ff7:2|lpm_ff:lpm_ff_component|dffs[0]                  ; clk      ;
; N/A                                     ; None                                                ; -3.857 ns ; CMD[1]     ; stack_memory:inst|lpm_ff7:2|lpm_ff:lpm_ff_component|dffs[5]                  ; clk      ;
; N/A                                     ; None                                                ; -3.857 ns ; CMD[1]     ; stack_memory:inst|lpm_ff7:2|lpm_ff:lpm_ff_component|dffs[7]                  ; clk      ;
; N/A                                     ; None                                                ; -3.868 ns ; CMD[0]     ; stack_memory:inst|lpm_ff7:5|lpm_ff:lpm_ff_component|dffs[4]                  ; clk      ;
; N/A                                     ; None                                                ; -3.868 ns ; CMD[0]     ; stack_memory:inst|lpm_ff7:5|lpm_ff:lpm_ff_component|dffs[3]                  ; clk      ;
; N/A                                     ; None                                                ; -3.868 ns ; CMD[0]     ; stack_memory:inst|lpm_ff7:5|lpm_ff:lpm_ff_component|dffs[2]                  ; clk      ;
; N/A                                     ; None                                                ; -3.868 ns ; CMD[0]     ; stack_memory:inst|lpm_ff7:5|lpm_ff:lpm_ff_component|dffs[1]                  ; clk      ;
; N/A                                     ; None                                                ; -3.868 ns ; CMD[0]     ; stack_memory:inst|lpm_ff7:5|lpm_ff:lpm_ff_component|dffs[0]                  ; clk      ;
; N/A                                     ; None                                                ; -3.870 ns ; CMD[0]     ; stack_memory:inst|lpm_ff7:0|lpm_ff:lpm_ff_component|dffs[4]                  ; clk      ;
; N/A                                     ; None                                                ; -3.870 ns ; CMD[0]     ; stack_memory:inst|lpm_ff7:0|lpm_ff:lpm_ff_component|dffs[3]                  ; clk      ;
; N/A                                     ; None                                                ; -3.870 ns ; CMD[0]     ; stack_memory:inst|lpm_ff7:0|lpm_ff:lpm_ff_component|dffs[2]                  ; clk      ;
; N/A                                     ; None                                                ; -3.870 ns ; CMD[0]     ; stack_memory:inst|lpm_ff7:0|lpm_ff:lpm_ff_component|dffs[1]                  ; clk      ;
; N/A                                     ; None                                                ; -3.870 ns ; CMD[0]     ; stack_memory:inst|lpm_ff7:0|lpm_ff:lpm_ff_component|dffs[0]                  ; clk      ;
; N/A                                     ; None                                                ; -3.894 ns ; CMD[0]     ; stack_memory:inst|lpm_ff7:2|lpm_ff:lpm_ff_component|dffs[5]                  ; clk      ;
; N/A                                     ; None                                                ; -3.894 ns ; CMD[0]     ; stack_memory:inst|lpm_ff7:2|lpm_ff:lpm_ff_component|dffs[7]                  ; clk      ;
; N/A                                     ; None                                                ; -3.930 ns ; stack_en   ; stack_memory:inst|lpm_ff7:5|lpm_ff:lpm_ff_component|dffs[5]                  ; clk      ;
; N/A                                     ; None                                                ; -4.040 ns ; stack_en   ; stack_memory:inst|lpm_ff7:2|lpm_ff:lpm_ff_component|dffs[6]                  ; clk      ;
; N/A                                     ; None                                                ; -4.040 ns ; stack_en   ; stack_memory:inst|lpm_ff7:2|lpm_ff:lpm_ff_component|dffs[4]                  ; clk      ;
; N/A                                     ; None                                                ; -4.040 ns ; stack_en   ; stack_memory:inst|lpm_ff7:2|lpm_ff:lpm_ff_component|dffs[3]                  ; clk      ;
; N/A                                     ; None                                                ; -4.040 ns ; stack_en   ; stack_memory:inst|lpm_ff7:2|lpm_ff:lpm_ff_component|dffs[2]                  ; clk      ;
; N/A                                     ; None                                                ; -4.040 ns ; stack_en   ; stack_memory:inst|lpm_ff7:2|lpm_ff:lpm_ff_component|dffs[1]                  ; clk      ;
; N/A                                     ; None                                                ; -4.040 ns ; stack_en   ; stack_memory:inst|lpm_ff7:2|lpm_ff:lpm_ff_component|dffs[0]                  ; clk      ;
; N/A                                     ; None                                                ; -4.043 ns ; stack_en   ; stack_memory:inst|lpm_ff7:5|lpm_ff:lpm_ff_component|dffs[4]                  ; clk      ;
; N/A                                     ; None                                                ; -4.043 ns ; stack_en   ; stack_memory:inst|lpm_ff7:5|lpm_ff:lpm_ff_component|dffs[3]                  ; clk      ;
; N/A                                     ; None                                                ; -4.043 ns ; stack_en   ; stack_memory:inst|lpm_ff7:5|lpm_ff:lpm_ff_component|dffs[2]                  ; clk      ;
; N/A                                     ; None                                                ; -4.043 ns ; stack_en   ; stack_memory:inst|lpm_ff7:5|lpm_ff:lpm_ff_component|dffs[1]                  ; clk      ;
; N/A                                     ; None                                                ; -4.043 ns ; stack_en   ; stack_memory:inst|lpm_ff7:5|lpm_ff:lpm_ff_component|dffs[0]                  ; clk      ;
; N/A                                     ; None                                                ; -4.063 ns ; stack_en   ; stack_memory:inst|lpm_ff7:0|lpm_ff:lpm_ff_component|dffs[4]                  ; clk      ;
; N/A                                     ; None                                                ; -4.063 ns ; stack_en   ; stack_memory:inst|lpm_ff7:0|lpm_ff:lpm_ff_component|dffs[3]                  ; clk      ;
; N/A                                     ; None                                                ; -4.063 ns ; stack_en   ; stack_memory:inst|lpm_ff7:0|lpm_ff:lpm_ff_component|dffs[2]                  ; clk      ;
; Timing analysis restricted to 200 rows. ; To change the limit use Settings (Assignments menu) ;           ;            ;                                                                              ;          ;
+-----------------------------------------+-----------------------------------------------------+-----------+------------+------------------------------------------------------------------------------+----------+


+--------------------------+
; Timing Analyzer Messages ;
+--------------------------+
Info: *******************************************************************
Info: Running Quartus II Classic Timing Analyzer
    Info: Version 9.1 Build 222 10/21/2009 SJ Web Edition
    Info: Processing started: Mon May 18 19:28:58 2026
Info: Command: quartus_tan --read_settings_files=off --write_settings_files=off lab6_var4_v1 -c lab6_var4_v1 --timing_analysis_only
Warning: Found pins functioning as undefined clocks and/or memory enables
    Info: Assuming node "clk" is an undefined clock
Info: Clock "clk" has Internal fmax of 438.6 MHz between source register "stack_control:inst3|lpm_ff9:inst26|lpm_ff:lpm_ff_component|dffs[0]" and destination register "stack_memory:inst|lpm_ff7:2|lpm_ff:lpm_ff_component|dffs[5]" (period= 2.28 ns)
    Info: + Longest register to register delay is 2.086 ns
        Info: 1: + IC(0.000 ns) + CELL(0.000 ns) = 0.000 ns; Loc. = LCFF_X27_Y4_N25; Fanout = 29; REG Node = 'stack_control:inst3|lpm_ff9:inst26|lpm_ff:lpm_ff_component|dffs[0]'
        Info: 2: + IC(0.316 ns) + CELL(0.272 ns) = 0.588 ns; Loc. = LCCOMB_X27_Y4_N12; Fanout = 8; COMB Node = 'stack_memory:inst|lpm_decode3:inst14|lpm_decode:lpm_decode_component|decode_5sf:auto_generated|w_anode38w[3]~0'
        Info: 3: + IC(0.752 ns) + CELL(0.746 ns) = 2.086 ns; Loc. = LCFF_X26_Y6_N11; Fanout = 1; REG Node = 'stack_memory:inst|lpm_ff7:2|lpm_ff:lpm_ff_component|dffs[5]'
        Info: Total cell delay = 1.018 ns ( 48.80 % )
        Info: Total interconnect delay = 1.068 ns ( 51.20 % )
    Info: - Smallest clock skew is -0.010 ns
        Info: + Shortest clock path from clock "clk" to destination register is 2.479 ns
            Info: 1: + IC(0.000 ns) + CELL(0.854 ns) = 0.854 ns; Loc. = PIN_N20; Fanout = 1; CLK Node = 'clk'
            Info: 2: + IC(0.343 ns) + CELL(0.000 ns) = 1.197 ns; Loc. = CLKCTRL_G3; Fanout = 52; COMB Node = 'clk~clkctrl'
            Info: 3: + IC(0.664 ns) + CELL(0.618 ns) = 2.479 ns; Loc. = LCFF_X26_Y6_N11; Fanout = 1; REG Node = 'stack_memory:inst|lpm_ff7:2|lpm_ff:lpm_ff_component|dffs[5]'
            Info: Total cell delay = 1.472 ns ( 59.38 % )
            Info: Total interconnect delay = 1.007 ns ( 40.62 % )
        Info: - Longest clock path from clock "clk" to source register is 2.489 ns
            Info: 1: + IC(0.000 ns) + CELL(0.854 ns) = 0.854 ns; Loc. = PIN_N20; Fanout = 1; CLK Node = 'clk'
            Info: 2: + IC(0.343 ns) + CELL(0.000 ns) = 1.197 ns; Loc. = CLKCTRL_G3; Fanout = 52; COMB Node = 'clk~clkctrl'
            Info: 3: + IC(0.674 ns) + CELL(0.618 ns) = 2.489 ns; Loc. = LCFF_X27_Y4_N25; Fanout = 29; REG Node = 'stack_control:inst3|lpm_ff9:inst26|lpm_ff:lpm_ff_component|dffs[0]'
            Info: Total cell delay = 1.472 ns ( 59.14 % )
            Info: Total interconnect delay = 1.017 ns ( 40.86 % )
    Info: + Micro clock to output delay of source is 0.094 ns
    Info: + Micro setup delay of destination is 0.090 ns
Info: tsu for register "stack_memory:inst|lpm_ff7:2|lpm_ff:lpm_ff_component|dffs[5]" (data pin = "stack_en", clock pin = "clk") is 4.318 ns
    Info: + Longest pin to register delay is 6.707 ns
        Info: 1: + IC(0.000 ns) + CELL(0.772 ns) = 0.772 ns; Loc. = PIN_AB10; Fanout = 10; PIN Node = 'stack_en'
        Info: 2: + IC(4.059 ns) + CELL(0.378 ns) = 5.209 ns; Loc. = LCCOMB_X27_Y4_N12; Fanout = 8; COMB Node = 'stack_memory:inst|lpm_decode3:inst14|lpm_decode:lpm_decode_component|decode_5sf:auto_generated|w_anode38w[3]~0'
        Info: 3: + IC(0.752 ns) + CELL(0.746 ns) = 6.707 ns; Loc. = LCFF_X26_Y6_N11; Fanout = 1; REG Node = 'stack_memory:inst|lpm_ff7:2|lpm_ff:lpm_ff_component|dffs[5]'
        Info: Total cell delay = 1.896 ns ( 28.27 % )
        Info: Total interconnect delay = 4.811 ns ( 71.73 % )
    Info: + Micro setup delay of destination is 0.090 ns
    Info: - Shortest clock path from clock "clk" to destination register is 2.479 ns
        Info: 1: + IC(0.000 ns) + CELL(0.854 ns) = 0.854 ns; Loc. = PIN_N20; Fanout = 1; CLK Node = 'clk'
        Info: 2: + IC(0.343 ns) + CELL(0.000 ns) = 1.197 ns; Loc. = CLKCTRL_G3; Fanout = 52; COMB Node = 'clk~clkctrl'
        Info: 3: + IC(0.664 ns) + CELL(0.618 ns) = 2.479 ns; Loc. = LCFF_X26_Y6_N11; Fanout = 1; REG Node = 'stack_memory:inst|lpm_ff7:2|lpm_ff:lpm_ff_component|dffs[5]'
        Info: Total cell delay = 1.472 ns ( 59.38 % )
        Info: Total interconnect delay = 1.007 ns ( 40.62 % )
Info: tco from clock "clk" to destination pin "data_out[4]" through register "stack_control:inst3|lpm_ff9:inst26|lpm_ff:lpm_ff_component|dffs[0]" is 9.196 ns
    Info: + Longest clock path from clock "clk" to source register is 2.489 ns
        Info: 1: + IC(0.000 ns) + CELL(0.854 ns) = 0.854 ns; Loc. = PIN_N20; Fanout = 1; CLK Node = 'clk'
        Info: 2: + IC(0.343 ns) + CELL(0.000 ns) = 1.197 ns; Loc. = CLKCTRL_G3; Fanout = 52; COMB Node = 'clk~clkctrl'
        Info: 3: + IC(0.674 ns) + CELL(0.618 ns) = 2.489 ns; Loc. = LCFF_X27_Y4_N25; Fanout = 29; REG Node = 'stack_control:inst3|lpm_ff9:inst26|lpm_ff:lpm_ff_component|dffs[0]'
        Info: Total cell delay = 1.472 ns ( 59.14 % )
        Info: Total interconnect delay = 1.017 ns ( 40.86 % )
    Info: + Micro clock to output delay of source is 0.094 ns
    Info: + Longest register to pin delay is 6.613 ns
        Info: 1: + IC(0.000 ns) + CELL(0.000 ns) = 0.000 ns; Loc. = LCFF_X27_Y4_N25; Fanout = 29; REG Node = 'stack_control:inst3|lpm_ff9:inst26|lpm_ff:lpm_ff_component|dffs[0]'
        Info: 2: + IC(0.889 ns) + CELL(0.357 ns) = 1.246 ns; Loc. = LCCOMB_X31_Y5_N8; Fanout = 1; COMB Node = 'stack_memory:inst|lpm_mux0:inst11|lpm_mux:lpm_mux_component|mux_h4e:auto_generated|l1_w4_n0_mux_dataout~0'
        Info: 3: + IC(0.773 ns) + CELL(0.272 ns) = 2.291 ns; Loc. = LCCOMB_X29_Y4_N28; Fanout = 1; COMB Node = 'stack_memory:inst|lpm_mux0:inst11|lpm_mux:lpm_mux_component|mux_h4e:auto_generated|l3_w4_n0_mux_dataout~1'
        Info: 4: + IC(2.340 ns) + CELL(1.982 ns) = 6.613 ns; Loc. = PIN_A8; Fanout = 0; PIN Node = 'data_out[4]'
        Info: Total cell delay = 2.611 ns ( 39.48 % )
        Info: Total interconnect delay = 4.002 ns ( 60.52 % )
Info: th for register "stack_control:inst3|lpm_ff9:inst26|lpm_ff:lpm_ff_component|dffs[0]" (data pin = "CMD[0]", clock pin = "clk") is -2.188 ns
    Info: + Longest clock path from clock "clk" to destination register is 2.489 ns
        Info: 1: + IC(0.000 ns) + CELL(0.854 ns) = 0.854 ns; Loc. = PIN_N20; Fanout = 1; CLK Node = 'clk'
        Info: 2: + IC(0.343 ns) + CELL(0.000 ns) = 1.197 ns; Loc. = CLKCTRL_G3; Fanout = 52; COMB Node = 'clk~clkctrl'
        Info: 3: + IC(0.674 ns) + CELL(0.618 ns) = 2.489 ns; Loc. = LCFF_X27_Y4_N25; Fanout = 29; REG Node = 'stack_control:inst3|lpm_ff9:inst26|lpm_ff:lpm_ff_component|dffs[0]'
        Info: Total cell delay = 1.472 ns ( 59.14 % )
        Info: Total interconnect delay = 1.017 ns ( 40.86 % )
    Info: + Micro hold delay of destination is 0.149 ns
    Info: - Shortest pin to register delay is 4.826 ns
        Info: 1: + IC(0.000 ns) + CELL(0.799 ns) = 0.799 ns; Loc. = PIN_V9; Fanout = 10; PIN Node = 'CMD[0]'
        Info: 2: + IC(3.819 ns) + CELL(0.053 ns) = 4.671 ns; Loc. = LCCOMB_X27_Y4_N24; Fanout = 1; COMB Node = 'stack_control:inst3|lpm_mux8:inst29|lpm_mux:lpm_mux_component|mux_44e:auto_generated|l1_w0_n0_mux_dataout~0'
        Info: 3: + IC(0.000 ns) + CELL(0.155 ns) = 4.826 ns; Loc. = LCFF_X27_Y4_N25; Fanout = 29; REG Node = 'stack_control:inst3|lpm_ff9:inst26|lpm_ff:lpm_ff_component|dffs[0]'
        Info: Total cell delay = 1.007 ns ( 20.87 % )
        Info: Total interconnect delay = 3.819 ns ( 79.13 % )
Info: Quartus II Classic Timing Analyzer was successful. 0 errors, 1 warning
    Info: Peak virtual memory: 199 megabytes
    Info: Processing ended: Mon May 18 19:28:59 2026
    Info: Elapsed time: 00:00:01
    Info: Total CPU time (on all processors): 00:00:00


