Classic Timing Analyzer report for lab3
Mon May 18 11:46:25 2026
Quartus II Version 9.1 Build 222 10/21/2009 SJ Web Edition


---------------------
; Table of Contents ;
---------------------
  1. Legal Notice
  2. Timing Analyzer Summary
  3. Timing Analyzer Settings
  4. Clock Settings Summary
  5. Parallel Compilation
  6. Clock Setup: 'clock'
  7. Clock Hold: 'clock'
  8. tsu
  9. tco
 10. tpd
 11. th
 12. Timing Analyzer Messages



----------------
; Legal Notice ;
----------------
Copyright (C) 1991-2009 Altera Corporation
Your use of Altera Corporation's design tools, logic functions 
and other software and tools, and its AMPP partner logic 
functions, and any output files from any of the foregoing 
(including device programming or simulation files), and any 
associated documentation or information are expressly subject 
to the terms and conditions of the Altera Program License 
Subscription Agreement, Altera MegaCore Function License 
Agreement, or other applicable license agreement, including, 
without limitation, that your use is for the sole purpose of 
programming logic devices manufactured by Altera and sold by 
Altera or its authorized distributors.  Please refer to the 
applicable agreement for further details.



+---------------------------------------------------------------------------------------------------------------------------------------------------------------------------------------------------------------------------------------------------------------------------------------------------------------------------------------------------------------+
; Timing Analyzer Summary                                                                                                                                                                                                                                                                                                                                       ;
+------------------------------+-----------+----------------------------------+----------------------------------+---------------------------------------------------------------------------------------+---------------------------------------------------------------------------------------------------------------+------------+----------+--------------+
; Type                         ; Slack     ; Required Time                    ; Actual Time                      ; From                                                                                  ; To                                                                                                            ; From Clock ; To Clock ; Failed Paths ;
+------------------------------+-----------+----------------------------------+----------------------------------+---------------------------------------------------------------------------------------+---------------------------------------------------------------------------------------------------------------+------------+----------+--------------+
; Worst-case tsu               ; N/A       ; None                             ; 4.996 ns                         ; reg_read                                                                              ; lpm_ram_io:ram|altram:sram|altsyncram:ram_block|altsyncram_1a91:auto_generated|ram_block1a0~porta_datain_reg2 ; --         ; clock    ; 0            ;
; Worst-case tco               ; N/A       ; None                             ; 9.269 ns                         ; lpm_ram_io:ram|altram:sram|altsyncram:ram_block|altsyncram_1a91:auto_generated|q_a[4] ; data_out[4]                                                                                                   ; clock      ; --       ; 0            ;
; Worst-case tpd               ; N/A       ; None                             ; 10.781 ns                        ; ram_mode_read                                                                         ; data_out[4]                                                                                                   ; --         ; --       ; 0            ;
; Worst-case th                ; N/A       ; None                             ; -2.282 ns                        ; addr[2]                                                                               ; lpm_rom0:rom|altsyncram:altsyncram_component|altsyncram_os61:auto_generated|ram_block1a0~porta_address_reg2   ; --         ; clock    ; 0            ;
; Clock Setup: 'clock'         ; 16.725 ns ; 50.00 MHz ( period = 20.000 ns ) ; 305.34 MHz ( period = 3.275 ns ) ; lpm_ram_io:ram|altram:sram|altsyncram:ram_block|altsyncram_1a91:auto_generated|q_a[4] ; lpm_ram_io:ram|altram:sram|altsyncram:ram_block|altsyncram_1a91:auto_generated|ram_block1a0~porta_datain_reg4 ; clock      ; clock    ; 0            ;
; Clock Hold: 'clock'          ; 0.433 ns  ; 50.00 MHz ( period = 20.000 ns ) ; N/A                              ; lpm_dff0:reg|lpm_ff:lpm_ff_component|dffs[7]                                          ; lpm_dff0:reg|lpm_ff:lpm_ff_component|dffs[7]                                                                  ; clock      ; clock    ; 0            ;
; Total number of failed paths ;           ;                                  ;                                  ;                                                                                       ;                                                                                                               ;            ;          ; 0            ;
+------------------------------+-----------+----------------------------------+----------------------------------+---------------------------------------------------------------------------------------+---------------------------------------------------------------------------------------------------------------+------------+----------+--------------+


+--------------------------------------------------------------------------------------------------------------------------------------------------------+
; Timing Analyzer Settings                                                                                                                               ;
+------------------------------------------------------------------------------------------------------+--------------------+------+-------+-------------+
; Option                                                                                               ; Setting            ; From ; To    ; Entity Name ;
+------------------------------------------------------------------------------------------------------+--------------------+------+-------+-------------+
; Device Name                                                                                          ; EP2S15F484C3       ;      ;       ;             ;
; Timing Models                                                                                        ; Final              ;      ;       ;             ;
; Default hold multicycle                                                                              ; Same as Multicycle ;      ;       ;             ;
; Cut paths between unrelated clock domains                                                            ; On                 ;      ;       ;             ;
; Cut off read during write signal paths                                                               ; On                 ;      ;       ;             ;
; Cut off feedback from I/O pins                                                                       ; On                 ;      ;       ;             ;
; Report Combined Fast/Slow Timing                                                                     ; Off                ;      ;       ;             ;
; Ignore Clock Settings                                                                                ; Off                ;      ;       ;             ;
; Analyze latches as synchronous elements                                                              ; On                 ;      ;       ;             ;
; Enable Recovery/Removal analysis                                                                     ; Off                ;      ;       ;             ;
; Enable Clock Latency                                                                                 ; Off                ;      ;       ;             ;
; Use TimeQuest Timing Analyzer                                                                        ; Off                ;      ;       ;             ;
; Number of source nodes to report per destination node                                                ; 10                 ;      ;       ;             ;
; Number of destination nodes to report                                                                ; 10                 ;      ;       ;             ;
; Number of paths to report                                                                            ; 200                ;      ;       ;             ;
; Report Minimum Timing Checks                                                                         ; Off                ;      ;       ;             ;
; Use Fast Timing Models                                                                               ; Off                ;      ;       ;             ;
; Report IO Paths Separately                                                                           ; Off                ;      ;       ;             ;
; Perform Multicorner Analysis                                                                         ; On                 ;      ;       ;             ;
; Reports the worst-case path for each clock domain and analysis                                       ; Off                ;      ;       ;             ;
; Reports worst-case timing paths for each clock domain and analysis                                   ; Off                ;      ;       ;             ;
; Specifies the maximum number of worst-case timing paths to report for each clock domain and analysis ; 100                ;      ;       ;             ;
; Removes common clock path pessimism (CCPP) during slack computation                                  ; Off                ;      ;       ;             ;
; Output I/O Timing Endpoint                                                                           ; Near End           ;      ;       ;             ;
; Clock Settings                                                                                       ; clock              ;      ; clock ;             ;
+------------------------------------------------------------------------------------------------------+--------------------+------+-------+-------------+


+------------------------------------------------------------------------------------------------------------------------------------------------------------------------------------+
; Clock Settings Summary                                                                                                                                                             ;
+-----------------+--------------------+----------+------------------+---------------+--------------+----------+-----------------------+---------------------+--------+--------------+
; Clock Node Name ; Clock Setting Name ; Type     ; Fmax Requirement ; Early Latency ; Late Latency ; Based on ; Multiply Base Fmax by ; Divide Base Fmax by ; Offset ; Phase offset ;
+-----------------+--------------------+----------+------------------+---------------+--------------+----------+-----------------------+---------------------+--------+--------------+
; clock           ; clock              ; User Pin ; 50.0 MHz         ; 0.000 ns      ; 0.000 ns     ; --       ; N/A                   ; N/A                 ; N/A    ;              ;
+-----------------+--------------------+----------+------------------+---------------+--------------+----------+-----------------------+---------------------+--------+--------------+


Parallel compilation was disabled, but you have multiple processors available. Enable parallel compilation to reduce compilation time.
+-------------------------------------+
; Parallel Compilation                ;
+----------------------------+--------+
; Processors                 ; Number ;
+----------------------------+--------+
; Number detected on machine ; 2      ;
; Maximum allowed            ; 1      ;
+----------------------------+--------+


+------------------------------------------------------------------------------------------------------------------------------------------------------------------------------------------------------------------------------------------------------------------------------------------------------------------------------------------------------------------------------------------------------+
; Clock Setup: 'clock'                                                                                                                                                                                                                                                                                                                                                                                 ;
+-----------+---------------------------------------------+----------------------------------------------------------------------------------------------------------------+---------------------------------------------------------------------------------------------------------------+------------+----------+-----------------------------+---------------------------+-------------------------+
; Slack     ; Actual fmax (period)                        ; From                                                                                                           ; To                                                                                                            ; From Clock ; To Clock ; Required Setup Relationship ; Required Longest P2P Time ; Actual Longest P2P Time ;
+-----------+---------------------------------------------+----------------------------------------------------------------------------------------------------------------+---------------------------------------------------------------------------------------------------------------+------------+----------+-----------------------------+---------------------------+-------------------------+
; 16.725 ns ; 305.34 MHz ( period = 3.275 ns )            ; lpm_ram_io:ram|altram:sram|altsyncram:ram_block|altsyncram_1a91:auto_generated|q_a[4]                          ; lpm_ram_io:ram|altram:sram|altsyncram:ram_block|altsyncram_1a91:auto_generated|ram_block1a0~porta_datain_reg4 ; clock      ; clock    ; 20.000 ns                   ; 19.851 ns                 ; 3.126 ns                ;
; 16.784 ns ; 310.95 MHz ( period = 3.216 ns )            ; lpm_ram_io:ram|altram:sram|altsyncram:ram_block|altsyncram_1a91:auto_generated|q_a[0]                          ; lpm_ram_io:ram|altram:sram|altsyncram:ram_block|altsyncram_1a91:auto_generated|ram_block1a0~porta_datain_reg0 ; clock      ; clock    ; 20.000 ns                   ; 19.851 ns                 ; 3.067 ns                ;
; 16.800 ns ; 312.50 MHz ( period = 3.200 ns )            ; lpm_ram_io:ram|altram:sram|altsyncram:ram_block|altsyncram_1a91:auto_generated|q_a[6]                          ; lpm_ram_io:ram|altram:sram|altsyncram:ram_block|altsyncram_1a91:auto_generated|ram_block1a0~porta_datain_reg6 ; clock      ; clock    ; 20.000 ns                   ; 19.851 ns                 ; 3.051 ns                ;
; 16.912 ns ; 323.83 MHz ( period = 3.088 ns )            ; lpm_ram_io:ram|altram:sram|altsyncram:ram_block|altsyncram_1a91:auto_generated|q_a[2]                          ; lpm_ram_io:ram|altram:sram|altsyncram:ram_block|altsyncram_1a91:auto_generated|ram_block1a0~porta_datain_reg2 ; clock      ; clock    ; 20.000 ns                   ; 19.851 ns                 ; 2.939 ns                ;
; 16.936 ns ; 326.37 MHz ( period = 3.064 ns )            ; lpm_ram_io:ram|altram:sram|altsyncram:ram_block|altsyncram_1a91:auto_generated|q_a[3]                          ; lpm_ram_io:ram|altram:sram|altsyncram:ram_block|altsyncram_1a91:auto_generated|ram_block1a0~porta_datain_reg3 ; clock      ; clock    ; 20.000 ns                   ; 19.851 ns                 ; 2.915 ns                ;
; 17.052 ns ; 339.21 MHz ( period = 2.948 ns )            ; lpm_rom0:rom|altsyncram:altsyncram_component|altsyncram_os61:auto_generated|q_a[0]                             ; lpm_ram_io:ram|altram:sram|altsyncram:ram_block|altsyncram_1a91:auto_generated|ram_block1a0~porta_datain_reg0 ; clock      ; clock    ; 20.000 ns                   ; 19.848 ns                 ; 2.796 ns                ;
; 17.115 ns ; 346.62 MHz ( period = 2.885 ns )            ; lpm_rom0:rom|altsyncram:altsyncram_component|altsyncram_os61:auto_generated|q_a[2]                             ; lpm_ram_io:ram|altram:sram|altsyncram:ram_block|altsyncram_1a91:auto_generated|ram_block1a0~porta_datain_reg2 ; clock      ; clock    ; 20.000 ns                   ; 19.848 ns                 ; 2.733 ns                ;
; 17.130 ns ; 348.43 MHz ( period = 2.870 ns )            ; lpm_ram_io:ram|altram:sram|altsyncram:ram_block|altsyncram_1a91:auto_generated|q_a[7]                          ; lpm_ram_io:ram|altram:sram|altsyncram:ram_block|altsyncram_1a91:auto_generated|ram_block1a0~porta_datain_reg7 ; clock      ; clock    ; 20.000 ns                   ; 19.851 ns                 ; 2.721 ns                ;
; 17.172 ns ; 353.61 MHz ( period = 2.828 ns )            ; lpm_ram_io:ram|altram:sram|altsyncram:ram_block|altsyncram_1a91:auto_generated|q_a[5]                          ; lpm_ram_io:ram|altram:sram|altsyncram:ram_block|altsyncram_1a91:auto_generated|ram_block1a0~porta_datain_reg5 ; clock      ; clock    ; 20.000 ns                   ; 19.851 ns                 ; 2.679 ns                ;
; 17.173 ns ; 353.73 MHz ( period = 2.827 ns )            ; lpm_rom0:rom|altsyncram:altsyncram_component|altsyncram_os61:auto_generated|q_a[3]                             ; lpm_ram_io:ram|altram:sram|altsyncram:ram_block|altsyncram_1a91:auto_generated|ram_block1a0~porta_datain_reg3 ; clock      ; clock    ; 20.000 ns                   ; 19.848 ns                 ; 2.675 ns                ;
; 17.185 ns ; 355.24 MHz ( period = 2.815 ns )            ; lpm_ram_io:ram|altram:sram|altsyncram:ram_block|altsyncram_1a91:auto_generated|q_a[1]                          ; lpm_ram_io:ram|altram:sram|altsyncram:ram_block|altsyncram_1a91:auto_generated|ram_block1a0~porta_datain_reg1 ; clock      ; clock    ; 20.000 ns                   ; 19.851 ns                 ; 2.666 ns                ;
; 17.241 ns ; 362.45 MHz ( period = 2.759 ns )            ; lpm_rom0:rom|altsyncram:altsyncram_component|altsyncram_os61:auto_generated|q_a[4]                             ; lpm_ram_io:ram|altram:sram|altsyncram:ram_block|altsyncram_1a91:auto_generated|ram_block1a0~porta_datain_reg4 ; clock      ; clock    ; 20.000 ns                   ; 19.848 ns                 ; 2.607 ns                ;
; 17.268 ns ; 366.03 MHz ( period = 2.732 ns )            ; lpm_rom0:rom|altsyncram:altsyncram_component|altsyncram_os61:auto_generated|q_a[6]                             ; lpm_ram_io:ram|altram:sram|altsyncram:ram_block|altsyncram_1a91:auto_generated|ram_block1a0~porta_datain_reg6 ; clock      ; clock    ; 20.000 ns                   ; 19.848 ns                 ; 2.580 ns                ;
; 17.280 ns ; 367.65 MHz ( period = 2.720 ns )            ; lpm_rom0:rom|altsyncram:altsyncram_component|altsyncram_os61:auto_generated|q_a[1]                             ; lpm_ram_io:ram|altram:sram|altsyncram:ram_block|altsyncram_1a91:auto_generated|ram_block1a0~porta_datain_reg1 ; clock      ; clock    ; 20.000 ns                   ; 19.848 ns                 ; 2.568 ns                ;
; 17.306 ns ; 371.20 MHz ( period = 2.694 ns )            ; lpm_rom0:rom|altsyncram:altsyncram_component|altsyncram_os61:auto_generated|q_a[7]                             ; lpm_ram_io:ram|altram:sram|altsyncram:ram_block|altsyncram_1a91:auto_generated|ram_block1a0~porta_datain_reg7 ; clock      ; clock    ; 20.000 ns                   ; 19.848 ns                 ; 2.542 ns                ;
; 17.456 ns ; 393.08 MHz ( period = 2.544 ns )            ; lpm_ram_io:ram|altram:sram|altsyncram:ram_block|altsyncram_1a91:auto_generated|q_a[2]                          ; lpm_dff0:reg|lpm_ff:lpm_ff_component|dffs[2]                                                                  ; clock      ; clock    ; 20.000 ns                   ; 19.936 ns                 ; 2.480 ns                ;
; 17.480 ns ; 396.83 MHz ( period = 2.520 ns )            ; lpm_rom0:rom|altsyncram:altsyncram_component|altsyncram_os61:auto_generated|q_a[5]                             ; lpm_ram_io:ram|altram:sram|altsyncram:ram_block|altsyncram_1a91:auto_generated|ram_block1a0~porta_datain_reg5 ; clock      ; clock    ; 20.000 ns                   ; 19.848 ns                 ; 2.368 ns                ;
; 17.572 ns ; 411.86 MHz ( period = 2.428 ns )            ; lpm_ram_io:ram|altram:sram|altsyncram:ram_block|altsyncram_1a91:auto_generated|q_a[0]                          ; lpm_dff0:reg|lpm_ff:lpm_ff_component|dffs[0]                                                                  ; clock      ; clock    ; 20.000 ns                   ; 19.936 ns                 ; 2.364 ns                ;
; 17.659 ns ; 427.17 MHz ( period = 2.341 ns )            ; lpm_rom0:rom|altsyncram:altsyncram_component|altsyncram_os61:auto_generated|q_a[2]                             ; lpm_dff0:reg|lpm_ff:lpm_ff_component|dffs[2]                                                                  ; clock      ; clock    ; 20.000 ns                   ; 19.933 ns                 ; 2.274 ns                ;
; 17.702 ns ; 435.16 MHz ( period = 2.298 ns )            ; lpm_ram_io:ram|altram:sram|altsyncram:ram_block|altsyncram_1a91:auto_generated|q_a[4]                          ; lpm_dff0:reg|lpm_ff:lpm_ff_component|dffs[4]                                                                  ; clock      ; clock    ; 20.000 ns                   ; 19.937 ns                 ; 2.235 ns                ;
; 17.765 ns ; 447.43 MHz ( period = 2.235 ns )            ; lpm_ram_io:ram|altram:sram|altsyncram:ram_block|altsyncram_1a91:auto_generated|q_a[6]                          ; lpm_dff0:reg|lpm_ff:lpm_ff_component|dffs[6]                                                                  ; clock      ; clock    ; 20.000 ns                   ; 19.937 ns                 ; 2.172 ns                ;
; 17.840 ns ; 462.96 MHz ( period = 2.160 ns )            ; lpm_rom0:rom|altsyncram:altsyncram_component|altsyncram_os61:auto_generated|q_a[0]                             ; lpm_dff0:reg|lpm_ff:lpm_ff_component|dffs[0]                                                                  ; clock      ; clock    ; 20.000 ns                   ; 19.933 ns                 ; 2.093 ns                ;
; 17.911 ns ; 478.70 MHz ( period = 2.089 ns )            ; lpm_ram_io:ram|altram:sram|altsyncram:ram_block|altsyncram_1a91:auto_generated|q_a[3]                          ; lpm_dff0:reg|lpm_ff:lpm_ff_component|dffs[3]                                                                  ; clock      ; clock    ; 20.000 ns                   ; 19.936 ns                 ; 2.025 ns                ;
; 17.934 ns ; 484.03 MHz ( period = 2.066 ns )            ; lpm_dff0:reg|lpm_ff:lpm_ff_component|dffs[0]                                                                   ; lpm_ram_io:ram|altram:sram|altsyncram:ram_block|altsyncram_1a91:auto_generated|ram_block1a0~porta_datain_reg0 ; clock      ; clock    ; 20.000 ns                   ; 19.731 ns                 ; 1.797 ns                ;
; 17.960 ns ; 490.20 MHz ( period = 2.040 ns )            ; lpm_ram_io:ram|altram:sram|altsyncram:ram_block|altsyncram_1a91:auto_generated|q_a[1]                          ; lpm_dff0:reg|lpm_ff:lpm_ff_component|dffs[1]                                                                  ; clock      ; clock    ; 20.000 ns                   ; 19.936 ns                 ; 1.976 ns                ;
; 18.055 ns ; Restricted to 500.0 MHz ( period = 2.0 ns ) ; lpm_rom0:rom|altsyncram:altsyncram_component|altsyncram_os61:auto_generated|q_a[1]                             ; lpm_dff0:reg|lpm_ff:lpm_ff_component|dffs[1]                                                                  ; clock      ; clock    ; 20.000 ns                   ; 19.933 ns                 ; 1.878 ns                ;
; 18.117 ns ; Restricted to 500.0 MHz ( period = 2.0 ns ) ; lpm_dff0:reg|lpm_ff:lpm_ff_component|dffs[2]                                                                   ; lpm_ram_io:ram|altram:sram|altsyncram:ram_block|altsyncram_1a91:auto_generated|ram_block1a0~porta_datain_reg2 ; clock      ; clock    ; 20.000 ns                   ; 19.731 ns                 ; 1.614 ns                ;
; 18.123 ns ; Restricted to 500.0 MHz ( period = 2.0 ns ) ; lpm_dff0:reg|lpm_ff:lpm_ff_component|dffs[4]                                                                   ; lpm_ram_io:ram|altram:sram|altsyncram:ram_block|altsyncram_1a91:auto_generated|ram_block1a0~porta_datain_reg4 ; clock      ; clock    ; 20.000 ns                   ; 19.730 ns                 ; 1.607 ns                ;
; 18.142 ns ; Restricted to 500.0 MHz ( period = 2.0 ns ) ; lpm_ram_io:ram|altram:sram|altsyncram:ram_block|altsyncram_1a91:auto_generated|q_a[5]                          ; lpm_dff0:reg|lpm_ff:lpm_ff_component|dffs[5]                                                                  ; clock      ; clock    ; 20.000 ns                   ; 19.937 ns                 ; 1.795 ns                ;
; 18.148 ns ; Restricted to 500.0 MHz ( period = 2.0 ns ) ; lpm_rom0:rom|altsyncram:altsyncram_component|altsyncram_os61:auto_generated|q_a[3]                             ; lpm_dff0:reg|lpm_ff:lpm_ff_component|dffs[3]                                                                  ; clock      ; clock    ; 20.000 ns                   ; 19.933 ns                 ; 1.785 ns                ;
; 18.210 ns ; Restricted to 500.0 MHz ( period = 2.0 ns ) ; lpm_rom0:rom|altsyncram:altsyncram_component|altsyncram_os61:auto_generated|ram_block1a0~porta_address_reg7    ; lpm_rom0:rom|altsyncram:altsyncram_component|altsyncram_os61:auto_generated|q_a[7]                            ; clock      ; clock    ; 20.000 ns                   ; 19.833 ns                 ; 1.623 ns                ;
; 18.210 ns ; Restricted to 500.0 MHz ( period = 2.0 ns ) ; lpm_rom0:rom|altsyncram:altsyncram_component|altsyncram_os61:auto_generated|ram_block1a0~porta_address_reg6    ; lpm_rom0:rom|altsyncram:altsyncram_component|altsyncram_os61:auto_generated|q_a[7]                            ; clock      ; clock    ; 20.000 ns                   ; 19.833 ns                 ; 1.623 ns                ;
; 18.210 ns ; Restricted to 500.0 MHz ( period = 2.0 ns ) ; lpm_rom0:rom|altsyncram:altsyncram_component|altsyncram_os61:auto_generated|ram_block1a0~porta_address_reg5    ; lpm_rom0:rom|altsyncram:altsyncram_component|altsyncram_os61:auto_generated|q_a[7]                            ; clock      ; clock    ; 20.000 ns                   ; 19.833 ns                 ; 1.623 ns                ;
; 18.210 ns ; Restricted to 500.0 MHz ( period = 2.0 ns ) ; lpm_rom0:rom|altsyncram:altsyncram_component|altsyncram_os61:auto_generated|ram_block1a0~porta_address_reg4    ; lpm_rom0:rom|altsyncram:altsyncram_component|altsyncram_os61:auto_generated|q_a[7]                            ; clock      ; clock    ; 20.000 ns                   ; 19.833 ns                 ; 1.623 ns                ;
; 18.210 ns ; Restricted to 500.0 MHz ( period = 2.0 ns ) ; lpm_rom0:rom|altsyncram:altsyncram_component|altsyncram_os61:auto_generated|ram_block1a0~porta_address_reg3    ; lpm_rom0:rom|altsyncram:altsyncram_component|altsyncram_os61:auto_generated|q_a[7]                            ; clock      ; clock    ; 20.000 ns                   ; 19.833 ns                 ; 1.623 ns                ;
; 18.210 ns ; Restricted to 500.0 MHz ( period = 2.0 ns ) ; lpm_rom0:rom|altsyncram:altsyncram_component|altsyncram_os61:auto_generated|ram_block1a0~porta_address_reg2    ; lpm_rom0:rom|altsyncram:altsyncram_component|altsyncram_os61:auto_generated|q_a[7]                            ; clock      ; clock    ; 20.000 ns                   ; 19.833 ns                 ; 1.623 ns                ;
; 18.210 ns ; Restricted to 500.0 MHz ( period = 2.0 ns ) ; lpm_rom0:rom|altsyncram:altsyncram_component|altsyncram_os61:auto_generated|ram_block1a0~porta_address_reg1    ; lpm_rom0:rom|altsyncram:altsyncram_component|altsyncram_os61:auto_generated|q_a[7]                            ; clock      ; clock    ; 20.000 ns                   ; 19.833 ns                 ; 1.623 ns                ;
; 18.210 ns ; Restricted to 500.0 MHz ( period = 2.0 ns ) ; lpm_rom0:rom|altsyncram:altsyncram_component|altsyncram_os61:auto_generated|ram_block1a0~porta_address_reg0    ; lpm_rom0:rom|altsyncram:altsyncram_component|altsyncram_os61:auto_generated|q_a[7]                            ; clock      ; clock    ; 20.000 ns                   ; 19.833 ns                 ; 1.623 ns                ;
; 18.210 ns ; Restricted to 500.0 MHz ( period = 2.0 ns ) ; lpm_rom0:rom|altsyncram:altsyncram_component|altsyncram_os61:auto_generated|ram_block1a0~porta_address_reg7    ; lpm_rom0:rom|altsyncram:altsyncram_component|altsyncram_os61:auto_generated|q_a[6]                            ; clock      ; clock    ; 20.000 ns                   ; 19.833 ns                 ; 1.623 ns                ;
; 18.210 ns ; Restricted to 500.0 MHz ( period = 2.0 ns ) ; lpm_rom0:rom|altsyncram:altsyncram_component|altsyncram_os61:auto_generated|ram_block1a0~porta_address_reg6    ; lpm_rom0:rom|altsyncram:altsyncram_component|altsyncram_os61:auto_generated|q_a[6]                            ; clock      ; clock    ; 20.000 ns                   ; 19.833 ns                 ; 1.623 ns                ;
; 18.210 ns ; Restricted to 500.0 MHz ( period = 2.0 ns ) ; lpm_rom0:rom|altsyncram:altsyncram_component|altsyncram_os61:auto_generated|ram_block1a0~porta_address_reg5    ; lpm_rom0:rom|altsyncram:altsyncram_component|altsyncram_os61:auto_generated|q_a[6]                            ; clock      ; clock    ; 20.000 ns                   ; 19.833 ns                 ; 1.623 ns                ;
; 18.210 ns ; Restricted to 500.0 MHz ( period = 2.0 ns ) ; lpm_rom0:rom|altsyncram:altsyncram_component|altsyncram_os61:auto_generated|ram_block1a0~porta_address_reg4    ; lpm_rom0:rom|altsyncram:altsyncram_component|altsyncram_os61:auto_generated|q_a[6]                            ; clock      ; clock    ; 20.000 ns                   ; 19.833 ns                 ; 1.623 ns                ;
; 18.210 ns ; Restricted to 500.0 MHz ( period = 2.0 ns ) ; lpm_rom0:rom|altsyncram:altsyncram_component|altsyncram_os61:auto_generated|ram_block1a0~porta_address_reg3    ; lpm_rom0:rom|altsyncram:altsyncram_component|altsyncram_os61:auto_generated|q_a[6]                            ; clock      ; clock    ; 20.000 ns                   ; 19.833 ns                 ; 1.623 ns                ;
; 18.210 ns ; Restricted to 500.0 MHz ( period = 2.0 ns ) ; lpm_rom0:rom|altsyncram:altsyncram_component|altsyncram_os61:auto_generated|ram_block1a0~porta_address_reg2    ; lpm_rom0:rom|altsyncram:altsyncram_component|altsyncram_os61:auto_generated|q_a[6]                            ; clock      ; clock    ; 20.000 ns                   ; 19.833 ns                 ; 1.623 ns                ;
; 18.210 ns ; Restricted to 500.0 MHz ( period = 2.0 ns ) ; lpm_rom0:rom|altsyncram:altsyncram_component|altsyncram_os61:auto_generated|ram_block1a0~porta_address_reg1    ; lpm_rom0:rom|altsyncram:altsyncram_component|altsyncram_os61:auto_generated|q_a[6]                            ; clock      ; clock    ; 20.000 ns                   ; 19.833 ns                 ; 1.623 ns                ;
; 18.210 ns ; Restricted to 500.0 MHz ( period = 2.0 ns ) ; lpm_rom0:rom|altsyncram:altsyncram_component|altsyncram_os61:auto_generated|ram_block1a0~porta_address_reg0    ; lpm_rom0:rom|altsyncram:altsyncram_component|altsyncram_os61:auto_generated|q_a[6]                            ; clock      ; clock    ; 20.000 ns                   ; 19.833 ns                 ; 1.623 ns                ;
; 18.210 ns ; Restricted to 500.0 MHz ( period = 2.0 ns ) ; lpm_rom0:rom|altsyncram:altsyncram_component|altsyncram_os61:auto_generated|ram_block1a0~porta_address_reg7    ; lpm_rom0:rom|altsyncram:altsyncram_component|altsyncram_os61:auto_generated|q_a[5]                            ; clock      ; clock    ; 20.000 ns                   ; 19.833 ns                 ; 1.623 ns                ;
; 18.210 ns ; Restricted to 500.0 MHz ( period = 2.0 ns ) ; lpm_rom0:rom|altsyncram:altsyncram_component|altsyncram_os61:auto_generated|ram_block1a0~porta_address_reg6    ; lpm_rom0:rom|altsyncram:altsyncram_component|altsyncram_os61:auto_generated|q_a[5]                            ; clock      ; clock    ; 20.000 ns                   ; 19.833 ns                 ; 1.623 ns                ;
; 18.210 ns ; Restricted to 500.0 MHz ( period = 2.0 ns ) ; lpm_rom0:rom|altsyncram:altsyncram_component|altsyncram_os61:auto_generated|ram_block1a0~porta_address_reg5    ; lpm_rom0:rom|altsyncram:altsyncram_component|altsyncram_os61:auto_generated|q_a[5]                            ; clock      ; clock    ; 20.000 ns                   ; 19.833 ns                 ; 1.623 ns                ;
; 18.210 ns ; Restricted to 500.0 MHz ( period = 2.0 ns ) ; lpm_rom0:rom|altsyncram:altsyncram_component|altsyncram_os61:auto_generated|ram_block1a0~porta_address_reg4    ; lpm_rom0:rom|altsyncram:altsyncram_component|altsyncram_os61:auto_generated|q_a[5]                            ; clock      ; clock    ; 20.000 ns                   ; 19.833 ns                 ; 1.623 ns                ;
; 18.210 ns ; Restricted to 500.0 MHz ( period = 2.0 ns ) ; lpm_rom0:rom|altsyncram:altsyncram_component|altsyncram_os61:auto_generated|ram_block1a0~porta_address_reg3    ; lpm_rom0:rom|altsyncram:altsyncram_component|altsyncram_os61:auto_generated|q_a[5]                            ; clock      ; clock    ; 20.000 ns                   ; 19.833 ns                 ; 1.623 ns                ;
; 18.210 ns ; Restricted to 500.0 MHz ( period = 2.0 ns ) ; lpm_rom0:rom|altsyncram:altsyncram_component|altsyncram_os61:auto_generated|ram_block1a0~porta_address_reg2    ; lpm_rom0:rom|altsyncram:altsyncram_component|altsyncram_os61:auto_generated|q_a[5]                            ; clock      ; clock    ; 20.000 ns                   ; 19.833 ns                 ; 1.623 ns                ;
; 18.210 ns ; Restricted to 500.0 MHz ( period = 2.0 ns ) ; lpm_rom0:rom|altsyncram:altsyncram_component|altsyncram_os61:auto_generated|ram_block1a0~porta_address_reg1    ; lpm_rom0:rom|altsyncram:altsyncram_component|altsyncram_os61:auto_generated|q_a[5]                            ; clock      ; clock    ; 20.000 ns                   ; 19.833 ns                 ; 1.623 ns                ;
; 18.210 ns ; Restricted to 500.0 MHz ( period = 2.0 ns ) ; lpm_rom0:rom|altsyncram:altsyncram_component|altsyncram_os61:auto_generated|ram_block1a0~porta_address_reg0    ; lpm_rom0:rom|altsyncram:altsyncram_component|altsyncram_os61:auto_generated|q_a[5]                            ; clock      ; clock    ; 20.000 ns                   ; 19.833 ns                 ; 1.623 ns                ;
; 18.210 ns ; Restricted to 500.0 MHz ( period = 2.0 ns ) ; lpm_rom0:rom|altsyncram:altsyncram_component|altsyncram_os61:auto_generated|ram_block1a0~porta_address_reg7    ; lpm_rom0:rom|altsyncram:altsyncram_component|altsyncram_os61:auto_generated|q_a[4]                            ; clock      ; clock    ; 20.000 ns                   ; 19.833 ns                 ; 1.623 ns                ;
; 18.210 ns ; Restricted to 500.0 MHz ( period = 2.0 ns ) ; lpm_rom0:rom|altsyncram:altsyncram_component|altsyncram_os61:auto_generated|ram_block1a0~porta_address_reg6    ; lpm_rom0:rom|altsyncram:altsyncram_component|altsyncram_os61:auto_generated|q_a[4]                            ; clock      ; clock    ; 20.000 ns                   ; 19.833 ns                 ; 1.623 ns                ;
; 18.210 ns ; Restricted to 500.0 MHz ( period = 2.0 ns ) ; lpm_rom0:rom|altsyncram:altsyncram_component|altsyncram_os61:auto_generated|ram_block1a0~porta_address_reg5    ; lpm_rom0:rom|altsyncram:altsyncram_component|altsyncram_os61:auto_generated|q_a[4]                            ; clock      ; clock    ; 20.000 ns                   ; 19.833 ns                 ; 1.623 ns                ;
; 18.210 ns ; Restricted to 500.0 MHz ( period = 2.0 ns ) ; lpm_rom0:rom|altsyncram:altsyncram_component|altsyncram_os61:auto_generated|ram_block1a0~porta_address_reg4    ; lpm_rom0:rom|altsyncram:altsyncram_component|altsyncram_os61:auto_generated|q_a[4]                            ; clock      ; clock    ; 20.000 ns                   ; 19.833 ns                 ; 1.623 ns                ;
; 18.210 ns ; Restricted to 500.0 MHz ( period = 2.0 ns ) ; lpm_rom0:rom|altsyncram:altsyncram_component|altsyncram_os61:auto_generated|ram_block1a0~porta_address_reg3    ; lpm_rom0:rom|altsyncram:altsyncram_component|altsyncram_os61:auto_generated|q_a[4]                            ; clock      ; clock    ; 20.000 ns                   ; 19.833 ns                 ; 1.623 ns                ;
; 18.210 ns ; Restricted to 500.0 MHz ( period = 2.0 ns ) ; lpm_rom0:rom|altsyncram:altsyncram_component|altsyncram_os61:auto_generated|ram_block1a0~porta_address_reg2    ; lpm_rom0:rom|altsyncram:altsyncram_component|altsyncram_os61:auto_generated|q_a[4]                            ; clock      ; clock    ; 20.000 ns                   ; 19.833 ns                 ; 1.623 ns                ;
; 18.210 ns ; Restricted to 500.0 MHz ( period = 2.0 ns ) ; lpm_rom0:rom|altsyncram:altsyncram_component|altsyncram_os61:auto_generated|ram_block1a0~porta_address_reg1    ; lpm_rom0:rom|altsyncram:altsyncram_component|altsyncram_os61:auto_generated|q_a[4]                            ; clock      ; clock    ; 20.000 ns                   ; 19.833 ns                 ; 1.623 ns                ;
; 18.210 ns ; Restricted to 500.0 MHz ( period = 2.0 ns ) ; lpm_rom0:rom|altsyncram:altsyncram_component|altsyncram_os61:auto_generated|ram_block1a0~porta_address_reg0    ; lpm_rom0:rom|altsyncram:altsyncram_component|altsyncram_os61:auto_generated|q_a[4]                            ; clock      ; clock    ; 20.000 ns                   ; 19.833 ns                 ; 1.623 ns                ;
; 18.210 ns ; Restricted to 500.0 MHz ( period = 2.0 ns ) ; lpm_rom0:rom|altsyncram:altsyncram_component|altsyncram_os61:auto_generated|ram_block1a0~porta_address_reg7    ; lpm_rom0:rom|altsyncram:altsyncram_component|altsyncram_os61:auto_generated|q_a[3]                            ; clock      ; clock    ; 20.000 ns                   ; 19.833 ns                 ; 1.623 ns                ;
; 18.210 ns ; Restricted to 500.0 MHz ( period = 2.0 ns ) ; lpm_rom0:rom|altsyncram:altsyncram_component|altsyncram_os61:auto_generated|ram_block1a0~porta_address_reg6    ; lpm_rom0:rom|altsyncram:altsyncram_component|altsyncram_os61:auto_generated|q_a[3]                            ; clock      ; clock    ; 20.000 ns                   ; 19.833 ns                 ; 1.623 ns                ;
; 18.210 ns ; Restricted to 500.0 MHz ( period = 2.0 ns ) ; lpm_rom0:rom|altsyncram:altsyncram_component|altsyncram_os61:auto_generated|ram_block1a0~porta_address_reg5    ; lpm_rom0:rom|altsyncram:altsyncram_component|altsyncram_os61:auto_generated|q_a[3]                            ; clock      ; clock    ; 20.000 ns                   ; 19.833 ns                 ; 1.623 ns                ;
; 18.210 ns ; Restricted to 500.0 MHz ( period = 2.0 ns ) ; lpm_rom0:rom|altsyncram:altsyncram_component|altsyncram_os61:auto_generated|ram_block1a0~porta_address_reg4    ; lpm_rom0:rom|altsyncram:altsyncram_component|altsyncram_os61:auto_generated|q_a[3]                            ; clock      ; clock    ; 20.000 ns                   ; 19.833 ns                 ; 1.623 ns                ;
; 18.210 ns ; Restricted to 500.0 MHz ( period = 2.0 ns ) ; lpm_rom0:rom|altsyncram:altsyncram_component|altsyncram_os61:auto_generated|ram_block1a0~porta_address_reg3    ; lpm_rom0:rom|altsyncram:altsyncram_component|altsyncram_os61:auto_generated|q_a[3]                            ; clock      ; clock    ; 20.000 ns                   ; 19.833 ns                 ; 1.623 ns                ;
; 18.210 ns ; Restricted to 500.0 MHz ( period = 2.0 ns ) ; lpm_rom0:rom|altsyncram:altsyncram_component|altsyncram_os61:auto_generated|ram_block1a0~porta_address_reg2    ; lpm_rom0:rom|altsyncram:altsyncram_component|altsyncram_os61:auto_generated|q_a[3]                            ; clock      ; clock    ; 20.000 ns                   ; 19.833 ns                 ; 1.623 ns                ;
; 18.210 ns ; Restricted to 500.0 MHz ( period = 2.0 ns ) ; lpm_rom0:rom|altsyncram:altsyncram_component|altsyncram_os61:auto_generated|ram_block1a0~porta_address_reg1    ; lpm_rom0:rom|altsyncram:altsyncram_component|altsyncram_os61:auto_generated|q_a[3]                            ; clock      ; clock    ; 20.000 ns                   ; 19.833 ns                 ; 1.623 ns                ;
; 18.210 ns ; Restricted to 500.0 MHz ( period = 2.0 ns ) ; lpm_rom0:rom|altsyncram:altsyncram_component|altsyncram_os61:auto_generated|ram_block1a0~porta_address_reg0    ; lpm_rom0:rom|altsyncram:altsyncram_component|altsyncram_os61:auto_generated|q_a[3]                            ; clock      ; clock    ; 20.000 ns                   ; 19.833 ns                 ; 1.623 ns                ;
; 18.210 ns ; Restricted to 500.0 MHz ( period = 2.0 ns ) ; lpm_rom0:rom|altsyncram:altsyncram_component|altsyncram_os61:auto_generated|ram_block1a0~porta_address_reg7    ; lpm_rom0:rom|altsyncram:altsyncram_component|altsyncram_os61:auto_generated|q_a[2]                            ; clock      ; clock    ; 20.000 ns                   ; 19.833 ns                 ; 1.623 ns                ;
; 18.210 ns ; Restricted to 500.0 MHz ( period = 2.0 ns ) ; lpm_rom0:rom|altsyncram:altsyncram_component|altsyncram_os61:auto_generated|ram_block1a0~porta_address_reg6    ; lpm_rom0:rom|altsyncram:altsyncram_component|altsyncram_os61:auto_generated|q_a[2]                            ; clock      ; clock    ; 20.000 ns                   ; 19.833 ns                 ; 1.623 ns                ;
; 18.210 ns ; Restricted to 500.0 MHz ( period = 2.0 ns ) ; lpm_rom0:rom|altsyncram:altsyncram_component|altsyncram_os61:auto_generated|ram_block1a0~porta_address_reg5    ; lpm_rom0:rom|altsyncram:altsyncram_component|altsyncram_os61:auto_generated|q_a[2]                            ; clock      ; clock    ; 20.000 ns                   ; 19.833 ns                 ; 1.623 ns                ;
; 18.210 ns ; Restricted to 500.0 MHz ( period = 2.0 ns ) ; lpm_rom0:rom|altsyncram:altsyncram_component|altsyncram_os61:auto_generated|ram_block1a0~porta_address_reg4    ; lpm_rom0:rom|altsyncram:altsyncram_component|altsyncram_os61:auto_generated|q_a[2]                            ; clock      ; clock    ; 20.000 ns                   ; 19.833 ns                 ; 1.623 ns                ;
; 18.210 ns ; Restricted to 500.0 MHz ( period = 2.0 ns ) ; lpm_rom0:rom|altsyncram:altsyncram_component|altsyncram_os61:auto_generated|ram_block1a0~porta_address_reg3    ; lpm_rom0:rom|altsyncram:altsyncram_component|altsyncram_os61:auto_generated|q_a[2]                            ; clock      ; clock    ; 20.000 ns                   ; 19.833 ns                 ; 1.623 ns                ;
; 18.210 ns ; Restricted to 500.0 MHz ( period = 2.0 ns ) ; lpm_rom0:rom|altsyncram:altsyncram_component|altsyncram_os61:auto_generated|ram_block1a0~porta_address_reg2    ; lpm_rom0:rom|altsyncram:altsyncram_component|altsyncram_os61:auto_generated|q_a[2]                            ; clock      ; clock    ; 20.000 ns                   ; 19.833 ns                 ; 1.623 ns                ;
; 18.210 ns ; Restricted to 500.0 MHz ( period = 2.0 ns ) ; lpm_rom0:rom|altsyncram:altsyncram_component|altsyncram_os61:auto_generated|ram_block1a0~porta_address_reg1    ; lpm_rom0:rom|altsyncram:altsyncram_component|altsyncram_os61:auto_generated|q_a[2]                            ; clock      ; clock    ; 20.000 ns                   ; 19.833 ns                 ; 1.623 ns                ;
; 18.210 ns ; Restricted to 500.0 MHz ( period = 2.0 ns ) ; lpm_rom0:rom|altsyncram:altsyncram_component|altsyncram_os61:auto_generated|ram_block1a0~porta_address_reg0    ; lpm_rom0:rom|altsyncram:altsyncram_component|altsyncram_os61:auto_generated|q_a[2]                            ; clock      ; clock    ; 20.000 ns                   ; 19.833 ns                 ; 1.623 ns                ;
; 18.210 ns ; Restricted to 500.0 MHz ( period = 2.0 ns ) ; lpm_rom0:rom|altsyncram:altsyncram_component|altsyncram_os61:auto_generated|ram_block1a0~porta_address_reg7    ; lpm_rom0:rom|altsyncram:altsyncram_component|altsyncram_os61:auto_generated|q_a[1]                            ; clock      ; clock    ; 20.000 ns                   ; 19.833 ns                 ; 1.623 ns                ;
; 18.210 ns ; Restricted to 500.0 MHz ( period = 2.0 ns ) ; lpm_rom0:rom|altsyncram:altsyncram_component|altsyncram_os61:auto_generated|ram_block1a0~porta_address_reg6    ; lpm_rom0:rom|altsyncram:altsyncram_component|altsyncram_os61:auto_generated|q_a[1]                            ; clock      ; clock    ; 20.000 ns                   ; 19.833 ns                 ; 1.623 ns                ;
; 18.210 ns ; Restricted to 500.0 MHz ( period = 2.0 ns ) ; lpm_rom0:rom|altsyncram:altsyncram_component|altsyncram_os61:auto_generated|ram_block1a0~porta_address_reg5    ; lpm_rom0:rom|altsyncram:altsyncram_component|altsyncram_os61:auto_generated|q_a[1]                            ; clock      ; clock    ; 20.000 ns                   ; 19.833 ns                 ; 1.623 ns                ;
; 18.210 ns ; Restricted to 500.0 MHz ( period = 2.0 ns ) ; lpm_rom0:rom|altsyncram:altsyncram_component|altsyncram_os61:auto_generated|ram_block1a0~porta_address_reg4    ; lpm_rom0:rom|altsyncram:altsyncram_component|altsyncram_os61:auto_generated|q_a[1]                            ; clock      ; clock    ; 20.000 ns                   ; 19.833 ns                 ; 1.623 ns                ;
; 18.210 ns ; Restricted to 500.0 MHz ( period = 2.0 ns ) ; lpm_rom0:rom|altsyncram:altsyncram_component|altsyncram_os61:auto_generated|ram_block1a0~porta_address_reg3    ; lpm_rom0:rom|altsyncram:altsyncram_component|altsyncram_os61:auto_generated|q_a[1]                            ; clock      ; clock    ; 20.000 ns                   ; 19.833 ns                 ; 1.623 ns                ;
; 18.210 ns ; Restricted to 500.0 MHz ( period = 2.0 ns ) ; lpm_rom0:rom|altsyncram:altsyncram_component|altsyncram_os61:auto_generated|ram_block1a0~porta_address_reg2    ; lpm_rom0:rom|altsyncram:altsyncram_component|altsyncram_os61:auto_generated|q_a[1]                            ; clock      ; clock    ; 20.000 ns                   ; 19.833 ns                 ; 1.623 ns                ;
; 18.210 ns ; Restricted to 500.0 MHz ( period = 2.0 ns ) ; lpm_rom0:rom|altsyncram:altsyncram_component|altsyncram_os61:auto_generated|ram_block1a0~porta_address_reg1    ; lpm_rom0:rom|altsyncram:altsyncram_component|altsyncram_os61:auto_generated|q_a[1]                            ; clock      ; clock    ; 20.000 ns                   ; 19.833 ns                 ; 1.623 ns                ;
; 18.210 ns ; Restricted to 500.0 MHz ( period = 2.0 ns ) ; lpm_rom0:rom|altsyncram:altsyncram_component|altsyncram_os61:auto_generated|ram_block1a0~porta_address_reg0    ; lpm_rom0:rom|altsyncram:altsyncram_component|altsyncram_os61:auto_generated|q_a[1]                            ; clock      ; clock    ; 20.000 ns                   ; 19.833 ns                 ; 1.623 ns                ;
; 18.210 ns ; Restricted to 500.0 MHz ( period = 2.0 ns ) ; lpm_rom0:rom|altsyncram:altsyncram_component|altsyncram_os61:auto_generated|ram_block1a0~porta_address_reg7    ; lpm_rom0:rom|altsyncram:altsyncram_component|altsyncram_os61:auto_generated|q_a[0]                            ; clock      ; clock    ; 20.000 ns                   ; 19.833 ns                 ; 1.623 ns                ;
; 18.210 ns ; Restricted to 500.0 MHz ( period = 2.0 ns ) ; lpm_rom0:rom|altsyncram:altsyncram_component|altsyncram_os61:auto_generated|ram_block1a0~porta_address_reg6    ; lpm_rom0:rom|altsyncram:altsyncram_component|altsyncram_os61:auto_generated|q_a[0]                            ; clock      ; clock    ; 20.000 ns                   ; 19.833 ns                 ; 1.623 ns                ;
; 18.210 ns ; Restricted to 500.0 MHz ( period = 2.0 ns ) ; lpm_rom0:rom|altsyncram:altsyncram_component|altsyncram_os61:auto_generated|ram_block1a0~porta_address_reg5    ; lpm_rom0:rom|altsyncram:altsyncram_component|altsyncram_os61:auto_generated|q_a[0]                            ; clock      ; clock    ; 20.000 ns                   ; 19.833 ns                 ; 1.623 ns                ;
; 18.210 ns ; Restricted to 500.0 MHz ( period = 2.0 ns ) ; lpm_rom0:rom|altsyncram:altsyncram_component|altsyncram_os61:auto_generated|ram_block1a0~porta_address_reg4    ; lpm_rom0:rom|altsyncram:altsyncram_component|altsyncram_os61:auto_generated|q_a[0]                            ; clock      ; clock    ; 20.000 ns                   ; 19.833 ns                 ; 1.623 ns                ;
; 18.210 ns ; Restricted to 500.0 MHz ( period = 2.0 ns ) ; lpm_rom0:rom|altsyncram:altsyncram_component|altsyncram_os61:auto_generated|ram_block1a0~porta_address_reg3    ; lpm_rom0:rom|altsyncram:altsyncram_component|altsyncram_os61:auto_generated|q_a[0]                            ; clock      ; clock    ; 20.000 ns                   ; 19.833 ns                 ; 1.623 ns                ;
; 18.210 ns ; Restricted to 500.0 MHz ( period = 2.0 ns ) ; lpm_rom0:rom|altsyncram:altsyncram_component|altsyncram_os61:auto_generated|ram_block1a0~porta_address_reg2    ; lpm_rom0:rom|altsyncram:altsyncram_component|altsyncram_os61:auto_generated|q_a[0]                            ; clock      ; clock    ; 20.000 ns                   ; 19.833 ns                 ; 1.623 ns                ;
; 18.210 ns ; Restricted to 500.0 MHz ( period = 2.0 ns ) ; lpm_rom0:rom|altsyncram:altsyncram_component|altsyncram_os61:auto_generated|ram_block1a0~porta_address_reg1    ; lpm_rom0:rom|altsyncram:altsyncram_component|altsyncram_os61:auto_generated|q_a[0]                            ; clock      ; clock    ; 20.000 ns                   ; 19.833 ns                 ; 1.623 ns                ;
; 18.210 ns ; Restricted to 500.0 MHz ( period = 2.0 ns ) ; lpm_rom0:rom|altsyncram:altsyncram_component|altsyncram_os61:auto_generated|ram_block1a0~porta_address_reg0    ; lpm_rom0:rom|altsyncram:altsyncram_component|altsyncram_os61:auto_generated|q_a[0]                            ; clock      ; clock    ; 20.000 ns                   ; 19.833 ns                 ; 1.623 ns                ;
; 18.210 ns ; Restricted to 500.0 MHz ( period = 2.0 ns ) ; lpm_ram_io:ram|altram:sram|altsyncram:ram_block|altsyncram_1a91:auto_generated|ram_block1a0~porta_datain_reg7  ; lpm_ram_io:ram|altram:sram|altsyncram:ram_block|altsyncram_1a91:auto_generated|ram_block1a7~porta_memory_reg0 ; clock      ; clock    ; 20.000 ns                   ; 19.833 ns                 ; 1.623 ns                ;
; 18.210 ns ; Restricted to 500.0 MHz ( period = 2.0 ns ) ; lpm_ram_io:ram|altram:sram|altsyncram:ram_block|altsyncram_1a91:auto_generated|ram_block1a0~porta_datain_reg6  ; lpm_ram_io:ram|altram:sram|altsyncram:ram_block|altsyncram_1a91:auto_generated|ram_block1a6~porta_memory_reg0 ; clock      ; clock    ; 20.000 ns                   ; 19.833 ns                 ; 1.623 ns                ;
; 18.210 ns ; Restricted to 500.0 MHz ( period = 2.0 ns ) ; lpm_ram_io:ram|altram:sram|altsyncram:ram_block|altsyncram_1a91:auto_generated|ram_block1a0~porta_datain_reg5  ; lpm_ram_io:ram|altram:sram|altsyncram:ram_block|altsyncram_1a91:auto_generated|ram_block1a5~porta_memory_reg0 ; clock      ; clock    ; 20.000 ns                   ; 19.833 ns                 ; 1.623 ns                ;
; 18.210 ns ; Restricted to 500.0 MHz ( period = 2.0 ns ) ; lpm_ram_io:ram|altram:sram|altsyncram:ram_block|altsyncram_1a91:auto_generated|ram_block1a0~porta_datain_reg4  ; lpm_ram_io:ram|altram:sram|altsyncram:ram_block|altsyncram_1a91:auto_generated|ram_block1a4~porta_memory_reg0 ; clock      ; clock    ; 20.000 ns                   ; 19.833 ns                 ; 1.623 ns                ;
; 18.210 ns ; Restricted to 500.0 MHz ( period = 2.0 ns ) ; lpm_ram_io:ram|altram:sram|altsyncram:ram_block|altsyncram_1a91:auto_generated|ram_block1a0~porta_datain_reg3  ; lpm_ram_io:ram|altram:sram|altsyncram:ram_block|altsyncram_1a91:auto_generated|ram_block1a3~porta_memory_reg0 ; clock      ; clock    ; 20.000 ns                   ; 19.833 ns                 ; 1.623 ns                ;
; 18.210 ns ; Restricted to 500.0 MHz ( period = 2.0 ns ) ; lpm_ram_io:ram|altram:sram|altsyncram:ram_block|altsyncram_1a91:auto_generated|ram_block1a0~porta_datain_reg2  ; lpm_ram_io:ram|altram:sram|altsyncram:ram_block|altsyncram_1a91:auto_generated|ram_block1a2~porta_memory_reg0 ; clock      ; clock    ; 20.000 ns                   ; 19.833 ns                 ; 1.623 ns                ;
; 18.210 ns ; Restricted to 500.0 MHz ( period = 2.0 ns ) ; lpm_ram_io:ram|altram:sram|altsyncram:ram_block|altsyncram_1a91:auto_generated|ram_block1a0~porta_datain_reg1  ; lpm_ram_io:ram|altram:sram|altsyncram:ram_block|altsyncram_1a91:auto_generated|ram_block1a1~porta_memory_reg0 ; clock      ; clock    ; 20.000 ns                   ; 19.833 ns                 ; 1.623 ns                ;
; 18.210 ns ; Restricted to 500.0 MHz ( period = 2.0 ns ) ; lpm_ram_io:ram|altram:sram|altsyncram:ram_block|altsyncram_1a91:auto_generated|ram_block1a0~porta_datain_reg0  ; lpm_ram_io:ram|altram:sram|altsyncram:ram_block|altsyncram_1a91:auto_generated|ram_block1a0~porta_memory_reg0 ; clock      ; clock    ; 20.000 ns                   ; 19.833 ns                 ; 1.623 ns                ;
; 18.210 ns ; Restricted to 500.0 MHz ( period = 2.0 ns ) ; lpm_ram_io:ram|altram:sram|altsyncram:ram_block|altsyncram_1a91:auto_generated|ram_block1a0~porta_address_reg7 ; lpm_ram_io:ram|altram:sram|altsyncram:ram_block|altsyncram_1a91:auto_generated|q_a[7]                         ; clock      ; clock    ; 20.000 ns                   ; 19.833 ns                 ; 1.623 ns                ;
; 18.210 ns ; Restricted to 500.0 MHz ( period = 2.0 ns ) ; lpm_ram_io:ram|altram:sram|altsyncram:ram_block|altsyncram_1a91:auto_generated|ram_block1a0~porta_address_reg6 ; lpm_ram_io:ram|altram:sram|altsyncram:ram_block|altsyncram_1a91:auto_generated|q_a[7]                         ; clock      ; clock    ; 20.000 ns                   ; 19.833 ns                 ; 1.623 ns                ;
; 18.210 ns ; Restricted to 500.0 MHz ( period = 2.0 ns ) ; lpm_ram_io:ram|altram:sram|altsyncram:ram_block|altsyncram_1a91:auto_generated|ram_block1a0~porta_address_reg5 ; lpm_ram_io:ram|altram:sram|altsyncram:ram_block|altsyncram_1a91:auto_generated|q_a[7]                         ; clock      ; clock    ; 20.000 ns                   ; 19.833 ns                 ; 1.623 ns                ;
; 18.210 ns ; Restricted to 500.0 MHz ( period = 2.0 ns ) ; lpm_ram_io:ram|altram:sram|altsyncram:ram_block|altsyncram_1a91:auto_generated|ram_block1a0~porta_address_reg4 ; lpm_ram_io:ram|altram:sram|altsyncram:ram_block|altsyncram_1a91:auto_generated|q_a[7]                         ; clock      ; clock    ; 20.000 ns                   ; 19.833 ns                 ; 1.623 ns                ;
; 18.210 ns ; Restricted to 500.0 MHz ( period = 2.0 ns ) ; lpm_ram_io:ram|altram:sram|altsyncram:ram_block|altsyncram_1a91:auto_generated|ram_block1a0~porta_address_reg3 ; lpm_ram_io:ram|altram:sram|altsyncram:ram_block|altsyncram_1a91:auto_generated|q_a[7]                         ; clock      ; clock    ; 20.000 ns                   ; 19.833 ns                 ; 1.623 ns                ;
; 18.210 ns ; Restricted to 500.0 MHz ( period = 2.0 ns ) ; lpm_ram_io:ram|altram:sram|altsyncram:ram_block|altsyncram_1a91:auto_generated|ram_block1a0~porta_address_reg2 ; lpm_ram_io:ram|altram:sram|altsyncram:ram_block|altsyncram_1a91:auto_generated|q_a[7]                         ; clock      ; clock    ; 20.000 ns                   ; 19.833 ns                 ; 1.623 ns                ;
; 18.210 ns ; Restricted to 500.0 MHz ( period = 2.0 ns ) ; lpm_ram_io:ram|altram:sram|altsyncram:ram_block|altsyncram_1a91:auto_generated|ram_block1a0~porta_address_reg1 ; lpm_ram_io:ram|altram:sram|altsyncram:ram_block|altsyncram_1a91:auto_generated|q_a[7]                         ; clock      ; clock    ; 20.000 ns                   ; 19.833 ns                 ; 1.623 ns                ;
; 18.210 ns ; Restricted to 500.0 MHz ( period = 2.0 ns ) ; lpm_ram_io:ram|altram:sram|altsyncram:ram_block|altsyncram_1a91:auto_generated|ram_block1a0~porta_address_reg0 ; lpm_ram_io:ram|altram:sram|altsyncram:ram_block|altsyncram_1a91:auto_generated|q_a[7]                         ; clock      ; clock    ; 20.000 ns                   ; 19.833 ns                 ; 1.623 ns                ;
; 18.210 ns ; Restricted to 500.0 MHz ( period = 2.0 ns ) ; lpm_ram_io:ram|altram:sram|altsyncram:ram_block|altsyncram_1a91:auto_generated|ram_block1a0~porta_we_reg       ; lpm_ram_io:ram|altram:sram|altsyncram:ram_block|altsyncram_1a91:auto_generated|q_a[7]                         ; clock      ; clock    ; 20.000 ns                   ; 19.833 ns                 ; 1.623 ns                ;
; 18.210 ns ; Restricted to 500.0 MHz ( period = 2.0 ns ) ; lpm_ram_io:ram|altram:sram|altsyncram:ram_block|altsyncram_1a91:auto_generated|ram_block1a0~porta_address_reg7 ; lpm_ram_io:ram|altram:sram|altsyncram:ram_block|altsyncram_1a91:auto_generated|q_a[6]                         ; clock      ; clock    ; 20.000 ns                   ; 19.833 ns                 ; 1.623 ns                ;
; 18.210 ns ; Restricted to 500.0 MHz ( period = 2.0 ns ) ; lpm_ram_io:ram|altram:sram|altsyncram:ram_block|altsyncram_1a91:auto_generated|ram_block1a0~porta_address_reg6 ; lpm_ram_io:ram|altram:sram|altsyncram:ram_block|altsyncram_1a91:auto_generated|q_a[6]                         ; clock      ; clock    ; 20.000 ns                   ; 19.833 ns                 ; 1.623 ns                ;
; 18.210 ns ; Restricted to 500.0 MHz ( period = 2.0 ns ) ; lpm_ram_io:ram|altram:sram|altsyncram:ram_block|altsyncram_1a91:auto_generated|ram_block1a0~porta_address_reg5 ; lpm_ram_io:ram|altram:sram|altsyncram:ram_block|altsyncram_1a91:auto_generated|q_a[6]                         ; clock      ; clock    ; 20.000 ns                   ; 19.833 ns                 ; 1.623 ns                ;
; 18.210 ns ; Restricted to 500.0 MHz ( period = 2.0 ns ) ; lpm_ram_io:ram|altram:sram|altsyncram:ram_block|altsyncram_1a91:auto_generated|ram_block1a0~porta_address_reg4 ; lpm_ram_io:ram|altram:sram|altsyncram:ram_block|altsyncram_1a91:auto_generated|q_a[6]                         ; clock      ; clock    ; 20.000 ns                   ; 19.833 ns                 ; 1.623 ns                ;
; 18.210 ns ; Restricted to 500.0 MHz ( period = 2.0 ns ) ; lpm_ram_io:ram|altram:sram|altsyncram:ram_block|altsyncram_1a91:auto_generated|ram_block1a0~porta_address_reg3 ; lpm_ram_io:ram|altram:sram|altsyncram:ram_block|altsyncram_1a91:auto_generated|q_a[6]                         ; clock      ; clock    ; 20.000 ns                   ; 19.833 ns                 ; 1.623 ns                ;
; 18.210 ns ; Restricted to 500.0 MHz ( period = 2.0 ns ) ; lpm_ram_io:ram|altram:sram|altsyncram:ram_block|altsyncram_1a91:auto_generated|ram_block1a0~porta_address_reg2 ; lpm_ram_io:ram|altram:sram|altsyncram:ram_block|altsyncram_1a91:auto_generated|q_a[6]                         ; clock      ; clock    ; 20.000 ns                   ; 19.833 ns                 ; 1.623 ns                ;
; 18.210 ns ; Restricted to 500.0 MHz ( period = 2.0 ns ) ; lpm_ram_io:ram|altram:sram|altsyncram:ram_block|altsyncram_1a91:auto_generated|ram_block1a0~porta_address_reg1 ; lpm_ram_io:ram|altram:sram|altsyncram:ram_block|altsyncram_1a91:auto_generated|q_a[6]                         ; clock      ; clock    ; 20.000 ns                   ; 19.833 ns                 ; 1.623 ns                ;
; 18.210 ns ; Restricted to 500.0 MHz ( period = 2.0 ns ) ; lpm_ram_io:ram|altram:sram|altsyncram:ram_block|altsyncram_1a91:auto_generated|ram_block1a0~porta_address_reg0 ; lpm_ram_io:ram|altram:sram|altsyncram:ram_block|altsyncram_1a91:auto_generated|q_a[6]                         ; clock      ; clock    ; 20.000 ns                   ; 19.833 ns                 ; 1.623 ns                ;
; 18.210 ns ; Restricted to 500.0 MHz ( period = 2.0 ns ) ; lpm_ram_io:ram|altram:sram|altsyncram:ram_block|altsyncram_1a91:auto_generated|ram_block1a0~porta_we_reg       ; lpm_ram_io:ram|altram:sram|altsyncram:ram_block|altsyncram_1a91:auto_generated|q_a[6]                         ; clock      ; clock    ; 20.000 ns                   ; 19.833 ns                 ; 1.623 ns                ;
; 18.210 ns ; Restricted to 500.0 MHz ( period = 2.0 ns ) ; lpm_ram_io:ram|altram:sram|altsyncram:ram_block|altsyncram_1a91:auto_generated|ram_block1a0~porta_address_reg7 ; lpm_ram_io:ram|altram:sram|altsyncram:ram_block|altsyncram_1a91:auto_generated|q_a[5]                         ; clock      ; clock    ; 20.000 ns                   ; 19.833 ns                 ; 1.623 ns                ;
; 18.210 ns ; Restricted to 500.0 MHz ( period = 2.0 ns ) ; lpm_ram_io:ram|altram:sram|altsyncram:ram_block|altsyncram_1a91:auto_generated|ram_block1a0~porta_address_reg6 ; lpm_ram_io:ram|altram:sram|altsyncram:ram_block|altsyncram_1a91:auto_generated|q_a[5]                         ; clock      ; clock    ; 20.000 ns                   ; 19.833 ns                 ; 1.623 ns                ;
; 18.210 ns ; Restricted to 500.0 MHz ( period = 2.0 ns ) ; lpm_ram_io:ram|altram:sram|altsyncram:ram_block|altsyncram_1a91:auto_generated|ram_block1a0~porta_address_reg5 ; lpm_ram_io:ram|altram:sram|altsyncram:ram_block|altsyncram_1a91:auto_generated|q_a[5]                         ; clock      ; clock    ; 20.000 ns                   ; 19.833 ns                 ; 1.623 ns                ;
; 18.210 ns ; Restricted to 500.0 MHz ( period = 2.0 ns ) ; lpm_ram_io:ram|altram:sram|altsyncram:ram_block|altsyncram_1a91:auto_generated|ram_block1a0~porta_address_reg4 ; lpm_ram_io:ram|altram:sram|altsyncram:ram_block|altsyncram_1a91:auto_generated|q_a[5]                         ; clock      ; clock    ; 20.000 ns                   ; 19.833 ns                 ; 1.623 ns                ;
; 18.210 ns ; Restricted to 500.0 MHz ( period = 2.0 ns ) ; lpm_ram_io:ram|altram:sram|altsyncram:ram_block|altsyncram_1a91:auto_generated|ram_block1a0~porta_address_reg3 ; lpm_ram_io:ram|altram:sram|altsyncram:ram_block|altsyncram_1a91:auto_generated|q_a[5]                         ; clock      ; clock    ; 20.000 ns                   ; 19.833 ns                 ; 1.623 ns                ;
; 18.210 ns ; Restricted to 500.0 MHz ( period = 2.0 ns ) ; lpm_ram_io:ram|altram:sram|altsyncram:ram_block|altsyncram_1a91:auto_generated|ram_block1a0~porta_address_reg2 ; lpm_ram_io:ram|altram:sram|altsyncram:ram_block|altsyncram_1a91:auto_generated|q_a[5]                         ; clock      ; clock    ; 20.000 ns                   ; 19.833 ns                 ; 1.623 ns                ;
; 18.210 ns ; Restricted to 500.0 MHz ( period = 2.0 ns ) ; lpm_ram_io:ram|altram:sram|altsyncram:ram_block|altsyncram_1a91:auto_generated|ram_block1a0~porta_address_reg1 ; lpm_ram_io:ram|altram:sram|altsyncram:ram_block|altsyncram_1a91:auto_generated|q_a[5]                         ; clock      ; clock    ; 20.000 ns                   ; 19.833 ns                 ; 1.623 ns                ;
; 18.210 ns ; Restricted to 500.0 MHz ( period = 2.0 ns ) ; lpm_ram_io:ram|altram:sram|altsyncram:ram_block|altsyncram_1a91:auto_generated|ram_block1a0~porta_address_reg0 ; lpm_ram_io:ram|altram:sram|altsyncram:ram_block|altsyncram_1a91:auto_generated|q_a[5]                         ; clock      ; clock    ; 20.000 ns                   ; 19.833 ns                 ; 1.623 ns                ;
; 18.210 ns ; Restricted to 500.0 MHz ( period = 2.0 ns ) ; lpm_ram_io:ram|altram:sram|altsyncram:ram_block|altsyncram_1a91:auto_generated|ram_block1a0~porta_we_reg       ; lpm_ram_io:ram|altram:sram|altsyncram:ram_block|altsyncram_1a91:auto_generated|q_a[5]                         ; clock      ; clock    ; 20.000 ns                   ; 19.833 ns                 ; 1.623 ns                ;
; 18.210 ns ; Restricted to 500.0 MHz ( period = 2.0 ns ) ; lpm_ram_io:ram|altram:sram|altsyncram:ram_block|altsyncram_1a91:auto_generated|ram_block1a0~porta_address_reg7 ; lpm_ram_io:ram|altram:sram|altsyncram:ram_block|altsyncram_1a91:auto_generated|q_a[4]                         ; clock      ; clock    ; 20.000 ns                   ; 19.833 ns                 ; 1.623 ns                ;
; 18.210 ns ; Restricted to 500.0 MHz ( period = 2.0 ns ) ; lpm_ram_io:ram|altram:sram|altsyncram:ram_block|altsyncram_1a91:auto_generated|ram_block1a0~porta_address_reg6 ; lpm_ram_io:ram|altram:sram|altsyncram:ram_block|altsyncram_1a91:auto_generated|q_a[4]                         ; clock      ; clock    ; 20.000 ns                   ; 19.833 ns                 ; 1.623 ns                ;
; 18.210 ns ; Restricted to 500.0 MHz ( period = 2.0 ns ) ; lpm_ram_io:ram|altram:sram|altsyncram:ram_block|altsyncram_1a91:auto_generated|ram_block1a0~porta_address_reg5 ; lpm_ram_io:ram|altram:sram|altsyncram:ram_block|altsyncram_1a91:auto_generated|q_a[4]                         ; clock      ; clock    ; 20.000 ns                   ; 19.833 ns                 ; 1.623 ns                ;
; 18.210 ns ; Restricted to 500.0 MHz ( period = 2.0 ns ) ; lpm_ram_io:ram|altram:sram|altsyncram:ram_block|altsyncram_1a91:auto_generated|ram_block1a0~porta_address_reg4 ; lpm_ram_io:ram|altram:sram|altsyncram:ram_block|altsyncram_1a91:auto_generated|q_a[4]                         ; clock      ; clock    ; 20.000 ns                   ; 19.833 ns                 ; 1.623 ns                ;
; 18.210 ns ; Restricted to 500.0 MHz ( period = 2.0 ns ) ; lpm_ram_io:ram|altram:sram|altsyncram:ram_block|altsyncram_1a91:auto_generated|ram_block1a0~porta_address_reg3 ; lpm_ram_io:ram|altram:sram|altsyncram:ram_block|altsyncram_1a91:auto_generated|q_a[4]                         ; clock      ; clock    ; 20.000 ns                   ; 19.833 ns                 ; 1.623 ns                ;
; 18.210 ns ; Restricted to 500.0 MHz ( period = 2.0 ns ) ; lpm_ram_io:ram|altram:sram|altsyncram:ram_block|altsyncram_1a91:auto_generated|ram_block1a0~porta_address_reg2 ; lpm_ram_io:ram|altram:sram|altsyncram:ram_block|altsyncram_1a91:auto_generated|q_a[4]                         ; clock      ; clock    ; 20.000 ns                   ; 19.833 ns                 ; 1.623 ns                ;
; 18.210 ns ; Restricted to 500.0 MHz ( period = 2.0 ns ) ; lpm_ram_io:ram|altram:sram|altsyncram:ram_block|altsyncram_1a91:auto_generated|ram_block1a0~porta_address_reg1 ; lpm_ram_io:ram|altram:sram|altsyncram:ram_block|altsyncram_1a91:auto_generated|q_a[4]                         ; clock      ; clock    ; 20.000 ns                   ; 19.833 ns                 ; 1.623 ns                ;
; 18.210 ns ; Restricted to 500.0 MHz ( period = 2.0 ns ) ; lpm_ram_io:ram|altram:sram|altsyncram:ram_block|altsyncram_1a91:auto_generated|ram_block1a0~porta_address_reg0 ; lpm_ram_io:ram|altram:sram|altsyncram:ram_block|altsyncram_1a91:auto_generated|q_a[4]                         ; clock      ; clock    ; 20.000 ns                   ; 19.833 ns                 ; 1.623 ns                ;
; 18.210 ns ; Restricted to 500.0 MHz ( period = 2.0 ns ) ; lpm_ram_io:ram|altram:sram|altsyncram:ram_block|altsyncram_1a91:auto_generated|ram_block1a0~porta_we_reg       ; lpm_ram_io:ram|altram:sram|altsyncram:ram_block|altsyncram_1a91:auto_generated|q_a[4]                         ; clock      ; clock    ; 20.000 ns                   ; 19.833 ns                 ; 1.623 ns                ;
; 18.210 ns ; Restricted to 500.0 MHz ( period = 2.0 ns ) ; lpm_ram_io:ram|altram:sram|altsyncram:ram_block|altsyncram_1a91:auto_generated|ram_block1a0~porta_address_reg7 ; lpm_ram_io:ram|altram:sram|altsyncram:ram_block|altsyncram_1a91:auto_generated|q_a[3]                         ; clock      ; clock    ; 20.000 ns                   ; 19.833 ns                 ; 1.623 ns                ;
; 18.210 ns ; Restricted to 500.0 MHz ( period = 2.0 ns ) ; lpm_ram_io:ram|altram:sram|altsyncram:ram_block|altsyncram_1a91:auto_generated|ram_block1a0~porta_address_reg6 ; lpm_ram_io:ram|altram:sram|altsyncram:ram_block|altsyncram_1a91:auto_generated|q_a[3]                         ; clock      ; clock    ; 20.000 ns                   ; 19.833 ns                 ; 1.623 ns                ;
; 18.210 ns ; Restricted to 500.0 MHz ( period = 2.0 ns ) ; lpm_ram_io:ram|altram:sram|altsyncram:ram_block|altsyncram_1a91:auto_generated|ram_block1a0~porta_address_reg5 ; lpm_ram_io:ram|altram:sram|altsyncram:ram_block|altsyncram_1a91:auto_generated|q_a[3]                         ; clock      ; clock    ; 20.000 ns                   ; 19.833 ns                 ; 1.623 ns                ;
; 18.210 ns ; Restricted to 500.0 MHz ( period = 2.0 ns ) ; lpm_ram_io:ram|altram:sram|altsyncram:ram_block|altsyncram_1a91:auto_generated|ram_block1a0~porta_address_reg4 ; lpm_ram_io:ram|altram:sram|altsyncram:ram_block|altsyncram_1a91:auto_generated|q_a[3]                         ; clock      ; clock    ; 20.000 ns                   ; 19.833 ns                 ; 1.623 ns                ;
; 18.210 ns ; Restricted to 500.0 MHz ( period = 2.0 ns ) ; lpm_ram_io:ram|altram:sram|altsyncram:ram_block|altsyncram_1a91:auto_generated|ram_block1a0~porta_address_reg3 ; lpm_ram_io:ram|altram:sram|altsyncram:ram_block|altsyncram_1a91:auto_generated|q_a[3]                         ; clock      ; clock    ; 20.000 ns                   ; 19.833 ns                 ; 1.623 ns                ;
; 18.210 ns ; Restricted to 500.0 MHz ( period = 2.0 ns ) ; lpm_ram_io:ram|altram:sram|altsyncram:ram_block|altsyncram_1a91:auto_generated|ram_block1a0~porta_address_reg2 ; lpm_ram_io:ram|altram:sram|altsyncram:ram_block|altsyncram_1a91:auto_generated|q_a[3]                         ; clock      ; clock    ; 20.000 ns                   ; 19.833 ns                 ; 1.623 ns                ;
; 18.210 ns ; Restricted to 500.0 MHz ( period = 2.0 ns ) ; lpm_ram_io:ram|altram:sram|altsyncram:ram_block|altsyncram_1a91:auto_generated|ram_block1a0~porta_address_reg1 ; lpm_ram_io:ram|altram:sram|altsyncram:ram_block|altsyncram_1a91:auto_generated|q_a[3]                         ; clock      ; clock    ; 20.000 ns                   ; 19.833 ns                 ; 1.623 ns                ;
; 18.210 ns ; Restricted to 500.0 MHz ( period = 2.0 ns ) ; lpm_ram_io:ram|altram:sram|altsyncram:ram_block|altsyncram_1a91:auto_generated|ram_block1a0~porta_address_reg0 ; lpm_ram_io:ram|altram:sram|altsyncram:ram_block|altsyncram_1a91:auto_generated|q_a[3]                         ; clock      ; clock    ; 20.000 ns                   ; 19.833 ns                 ; 1.623 ns                ;
; 18.210 ns ; Restricted to 500.0 MHz ( period = 2.0 ns ) ; lpm_ram_io:ram|altram:sram|altsyncram:ram_block|altsyncram_1a91:auto_generated|ram_block1a0~porta_we_reg       ; lpm_ram_io:ram|altram:sram|altsyncram:ram_block|altsyncram_1a91:auto_generated|q_a[3]                         ; clock      ; clock    ; 20.000 ns                   ; 19.833 ns                 ; 1.623 ns                ;
; 18.210 ns ; Restricted to 500.0 MHz ( period = 2.0 ns ) ; lpm_ram_io:ram|altram:sram|altsyncram:ram_block|altsyncram_1a91:auto_generated|ram_block1a0~porta_address_reg7 ; lpm_ram_io:ram|altram:sram|altsyncram:ram_block|altsyncram_1a91:auto_generated|q_a[2]                         ; clock      ; clock    ; 20.000 ns                   ; 19.833 ns                 ; 1.623 ns                ;
; 18.210 ns ; Restricted to 500.0 MHz ( period = 2.0 ns ) ; lpm_ram_io:ram|altram:sram|altsyncram:ram_block|altsyncram_1a91:auto_generated|ram_block1a0~porta_address_reg6 ; lpm_ram_io:ram|altram:sram|altsyncram:ram_block|altsyncram_1a91:auto_generated|q_a[2]                         ; clock      ; clock    ; 20.000 ns                   ; 19.833 ns                 ; 1.623 ns                ;
; 18.210 ns ; Restricted to 500.0 MHz ( period = 2.0 ns ) ; lpm_ram_io:ram|altram:sram|altsyncram:ram_block|altsyncram_1a91:auto_generated|ram_block1a0~porta_address_reg5 ; lpm_ram_io:ram|altram:sram|altsyncram:ram_block|altsyncram_1a91:auto_generated|q_a[2]                         ; clock      ; clock    ; 20.000 ns                   ; 19.833 ns                 ; 1.623 ns                ;
; 18.210 ns ; Restricted to 500.0 MHz ( period = 2.0 ns ) ; lpm_ram_io:ram|altram:sram|altsyncram:ram_block|altsyncram_1a91:auto_generated|ram_block1a0~porta_address_reg4 ; lpm_ram_io:ram|altram:sram|altsyncram:ram_block|altsyncram_1a91:auto_generated|q_a[2]                         ; clock      ; clock    ; 20.000 ns                   ; 19.833 ns                 ; 1.623 ns                ;
; 18.210 ns ; Restricted to 500.0 MHz ( period = 2.0 ns ) ; lpm_ram_io:ram|altram:sram|altsyncram:ram_block|altsyncram_1a91:auto_generated|ram_block1a0~porta_address_reg3 ; lpm_ram_io:ram|altram:sram|altsyncram:ram_block|altsyncram_1a91:auto_generated|q_a[2]                         ; clock      ; clock    ; 20.000 ns                   ; 19.833 ns                 ; 1.623 ns                ;
; 18.210 ns ; Restricted to 500.0 MHz ( period = 2.0 ns ) ; lpm_ram_io:ram|altram:sram|altsyncram:ram_block|altsyncram_1a91:auto_generated|ram_block1a0~porta_address_reg2 ; lpm_ram_io:ram|altram:sram|altsyncram:ram_block|altsyncram_1a91:auto_generated|q_a[2]                         ; clock      ; clock    ; 20.000 ns                   ; 19.833 ns                 ; 1.623 ns                ;
; 18.210 ns ; Restricted to 500.0 MHz ( period = 2.0 ns ) ; lpm_ram_io:ram|altram:sram|altsyncram:ram_block|altsyncram_1a91:auto_generated|ram_block1a0~porta_address_reg1 ; lpm_ram_io:ram|altram:sram|altsyncram:ram_block|altsyncram_1a91:auto_generated|q_a[2]                         ; clock      ; clock    ; 20.000 ns                   ; 19.833 ns                 ; 1.623 ns                ;
; 18.210 ns ; Restricted to 500.0 MHz ( period = 2.0 ns ) ; lpm_ram_io:ram|altram:sram|altsyncram:ram_block|altsyncram_1a91:auto_generated|ram_block1a0~porta_address_reg0 ; lpm_ram_io:ram|altram:sram|altsyncram:ram_block|altsyncram_1a91:auto_generated|q_a[2]                         ; clock      ; clock    ; 20.000 ns                   ; 19.833 ns                 ; 1.623 ns                ;
; 18.210 ns ; Restricted to 500.0 MHz ( period = 2.0 ns ) ; lpm_ram_io:ram|altram:sram|altsyncram:ram_block|altsyncram_1a91:auto_generated|ram_block1a0~porta_we_reg       ; lpm_ram_io:ram|altram:sram|altsyncram:ram_block|altsyncram_1a91:auto_generated|q_a[2]                         ; clock      ; clock    ; 20.000 ns                   ; 19.833 ns                 ; 1.623 ns                ;
; 18.210 ns ; Restricted to 500.0 MHz ( period = 2.0 ns ) ; lpm_ram_io:ram|altram:sram|altsyncram:ram_block|altsyncram_1a91:auto_generated|ram_block1a0~porta_address_reg7 ; lpm_ram_io:ram|altram:sram|altsyncram:ram_block|altsyncram_1a91:auto_generated|q_a[1]                         ; clock      ; clock    ; 20.000 ns                   ; 19.833 ns                 ; 1.623 ns                ;
; 18.210 ns ; Restricted to 500.0 MHz ( period = 2.0 ns ) ; lpm_ram_io:ram|altram:sram|altsyncram:ram_block|altsyncram_1a91:auto_generated|ram_block1a0~porta_address_reg6 ; lpm_ram_io:ram|altram:sram|altsyncram:ram_block|altsyncram_1a91:auto_generated|q_a[1]                         ; clock      ; clock    ; 20.000 ns                   ; 19.833 ns                 ; 1.623 ns                ;
; 18.210 ns ; Restricted to 500.0 MHz ( period = 2.0 ns ) ; lpm_ram_io:ram|altram:sram|altsyncram:ram_block|altsyncram_1a91:auto_generated|ram_block1a0~porta_address_reg5 ; lpm_ram_io:ram|altram:sram|altsyncram:ram_block|altsyncram_1a91:auto_generated|q_a[1]                         ; clock      ; clock    ; 20.000 ns                   ; 19.833 ns                 ; 1.623 ns                ;
; 18.210 ns ; Restricted to 500.0 MHz ( period = 2.0 ns ) ; lpm_ram_io:ram|altram:sram|altsyncram:ram_block|altsyncram_1a91:auto_generated|ram_block1a0~porta_address_reg4 ; lpm_ram_io:ram|altram:sram|altsyncram:ram_block|altsyncram_1a91:auto_generated|q_a[1]                         ; clock      ; clock    ; 20.000 ns                   ; 19.833 ns                 ; 1.623 ns                ;
; 18.210 ns ; Restricted to 500.0 MHz ( period = 2.0 ns ) ; lpm_ram_io:ram|altram:sram|altsyncram:ram_block|altsyncram_1a91:auto_generated|ram_block1a0~porta_address_reg3 ; lpm_ram_io:ram|altram:sram|altsyncram:ram_block|altsyncram_1a91:auto_generated|q_a[1]                         ; clock      ; clock    ; 20.000 ns                   ; 19.833 ns                 ; 1.623 ns                ;
; 18.210 ns ; Restricted to 500.0 MHz ( period = 2.0 ns ) ; lpm_ram_io:ram|altram:sram|altsyncram:ram_block|altsyncram_1a91:auto_generated|ram_block1a0~porta_address_reg2 ; lpm_ram_io:ram|altram:sram|altsyncram:ram_block|altsyncram_1a91:auto_generated|q_a[1]                         ; clock      ; clock    ; 20.000 ns                   ; 19.833 ns                 ; 1.623 ns                ;
; 18.210 ns ; Restricted to 500.0 MHz ( period = 2.0 ns ) ; lpm_ram_io:ram|altram:sram|altsyncram:ram_block|altsyncram_1a91:auto_generated|ram_block1a0~porta_address_reg1 ; lpm_ram_io:ram|altram:sram|altsyncram:ram_block|altsyncram_1a91:auto_generated|q_a[1]                         ; clock      ; clock    ; 20.000 ns                   ; 19.833 ns                 ; 1.623 ns                ;
; 18.210 ns ; Restricted to 500.0 MHz ( period = 2.0 ns ) ; lpm_ram_io:ram|altram:sram|altsyncram:ram_block|altsyncram_1a91:auto_generated|ram_block1a0~porta_address_reg0 ; lpm_ram_io:ram|altram:sram|altsyncram:ram_block|altsyncram_1a91:auto_generated|q_a[1]                         ; clock      ; clock    ; 20.000 ns                   ; 19.833 ns                 ; 1.623 ns                ;
; 18.210 ns ; Restricted to 500.0 MHz ( period = 2.0 ns ) ; lpm_ram_io:ram|altram:sram|altsyncram:ram_block|altsyncram_1a91:auto_generated|ram_block1a0~porta_we_reg       ; lpm_ram_io:ram|altram:sram|altsyncram:ram_block|altsyncram_1a91:auto_generated|q_a[1]                         ; clock      ; clock    ; 20.000 ns                   ; 19.833 ns                 ; 1.623 ns                ;
; 18.210 ns ; Restricted to 500.0 MHz ( period = 2.0 ns ) ; lpm_ram_io:ram|altram:sram|altsyncram:ram_block|altsyncram_1a91:auto_generated|ram_block1a0~porta_address_reg7 ; lpm_ram_io:ram|altram:sram|altsyncram:ram_block|altsyncram_1a91:auto_generated|q_a[0]                         ; clock      ; clock    ; 20.000 ns                   ; 19.833 ns                 ; 1.623 ns                ;
; 18.210 ns ; Restricted to 500.0 MHz ( period = 2.0 ns ) ; lpm_ram_io:ram|altram:sram|altsyncram:ram_block|altsyncram_1a91:auto_generated|ram_block1a0~porta_address_reg6 ; lpm_ram_io:ram|altram:sram|altsyncram:ram_block|altsyncram_1a91:auto_generated|q_a[0]                         ; clock      ; clock    ; 20.000 ns                   ; 19.833 ns                 ; 1.623 ns                ;
; 18.210 ns ; Restricted to 500.0 MHz ( period = 2.0 ns ) ; lpm_ram_io:ram|altram:sram|altsyncram:ram_block|altsyncram_1a91:auto_generated|ram_block1a0~porta_address_reg5 ; lpm_ram_io:ram|altram:sram|altsyncram:ram_block|altsyncram_1a91:auto_generated|q_a[0]                         ; clock      ; clock    ; 20.000 ns                   ; 19.833 ns                 ; 1.623 ns                ;
; 18.210 ns ; Restricted to 500.0 MHz ( period = 2.0 ns ) ; lpm_ram_io:ram|altram:sram|altsyncram:ram_block|altsyncram_1a91:auto_generated|ram_block1a0~porta_address_reg4 ; lpm_ram_io:ram|altram:sram|altsyncram:ram_block|altsyncram_1a91:auto_generated|q_a[0]                         ; clock      ; clock    ; 20.000 ns                   ; 19.833 ns                 ; 1.623 ns                ;
; 18.210 ns ; Restricted to 500.0 MHz ( period = 2.0 ns ) ; lpm_ram_io:ram|altram:sram|altsyncram:ram_block|altsyncram_1a91:auto_generated|ram_block1a0~porta_address_reg3 ; lpm_ram_io:ram|altram:sram|altsyncram:ram_block|altsyncram_1a91:auto_generated|q_a[0]                         ; clock      ; clock    ; 20.000 ns                   ; 19.833 ns                 ; 1.623 ns                ;
; 18.210 ns ; Restricted to 500.0 MHz ( period = 2.0 ns ) ; lpm_ram_io:ram|altram:sram|altsyncram:ram_block|altsyncram_1a91:auto_generated|ram_block1a0~porta_address_reg2 ; lpm_ram_io:ram|altram:sram|altsyncram:ram_block|altsyncram_1a91:auto_generated|q_a[0]                         ; clock      ; clock    ; 20.000 ns                   ; 19.833 ns                 ; 1.623 ns                ;
; 18.210 ns ; Restricted to 500.0 MHz ( period = 2.0 ns ) ; lpm_ram_io:ram|altram:sram|altsyncram:ram_block|altsyncram_1a91:auto_generated|ram_block1a0~porta_address_reg1 ; lpm_ram_io:ram|altram:sram|altsyncram:ram_block|altsyncram_1a91:auto_generated|q_a[0]                         ; clock      ; clock    ; 20.000 ns                   ; 19.833 ns                 ; 1.623 ns                ;
; 18.210 ns ; Restricted to 500.0 MHz ( period = 2.0 ns ) ; lpm_ram_io:ram|altram:sram|altsyncram:ram_block|altsyncram_1a91:auto_generated|ram_block1a0~porta_address_reg0 ; lpm_ram_io:ram|altram:sram|altsyncram:ram_block|altsyncram_1a91:auto_generated|q_a[0]                         ; clock      ; clock    ; 20.000 ns                   ; 19.833 ns                 ; 1.623 ns                ;
; 18.210 ns ; Restricted to 500.0 MHz ( period = 2.0 ns ) ; lpm_ram_io:ram|altram:sram|altsyncram:ram_block|altsyncram_1a91:auto_generated|ram_block1a0~porta_we_reg       ; lpm_ram_io:ram|altram:sram|altsyncram:ram_block|altsyncram_1a91:auto_generated|q_a[0]                         ; clock      ; clock    ; 20.000 ns                   ; 19.833 ns                 ; 1.623 ns                ;
; 18.213 ns ; Restricted to 500.0 MHz ( period = 2.0 ns ) ; lpm_ram_io:ram|altram:sram|altsyncram:ram_block|altsyncram_1a91:auto_generated|q_a[7]                          ; lpm_dff0:reg|lpm_ff:lpm_ff_component|dffs[7]                                                                  ; clock      ; clock    ; 20.000 ns                   ; 19.937 ns                 ; 1.724 ns                ;
; 18.218 ns ; Restricted to 500.0 MHz ( period = 2.0 ns ) ; lpm_rom0:rom|altsyncram:altsyncram_component|altsyncram_os61:auto_generated|q_a[4]                             ; lpm_dff0:reg|lpm_ff:lpm_ff_component|dffs[4]                                                                  ; clock      ; clock    ; 20.000 ns                   ; 19.934 ns                 ; 1.716 ns                ;
; 18.224 ns ; Restricted to 500.0 MHz ( period = 2.0 ns ) ; lpm_dff0:reg|lpm_ff:lpm_ff_component|dffs[1]                                                                   ; lpm_ram_io:ram|altram:sram|altsyncram:ram_block|altsyncram_1a91:auto_generated|ram_block1a0~porta_datain_reg1 ; clock      ; clock    ; 20.000 ns                   ; 19.731 ns                 ; 1.507 ns                ;
; 18.233 ns ; Restricted to 500.0 MHz ( period = 2.0 ns ) ; lpm_rom0:rom|altsyncram:altsyncram_component|altsyncram_os61:auto_generated|q_a[6]                             ; lpm_dff0:reg|lpm_ff:lpm_ff_component|dffs[6]                                                                  ; clock      ; clock    ; 20.000 ns                   ; 19.934 ns                 ; 1.701 ns                ;
; 18.236 ns ; Restricted to 500.0 MHz ( period = 2.0 ns ) ; lpm_dff0:reg|lpm_ff:lpm_ff_component|dffs[7]                                                                   ; lpm_ram_io:ram|altram:sram|altsyncram:ram_block|altsyncram_1a91:auto_generated|ram_block1a0~porta_datain_reg7 ; clock      ; clock    ; 20.000 ns                   ; 19.730 ns                 ; 1.494 ns                ;
; 18.236 ns ; Restricted to 500.0 MHz ( period = 2.0 ns ) ; lpm_dff0:reg|lpm_ff:lpm_ff_component|dffs[3]                                                                   ; lpm_ram_io:ram|altram:sram|altsyncram:ram_block|altsyncram_1a91:auto_generated|ram_block1a0~porta_datain_reg3 ; clock      ; clock    ; 20.000 ns                   ; 19.731 ns                 ; 1.495 ns                ;
; 18.258 ns ; Restricted to 500.0 MHz ( period = 2.0 ns ) ; lpm_dff0:reg|lpm_ff:lpm_ff_component|dffs[5]                                                                   ; lpm_ram_io:ram|altram:sram|altsyncram:ram_block|altsyncram_1a91:auto_generated|ram_block1a0~porta_datain_reg5 ; clock      ; clock    ; 20.000 ns                   ; 19.730 ns                 ; 1.472 ns                ;
; 18.389 ns ; Restricted to 500.0 MHz ( period = 2.0 ns ) ; lpm_rom0:rom|altsyncram:altsyncram_component|altsyncram_os61:auto_generated|q_a[7]                             ; lpm_dff0:reg|lpm_ff:lpm_ff_component|dffs[7]                                                                  ; clock      ; clock    ; 20.000 ns                   ; 19.934 ns                 ; 1.545 ns                ;
; 18.437 ns ; Restricted to 500.0 MHz ( period = 2.0 ns ) ; lpm_dff0:reg|lpm_ff:lpm_ff_component|dffs[6]                                                                   ; lpm_ram_io:ram|altram:sram|altsyncram:ram_block|altsyncram_1a91:auto_generated|ram_block1a0~porta_datain_reg6 ; clock      ; clock    ; 20.000 ns                   ; 19.730 ns                 ; 1.293 ns                ;
; 18.450 ns ; Restricted to 500.0 MHz ( period = 2.0 ns ) ; lpm_rom0:rom|altsyncram:altsyncram_component|altsyncram_os61:auto_generated|q_a[5]                             ; lpm_dff0:reg|lpm_ff:lpm_ff_component|dffs[5]                                                                  ; clock      ; clock    ; 20.000 ns                   ; 19.934 ns                 ; 1.484 ns                ;
; 19.328 ns ; Restricted to 500.0 MHz ( period = 2.0 ns ) ; lpm_dff0:reg|lpm_ff:lpm_ff_component|dffs[7]                                                                   ; lpm_dff0:reg|lpm_ff:lpm_ff_component|dffs[7]                                                                  ; clock      ; clock    ; 20.000 ns                   ; 19.816 ns                 ; 0.488 ns                ;
; 19.328 ns ; Restricted to 500.0 MHz ( period = 2.0 ns ) ; lpm_dff0:reg|lpm_ff:lpm_ff_component|dffs[6]                                                                   ; lpm_dff0:reg|lpm_ff:lpm_ff_component|dffs[6]                                                                  ; clock      ; clock    ; 20.000 ns                   ; 19.816 ns                 ; 0.488 ns                ;
; 19.328 ns ; Restricted to 500.0 MHz ( period = 2.0 ns ) ; lpm_dff0:reg|lpm_ff:lpm_ff_component|dffs[5]                                                                   ; lpm_dff0:reg|lpm_ff:lpm_ff_component|dffs[5]                                                                  ; clock      ; clock    ; 20.000 ns                   ; 19.816 ns                 ; 0.488 ns                ;
; 19.328 ns ; Restricted to 500.0 MHz ( period = 2.0 ns ) ; lpm_dff0:reg|lpm_ff:lpm_ff_component|dffs[4]                                                                   ; lpm_dff0:reg|lpm_ff:lpm_ff_component|dffs[4]                                                                  ; clock      ; clock    ; 20.000 ns                   ; 19.816 ns                 ; 0.488 ns                ;
; 19.328 ns ; Restricted to 500.0 MHz ( period = 2.0 ns ) ; lpm_dff0:reg|lpm_ff:lpm_ff_component|dffs[3]                                                                   ; lpm_dff0:reg|lpm_ff:lpm_ff_component|dffs[3]                                                                  ; clock      ; clock    ; 20.000 ns                   ; 19.816 ns                 ; 0.488 ns                ;
; 19.328 ns ; Restricted to 500.0 MHz ( period = 2.0 ns ) ; lpm_dff0:reg|lpm_ff:lpm_ff_component|dffs[2]                                                                   ; lpm_dff0:reg|lpm_ff:lpm_ff_component|dffs[2]                                                                  ; clock      ; clock    ; 20.000 ns                   ; 19.816 ns                 ; 0.488 ns                ;
; 19.328 ns ; Restricted to 500.0 MHz ( period = 2.0 ns ) ; lpm_dff0:reg|lpm_ff:lpm_ff_component|dffs[1]                                                                   ; lpm_dff0:reg|lpm_ff:lpm_ff_component|dffs[1]                                                                  ; clock      ; clock    ; 20.000 ns                   ; 19.816 ns                 ; 0.488 ns                ;
; 19.328 ns ; Restricted to 500.0 MHz ( period = 2.0 ns ) ; lpm_dff0:reg|lpm_ff:lpm_ff_component|dffs[0]                                                                   ; lpm_dff0:reg|lpm_ff:lpm_ff_component|dffs[0]                                                                  ; clock      ; clock    ; 20.000 ns                   ; 19.816 ns                 ; 0.488 ns                ;
+-----------+---------------------------------------------+----------------------------------------------------------------------------------------------------------------+---------------------------------------------------------------------------------------------------------------+------------+----------+-----------------------------+---------------------------+-------------------------+


+-------------------------------------------------------------------------------------------------------------------------------------------------------------------------------------------------------------------------------------------------------------------------------------------------------------------------------------------------------------+
; Clock Hold: 'clock'                                                                                                                                                                                                                                                                                                                                         ;
+---------------+----------------------------------------------------------------------------------------------------------------+---------------------------------------------------------------------------------------------------------------+------------+----------+----------------------------+----------------------------+--------------------------+
; Minimum Slack ; From                                                                                                           ; To                                                                                                            ; From Clock ; To Clock ; Required Hold Relationship ; Required Shortest P2P Time ; Actual Shortest P2P Time ;
+---------------+----------------------------------------------------------------------------------------------------------------+---------------------------------------------------------------------------------------------------------------+------------+----------+----------------------------+----------------------------+--------------------------+
; 0.433 ns      ; lpm_dff0:reg|lpm_ff:lpm_ff_component|dffs[7]                                                                   ; lpm_dff0:reg|lpm_ff:lpm_ff_component|dffs[7]                                                                  ; clock      ; clock    ; 0.000 ns                   ; 0.055 ns                   ; 0.488 ns                 ;
; 0.433 ns      ; lpm_dff0:reg|lpm_ff:lpm_ff_component|dffs[6]                                                                   ; lpm_dff0:reg|lpm_ff:lpm_ff_component|dffs[6]                                                                  ; clock      ; clock    ; 0.000 ns                   ; 0.055 ns                   ; 0.488 ns                 ;
; 0.433 ns      ; lpm_dff0:reg|lpm_ff:lpm_ff_component|dffs[5]                                                                   ; lpm_dff0:reg|lpm_ff:lpm_ff_component|dffs[5]                                                                  ; clock      ; clock    ; 0.000 ns                   ; 0.055 ns                   ; 0.488 ns                 ;
; 0.433 ns      ; lpm_dff0:reg|lpm_ff:lpm_ff_component|dffs[4]                                                                   ; lpm_dff0:reg|lpm_ff:lpm_ff_component|dffs[4]                                                                  ; clock      ; clock    ; 0.000 ns                   ; 0.055 ns                   ; 0.488 ns                 ;
; 0.433 ns      ; lpm_dff0:reg|lpm_ff:lpm_ff_component|dffs[3]                                                                   ; lpm_dff0:reg|lpm_ff:lpm_ff_component|dffs[3]                                                                  ; clock      ; clock    ; 0.000 ns                   ; 0.055 ns                   ; 0.488 ns                 ;
; 0.433 ns      ; lpm_dff0:reg|lpm_ff:lpm_ff_component|dffs[2]                                                                   ; lpm_dff0:reg|lpm_ff:lpm_ff_component|dffs[2]                                                                  ; clock      ; clock    ; 0.000 ns                   ; 0.055 ns                   ; 0.488 ns                 ;
; 0.433 ns      ; lpm_dff0:reg|lpm_ff:lpm_ff_component|dffs[1]                                                                   ; lpm_dff0:reg|lpm_ff:lpm_ff_component|dffs[1]                                                                  ; clock      ; clock    ; 0.000 ns                   ; 0.055 ns                   ; 0.488 ns                 ;
; 0.433 ns      ; lpm_dff0:reg|lpm_ff:lpm_ff_component|dffs[0]                                                                   ; lpm_dff0:reg|lpm_ff:lpm_ff_component|dffs[0]                                                                  ; clock      ; clock    ; 0.000 ns                   ; 0.055 ns                   ; 0.488 ns                 ;
; 1.311 ns      ; lpm_rom0:rom|altsyncram:altsyncram_component|altsyncram_os61:auto_generated|q_a[5]                             ; lpm_dff0:reg|lpm_ff:lpm_ff_component|dffs[5]                                                                  ; clock      ; clock    ; 0.000 ns                   ; 0.173 ns                   ; 1.484 ns                 ;
; 1.338 ns      ; lpm_dff0:reg|lpm_ff:lpm_ff_component|dffs[6]                                                                   ; lpm_ram_io:ram|altram:sram|altsyncram:ram_block|altsyncram_1a91:auto_generated|ram_block1a0~porta_datain_reg6 ; clock      ; clock    ; 0.000 ns                   ; -0.045 ns                  ; 1.293 ns                 ;
; 1.372 ns      ; lpm_rom0:rom|altsyncram:altsyncram_component|altsyncram_os61:auto_generated|q_a[7]                             ; lpm_dff0:reg|lpm_ff:lpm_ff_component|dffs[7]                                                                  ; clock      ; clock    ; 0.000 ns                   ; 0.173 ns                   ; 1.545 ns                 ;
; 1.517 ns      ; lpm_dff0:reg|lpm_ff:lpm_ff_component|dffs[5]                                                                   ; lpm_ram_io:ram|altram:sram|altsyncram:ram_block|altsyncram_1a91:auto_generated|ram_block1a0~porta_datain_reg5 ; clock      ; clock    ; 0.000 ns                   ; -0.045 ns                  ; 1.472 ns                 ;
; 1.528 ns      ; lpm_rom0:rom|altsyncram:altsyncram_component|altsyncram_os61:auto_generated|q_a[6]                             ; lpm_dff0:reg|lpm_ff:lpm_ff_component|dffs[6]                                                                  ; clock      ; clock    ; 0.000 ns                   ; 0.173 ns                   ; 1.701 ns                 ;
; 1.539 ns      ; lpm_dff0:reg|lpm_ff:lpm_ff_component|dffs[7]                                                                   ; lpm_ram_io:ram|altram:sram|altsyncram:ram_block|altsyncram_1a91:auto_generated|ram_block1a0~porta_datain_reg7 ; clock      ; clock    ; 0.000 ns                   ; -0.045 ns                  ; 1.494 ns                 ;
; 1.539 ns      ; lpm_dff0:reg|lpm_ff:lpm_ff_component|dffs[3]                                                                   ; lpm_ram_io:ram|altram:sram|altsyncram:ram_block|altsyncram_1a91:auto_generated|ram_block1a0~porta_datain_reg3 ; clock      ; clock    ; 0.000 ns                   ; -0.044 ns                  ; 1.495 ns                 ;
; 1.543 ns      ; lpm_rom0:rom|altsyncram:altsyncram_component|altsyncram_os61:auto_generated|q_a[4]                             ; lpm_dff0:reg|lpm_ff:lpm_ff_component|dffs[4]                                                                  ; clock      ; clock    ; 0.000 ns                   ; 0.173 ns                   ; 1.716 ns                 ;
; 1.548 ns      ; lpm_ram_io:ram|altram:sram|altsyncram:ram_block|altsyncram_1a91:auto_generated|q_a[7]                          ; lpm_dff0:reg|lpm_ff:lpm_ff_component|dffs[7]                                                                  ; clock      ; clock    ; 0.000 ns                   ; 0.176 ns                   ; 1.724 ns                 ;
; 1.551 ns      ; lpm_dff0:reg|lpm_ff:lpm_ff_component|dffs[1]                                                                   ; lpm_ram_io:ram|altram:sram|altsyncram:ram_block|altsyncram_1a91:auto_generated|ram_block1a0~porta_datain_reg1 ; clock      ; clock    ; 0.000 ns                   ; -0.044 ns                  ; 1.507 ns                 ;
; 1.565 ns      ; lpm_rom0:rom|altsyncram:altsyncram_component|altsyncram_os61:auto_generated|ram_block1a0~porta_address_reg7    ; lpm_rom0:rom|altsyncram:altsyncram_component|altsyncram_os61:auto_generated|q_a[7]                            ; clock      ; clock    ; 0.000 ns                   ; 0.058 ns                   ; 1.623 ns                 ;
; 1.565 ns      ; lpm_rom0:rom|altsyncram:altsyncram_component|altsyncram_os61:auto_generated|ram_block1a0~porta_address_reg6    ; lpm_rom0:rom|altsyncram:altsyncram_component|altsyncram_os61:auto_generated|q_a[7]                            ; clock      ; clock    ; 0.000 ns                   ; 0.058 ns                   ; 1.623 ns                 ;
; 1.565 ns      ; lpm_rom0:rom|altsyncram:altsyncram_component|altsyncram_os61:auto_generated|ram_block1a0~porta_address_reg5    ; lpm_rom0:rom|altsyncram:altsyncram_component|altsyncram_os61:auto_generated|q_a[7]                            ; clock      ; clock    ; 0.000 ns                   ; 0.058 ns                   ; 1.623 ns                 ;
; 1.565 ns      ; lpm_rom0:rom|altsyncram:altsyncram_component|altsyncram_os61:auto_generated|ram_block1a0~porta_address_reg4    ; lpm_rom0:rom|altsyncram:altsyncram_component|altsyncram_os61:auto_generated|q_a[7]                            ; clock      ; clock    ; 0.000 ns                   ; 0.058 ns                   ; 1.623 ns                 ;
; 1.565 ns      ; lpm_rom0:rom|altsyncram:altsyncram_component|altsyncram_os61:auto_generated|ram_block1a0~porta_address_reg3    ; lpm_rom0:rom|altsyncram:altsyncram_component|altsyncram_os61:auto_generated|q_a[7]                            ; clock      ; clock    ; 0.000 ns                   ; 0.058 ns                   ; 1.623 ns                 ;
; 1.565 ns      ; lpm_rom0:rom|altsyncram:altsyncram_component|altsyncram_os61:auto_generated|ram_block1a0~porta_address_reg2    ; lpm_rom0:rom|altsyncram:altsyncram_component|altsyncram_os61:auto_generated|q_a[7]                            ; clock      ; clock    ; 0.000 ns                   ; 0.058 ns                   ; 1.623 ns                 ;
; 1.565 ns      ; lpm_rom0:rom|altsyncram:altsyncram_component|altsyncram_os61:auto_generated|ram_block1a0~porta_address_reg1    ; lpm_rom0:rom|altsyncram:altsyncram_component|altsyncram_os61:auto_generated|q_a[7]                            ; clock      ; clock    ; 0.000 ns                   ; 0.058 ns                   ; 1.623 ns                 ;
; 1.565 ns      ; lpm_rom0:rom|altsyncram:altsyncram_component|altsyncram_os61:auto_generated|ram_block1a0~porta_address_reg0    ; lpm_rom0:rom|altsyncram:altsyncram_component|altsyncram_os61:auto_generated|q_a[7]                            ; clock      ; clock    ; 0.000 ns                   ; 0.058 ns                   ; 1.623 ns                 ;
; 1.565 ns      ; lpm_rom0:rom|altsyncram:altsyncram_component|altsyncram_os61:auto_generated|ram_block1a0~porta_address_reg7    ; lpm_rom0:rom|altsyncram:altsyncram_component|altsyncram_os61:auto_generated|q_a[6]                            ; clock      ; clock    ; 0.000 ns                   ; 0.058 ns                   ; 1.623 ns                 ;
; 1.565 ns      ; lpm_rom0:rom|altsyncram:altsyncram_component|altsyncram_os61:auto_generated|ram_block1a0~porta_address_reg6    ; lpm_rom0:rom|altsyncram:altsyncram_component|altsyncram_os61:auto_generated|q_a[6]                            ; clock      ; clock    ; 0.000 ns                   ; 0.058 ns                   ; 1.623 ns                 ;
; 1.565 ns      ; lpm_rom0:rom|altsyncram:altsyncram_component|altsyncram_os61:auto_generated|ram_block1a0~porta_address_reg5    ; lpm_rom0:rom|altsyncram:altsyncram_component|altsyncram_os61:auto_generated|q_a[6]                            ; clock      ; clock    ; 0.000 ns                   ; 0.058 ns                   ; 1.623 ns                 ;
; 1.565 ns      ; lpm_rom0:rom|altsyncram:altsyncram_component|altsyncram_os61:auto_generated|ram_block1a0~porta_address_reg4    ; lpm_rom0:rom|altsyncram:altsyncram_component|altsyncram_os61:auto_generated|q_a[6]                            ; clock      ; clock    ; 0.000 ns                   ; 0.058 ns                   ; 1.623 ns                 ;
; 1.565 ns      ; lpm_rom0:rom|altsyncram:altsyncram_component|altsyncram_os61:auto_generated|ram_block1a0~porta_address_reg3    ; lpm_rom0:rom|altsyncram:altsyncram_component|altsyncram_os61:auto_generated|q_a[6]                            ; clock      ; clock    ; 0.000 ns                   ; 0.058 ns                   ; 1.623 ns                 ;
; 1.565 ns      ; lpm_rom0:rom|altsyncram:altsyncram_component|altsyncram_os61:auto_generated|ram_block1a0~porta_address_reg2    ; lpm_rom0:rom|altsyncram:altsyncram_component|altsyncram_os61:auto_generated|q_a[6]                            ; clock      ; clock    ; 0.000 ns                   ; 0.058 ns                   ; 1.623 ns                 ;
; 1.565 ns      ; lpm_rom0:rom|altsyncram:altsyncram_component|altsyncram_os61:auto_generated|ram_block1a0~porta_address_reg1    ; lpm_rom0:rom|altsyncram:altsyncram_component|altsyncram_os61:auto_generated|q_a[6]                            ; clock      ; clock    ; 0.000 ns                   ; 0.058 ns                   ; 1.623 ns                 ;
; 1.565 ns      ; lpm_rom0:rom|altsyncram:altsyncram_component|altsyncram_os61:auto_generated|ram_block1a0~porta_address_reg0    ; lpm_rom0:rom|altsyncram:altsyncram_component|altsyncram_os61:auto_generated|q_a[6]                            ; clock      ; clock    ; 0.000 ns                   ; 0.058 ns                   ; 1.623 ns                 ;
; 1.565 ns      ; lpm_rom0:rom|altsyncram:altsyncram_component|altsyncram_os61:auto_generated|ram_block1a0~porta_address_reg7    ; lpm_rom0:rom|altsyncram:altsyncram_component|altsyncram_os61:auto_generated|q_a[5]                            ; clock      ; clock    ; 0.000 ns                   ; 0.058 ns                   ; 1.623 ns                 ;
; 1.565 ns      ; lpm_rom0:rom|altsyncram:altsyncram_component|altsyncram_os61:auto_generated|ram_block1a0~porta_address_reg6    ; lpm_rom0:rom|altsyncram:altsyncram_component|altsyncram_os61:auto_generated|q_a[5]                            ; clock      ; clock    ; 0.000 ns                   ; 0.058 ns                   ; 1.623 ns                 ;
; 1.565 ns      ; lpm_rom0:rom|altsyncram:altsyncram_component|altsyncram_os61:auto_generated|ram_block1a0~porta_address_reg5    ; lpm_rom0:rom|altsyncram:altsyncram_component|altsyncram_os61:auto_generated|q_a[5]                            ; clock      ; clock    ; 0.000 ns                   ; 0.058 ns                   ; 1.623 ns                 ;
; 1.565 ns      ; lpm_rom0:rom|altsyncram:altsyncram_component|altsyncram_os61:auto_generated|ram_block1a0~porta_address_reg4    ; lpm_rom0:rom|altsyncram:altsyncram_component|altsyncram_os61:auto_generated|q_a[5]                            ; clock      ; clock    ; 0.000 ns                   ; 0.058 ns                   ; 1.623 ns                 ;
; 1.565 ns      ; lpm_rom0:rom|altsyncram:altsyncram_component|altsyncram_os61:auto_generated|ram_block1a0~porta_address_reg3    ; lpm_rom0:rom|altsyncram:altsyncram_component|altsyncram_os61:auto_generated|q_a[5]                            ; clock      ; clock    ; 0.000 ns                   ; 0.058 ns                   ; 1.623 ns                 ;
; 1.565 ns      ; lpm_rom0:rom|altsyncram:altsyncram_component|altsyncram_os61:auto_generated|ram_block1a0~porta_address_reg2    ; lpm_rom0:rom|altsyncram:altsyncram_component|altsyncram_os61:auto_generated|q_a[5]                            ; clock      ; clock    ; 0.000 ns                   ; 0.058 ns                   ; 1.623 ns                 ;
; 1.565 ns      ; lpm_rom0:rom|altsyncram:altsyncram_component|altsyncram_os61:auto_generated|ram_block1a0~porta_address_reg1    ; lpm_rom0:rom|altsyncram:altsyncram_component|altsyncram_os61:auto_generated|q_a[5]                            ; clock      ; clock    ; 0.000 ns                   ; 0.058 ns                   ; 1.623 ns                 ;
; 1.565 ns      ; lpm_rom0:rom|altsyncram:altsyncram_component|altsyncram_os61:auto_generated|ram_block1a0~porta_address_reg0    ; lpm_rom0:rom|altsyncram:altsyncram_component|altsyncram_os61:auto_generated|q_a[5]                            ; clock      ; clock    ; 0.000 ns                   ; 0.058 ns                   ; 1.623 ns                 ;
; 1.565 ns      ; lpm_rom0:rom|altsyncram:altsyncram_component|altsyncram_os61:auto_generated|ram_block1a0~porta_address_reg7    ; lpm_rom0:rom|altsyncram:altsyncram_component|altsyncram_os61:auto_generated|q_a[4]                            ; clock      ; clock    ; 0.000 ns                   ; 0.058 ns                   ; 1.623 ns                 ;
; 1.565 ns      ; lpm_rom0:rom|altsyncram:altsyncram_component|altsyncram_os61:auto_generated|ram_block1a0~porta_address_reg6    ; lpm_rom0:rom|altsyncram:altsyncram_component|altsyncram_os61:auto_generated|q_a[4]                            ; clock      ; clock    ; 0.000 ns                   ; 0.058 ns                   ; 1.623 ns                 ;
; 1.565 ns      ; lpm_rom0:rom|altsyncram:altsyncram_component|altsyncram_os61:auto_generated|ram_block1a0~porta_address_reg5    ; lpm_rom0:rom|altsyncram:altsyncram_component|altsyncram_os61:auto_generated|q_a[4]                            ; clock      ; clock    ; 0.000 ns                   ; 0.058 ns                   ; 1.623 ns                 ;
; 1.565 ns      ; lpm_rom0:rom|altsyncram:altsyncram_component|altsyncram_os61:auto_generated|ram_block1a0~porta_address_reg4    ; lpm_rom0:rom|altsyncram:altsyncram_component|altsyncram_os61:auto_generated|q_a[4]                            ; clock      ; clock    ; 0.000 ns                   ; 0.058 ns                   ; 1.623 ns                 ;
; 1.565 ns      ; lpm_rom0:rom|altsyncram:altsyncram_component|altsyncram_os61:auto_generated|ram_block1a0~porta_address_reg3    ; lpm_rom0:rom|altsyncram:altsyncram_component|altsyncram_os61:auto_generated|q_a[4]                            ; clock      ; clock    ; 0.000 ns                   ; 0.058 ns                   ; 1.623 ns                 ;
; 1.565 ns      ; lpm_rom0:rom|altsyncram:altsyncram_component|altsyncram_os61:auto_generated|ram_block1a0~porta_address_reg2    ; lpm_rom0:rom|altsyncram:altsyncram_component|altsyncram_os61:auto_generated|q_a[4]                            ; clock      ; clock    ; 0.000 ns                   ; 0.058 ns                   ; 1.623 ns                 ;
; 1.565 ns      ; lpm_rom0:rom|altsyncram:altsyncram_component|altsyncram_os61:auto_generated|ram_block1a0~porta_address_reg1    ; lpm_rom0:rom|altsyncram:altsyncram_component|altsyncram_os61:auto_generated|q_a[4]                            ; clock      ; clock    ; 0.000 ns                   ; 0.058 ns                   ; 1.623 ns                 ;
; 1.565 ns      ; lpm_rom0:rom|altsyncram:altsyncram_component|altsyncram_os61:auto_generated|ram_block1a0~porta_address_reg0    ; lpm_rom0:rom|altsyncram:altsyncram_component|altsyncram_os61:auto_generated|q_a[4]                            ; clock      ; clock    ; 0.000 ns                   ; 0.058 ns                   ; 1.623 ns                 ;
; 1.565 ns      ; lpm_rom0:rom|altsyncram:altsyncram_component|altsyncram_os61:auto_generated|ram_block1a0~porta_address_reg7    ; lpm_rom0:rom|altsyncram:altsyncram_component|altsyncram_os61:auto_generated|q_a[3]                            ; clock      ; clock    ; 0.000 ns                   ; 0.058 ns                   ; 1.623 ns                 ;
; 1.565 ns      ; lpm_rom0:rom|altsyncram:altsyncram_component|altsyncram_os61:auto_generated|ram_block1a0~porta_address_reg6    ; lpm_rom0:rom|altsyncram:altsyncram_component|altsyncram_os61:auto_generated|q_a[3]                            ; clock      ; clock    ; 0.000 ns                   ; 0.058 ns                   ; 1.623 ns                 ;
; 1.565 ns      ; lpm_rom0:rom|altsyncram:altsyncram_component|altsyncram_os61:auto_generated|ram_block1a0~porta_address_reg5    ; lpm_rom0:rom|altsyncram:altsyncram_component|altsyncram_os61:auto_generated|q_a[3]                            ; clock      ; clock    ; 0.000 ns                   ; 0.058 ns                   ; 1.623 ns                 ;
; 1.565 ns      ; lpm_rom0:rom|altsyncram:altsyncram_component|altsyncram_os61:auto_generated|ram_block1a0~porta_address_reg4    ; lpm_rom0:rom|altsyncram:altsyncram_component|altsyncram_os61:auto_generated|q_a[3]                            ; clock      ; clock    ; 0.000 ns                   ; 0.058 ns                   ; 1.623 ns                 ;
; 1.565 ns      ; lpm_rom0:rom|altsyncram:altsyncram_component|altsyncram_os61:auto_generated|ram_block1a0~porta_address_reg3    ; lpm_rom0:rom|altsyncram:altsyncram_component|altsyncram_os61:auto_generated|q_a[3]                            ; clock      ; clock    ; 0.000 ns                   ; 0.058 ns                   ; 1.623 ns                 ;
; 1.565 ns      ; lpm_rom0:rom|altsyncram:altsyncram_component|altsyncram_os61:auto_generated|ram_block1a0~porta_address_reg2    ; lpm_rom0:rom|altsyncram:altsyncram_component|altsyncram_os61:auto_generated|q_a[3]                            ; clock      ; clock    ; 0.000 ns                   ; 0.058 ns                   ; 1.623 ns                 ;
; 1.565 ns      ; lpm_rom0:rom|altsyncram:altsyncram_component|altsyncram_os61:auto_generated|ram_block1a0~porta_address_reg1    ; lpm_rom0:rom|altsyncram:altsyncram_component|altsyncram_os61:auto_generated|q_a[3]                            ; clock      ; clock    ; 0.000 ns                   ; 0.058 ns                   ; 1.623 ns                 ;
; 1.565 ns      ; lpm_rom0:rom|altsyncram:altsyncram_component|altsyncram_os61:auto_generated|ram_block1a0~porta_address_reg0    ; lpm_rom0:rom|altsyncram:altsyncram_component|altsyncram_os61:auto_generated|q_a[3]                            ; clock      ; clock    ; 0.000 ns                   ; 0.058 ns                   ; 1.623 ns                 ;
; 1.565 ns      ; lpm_rom0:rom|altsyncram:altsyncram_component|altsyncram_os61:auto_generated|ram_block1a0~porta_address_reg7    ; lpm_rom0:rom|altsyncram:altsyncram_component|altsyncram_os61:auto_generated|q_a[2]                            ; clock      ; clock    ; 0.000 ns                   ; 0.058 ns                   ; 1.623 ns                 ;
; 1.565 ns      ; lpm_rom0:rom|altsyncram:altsyncram_component|altsyncram_os61:auto_generated|ram_block1a0~porta_address_reg6    ; lpm_rom0:rom|altsyncram:altsyncram_component|altsyncram_os61:auto_generated|q_a[2]                            ; clock      ; clock    ; 0.000 ns                   ; 0.058 ns                   ; 1.623 ns                 ;
; 1.565 ns      ; lpm_rom0:rom|altsyncram:altsyncram_component|altsyncram_os61:auto_generated|ram_block1a0~porta_address_reg5    ; lpm_rom0:rom|altsyncram:altsyncram_component|altsyncram_os61:auto_generated|q_a[2]                            ; clock      ; clock    ; 0.000 ns                   ; 0.058 ns                   ; 1.623 ns                 ;
; 1.565 ns      ; lpm_rom0:rom|altsyncram:altsyncram_component|altsyncram_os61:auto_generated|ram_block1a0~porta_address_reg4    ; lpm_rom0:rom|altsyncram:altsyncram_component|altsyncram_os61:auto_generated|q_a[2]                            ; clock      ; clock    ; 0.000 ns                   ; 0.058 ns                   ; 1.623 ns                 ;
; 1.565 ns      ; lpm_rom0:rom|altsyncram:altsyncram_component|altsyncram_os61:auto_generated|ram_block1a0~porta_address_reg3    ; lpm_rom0:rom|altsyncram:altsyncram_component|altsyncram_os61:auto_generated|q_a[2]                            ; clock      ; clock    ; 0.000 ns                   ; 0.058 ns                   ; 1.623 ns                 ;
; 1.565 ns      ; lpm_rom0:rom|altsyncram:altsyncram_component|altsyncram_os61:auto_generated|ram_block1a0~porta_address_reg2    ; lpm_rom0:rom|altsyncram:altsyncram_component|altsyncram_os61:auto_generated|q_a[2]                            ; clock      ; clock    ; 0.000 ns                   ; 0.058 ns                   ; 1.623 ns                 ;
; 1.565 ns      ; lpm_rom0:rom|altsyncram:altsyncram_component|altsyncram_os61:auto_generated|ram_block1a0~porta_address_reg1    ; lpm_rom0:rom|altsyncram:altsyncram_component|altsyncram_os61:auto_generated|q_a[2]                            ; clock      ; clock    ; 0.000 ns                   ; 0.058 ns                   ; 1.623 ns                 ;
; 1.565 ns      ; lpm_rom0:rom|altsyncram:altsyncram_component|altsyncram_os61:auto_generated|ram_block1a0~porta_address_reg0    ; lpm_rom0:rom|altsyncram:altsyncram_component|altsyncram_os61:auto_generated|q_a[2]                            ; clock      ; clock    ; 0.000 ns                   ; 0.058 ns                   ; 1.623 ns                 ;
; 1.565 ns      ; lpm_rom0:rom|altsyncram:altsyncram_component|altsyncram_os61:auto_generated|ram_block1a0~porta_address_reg7    ; lpm_rom0:rom|altsyncram:altsyncram_component|altsyncram_os61:auto_generated|q_a[1]                            ; clock      ; clock    ; 0.000 ns                   ; 0.058 ns                   ; 1.623 ns                 ;
; 1.565 ns      ; lpm_rom0:rom|altsyncram:altsyncram_component|altsyncram_os61:auto_generated|ram_block1a0~porta_address_reg6    ; lpm_rom0:rom|altsyncram:altsyncram_component|altsyncram_os61:auto_generated|q_a[1]                            ; clock      ; clock    ; 0.000 ns                   ; 0.058 ns                   ; 1.623 ns                 ;
; 1.565 ns      ; lpm_rom0:rom|altsyncram:altsyncram_component|altsyncram_os61:auto_generated|ram_block1a0~porta_address_reg5    ; lpm_rom0:rom|altsyncram:altsyncram_component|altsyncram_os61:auto_generated|q_a[1]                            ; clock      ; clock    ; 0.000 ns                   ; 0.058 ns                   ; 1.623 ns                 ;
; 1.565 ns      ; lpm_rom0:rom|altsyncram:altsyncram_component|altsyncram_os61:auto_generated|ram_block1a0~porta_address_reg4    ; lpm_rom0:rom|altsyncram:altsyncram_component|altsyncram_os61:auto_generated|q_a[1]                            ; clock      ; clock    ; 0.000 ns                   ; 0.058 ns                   ; 1.623 ns                 ;
; 1.565 ns      ; lpm_rom0:rom|altsyncram:altsyncram_component|altsyncram_os61:auto_generated|ram_block1a0~porta_address_reg3    ; lpm_rom0:rom|altsyncram:altsyncram_component|altsyncram_os61:auto_generated|q_a[1]                            ; clock      ; clock    ; 0.000 ns                   ; 0.058 ns                   ; 1.623 ns                 ;
; 1.565 ns      ; lpm_rom0:rom|altsyncram:altsyncram_component|altsyncram_os61:auto_generated|ram_block1a0~porta_address_reg2    ; lpm_rom0:rom|altsyncram:altsyncram_component|altsyncram_os61:auto_generated|q_a[1]                            ; clock      ; clock    ; 0.000 ns                   ; 0.058 ns                   ; 1.623 ns                 ;
; 1.565 ns      ; lpm_rom0:rom|altsyncram:altsyncram_component|altsyncram_os61:auto_generated|ram_block1a0~porta_address_reg1    ; lpm_rom0:rom|altsyncram:altsyncram_component|altsyncram_os61:auto_generated|q_a[1]                            ; clock      ; clock    ; 0.000 ns                   ; 0.058 ns                   ; 1.623 ns                 ;
; 1.565 ns      ; lpm_rom0:rom|altsyncram:altsyncram_component|altsyncram_os61:auto_generated|ram_block1a0~porta_address_reg0    ; lpm_rom0:rom|altsyncram:altsyncram_component|altsyncram_os61:auto_generated|q_a[1]                            ; clock      ; clock    ; 0.000 ns                   ; 0.058 ns                   ; 1.623 ns                 ;
; 1.565 ns      ; lpm_rom0:rom|altsyncram:altsyncram_component|altsyncram_os61:auto_generated|ram_block1a0~porta_address_reg7    ; lpm_rom0:rom|altsyncram:altsyncram_component|altsyncram_os61:auto_generated|q_a[0]                            ; clock      ; clock    ; 0.000 ns                   ; 0.058 ns                   ; 1.623 ns                 ;
; 1.565 ns      ; lpm_rom0:rom|altsyncram:altsyncram_component|altsyncram_os61:auto_generated|ram_block1a0~porta_address_reg6    ; lpm_rom0:rom|altsyncram:altsyncram_component|altsyncram_os61:auto_generated|q_a[0]                            ; clock      ; clock    ; 0.000 ns                   ; 0.058 ns                   ; 1.623 ns                 ;
; 1.565 ns      ; lpm_rom0:rom|altsyncram:altsyncram_component|altsyncram_os61:auto_generated|ram_block1a0~porta_address_reg5    ; lpm_rom0:rom|altsyncram:altsyncram_component|altsyncram_os61:auto_generated|q_a[0]                            ; clock      ; clock    ; 0.000 ns                   ; 0.058 ns                   ; 1.623 ns                 ;
; 1.565 ns      ; lpm_rom0:rom|altsyncram:altsyncram_component|altsyncram_os61:auto_generated|ram_block1a0~porta_address_reg4    ; lpm_rom0:rom|altsyncram:altsyncram_component|altsyncram_os61:auto_generated|q_a[0]                            ; clock      ; clock    ; 0.000 ns                   ; 0.058 ns                   ; 1.623 ns                 ;
; 1.565 ns      ; lpm_rom0:rom|altsyncram:altsyncram_component|altsyncram_os61:auto_generated|ram_block1a0~porta_address_reg3    ; lpm_rom0:rom|altsyncram:altsyncram_component|altsyncram_os61:auto_generated|q_a[0]                            ; clock      ; clock    ; 0.000 ns                   ; 0.058 ns                   ; 1.623 ns                 ;
; 1.565 ns      ; lpm_rom0:rom|altsyncram:altsyncram_component|altsyncram_os61:auto_generated|ram_block1a0~porta_address_reg2    ; lpm_rom0:rom|altsyncram:altsyncram_component|altsyncram_os61:auto_generated|q_a[0]                            ; clock      ; clock    ; 0.000 ns                   ; 0.058 ns                   ; 1.623 ns                 ;
; 1.565 ns      ; lpm_rom0:rom|altsyncram:altsyncram_component|altsyncram_os61:auto_generated|ram_block1a0~porta_address_reg1    ; lpm_rom0:rom|altsyncram:altsyncram_component|altsyncram_os61:auto_generated|q_a[0]                            ; clock      ; clock    ; 0.000 ns                   ; 0.058 ns                   ; 1.623 ns                 ;
; 1.565 ns      ; lpm_rom0:rom|altsyncram:altsyncram_component|altsyncram_os61:auto_generated|ram_block1a0~porta_address_reg0    ; lpm_rom0:rom|altsyncram:altsyncram_component|altsyncram_os61:auto_generated|q_a[0]                            ; clock      ; clock    ; 0.000 ns                   ; 0.058 ns                   ; 1.623 ns                 ;
; 1.565 ns      ; lpm_ram_io:ram|altram:sram|altsyncram:ram_block|altsyncram_1a91:auto_generated|ram_block1a0~porta_datain_reg7  ; lpm_ram_io:ram|altram:sram|altsyncram:ram_block|altsyncram_1a91:auto_generated|ram_block1a7~porta_memory_reg0 ; clock      ; clock    ; 0.000 ns                   ; 0.058 ns                   ; 1.623 ns                 ;
; 1.565 ns      ; lpm_ram_io:ram|altram:sram|altsyncram:ram_block|altsyncram_1a91:auto_generated|ram_block1a0~porta_datain_reg6  ; lpm_ram_io:ram|altram:sram|altsyncram:ram_block|altsyncram_1a91:auto_generated|ram_block1a6~porta_memory_reg0 ; clock      ; clock    ; 0.000 ns                   ; 0.058 ns                   ; 1.623 ns                 ;
; 1.565 ns      ; lpm_ram_io:ram|altram:sram|altsyncram:ram_block|altsyncram_1a91:auto_generated|ram_block1a0~porta_datain_reg5  ; lpm_ram_io:ram|altram:sram|altsyncram:ram_block|altsyncram_1a91:auto_generated|ram_block1a5~porta_memory_reg0 ; clock      ; clock    ; 0.000 ns                   ; 0.058 ns                   ; 1.623 ns                 ;
; 1.565 ns      ; lpm_ram_io:ram|altram:sram|altsyncram:ram_block|altsyncram_1a91:auto_generated|ram_block1a0~porta_datain_reg4  ; lpm_ram_io:ram|altram:sram|altsyncram:ram_block|altsyncram_1a91:auto_generated|ram_block1a4~porta_memory_reg0 ; clock      ; clock    ; 0.000 ns                   ; 0.058 ns                   ; 1.623 ns                 ;
; 1.565 ns      ; lpm_ram_io:ram|altram:sram|altsyncram:ram_block|altsyncram_1a91:auto_generated|ram_block1a0~porta_datain_reg3  ; lpm_ram_io:ram|altram:sram|altsyncram:ram_block|altsyncram_1a91:auto_generated|ram_block1a3~porta_memory_reg0 ; clock      ; clock    ; 0.000 ns                   ; 0.058 ns                   ; 1.623 ns                 ;
; 1.565 ns      ; lpm_ram_io:ram|altram:sram|altsyncram:ram_block|altsyncram_1a91:auto_generated|ram_block1a0~porta_datain_reg2  ; lpm_ram_io:ram|altram:sram|altsyncram:ram_block|altsyncram_1a91:auto_generated|ram_block1a2~porta_memory_reg0 ; clock      ; clock    ; 0.000 ns                   ; 0.058 ns                   ; 1.623 ns                 ;
; 1.565 ns      ; lpm_ram_io:ram|altram:sram|altsyncram:ram_block|altsyncram_1a91:auto_generated|ram_block1a0~porta_datain_reg1  ; lpm_ram_io:ram|altram:sram|altsyncram:ram_block|altsyncram_1a91:auto_generated|ram_block1a1~porta_memory_reg0 ; clock      ; clock    ; 0.000 ns                   ; 0.058 ns                   ; 1.623 ns                 ;
; 1.565 ns      ; lpm_ram_io:ram|altram:sram|altsyncram:ram_block|altsyncram_1a91:auto_generated|ram_block1a0~porta_datain_reg0  ; lpm_ram_io:ram|altram:sram|altsyncram:ram_block|altsyncram_1a91:auto_generated|ram_block1a0~porta_memory_reg0 ; clock      ; clock    ; 0.000 ns                   ; 0.058 ns                   ; 1.623 ns                 ;
; 1.565 ns      ; lpm_ram_io:ram|altram:sram|altsyncram:ram_block|altsyncram_1a91:auto_generated|ram_block1a0~porta_address_reg7 ; lpm_ram_io:ram|altram:sram|altsyncram:ram_block|altsyncram_1a91:auto_generated|q_a[7]                         ; clock      ; clock    ; 0.000 ns                   ; 0.058 ns                   ; 1.623 ns                 ;
; 1.565 ns      ; lpm_ram_io:ram|altram:sram|altsyncram:ram_block|altsyncram_1a91:auto_generated|ram_block1a0~porta_address_reg6 ; lpm_ram_io:ram|altram:sram|altsyncram:ram_block|altsyncram_1a91:auto_generated|q_a[7]                         ; clock      ; clock    ; 0.000 ns                   ; 0.058 ns                   ; 1.623 ns                 ;
; 1.565 ns      ; lpm_ram_io:ram|altram:sram|altsyncram:ram_block|altsyncram_1a91:auto_generated|ram_block1a0~porta_address_reg5 ; lpm_ram_io:ram|altram:sram|altsyncram:ram_block|altsyncram_1a91:auto_generated|q_a[7]                         ; clock      ; clock    ; 0.000 ns                   ; 0.058 ns                   ; 1.623 ns                 ;
; 1.565 ns      ; lpm_ram_io:ram|altram:sram|altsyncram:ram_block|altsyncram_1a91:auto_generated|ram_block1a0~porta_address_reg4 ; lpm_ram_io:ram|altram:sram|altsyncram:ram_block|altsyncram_1a91:auto_generated|q_a[7]                         ; clock      ; clock    ; 0.000 ns                   ; 0.058 ns                   ; 1.623 ns                 ;
; 1.565 ns      ; lpm_ram_io:ram|altram:sram|altsyncram:ram_block|altsyncram_1a91:auto_generated|ram_block1a0~porta_address_reg3 ; lpm_ram_io:ram|altram:sram|altsyncram:ram_block|altsyncram_1a91:auto_generated|q_a[7]                         ; clock      ; clock    ; 0.000 ns                   ; 0.058 ns                   ; 1.623 ns                 ;
; 1.565 ns      ; lpm_ram_io:ram|altram:sram|altsyncram:ram_block|altsyncram_1a91:auto_generated|ram_block1a0~porta_address_reg2 ; lpm_ram_io:ram|altram:sram|altsyncram:ram_block|altsyncram_1a91:auto_generated|q_a[7]                         ; clock      ; clock    ; 0.000 ns                   ; 0.058 ns                   ; 1.623 ns                 ;
; 1.565 ns      ; lpm_ram_io:ram|altram:sram|altsyncram:ram_block|altsyncram_1a91:auto_generated|ram_block1a0~porta_address_reg1 ; lpm_ram_io:ram|altram:sram|altsyncram:ram_block|altsyncram_1a91:auto_generated|q_a[7]                         ; clock      ; clock    ; 0.000 ns                   ; 0.058 ns                   ; 1.623 ns                 ;
; 1.565 ns      ; lpm_ram_io:ram|altram:sram|altsyncram:ram_block|altsyncram_1a91:auto_generated|ram_block1a0~porta_address_reg0 ; lpm_ram_io:ram|altram:sram|altsyncram:ram_block|altsyncram_1a91:auto_generated|q_a[7]                         ; clock      ; clock    ; 0.000 ns                   ; 0.058 ns                   ; 1.623 ns                 ;
; 1.565 ns      ; lpm_ram_io:ram|altram:sram|altsyncram:ram_block|altsyncram_1a91:auto_generated|ram_block1a0~porta_we_reg       ; lpm_ram_io:ram|altram:sram|altsyncram:ram_block|altsyncram_1a91:auto_generated|q_a[7]                         ; clock      ; clock    ; 0.000 ns                   ; 0.058 ns                   ; 1.623 ns                 ;
; 1.565 ns      ; lpm_ram_io:ram|altram:sram|altsyncram:ram_block|altsyncram_1a91:auto_generated|ram_block1a0~porta_address_reg7 ; lpm_ram_io:ram|altram:sram|altsyncram:ram_block|altsyncram_1a91:auto_generated|q_a[6]                         ; clock      ; clock    ; 0.000 ns                   ; 0.058 ns                   ; 1.623 ns                 ;
; 1.565 ns      ; lpm_ram_io:ram|altram:sram|altsyncram:ram_block|altsyncram_1a91:auto_generated|ram_block1a0~porta_address_reg6 ; lpm_ram_io:ram|altram:sram|altsyncram:ram_block|altsyncram_1a91:auto_generated|q_a[6]                         ; clock      ; clock    ; 0.000 ns                   ; 0.058 ns                   ; 1.623 ns                 ;
; 1.565 ns      ; lpm_ram_io:ram|altram:sram|altsyncram:ram_block|altsyncram_1a91:auto_generated|ram_block1a0~porta_address_reg5 ; lpm_ram_io:ram|altram:sram|altsyncram:ram_block|altsyncram_1a91:auto_generated|q_a[6]                         ; clock      ; clock    ; 0.000 ns                   ; 0.058 ns                   ; 1.623 ns                 ;
; 1.565 ns      ; lpm_ram_io:ram|altram:sram|altsyncram:ram_block|altsyncram_1a91:auto_generated|ram_block1a0~porta_address_reg4 ; lpm_ram_io:ram|altram:sram|altsyncram:ram_block|altsyncram_1a91:auto_generated|q_a[6]                         ; clock      ; clock    ; 0.000 ns                   ; 0.058 ns                   ; 1.623 ns                 ;
; 1.565 ns      ; lpm_ram_io:ram|altram:sram|altsyncram:ram_block|altsyncram_1a91:auto_generated|ram_block1a0~porta_address_reg3 ; lpm_ram_io:ram|altram:sram|altsyncram:ram_block|altsyncram_1a91:auto_generated|q_a[6]                         ; clock      ; clock    ; 0.000 ns                   ; 0.058 ns                   ; 1.623 ns                 ;
; 1.565 ns      ; lpm_ram_io:ram|altram:sram|altsyncram:ram_block|altsyncram_1a91:auto_generated|ram_block1a0~porta_address_reg2 ; lpm_ram_io:ram|altram:sram|altsyncram:ram_block|altsyncram_1a91:auto_generated|q_a[6]                         ; clock      ; clock    ; 0.000 ns                   ; 0.058 ns                   ; 1.623 ns                 ;
; 1.565 ns      ; lpm_ram_io:ram|altram:sram|altsyncram:ram_block|altsyncram_1a91:auto_generated|ram_block1a0~porta_address_reg1 ; lpm_ram_io:ram|altram:sram|altsyncram:ram_block|altsyncram_1a91:auto_generated|q_a[6]                         ; clock      ; clock    ; 0.000 ns                   ; 0.058 ns                   ; 1.623 ns                 ;
; 1.565 ns      ; lpm_ram_io:ram|altram:sram|altsyncram:ram_block|altsyncram_1a91:auto_generated|ram_block1a0~porta_address_reg0 ; lpm_ram_io:ram|altram:sram|altsyncram:ram_block|altsyncram_1a91:auto_generated|q_a[6]                         ; clock      ; clock    ; 0.000 ns                   ; 0.058 ns                   ; 1.623 ns                 ;
; 1.565 ns      ; lpm_ram_io:ram|altram:sram|altsyncram:ram_block|altsyncram_1a91:auto_generated|ram_block1a0~porta_we_reg       ; lpm_ram_io:ram|altram:sram|altsyncram:ram_block|altsyncram_1a91:auto_generated|q_a[6]                         ; clock      ; clock    ; 0.000 ns                   ; 0.058 ns                   ; 1.623 ns                 ;
; 1.565 ns      ; lpm_ram_io:ram|altram:sram|altsyncram:ram_block|altsyncram_1a91:auto_generated|ram_block1a0~porta_address_reg7 ; lpm_ram_io:ram|altram:sram|altsyncram:ram_block|altsyncram_1a91:auto_generated|q_a[5]                         ; clock      ; clock    ; 0.000 ns                   ; 0.058 ns                   ; 1.623 ns                 ;
; 1.565 ns      ; lpm_ram_io:ram|altram:sram|altsyncram:ram_block|altsyncram_1a91:auto_generated|ram_block1a0~porta_address_reg6 ; lpm_ram_io:ram|altram:sram|altsyncram:ram_block|altsyncram_1a91:auto_generated|q_a[5]                         ; clock      ; clock    ; 0.000 ns                   ; 0.058 ns                   ; 1.623 ns                 ;
; 1.565 ns      ; lpm_ram_io:ram|altram:sram|altsyncram:ram_block|altsyncram_1a91:auto_generated|ram_block1a0~porta_address_reg5 ; lpm_ram_io:ram|altram:sram|altsyncram:ram_block|altsyncram_1a91:auto_generated|q_a[5]                         ; clock      ; clock    ; 0.000 ns                   ; 0.058 ns                   ; 1.623 ns                 ;
; 1.565 ns      ; lpm_ram_io:ram|altram:sram|altsyncram:ram_block|altsyncram_1a91:auto_generated|ram_block1a0~porta_address_reg4 ; lpm_ram_io:ram|altram:sram|altsyncram:ram_block|altsyncram_1a91:auto_generated|q_a[5]                         ; clock      ; clock    ; 0.000 ns                   ; 0.058 ns                   ; 1.623 ns                 ;
; 1.565 ns      ; lpm_ram_io:ram|altram:sram|altsyncram:ram_block|altsyncram_1a91:auto_generated|ram_block1a0~porta_address_reg3 ; lpm_ram_io:ram|altram:sram|altsyncram:ram_block|altsyncram_1a91:auto_generated|q_a[5]                         ; clock      ; clock    ; 0.000 ns                   ; 0.058 ns                   ; 1.623 ns                 ;
; 1.565 ns      ; lpm_ram_io:ram|altram:sram|altsyncram:ram_block|altsyncram_1a91:auto_generated|ram_block1a0~porta_address_reg2 ; lpm_ram_io:ram|altram:sram|altsyncram:ram_block|altsyncram_1a91:auto_generated|q_a[5]                         ; clock      ; clock    ; 0.000 ns                   ; 0.058 ns                   ; 1.623 ns                 ;
; 1.565 ns      ; lpm_ram_io:ram|altram:sram|altsyncram:ram_block|altsyncram_1a91:auto_generated|ram_block1a0~porta_address_reg1 ; lpm_ram_io:ram|altram:sram|altsyncram:ram_block|altsyncram_1a91:auto_generated|q_a[5]                         ; clock      ; clock    ; 0.000 ns                   ; 0.058 ns                   ; 1.623 ns                 ;
; 1.565 ns      ; lpm_ram_io:ram|altram:sram|altsyncram:ram_block|altsyncram_1a91:auto_generated|ram_block1a0~porta_address_reg0 ; lpm_ram_io:ram|altram:sram|altsyncram:ram_block|altsyncram_1a91:auto_generated|q_a[5]                         ; clock      ; clock    ; 0.000 ns                   ; 0.058 ns                   ; 1.623 ns                 ;
; 1.565 ns      ; lpm_ram_io:ram|altram:sram|altsyncram:ram_block|altsyncram_1a91:auto_generated|ram_block1a0~porta_we_reg       ; lpm_ram_io:ram|altram:sram|altsyncram:ram_block|altsyncram_1a91:auto_generated|q_a[5]                         ; clock      ; clock    ; 0.000 ns                   ; 0.058 ns                   ; 1.623 ns                 ;
; 1.565 ns      ; lpm_ram_io:ram|altram:sram|altsyncram:ram_block|altsyncram_1a91:auto_generated|ram_block1a0~porta_address_reg7 ; lpm_ram_io:ram|altram:sram|altsyncram:ram_block|altsyncram_1a91:auto_generated|q_a[4]                         ; clock      ; clock    ; 0.000 ns                   ; 0.058 ns                   ; 1.623 ns                 ;
; 1.565 ns      ; lpm_ram_io:ram|altram:sram|altsyncram:ram_block|altsyncram_1a91:auto_generated|ram_block1a0~porta_address_reg6 ; lpm_ram_io:ram|altram:sram|altsyncram:ram_block|altsyncram_1a91:auto_generated|q_a[4]                         ; clock      ; clock    ; 0.000 ns                   ; 0.058 ns                   ; 1.623 ns                 ;
; 1.565 ns      ; lpm_ram_io:ram|altram:sram|altsyncram:ram_block|altsyncram_1a91:auto_generated|ram_block1a0~porta_address_reg5 ; lpm_ram_io:ram|altram:sram|altsyncram:ram_block|altsyncram_1a91:auto_generated|q_a[4]                         ; clock      ; clock    ; 0.000 ns                   ; 0.058 ns                   ; 1.623 ns                 ;
; 1.565 ns      ; lpm_ram_io:ram|altram:sram|altsyncram:ram_block|altsyncram_1a91:auto_generated|ram_block1a0~porta_address_reg4 ; lpm_ram_io:ram|altram:sram|altsyncram:ram_block|altsyncram_1a91:auto_generated|q_a[4]                         ; clock      ; clock    ; 0.000 ns                   ; 0.058 ns                   ; 1.623 ns                 ;
; 1.565 ns      ; lpm_ram_io:ram|altram:sram|altsyncram:ram_block|altsyncram_1a91:auto_generated|ram_block1a0~porta_address_reg3 ; lpm_ram_io:ram|altram:sram|altsyncram:ram_block|altsyncram_1a91:auto_generated|q_a[4]                         ; clock      ; clock    ; 0.000 ns                   ; 0.058 ns                   ; 1.623 ns                 ;
; 1.565 ns      ; lpm_ram_io:ram|altram:sram|altsyncram:ram_block|altsyncram_1a91:auto_generated|ram_block1a0~porta_address_reg2 ; lpm_ram_io:ram|altram:sram|altsyncram:ram_block|altsyncram_1a91:auto_generated|q_a[4]                         ; clock      ; clock    ; 0.000 ns                   ; 0.058 ns                   ; 1.623 ns                 ;
; 1.565 ns      ; lpm_ram_io:ram|altram:sram|altsyncram:ram_block|altsyncram_1a91:auto_generated|ram_block1a0~porta_address_reg1 ; lpm_ram_io:ram|altram:sram|altsyncram:ram_block|altsyncram_1a91:auto_generated|q_a[4]                         ; clock      ; clock    ; 0.000 ns                   ; 0.058 ns                   ; 1.623 ns                 ;
; 1.565 ns      ; lpm_ram_io:ram|altram:sram|altsyncram:ram_block|altsyncram_1a91:auto_generated|ram_block1a0~porta_address_reg0 ; lpm_ram_io:ram|altram:sram|altsyncram:ram_block|altsyncram_1a91:auto_generated|q_a[4]                         ; clock      ; clock    ; 0.000 ns                   ; 0.058 ns                   ; 1.623 ns                 ;
; 1.565 ns      ; lpm_ram_io:ram|altram:sram|altsyncram:ram_block|altsyncram_1a91:auto_generated|ram_block1a0~porta_we_reg       ; lpm_ram_io:ram|altram:sram|altsyncram:ram_block|altsyncram_1a91:auto_generated|q_a[4]                         ; clock      ; clock    ; 0.000 ns                   ; 0.058 ns                   ; 1.623 ns                 ;
; 1.565 ns      ; lpm_ram_io:ram|altram:sram|altsyncram:ram_block|altsyncram_1a91:auto_generated|ram_block1a0~porta_address_reg7 ; lpm_ram_io:ram|altram:sram|altsyncram:ram_block|altsyncram_1a91:auto_generated|q_a[3]                         ; clock      ; clock    ; 0.000 ns                   ; 0.058 ns                   ; 1.623 ns                 ;
; 1.565 ns      ; lpm_ram_io:ram|altram:sram|altsyncram:ram_block|altsyncram_1a91:auto_generated|ram_block1a0~porta_address_reg6 ; lpm_ram_io:ram|altram:sram|altsyncram:ram_block|altsyncram_1a91:auto_generated|q_a[3]                         ; clock      ; clock    ; 0.000 ns                   ; 0.058 ns                   ; 1.623 ns                 ;
; 1.565 ns      ; lpm_ram_io:ram|altram:sram|altsyncram:ram_block|altsyncram_1a91:auto_generated|ram_block1a0~porta_address_reg5 ; lpm_ram_io:ram|altram:sram|altsyncram:ram_block|altsyncram_1a91:auto_generated|q_a[3]                         ; clock      ; clock    ; 0.000 ns                   ; 0.058 ns                   ; 1.623 ns                 ;
; 1.565 ns      ; lpm_ram_io:ram|altram:sram|altsyncram:ram_block|altsyncram_1a91:auto_generated|ram_block1a0~porta_address_reg4 ; lpm_ram_io:ram|altram:sram|altsyncram:ram_block|altsyncram_1a91:auto_generated|q_a[3]                         ; clock      ; clock    ; 0.000 ns                   ; 0.058 ns                   ; 1.623 ns                 ;
; 1.565 ns      ; lpm_ram_io:ram|altram:sram|altsyncram:ram_block|altsyncram_1a91:auto_generated|ram_block1a0~porta_address_reg3 ; lpm_ram_io:ram|altram:sram|altsyncram:ram_block|altsyncram_1a91:auto_generated|q_a[3]                         ; clock      ; clock    ; 0.000 ns                   ; 0.058 ns                   ; 1.623 ns                 ;
; 1.565 ns      ; lpm_ram_io:ram|altram:sram|altsyncram:ram_block|altsyncram_1a91:auto_generated|ram_block1a0~porta_address_reg2 ; lpm_ram_io:ram|altram:sram|altsyncram:ram_block|altsyncram_1a91:auto_generated|q_a[3]                         ; clock      ; clock    ; 0.000 ns                   ; 0.058 ns                   ; 1.623 ns                 ;
; 1.565 ns      ; lpm_ram_io:ram|altram:sram|altsyncram:ram_block|altsyncram_1a91:auto_generated|ram_block1a0~porta_address_reg1 ; lpm_ram_io:ram|altram:sram|altsyncram:ram_block|altsyncram_1a91:auto_generated|q_a[3]                         ; clock      ; clock    ; 0.000 ns                   ; 0.058 ns                   ; 1.623 ns                 ;
; 1.565 ns      ; lpm_ram_io:ram|altram:sram|altsyncram:ram_block|altsyncram_1a91:auto_generated|ram_block1a0~porta_address_reg0 ; lpm_ram_io:ram|altram:sram|altsyncram:ram_block|altsyncram_1a91:auto_generated|q_a[3]                         ; clock      ; clock    ; 0.000 ns                   ; 0.058 ns                   ; 1.623 ns                 ;
; 1.565 ns      ; lpm_ram_io:ram|altram:sram|altsyncram:ram_block|altsyncram_1a91:auto_generated|ram_block1a0~porta_we_reg       ; lpm_ram_io:ram|altram:sram|altsyncram:ram_block|altsyncram_1a91:auto_generated|q_a[3]                         ; clock      ; clock    ; 0.000 ns                   ; 0.058 ns                   ; 1.623 ns                 ;
; 1.565 ns      ; lpm_ram_io:ram|altram:sram|altsyncram:ram_block|altsyncram_1a91:auto_generated|ram_block1a0~porta_address_reg7 ; lpm_ram_io:ram|altram:sram|altsyncram:ram_block|altsyncram_1a91:auto_generated|q_a[2]                         ; clock      ; clock    ; 0.000 ns                   ; 0.058 ns                   ; 1.623 ns                 ;
; 1.565 ns      ; lpm_ram_io:ram|altram:sram|altsyncram:ram_block|altsyncram_1a91:auto_generated|ram_block1a0~porta_address_reg6 ; lpm_ram_io:ram|altram:sram|altsyncram:ram_block|altsyncram_1a91:auto_generated|q_a[2]                         ; clock      ; clock    ; 0.000 ns                   ; 0.058 ns                   ; 1.623 ns                 ;
; 1.565 ns      ; lpm_ram_io:ram|altram:sram|altsyncram:ram_block|altsyncram_1a91:auto_generated|ram_block1a0~porta_address_reg5 ; lpm_ram_io:ram|altram:sram|altsyncram:ram_block|altsyncram_1a91:auto_generated|q_a[2]                         ; clock      ; clock    ; 0.000 ns                   ; 0.058 ns                   ; 1.623 ns                 ;
; 1.565 ns      ; lpm_ram_io:ram|altram:sram|altsyncram:ram_block|altsyncram_1a91:auto_generated|ram_block1a0~porta_address_reg4 ; lpm_ram_io:ram|altram:sram|altsyncram:ram_block|altsyncram_1a91:auto_generated|q_a[2]                         ; clock      ; clock    ; 0.000 ns                   ; 0.058 ns                   ; 1.623 ns                 ;
; 1.565 ns      ; lpm_ram_io:ram|altram:sram|altsyncram:ram_block|altsyncram_1a91:auto_generated|ram_block1a0~porta_address_reg3 ; lpm_ram_io:ram|altram:sram|altsyncram:ram_block|altsyncram_1a91:auto_generated|q_a[2]                         ; clock      ; clock    ; 0.000 ns                   ; 0.058 ns                   ; 1.623 ns                 ;
; 1.565 ns      ; lpm_ram_io:ram|altram:sram|altsyncram:ram_block|altsyncram_1a91:auto_generated|ram_block1a0~porta_address_reg2 ; lpm_ram_io:ram|altram:sram|altsyncram:ram_block|altsyncram_1a91:auto_generated|q_a[2]                         ; clock      ; clock    ; 0.000 ns                   ; 0.058 ns                   ; 1.623 ns                 ;
; 1.565 ns      ; lpm_ram_io:ram|altram:sram|altsyncram:ram_block|altsyncram_1a91:auto_generated|ram_block1a0~porta_address_reg1 ; lpm_ram_io:ram|altram:sram|altsyncram:ram_block|altsyncram_1a91:auto_generated|q_a[2]                         ; clock      ; clock    ; 0.000 ns                   ; 0.058 ns                   ; 1.623 ns                 ;
; 1.565 ns      ; lpm_ram_io:ram|altram:sram|altsyncram:ram_block|altsyncram_1a91:auto_generated|ram_block1a0~porta_address_reg0 ; lpm_ram_io:ram|altram:sram|altsyncram:ram_block|altsyncram_1a91:auto_generated|q_a[2]                         ; clock      ; clock    ; 0.000 ns                   ; 0.058 ns                   ; 1.623 ns                 ;
; 1.565 ns      ; lpm_ram_io:ram|altram:sram|altsyncram:ram_block|altsyncram_1a91:auto_generated|ram_block1a0~porta_we_reg       ; lpm_ram_io:ram|altram:sram|altsyncram:ram_block|altsyncram_1a91:auto_generated|q_a[2]                         ; clock      ; clock    ; 0.000 ns                   ; 0.058 ns                   ; 1.623 ns                 ;
; 1.565 ns      ; lpm_ram_io:ram|altram:sram|altsyncram:ram_block|altsyncram_1a91:auto_generated|ram_block1a0~porta_address_reg7 ; lpm_ram_io:ram|altram:sram|altsyncram:ram_block|altsyncram_1a91:auto_generated|q_a[1]                         ; clock      ; clock    ; 0.000 ns                   ; 0.058 ns                   ; 1.623 ns                 ;
; 1.565 ns      ; lpm_ram_io:ram|altram:sram|altsyncram:ram_block|altsyncram_1a91:auto_generated|ram_block1a0~porta_address_reg6 ; lpm_ram_io:ram|altram:sram|altsyncram:ram_block|altsyncram_1a91:auto_generated|q_a[1]                         ; clock      ; clock    ; 0.000 ns                   ; 0.058 ns                   ; 1.623 ns                 ;
; 1.565 ns      ; lpm_ram_io:ram|altram:sram|altsyncram:ram_block|altsyncram_1a91:auto_generated|ram_block1a0~porta_address_reg5 ; lpm_ram_io:ram|altram:sram|altsyncram:ram_block|altsyncram_1a91:auto_generated|q_a[1]                         ; clock      ; clock    ; 0.000 ns                   ; 0.058 ns                   ; 1.623 ns                 ;
; 1.565 ns      ; lpm_ram_io:ram|altram:sram|altsyncram:ram_block|altsyncram_1a91:auto_generated|ram_block1a0~porta_address_reg4 ; lpm_ram_io:ram|altram:sram|altsyncram:ram_block|altsyncram_1a91:auto_generated|q_a[1]                         ; clock      ; clock    ; 0.000 ns                   ; 0.058 ns                   ; 1.623 ns                 ;
; 1.565 ns      ; lpm_ram_io:ram|altram:sram|altsyncram:ram_block|altsyncram_1a91:auto_generated|ram_block1a0~porta_address_reg3 ; lpm_ram_io:ram|altram:sram|altsyncram:ram_block|altsyncram_1a91:auto_generated|q_a[1]                         ; clock      ; clock    ; 0.000 ns                   ; 0.058 ns                   ; 1.623 ns                 ;
; 1.565 ns      ; lpm_ram_io:ram|altram:sram|altsyncram:ram_block|altsyncram_1a91:auto_generated|ram_block1a0~porta_address_reg2 ; lpm_ram_io:ram|altram:sram|altsyncram:ram_block|altsyncram_1a91:auto_generated|q_a[1]                         ; clock      ; clock    ; 0.000 ns                   ; 0.058 ns                   ; 1.623 ns                 ;
; 1.565 ns      ; lpm_ram_io:ram|altram:sram|altsyncram:ram_block|altsyncram_1a91:auto_generated|ram_block1a0~porta_address_reg1 ; lpm_ram_io:ram|altram:sram|altsyncram:ram_block|altsyncram_1a91:auto_generated|q_a[1]                         ; clock      ; clock    ; 0.000 ns                   ; 0.058 ns                   ; 1.623 ns                 ;
; 1.565 ns      ; lpm_ram_io:ram|altram:sram|altsyncram:ram_block|altsyncram_1a91:auto_generated|ram_block1a0~porta_address_reg0 ; lpm_ram_io:ram|altram:sram|altsyncram:ram_block|altsyncram_1a91:auto_generated|q_a[1]                         ; clock      ; clock    ; 0.000 ns                   ; 0.058 ns                   ; 1.623 ns                 ;
; 1.565 ns      ; lpm_ram_io:ram|altram:sram|altsyncram:ram_block|altsyncram_1a91:auto_generated|ram_block1a0~porta_we_reg       ; lpm_ram_io:ram|altram:sram|altsyncram:ram_block|altsyncram_1a91:auto_generated|q_a[1]                         ; clock      ; clock    ; 0.000 ns                   ; 0.058 ns                   ; 1.623 ns                 ;
; 1.565 ns      ; lpm_ram_io:ram|altram:sram|altsyncram:ram_block|altsyncram_1a91:auto_generated|ram_block1a0~porta_address_reg7 ; lpm_ram_io:ram|altram:sram|altsyncram:ram_block|altsyncram_1a91:auto_generated|q_a[0]                         ; clock      ; clock    ; 0.000 ns                   ; 0.058 ns                   ; 1.623 ns                 ;
; 1.565 ns      ; lpm_ram_io:ram|altram:sram|altsyncram:ram_block|altsyncram_1a91:auto_generated|ram_block1a0~porta_address_reg6 ; lpm_ram_io:ram|altram:sram|altsyncram:ram_block|altsyncram_1a91:auto_generated|q_a[0]                         ; clock      ; clock    ; 0.000 ns                   ; 0.058 ns                   ; 1.623 ns                 ;
; 1.565 ns      ; lpm_ram_io:ram|altram:sram|altsyncram:ram_block|altsyncram_1a91:auto_generated|ram_block1a0~porta_address_reg5 ; lpm_ram_io:ram|altram:sram|altsyncram:ram_block|altsyncram_1a91:auto_generated|q_a[0]                         ; clock      ; clock    ; 0.000 ns                   ; 0.058 ns                   ; 1.623 ns                 ;
; 1.565 ns      ; lpm_ram_io:ram|altram:sram|altsyncram:ram_block|altsyncram_1a91:auto_generated|ram_block1a0~porta_address_reg4 ; lpm_ram_io:ram|altram:sram|altsyncram:ram_block|altsyncram_1a91:auto_generated|q_a[0]                         ; clock      ; clock    ; 0.000 ns                   ; 0.058 ns                   ; 1.623 ns                 ;
; 1.565 ns      ; lpm_ram_io:ram|altram:sram|altsyncram:ram_block|altsyncram_1a91:auto_generated|ram_block1a0~porta_address_reg3 ; lpm_ram_io:ram|altram:sram|altsyncram:ram_block|altsyncram_1a91:auto_generated|q_a[0]                         ; clock      ; clock    ; 0.000 ns                   ; 0.058 ns                   ; 1.623 ns                 ;
; 1.565 ns      ; lpm_ram_io:ram|altram:sram|altsyncram:ram_block|altsyncram_1a91:auto_generated|ram_block1a0~porta_address_reg2 ; lpm_ram_io:ram|altram:sram|altsyncram:ram_block|altsyncram_1a91:auto_generated|q_a[0]                         ; clock      ; clock    ; 0.000 ns                   ; 0.058 ns                   ; 1.623 ns                 ;
; 1.565 ns      ; lpm_ram_io:ram|altram:sram|altsyncram:ram_block|altsyncram_1a91:auto_generated|ram_block1a0~porta_address_reg1 ; lpm_ram_io:ram|altram:sram|altsyncram:ram_block|altsyncram_1a91:auto_generated|q_a[0]                         ; clock      ; clock    ; 0.000 ns                   ; 0.058 ns                   ; 1.623 ns                 ;
; 1.565 ns      ; lpm_ram_io:ram|altram:sram|altsyncram:ram_block|altsyncram_1a91:auto_generated|ram_block1a0~porta_address_reg0 ; lpm_ram_io:ram|altram:sram|altsyncram:ram_block|altsyncram_1a91:auto_generated|q_a[0]                         ; clock      ; clock    ; 0.000 ns                   ; 0.058 ns                   ; 1.623 ns                 ;
; 1.565 ns      ; lpm_ram_io:ram|altram:sram|altsyncram:ram_block|altsyncram_1a91:auto_generated|ram_block1a0~porta_we_reg       ; lpm_ram_io:ram|altram:sram|altsyncram:ram_block|altsyncram_1a91:auto_generated|q_a[0]                         ; clock      ; clock    ; 0.000 ns                   ; 0.058 ns                   ; 1.623 ns                 ;
; 1.613 ns      ; lpm_rom0:rom|altsyncram:altsyncram_component|altsyncram_os61:auto_generated|q_a[3]                             ; lpm_dff0:reg|lpm_ff:lpm_ff_component|dffs[3]                                                                  ; clock      ; clock    ; 0.000 ns                   ; 0.172 ns                   ; 1.785 ns                 ;
; 1.619 ns      ; lpm_ram_io:ram|altram:sram|altsyncram:ram_block|altsyncram_1a91:auto_generated|q_a[5]                          ; lpm_dff0:reg|lpm_ff:lpm_ff_component|dffs[5]                                                                  ; clock      ; clock    ; 0.000 ns                   ; 0.176 ns                   ; 1.795 ns                 ;
; 1.652 ns      ; lpm_dff0:reg|lpm_ff:lpm_ff_component|dffs[4]                                                                   ; lpm_ram_io:ram|altram:sram|altsyncram:ram_block|altsyncram_1a91:auto_generated|ram_block1a0~porta_datain_reg4 ; clock      ; clock    ; 0.000 ns                   ; -0.045 ns                  ; 1.607 ns                 ;
; 1.658 ns      ; lpm_dff0:reg|lpm_ff:lpm_ff_component|dffs[2]                                                                   ; lpm_ram_io:ram|altram:sram|altsyncram:ram_block|altsyncram_1a91:auto_generated|ram_block1a0~porta_datain_reg2 ; clock      ; clock    ; 0.000 ns                   ; -0.044 ns                  ; 1.614 ns                 ;
; 1.706 ns      ; lpm_rom0:rom|altsyncram:altsyncram_component|altsyncram_os61:auto_generated|q_a[1]                             ; lpm_dff0:reg|lpm_ff:lpm_ff_component|dffs[1]                                                                  ; clock      ; clock    ; 0.000 ns                   ; 0.172 ns                   ; 1.878 ns                 ;
; 1.801 ns      ; lpm_ram_io:ram|altram:sram|altsyncram:ram_block|altsyncram_1a91:auto_generated|q_a[1]                          ; lpm_dff0:reg|lpm_ff:lpm_ff_component|dffs[1]                                                                  ; clock      ; clock    ; 0.000 ns                   ; 0.175 ns                   ; 1.976 ns                 ;
; 1.841 ns      ; lpm_dff0:reg|lpm_ff:lpm_ff_component|dffs[0]                                                                   ; lpm_ram_io:ram|altram:sram|altsyncram:ram_block|altsyncram_1a91:auto_generated|ram_block1a0~porta_datain_reg0 ; clock      ; clock    ; 0.000 ns                   ; -0.044 ns                  ; 1.797 ns                 ;
; 1.850 ns      ; lpm_ram_io:ram|altram:sram|altsyncram:ram_block|altsyncram_1a91:auto_generated|q_a[3]                          ; lpm_dff0:reg|lpm_ff:lpm_ff_component|dffs[3]                                                                  ; clock      ; clock    ; 0.000 ns                   ; 0.175 ns                   ; 2.025 ns                 ;
; 1.921 ns      ; lpm_rom0:rom|altsyncram:altsyncram_component|altsyncram_os61:auto_generated|q_a[0]                             ; lpm_dff0:reg|lpm_ff:lpm_ff_component|dffs[0]                                                                  ; clock      ; clock    ; 0.000 ns                   ; 0.172 ns                   ; 2.093 ns                 ;
; 1.996 ns      ; lpm_ram_io:ram|altram:sram|altsyncram:ram_block|altsyncram_1a91:auto_generated|q_a[6]                          ; lpm_dff0:reg|lpm_ff:lpm_ff_component|dffs[6]                                                                  ; clock      ; clock    ; 0.000 ns                   ; 0.176 ns                   ; 2.172 ns                 ;
; 2.059 ns      ; lpm_ram_io:ram|altram:sram|altsyncram:ram_block|altsyncram_1a91:auto_generated|q_a[4]                          ; lpm_dff0:reg|lpm_ff:lpm_ff_component|dffs[4]                                                                  ; clock      ; clock    ; 0.000 ns                   ; 0.176 ns                   ; 2.235 ns                 ;
; 2.102 ns      ; lpm_rom0:rom|altsyncram:altsyncram_component|altsyncram_os61:auto_generated|q_a[2]                             ; lpm_dff0:reg|lpm_ff:lpm_ff_component|dffs[2]                                                                  ; clock      ; clock    ; 0.000 ns                   ; 0.172 ns                   ; 2.274 ns                 ;
; 2.189 ns      ; lpm_ram_io:ram|altram:sram|altsyncram:ram_block|altsyncram_1a91:auto_generated|q_a[0]                          ; lpm_dff0:reg|lpm_ff:lpm_ff_component|dffs[0]                                                                  ; clock      ; clock    ; 0.000 ns                   ; 0.175 ns                   ; 2.364 ns                 ;
; 2.295 ns      ; lpm_rom0:rom|altsyncram:altsyncram_component|altsyncram_os61:auto_generated|q_a[5]                             ; lpm_ram_io:ram|altram:sram|altsyncram:ram_block|altsyncram_1a91:auto_generated|ram_block1a0~porta_datain_reg5 ; clock      ; clock    ; 0.000 ns                   ; 0.073 ns                   ; 2.368 ns                 ;
; 2.305 ns      ; lpm_ram_io:ram|altram:sram|altsyncram:ram_block|altsyncram_1a91:auto_generated|q_a[2]                          ; lpm_dff0:reg|lpm_ff:lpm_ff_component|dffs[2]                                                                  ; clock      ; clock    ; 0.000 ns                   ; 0.175 ns                   ; 2.480 ns                 ;
; 2.469 ns      ; lpm_rom0:rom|altsyncram:altsyncram_component|altsyncram_os61:auto_generated|q_a[7]                             ; lpm_ram_io:ram|altram:sram|altsyncram:ram_block|altsyncram_1a91:auto_generated|ram_block1a0~porta_datain_reg7 ; clock      ; clock    ; 0.000 ns                   ; 0.073 ns                   ; 2.542 ns                 ;
; 2.495 ns      ; lpm_rom0:rom|altsyncram:altsyncram_component|altsyncram_os61:auto_generated|q_a[1]                             ; lpm_ram_io:ram|altram:sram|altsyncram:ram_block|altsyncram_1a91:auto_generated|ram_block1a0~porta_datain_reg1 ; clock      ; clock    ; 0.000 ns                   ; 0.073 ns                   ; 2.568 ns                 ;
; 2.507 ns      ; lpm_rom0:rom|altsyncram:altsyncram_component|altsyncram_os61:auto_generated|q_a[6]                             ; lpm_ram_io:ram|altram:sram|altsyncram:ram_block|altsyncram_1a91:auto_generated|ram_block1a0~porta_datain_reg6 ; clock      ; clock    ; 0.000 ns                   ; 0.073 ns                   ; 2.580 ns                 ;
; 2.534 ns      ; lpm_rom0:rom|altsyncram:altsyncram_component|altsyncram_os61:auto_generated|q_a[4]                             ; lpm_ram_io:ram|altram:sram|altsyncram:ram_block|altsyncram_1a91:auto_generated|ram_block1a0~porta_datain_reg4 ; clock      ; clock    ; 0.000 ns                   ; 0.073 ns                   ; 2.607 ns                 ;
; 2.590 ns      ; lpm_ram_io:ram|altram:sram|altsyncram:ram_block|altsyncram_1a91:auto_generated|q_a[1]                          ; lpm_ram_io:ram|altram:sram|altsyncram:ram_block|altsyncram_1a91:auto_generated|ram_block1a0~porta_datain_reg1 ; clock      ; clock    ; 0.000 ns                   ; 0.076 ns                   ; 2.666 ns                 ;
; 2.602 ns      ; lpm_rom0:rom|altsyncram:altsyncram_component|altsyncram_os61:auto_generated|q_a[3]                             ; lpm_ram_io:ram|altram:sram|altsyncram:ram_block|altsyncram_1a91:auto_generated|ram_block1a0~porta_datain_reg3 ; clock      ; clock    ; 0.000 ns                   ; 0.073 ns                   ; 2.675 ns                 ;
; 2.603 ns      ; lpm_ram_io:ram|altram:sram|altsyncram:ram_block|altsyncram_1a91:auto_generated|q_a[5]                          ; lpm_ram_io:ram|altram:sram|altsyncram:ram_block|altsyncram_1a91:auto_generated|ram_block1a0~porta_datain_reg5 ; clock      ; clock    ; 0.000 ns                   ; 0.076 ns                   ; 2.679 ns                 ;
; 2.645 ns      ; lpm_ram_io:ram|altram:sram|altsyncram:ram_block|altsyncram_1a91:auto_generated|q_a[7]                          ; lpm_ram_io:ram|altram:sram|altsyncram:ram_block|altsyncram_1a91:auto_generated|ram_block1a0~porta_datain_reg7 ; clock      ; clock    ; 0.000 ns                   ; 0.076 ns                   ; 2.721 ns                 ;
; 2.660 ns      ; lpm_rom0:rom|altsyncram:altsyncram_component|altsyncram_os61:auto_generated|q_a[2]                             ; lpm_ram_io:ram|altram:sram|altsyncram:ram_block|altsyncram_1a91:auto_generated|ram_block1a0~porta_datain_reg2 ; clock      ; clock    ; 0.000 ns                   ; 0.073 ns                   ; 2.733 ns                 ;
; 2.723 ns      ; lpm_rom0:rom|altsyncram:altsyncram_component|altsyncram_os61:auto_generated|q_a[0]                             ; lpm_ram_io:ram|altram:sram|altsyncram:ram_block|altsyncram_1a91:auto_generated|ram_block1a0~porta_datain_reg0 ; clock      ; clock    ; 0.000 ns                   ; 0.073 ns                   ; 2.796 ns                 ;
; 2.839 ns      ; lpm_ram_io:ram|altram:sram|altsyncram:ram_block|altsyncram_1a91:auto_generated|q_a[3]                          ; lpm_ram_io:ram|altram:sram|altsyncram:ram_block|altsyncram_1a91:auto_generated|ram_block1a0~porta_datain_reg3 ; clock      ; clock    ; 0.000 ns                   ; 0.076 ns                   ; 2.915 ns                 ;
; 2.863 ns      ; lpm_ram_io:ram|altram:sram|altsyncram:ram_block|altsyncram_1a91:auto_generated|q_a[2]                          ; lpm_ram_io:ram|altram:sram|altsyncram:ram_block|altsyncram_1a91:auto_generated|ram_block1a0~porta_datain_reg2 ; clock      ; clock    ; 0.000 ns                   ; 0.076 ns                   ; 2.939 ns                 ;
; 2.975 ns      ; lpm_ram_io:ram|altram:sram|altsyncram:ram_block|altsyncram_1a91:auto_generated|q_a[6]                          ; lpm_ram_io:ram|altram:sram|altsyncram:ram_block|altsyncram_1a91:auto_generated|ram_block1a0~porta_datain_reg6 ; clock      ; clock    ; 0.000 ns                   ; 0.076 ns                   ; 3.051 ns                 ;
; 2.991 ns      ; lpm_ram_io:ram|altram:sram|altsyncram:ram_block|altsyncram_1a91:auto_generated|q_a[0]                          ; lpm_ram_io:ram|altram:sram|altsyncram:ram_block|altsyncram_1a91:auto_generated|ram_block1a0~porta_datain_reg0 ; clock      ; clock    ; 0.000 ns                   ; 0.076 ns                   ; 3.067 ns                 ;
; 3.050 ns      ; lpm_ram_io:ram|altram:sram|altsyncram:ram_block|altsyncram_1a91:auto_generated|q_a[4]                          ; lpm_ram_io:ram|altram:sram|altsyncram:ram_block|altsyncram_1a91:auto_generated|ram_block1a0~porta_datain_reg4 ; clock      ; clock    ; 0.000 ns                   ; 0.076 ns                   ; 3.126 ns                 ;
+---------------+----------------------------------------------------------------------------------------------------------------+---------------------------------------------------------------------------------------------------------------+------------+----------+----------------------------+----------------------------+--------------------------+


+--------------------------------------------------------------------------------------------------------------------------------------------------------------------------------+
; tsu                                                                                                                                                                            ;
+-------+--------------+------------+----------------+----------------------------------------------------------------------------------------------------------------+----------+
; Slack ; Required tsu ; Actual tsu ; From           ; To                                                                                                             ; To Clock ;
+-------+--------------+------------+----------------+----------------------------------------------------------------------------------------------------------------+----------+
; N/A   ; None         ; 4.996 ns   ; reg_read       ; lpm_ram_io:ram|altram:sram|altsyncram:ram_block|altsyncram_1a91:auto_generated|ram_block1a0~porta_datain_reg2  ; clock    ;
; N/A   ; None         ; 4.986 ns   ; reg_read       ; lpm_ram_io:ram|altram:sram|altsyncram:ram_block|altsyncram_1a91:auto_generated|ram_block1a0~porta_datain_reg1  ; clock    ;
; N/A   ; None         ; 4.880 ns   ; ram_mode_read  ; lpm_ram_io:ram|altram:sram|altsyncram:ram_block|altsyncram_1a91:auto_generated|ram_block1a0~porta_datain_reg3  ; clock    ;
; N/A   ; None         ; 4.872 ns   ; reg_read       ; lpm_ram_io:ram|altram:sram|altsyncram:ram_block|altsyncram_1a91:auto_generated|ram_block1a0~porta_datain_reg5  ; clock    ;
; N/A   ; None         ; 4.869 ns   ; reg_read       ; lpm_ram_io:ram|altram:sram|altsyncram:ram_block|altsyncram_1a91:auto_generated|ram_block1a0~porta_datain_reg7  ; clock    ;
; N/A   ; None         ; 4.867 ns   ; reg_read       ; lpm_ram_io:ram|altram:sram|altsyncram:ram_block|altsyncram_1a91:auto_generated|ram_block1a0~porta_datain_reg0  ; clock    ;
; N/A   ; None         ; 4.865 ns   ; reg_read       ; lpm_ram_io:ram|altram:sram|altsyncram:ram_block|altsyncram_1a91:auto_generated|ram_block1a0~porta_datain_reg6  ; clock    ;
; N/A   ; None         ; 4.787 ns   ; ram_mode_read  ; lpm_ram_io:ram|altram:sram|altsyncram:ram_block|altsyncram_1a91:auto_generated|ram_block1a0~porta_datain_reg4  ; clock    ;
; N/A   ; None         ; 4.738 ns   ; ram_mode_read  ; lpm_ram_io:ram|altram:sram|altsyncram:ram_block|altsyncram_1a91:auto_generated|ram_block1a0~porta_datain_reg2  ; clock    ;
; N/A   ; None         ; 4.728 ns   ; ram_mode_read  ; lpm_ram_io:ram|altram:sram|altsyncram:ram_block|altsyncram_1a91:auto_generated|ram_block1a0~porta_datain_reg1  ; clock    ;
; N/A   ; None         ; 4.708 ns   ; ram_mode_read  ; lpm_ram_io:ram|altram:sram|altsyncram:ram_block|altsyncram_1a91:auto_generated|ram_block1a0~porta_datain_reg0  ; clock    ;
; N/A   ; None         ; 4.689 ns   ; rom_read       ; lpm_ram_io:ram|altram:sram|altsyncram:ram_block|altsyncram_1a91:auto_generated|ram_block1a0~porta_datain_reg2  ; clock    ;
; N/A   ; None         ; 4.679 ns   ; rom_read       ; lpm_ram_io:ram|altram:sram|altsyncram:ram_block|altsyncram_1a91:auto_generated|ram_block1a0~porta_datain_reg1  ; clock    ;
; N/A   ; None         ; 4.647 ns   ; reg_read       ; lpm_ram_io:ram|altram:sram|altsyncram:ram_block|altsyncram_1a91:auto_generated|ram_block1a0~porta_datain_reg3  ; clock    ;
; N/A   ; None         ; 4.614 ns   ; ram_mode_read  ; lpm_ram_io:ram|altram:sram|altsyncram:ram_block|altsyncram_1a91:auto_generated|ram_block1a0~porta_datain_reg5  ; clock    ;
; N/A   ; None         ; 4.611 ns   ; ram_mode_read  ; lpm_ram_io:ram|altram:sram|altsyncram:ram_block|altsyncram_1a91:auto_generated|ram_block1a0~porta_datain_reg7  ; clock    ;
; N/A   ; None         ; 4.607 ns   ; ram_mode_read  ; lpm_ram_io:ram|altram:sram|altsyncram:ram_block|altsyncram_1a91:auto_generated|ram_block1a0~porta_datain_reg6  ; clock    ;
; N/A   ; None         ; 4.565 ns   ; rom_read       ; lpm_ram_io:ram|altram:sram|altsyncram:ram_block|altsyncram_1a91:auto_generated|ram_block1a0~porta_datain_reg5  ; clock    ;
; N/A   ; None         ; 4.562 ns   ; rom_read       ; lpm_ram_io:ram|altram:sram|altsyncram:ram_block|altsyncram_1a91:auto_generated|ram_block1a0~porta_datain_reg7  ; clock    ;
; N/A   ; None         ; 4.560 ns   ; rom_read       ; lpm_ram_io:ram|altram:sram|altsyncram:ram_block|altsyncram_1a91:auto_generated|ram_block1a0~porta_datain_reg0  ; clock    ;
; N/A   ; None         ; 4.558 ns   ; rom_read       ; lpm_ram_io:ram|altram:sram|altsyncram:ram_block|altsyncram_1a91:auto_generated|ram_block1a0~porta_datain_reg6  ; clock    ;
; N/A   ; None         ; 4.535 ns   ; reg_read       ; lpm_ram_io:ram|altram:sram|altsyncram:ram_block|altsyncram_1a91:auto_generated|ram_block1a0~porta_datain_reg4  ; clock    ;
; N/A   ; None         ; 4.535 ns   ; ram_chip_en    ; lpm_ram_io:ram|altram:sram|altsyncram:ram_block|altsyncram_1a91:auto_generated|ram_block1a0~porta_datain_reg2  ; clock    ;
; N/A   ; None         ; 4.525 ns   ; ram_chip_en    ; lpm_ram_io:ram|altram:sram|altsyncram:ram_block|altsyncram_1a91:auto_generated|ram_block1a0~porta_datain_reg1  ; clock    ;
; N/A   ; None         ; 4.520 ns   ; rom_read       ; lpm_ram_io:ram|altram:sram|altsyncram:ram_block|altsyncram_1a91:auto_generated|ram_block1a0~porta_datain_reg4  ; clock    ;
; N/A   ; None         ; 4.514 ns   ; rom_read       ; lpm_ram_io:ram|altram:sram|altsyncram:ram_block|altsyncram_1a91:auto_generated|ram_block1a0~porta_datain_reg3  ; clock    ;
; N/A   ; None         ; 4.411 ns   ; ram_chip_en    ; lpm_ram_io:ram|altram:sram|altsyncram:ram_block|altsyncram_1a91:auto_generated|ram_block1a0~porta_datain_reg5  ; clock    ;
; N/A   ; None         ; 4.408 ns   ; ram_chip_en    ; lpm_ram_io:ram|altram:sram|altsyncram:ram_block|altsyncram_1a91:auto_generated|ram_block1a0~porta_datain_reg7  ; clock    ;
; N/A   ; None         ; 4.406 ns   ; ram_chip_en    ; lpm_ram_io:ram|altram:sram|altsyncram:ram_block|altsyncram_1a91:auto_generated|ram_block1a0~porta_datain_reg0  ; clock    ;
; N/A   ; None         ; 4.404 ns   ; ram_chip_en    ; lpm_ram_io:ram|altram:sram|altsyncram:ram_block|altsyncram_1a91:auto_generated|ram_block1a0~porta_datain_reg6  ; clock    ;
; N/A   ; None         ; 4.186 ns   ; ram_chip_en    ; lpm_ram_io:ram|altram:sram|altsyncram:ram_block|altsyncram_1a91:auto_generated|ram_block1a0~porta_datain_reg3  ; clock    ;
; N/A   ; None         ; 4.102 ns   ; ram_mode_read  ; lpm_dff0:reg|lpm_ff:lpm_ff_component|dffs[2]                                                                   ; clock    ;
; N/A   ; None         ; 4.074 ns   ; ram_chip_en    ; lpm_ram_io:ram|altram:sram|altsyncram:ram_block|altsyncram_1a91:auto_generated|ram_block1a0~porta_datain_reg4  ; clock    ;
; N/A   ; None         ; 4.009 ns   ; reg_read       ; lpm_dff0:reg|lpm_ff:lpm_ff_component|dffs[0]                                                                   ; clock    ;
; N/A   ; None         ; 4.001 ns   ; reg_read       ; lpm_dff0:reg|lpm_ff:lpm_ff_component|dffs[2]                                                                   ; clock    ;
; N/A   ; None         ; 3.996 ns   ; reg_read       ; lpm_dff0:reg|lpm_ff:lpm_ff_component|dffs[1]                                                                   ; clock    ;
; N/A   ; None         ; 3.920 ns   ; ram_mode_read  ; lpm_dff0:reg|lpm_ff:lpm_ff_component|dffs[0]                                                                   ; clock    ;
; N/A   ; None         ; 3.905 ns   ; ram_mode_read  ; lpm_dff0:reg|lpm_ff:lpm_ff_component|dffs[3]                                                                   ; clock    ;
; N/A   ; None         ; 3.904 ns   ; reg_read       ; lpm_dff0:reg|lpm_ff:lpm_ff_component|dffs[7]                                                                   ; clock    ;
; N/A   ; None         ; 3.903 ns   ; reg_read       ; lpm_dff0:reg|lpm_ff:lpm_ff_component|dffs[5]                                                                   ; clock    ;
; N/A   ; None         ; 3.900 ns   ; reg_read       ; lpm_dff0:reg|lpm_ff:lpm_ff_component|dffs[6]                                                                   ; clock    ;
; N/A   ; None         ; 3.880 ns   ; reg_read       ; lpm_dff0:reg|lpm_ff:lpm_ff_component|dffs[3]                                                                   ; clock    ;
; N/A   ; None         ; 3.810 ns   ; ram_mode_read  ; lpm_dff0:reg|lpm_ff:lpm_ff_component|dffs[4]                                                                   ; clock    ;
; N/A   ; None         ; 3.803 ns   ; ram_mode_read  ; lpm_ram_io:ram|altram:sram|altsyncram:ram_block|altsyncram_1a91:auto_generated|ram_block1a0~porta_we_reg       ; clock    ;
; N/A   ; None         ; 3.738 ns   ; ram_mode_read  ; lpm_dff0:reg|lpm_ff:lpm_ff_component|dffs[1]                                                                   ; clock    ;
; N/A   ; None         ; 3.702 ns   ; rom_read       ; lpm_dff0:reg|lpm_ff:lpm_ff_component|dffs[0]                                                                   ; clock    ;
; N/A   ; None         ; 3.694 ns   ; rom_read       ; lpm_dff0:reg|lpm_ff:lpm_ff_component|dffs[2]                                                                   ; clock    ;
; N/A   ; None         ; 3.689 ns   ; rom_read       ; lpm_dff0:reg|lpm_ff:lpm_ff_component|dffs[1]                                                                   ; clock    ;
; N/A   ; None         ; 3.646 ns   ; ram_mode_read  ; lpm_dff0:reg|lpm_ff:lpm_ff_component|dffs[7]                                                                   ; clock    ;
; N/A   ; None         ; 3.645 ns   ; ram_mode_read  ; lpm_dff0:reg|lpm_ff:lpm_ff_component|dffs[5]                                                                   ; clock    ;
; N/A   ; None         ; 3.642 ns   ; ram_mode_read  ; lpm_dff0:reg|lpm_ff:lpm_ff_component|dffs[6]                                                                   ; clock    ;
; N/A   ; None         ; 3.597 ns   ; rom_read       ; lpm_dff0:reg|lpm_ff:lpm_ff_component|dffs[7]                                                                   ; clock    ;
; N/A   ; None         ; 3.596 ns   ; rom_read       ; lpm_dff0:reg|lpm_ff:lpm_ff_component|dffs[5]                                                                   ; clock    ;
; N/A   ; None         ; 3.593 ns   ; rom_read       ; lpm_dff0:reg|lpm_ff:lpm_ff_component|dffs[6]                                                                   ; clock    ;
; N/A   ; None         ; 3.573 ns   ; rom_read       ; lpm_dff0:reg|lpm_ff:lpm_ff_component|dffs[3]                                                                   ; clock    ;
; N/A   ; None         ; 3.557 ns   ; reg_read       ; lpm_dff0:reg|lpm_ff:lpm_ff_component|dffs[4]                                                                   ; clock    ;
; N/A   ; None         ; 3.548 ns   ; ram_chip_en    ; lpm_dff0:reg|lpm_ff:lpm_ff_component|dffs[0]                                                                   ; clock    ;
; N/A   ; None         ; 3.543 ns   ; rom_read       ; lpm_dff0:reg|lpm_ff:lpm_ff_component|dffs[4]                                                                   ; clock    ;
; N/A   ; None         ; 3.540 ns   ; ram_chip_en    ; lpm_dff0:reg|lpm_ff:lpm_ff_component|dffs[2]                                                                   ; clock    ;
; N/A   ; None         ; 3.535 ns   ; ram_chip_en    ; lpm_dff0:reg|lpm_ff:lpm_ff_component|dffs[1]                                                                   ; clock    ;
; N/A   ; None         ; 3.459 ns   ; ram_mode_write ; lpm_ram_io:ram|altram:sram|altsyncram:ram_block|altsyncram_1a91:auto_generated|ram_block1a0~porta_we_reg       ; clock    ;
; N/A   ; None         ; 3.443 ns   ; ram_chip_en    ; lpm_dff0:reg|lpm_ff:lpm_ff_component|dffs[7]                                                                   ; clock    ;
; N/A   ; None         ; 3.442 ns   ; ram_chip_en    ; lpm_dff0:reg|lpm_ff:lpm_ff_component|dffs[5]                                                                   ; clock    ;
; N/A   ; None         ; 3.439 ns   ; ram_chip_en    ; lpm_dff0:reg|lpm_ff:lpm_ff_component|dffs[6]                                                                   ; clock    ;
; N/A   ; None         ; 3.419 ns   ; ram_chip_en    ; lpm_dff0:reg|lpm_ff:lpm_ff_component|dffs[3]                                                                   ; clock    ;
; N/A   ; None         ; 3.368 ns   ; ram_chip_en    ; lpm_ram_io:ram|altram:sram|altsyncram:ram_block|altsyncram_1a91:auto_generated|ram_block1a0~porta_we_reg       ; clock    ;
; N/A   ; None         ; 3.096 ns   ; ram_chip_en    ; lpm_dff0:reg|lpm_ff:lpm_ff_component|dffs[4]                                                                   ; clock    ;
; N/A   ; None         ; 2.893 ns   ; reg_write      ; lpm_dff0:reg|lpm_ff:lpm_ff_component|dffs[7]                                                                   ; clock    ;
; N/A   ; None         ; 2.892 ns   ; reg_write      ; lpm_dff0:reg|lpm_ff:lpm_ff_component|dffs[4]                                                                   ; clock    ;
; N/A   ; None         ; 2.892 ns   ; reg_write      ; lpm_dff0:reg|lpm_ff:lpm_ff_component|dffs[5]                                                                   ; clock    ;
; N/A   ; None         ; 2.890 ns   ; reg_write      ; lpm_dff0:reg|lpm_ff:lpm_ff_component|dffs[6]                                                                   ; clock    ;
; N/A   ; None         ; 2.765 ns   ; addr[2]        ; lpm_ram_io:ram|altram:sram|altsyncram:ram_block|altsyncram_1a91:auto_generated|ram_block1a0~porta_address_reg2 ; clock    ;
; N/A   ; None         ; 2.678 ns   ; reg_write      ; lpm_dff0:reg|lpm_ff:lpm_ff_component|dffs[2]                                                                   ; clock    ;
; N/A   ; None         ; 2.676 ns   ; reg_write      ; lpm_dff0:reg|lpm_ff:lpm_ff_component|dffs[1]                                                                   ; clock    ;
; N/A   ; None         ; 2.676 ns   ; reg_write      ; lpm_dff0:reg|lpm_ff:lpm_ff_component|dffs[3]                                                                   ; clock    ;
; N/A   ; None         ; 2.674 ns   ; reg_write      ; lpm_dff0:reg|lpm_ff:lpm_ff_component|dffs[0]                                                                   ; clock    ;
; N/A   ; None         ; 2.655 ns   ; addr[6]        ; lpm_rom0:rom|altsyncram:altsyncram_component|altsyncram_os61:auto_generated|ram_block1a0~porta_address_reg6    ; clock    ;
; N/A   ; None         ; 2.630 ns   ; addr[6]        ; lpm_ram_io:ram|altram:sram|altsyncram:ram_block|altsyncram_1a91:auto_generated|ram_block1a0~porta_address_reg6 ; clock    ;
; N/A   ; None         ; 2.610 ns   ; addr[0]        ; lpm_ram_io:ram|altram:sram|altsyncram:ram_block|altsyncram_1a91:auto_generated|ram_block1a0~porta_address_reg0 ; clock    ;
; N/A   ; None         ; 2.605 ns   ; addr[5]        ; lpm_ram_io:ram|altram:sram|altsyncram:ram_block|altsyncram_1a91:auto_generated|ram_block1a0~porta_address_reg5 ; clock    ;
; N/A   ; None         ; 2.605 ns   ; addr[1]        ; lpm_ram_io:ram|altram:sram|altsyncram:ram_block|altsyncram_1a91:auto_generated|ram_block1a0~porta_address_reg1 ; clock    ;
; N/A   ; None         ; 2.601 ns   ; addr[0]        ; lpm_rom0:rom|altsyncram:altsyncram_component|altsyncram_os61:auto_generated|ram_block1a0~porta_address_reg0    ; clock    ;
; N/A   ; None         ; 2.598 ns   ; addr[3]        ; lpm_ram_io:ram|altram:sram|altsyncram:ram_block|altsyncram_1a91:auto_generated|ram_block1a0~porta_address_reg3 ; clock    ;
; N/A   ; None         ; 2.594 ns   ; addr[1]        ; lpm_rom0:rom|altsyncram:altsyncram_component|altsyncram_os61:auto_generated|ram_block1a0~porta_address_reg1    ; clock    ;
; N/A   ; None         ; 2.588 ns   ; addr[5]        ; lpm_rom0:rom|altsyncram:altsyncram_component|altsyncram_os61:auto_generated|ram_block1a0~porta_address_reg5    ; clock    ;
; N/A   ; None         ; 2.584 ns   ; addr[7]        ; lpm_ram_io:ram|altram:sram|altsyncram:ram_block|altsyncram_1a91:auto_generated|ram_block1a0~porta_address_reg7 ; clock    ;
; N/A   ; None         ; 2.582 ns   ; addr[3]        ; lpm_rom0:rom|altsyncram:altsyncram_component|altsyncram_os61:auto_generated|ram_block1a0~porta_address_reg3    ; clock    ;
; N/A   ; None         ; 2.577 ns   ; addr[4]        ; lpm_ram_io:ram|altram:sram|altsyncram:ram_block|altsyncram_1a91:auto_generated|ram_block1a0~porta_address_reg4 ; clock    ;
; N/A   ; None         ; 2.567 ns   ; addr[7]        ; lpm_rom0:rom|altsyncram:altsyncram_component|altsyncram_os61:auto_generated|ram_block1a0~porta_address_reg7    ; clock    ;
; N/A   ; None         ; 2.558 ns   ; addr[4]        ; lpm_rom0:rom|altsyncram:altsyncram_component|altsyncram_os61:auto_generated|ram_block1a0~porta_address_reg4    ; clock    ;
; N/A   ; None         ; 2.507 ns   ; addr[2]        ; lpm_rom0:rom|altsyncram:altsyncram_component|altsyncram_os61:auto_generated|ram_block1a0~porta_address_reg2    ; clock    ;
+-------+--------------+------------+----------------+----------------------------------------------------------------------------------------------------------------+----------+


+------------------------------------------------------------------------------------------------------------------------------------------------------+
; tco                                                                                                                                                  ;
+-------+--------------+------------+---------------------------------------------------------------------------------------+-------------+------------+
; Slack ; Required tco ; Actual tco ; From                                                                                  ; To          ; From Clock ;
+-------+--------------+------------+---------------------------------------------------------------------------------------+-------------+------------+
; N/A   ; None         ; 9.269 ns   ; lpm_ram_io:ram|altram:sram|altsyncram:ram_block|altsyncram_1a91:auto_generated|q_a[4] ; data_out[4] ; clock      ;
; N/A   ; None         ; 8.753 ns   ; lpm_rom0:rom|altsyncram:altsyncram_component|altsyncram_os61:auto_generated|q_a[4]    ; data_out[4] ; clock      ;
; N/A   ; None         ; 7.717 ns   ; lpm_dff0:reg|lpm_ff:lpm_ff_component|dffs[4]                                          ; data_out[4] ; clock      ;
; N/A   ; None         ; 7.524 ns   ; lpm_ram_io:ram|altram:sram|altsyncram:ram_block|altsyncram_1a91:auto_generated|q_a[7] ; data_out[7] ; clock      ;
; N/A   ; None         ; 7.496 ns   ; lpm_ram_io:ram|altram:sram|altsyncram:ram_block|altsyncram_1a91:auto_generated|q_a[5] ; data_out[5] ; clock      ;
; N/A   ; None         ; 7.354 ns   ; lpm_ram_io:ram|altram:sram|altsyncram:ram_block|altsyncram_1a91:auto_generated|q_a[0] ; data_out[0] ; clock      ;
; N/A   ; None         ; 7.348 ns   ; lpm_rom0:rom|altsyncram:altsyncram_component|altsyncram_os61:auto_generated|q_a[7]    ; data_out[7] ; clock      ;
; N/A   ; None         ; 7.188 ns   ; lpm_rom0:rom|altsyncram:altsyncram_component|altsyncram_os61:auto_generated|q_a[5]    ; data_out[5] ; clock      ;
; N/A   ; None         ; 7.166 ns   ; lpm_ram_io:ram|altram:sram|altsyncram:ram_block|altsyncram_1a91:auto_generated|q_a[6] ; data_out[6] ; clock      ;
; N/A   ; None         ; 7.086 ns   ; lpm_rom0:rom|altsyncram:altsyncram_component|altsyncram_os61:auto_generated|q_a[0]    ; data_out[0] ; clock      ;
; N/A   ; None         ; 6.877 ns   ; lpm_ram_io:ram|altram:sram|altsyncram:ram_block|altsyncram_1a91:auto_generated|q_a[1] ; data_out[1] ; clock      ;
; N/A   ; None         ; 6.782 ns   ; lpm_rom0:rom|altsyncram:altsyncram_component|altsyncram_os61:auto_generated|q_a[1]    ; data_out[1] ; clock      ;
; N/A   ; None         ; 6.698 ns   ; lpm_rom0:rom|altsyncram:altsyncram_component|altsyncram_os61:auto_generated|q_a[6]    ; data_out[6] ; clock      ;
; N/A   ; None         ; 6.678 ns   ; lpm_ram_io:ram|altram:sram|altsyncram:ram_block|altsyncram_1a91:auto_generated|q_a[2] ; data_out[2] ; clock      ;
; N/A   ; None         ; 6.642 ns   ; lpm_ram_io:ram|altram:sram|altsyncram:ram_block|altsyncram_1a91:auto_generated|q_a[3] ; data_out[3] ; clock      ;
; N/A   ; None         ; 6.475 ns   ; lpm_rom0:rom|altsyncram:altsyncram_component|altsyncram_os61:auto_generated|q_a[2]    ; data_out[2] ; clock      ;
; N/A   ; None         ; 6.424 ns   ; lpm_dff0:reg|lpm_ff:lpm_ff_component|dffs[5]                                          ; data_out[5] ; clock      ;
; N/A   ; None         ; 6.405 ns   ; lpm_rom0:rom|altsyncram:altsyncram_component|altsyncram_os61:auto_generated|q_a[3]    ; data_out[3] ; clock      ;
; N/A   ; None         ; 6.392 ns   ; lpm_dff0:reg|lpm_ff:lpm_ff_component|dffs[7]                                          ; data_out[7] ; clock      ;
; N/A   ; None         ; 6.239 ns   ; lpm_dff0:reg|lpm_ff:lpm_ff_component|dffs[0]                                          ; data_out[0] ; clock      ;
; N/A   ; None         ; 5.732 ns   ; lpm_dff0:reg|lpm_ff:lpm_ff_component|dffs[1]                                          ; data_out[1] ; clock      ;
; N/A   ; None         ; 5.578 ns   ; lpm_dff0:reg|lpm_ff:lpm_ff_component|dffs[2]                                          ; data_out[2] ; clock      ;
; N/A   ; None         ; 5.577 ns   ; lpm_dff0:reg|lpm_ff:lpm_ff_component|dffs[3]                                          ; data_out[3] ; clock      ;
; N/A   ; None         ; 5.489 ns   ; lpm_dff0:reg|lpm_ff:lpm_ff_component|dffs[6]                                          ; data_out[6] ; clock      ;
+-------+--------------+------------+---------------------------------------------------------------------------------------+-------------+------------+


+---------------------------------------------------------------------------+
; tpd                                                                       ;
+-------+-------------------+-----------------+---------------+-------------+
; Slack ; Required P2P Time ; Actual P2P Time ; From          ; To          ;
+-------+-------------------+-----------------+---------------+-------------+
; N/A   ; None              ; 10.781 ns       ; ram_mode_read ; data_out[4] ;
; N/A   ; None              ; 10.514 ns       ; rom_read      ; data_out[4] ;
; N/A   ; None              ; 10.097 ns       ; reg_read      ; data_out[4] ;
; N/A   ; None              ; 10.030 ns       ; ram_chip_en   ; data_out[4] ;
; N/A   ; None              ; 9.279 ns        ; ram_mode_read ; data_out[5] ;
; N/A   ; None              ; 9.084 ns        ; ram_mode_read ; data_out[7] ;
; N/A   ; None              ; 9.036 ns        ; rom_read      ; data_out[7] ;
; N/A   ; None              ; 8.888 ns        ; reg_read      ; data_out[5] ;
; N/A   ; None              ; 8.882 ns        ; ram_chip_en   ; data_out[7] ;
; N/A   ; None              ; 8.879 ns        ; reg_read      ; data_out[7] ;
; N/A   ; None              ; 8.846 ns        ; ram_mode_read ; data_out[0] ;
; N/A   ; None              ; 8.672 ns        ; rom_read      ; data_out[5] ;
; N/A   ; None              ; 8.565 ns        ; ram_mode_read ; data_out[1] ;
; N/A   ; None              ; 8.458 ns        ; ram_mode_read ; data_out[3] ;
; N/A   ; None              ; 8.455 ns        ; ram_mode_read ; data_out[6] ;
; N/A   ; None              ; 8.422 ns        ; rom_read      ; data_out[6] ;
; N/A   ; None              ; 8.418 ns        ; rom_read      ; data_out[0] ;
; N/A   ; None              ; 8.398 ns        ; ram_chip_en   ; data_out[5] ;
; N/A   ; None              ; 8.344 ns        ; rom_read      ; data_out[1] ;
; N/A   ; None              ; 8.343 ns        ; reg_read      ; data_out[0] ;
; N/A   ; None              ; 8.236 ns        ; ram_mode_read ; data_out[2] ;
; N/A   ; None              ; 8.148 ns        ; ram_chip_en   ; data_out[0] ;
; N/A   ; None              ; 8.122 ns        ; ram_chip_en   ; data_out[6] ;
; N/A   ; None              ; 8.121 ns        ; reg_read      ; data_out[1] ;
; N/A   ; None              ; 8.092 ns        ; rom_read      ; data_out[3] ;
; N/A   ; None              ; 8.087 ns        ; reg_read      ; data_out[6] ;
; N/A   ; None              ; 8.052 ns        ; reg_read      ; data_out[2] ;
; N/A   ; None              ; 8.047 ns        ; reg_read      ; data_out[3] ;
; N/A   ; None              ; 7.885 ns        ; ram_chip_en   ; data_out[1] ;
; N/A   ; None              ; 7.801 ns        ; rom_read      ; data_out[2] ;
; N/A   ; None              ; 7.628 ns        ; ram_chip_en   ; data_out[3] ;
; N/A   ; None              ; 7.531 ns        ; ram_chip_en   ; data_out[2] ;
+-------+-------------------+-----------------+---------------+-------------+


+--------------------------------------------------------------------------------------------------------------------------------------------------------------------------------------+
; th                                                                                                                                                                                   ;
+---------------+-------------+-----------+----------------+----------------------------------------------------------------------------------------------------------------+----------+
; Minimum Slack ; Required th ; Actual th ; From           ; To                                                                                                             ; To Clock ;
+---------------+-------------+-----------+----------------+----------------------------------------------------------------------------------------------------------------+----------+
; N/A           ; None        ; -2.282 ns ; addr[2]        ; lpm_rom0:rom|altsyncram:altsyncram_component|altsyncram_os61:auto_generated|ram_block1a0~porta_address_reg2    ; clock    ;
; N/A           ; None        ; -2.333 ns ; addr[4]        ; lpm_rom0:rom|altsyncram:altsyncram_component|altsyncram_os61:auto_generated|ram_block1a0~porta_address_reg4    ; clock    ;
; N/A           ; None        ; -2.342 ns ; addr[7]        ; lpm_rom0:rom|altsyncram:altsyncram_component|altsyncram_os61:auto_generated|ram_block1a0~porta_address_reg7    ; clock    ;
; N/A           ; None        ; -2.352 ns ; addr[4]        ; lpm_ram_io:ram|altram:sram|altsyncram:ram_block|altsyncram_1a91:auto_generated|ram_block1a0~porta_address_reg4 ; clock    ;
; N/A           ; None        ; -2.357 ns ; addr[3]        ; lpm_rom0:rom|altsyncram:altsyncram_component|altsyncram_os61:auto_generated|ram_block1a0~porta_address_reg3    ; clock    ;
; N/A           ; None        ; -2.359 ns ; addr[7]        ; lpm_ram_io:ram|altram:sram|altsyncram:ram_block|altsyncram_1a91:auto_generated|ram_block1a0~porta_address_reg7 ; clock    ;
; N/A           ; None        ; -2.363 ns ; addr[5]        ; lpm_rom0:rom|altsyncram:altsyncram_component|altsyncram_os61:auto_generated|ram_block1a0~porta_address_reg5    ; clock    ;
; N/A           ; None        ; -2.369 ns ; addr[1]        ; lpm_rom0:rom|altsyncram:altsyncram_component|altsyncram_os61:auto_generated|ram_block1a0~porta_address_reg1    ; clock    ;
; N/A           ; None        ; -2.373 ns ; addr[3]        ; lpm_ram_io:ram|altram:sram|altsyncram:ram_block|altsyncram_1a91:auto_generated|ram_block1a0~porta_address_reg3 ; clock    ;
; N/A           ; None        ; -2.376 ns ; addr[0]        ; lpm_rom0:rom|altsyncram:altsyncram_component|altsyncram_os61:auto_generated|ram_block1a0~porta_address_reg0    ; clock    ;
; N/A           ; None        ; -2.380 ns ; addr[5]        ; lpm_ram_io:ram|altram:sram|altsyncram:ram_block|altsyncram_1a91:auto_generated|ram_block1a0~porta_address_reg5 ; clock    ;
; N/A           ; None        ; -2.380 ns ; addr[1]        ; lpm_ram_io:ram|altram:sram|altsyncram:ram_block|altsyncram_1a91:auto_generated|ram_block1a0~porta_address_reg1 ; clock    ;
; N/A           ; None        ; -2.385 ns ; addr[0]        ; lpm_ram_io:ram|altram:sram|altsyncram:ram_block|altsyncram_1a91:auto_generated|ram_block1a0~porta_address_reg0 ; clock    ;
; N/A           ; None        ; -2.405 ns ; addr[6]        ; lpm_ram_io:ram|altram:sram|altsyncram:ram_block|altsyncram_1a91:auto_generated|ram_block1a0~porta_address_reg6 ; clock    ;
; N/A           ; None        ; -2.430 ns ; addr[6]        ; lpm_rom0:rom|altsyncram:altsyncram_component|altsyncram_os61:auto_generated|ram_block1a0~porta_address_reg6    ; clock    ;
; N/A           ; None        ; -2.435 ns ; reg_write      ; lpm_dff0:reg|lpm_ff:lpm_ff_component|dffs[0]                                                                   ; clock    ;
; N/A           ; None        ; -2.437 ns ; reg_write      ; lpm_dff0:reg|lpm_ff:lpm_ff_component|dffs[1]                                                                   ; clock    ;
; N/A           ; None        ; -2.437 ns ; reg_write      ; lpm_dff0:reg|lpm_ff:lpm_ff_component|dffs[3]                                                                   ; clock    ;
; N/A           ; None        ; -2.439 ns ; reg_write      ; lpm_dff0:reg|lpm_ff:lpm_ff_component|dffs[2]                                                                   ; clock    ;
; N/A           ; None        ; -2.491 ns ; ram_chip_en    ; lpm_dff0:reg|lpm_ff:lpm_ff_component|dffs[5]                                                                   ; clock    ;
; N/A           ; None        ; -2.540 ns ; addr[2]        ; lpm_ram_io:ram|altram:sram|altsyncram:ram_block|altsyncram_1a91:auto_generated|ram_block1a0~porta_address_reg2 ; clock    ;
; N/A           ; None        ; -2.651 ns ; reg_write      ; lpm_dff0:reg|lpm_ff:lpm_ff_component|dffs[6]                                                                   ; clock    ;
; N/A           ; None        ; -2.653 ns ; reg_write      ; lpm_dff0:reg|lpm_ff:lpm_ff_component|dffs[4]                                                                   ; clock    ;
; N/A           ; None        ; -2.653 ns ; reg_write      ; lpm_dff0:reg|lpm_ff:lpm_ff_component|dffs[5]                                                                   ; clock    ;
; N/A           ; None        ; -2.654 ns ; reg_write      ; lpm_dff0:reg|lpm_ff:lpm_ff_component|dffs[7]                                                                   ; clock    ;
; N/A           ; None        ; -2.795 ns ; rom_read       ; lpm_dff0:reg|lpm_ff:lpm_ff_component|dffs[5]                                                                   ; clock    ;
; N/A           ; None        ; -2.809 ns ; ram_chip_en    ; lpm_dff0:reg|lpm_ff:lpm_ff_component|dffs[1]                                                                   ; clock    ;
; N/A           ; None        ; -2.820 ns ; ram_chip_en    ; lpm_dff0:reg|lpm_ff:lpm_ff_component|dffs[4]                                                                   ; clock    ;
; N/A           ; None        ; -2.836 ns ; ram_chip_en    ; lpm_dff0:reg|lpm_ff:lpm_ff_component|dffs[3]                                                                   ; clock    ;
; N/A           ; None        ; -2.906 ns ; ram_chip_en    ; lpm_dff0:reg|lpm_ff:lpm_ff_component|dffs[7]                                                                   ; clock    ;
; N/A           ; None        ; -2.952 ns ; ram_chip_en    ; lpm_dff0:reg|lpm_ff:lpm_ff_component|dffs[6]                                                                   ; clock    ;
; N/A           ; None        ; -2.983 ns ; ram_chip_en    ; lpm_dff0:reg|lpm_ff:lpm_ff_component|dffs[0]                                                                   ; clock    ;
; N/A           ; None        ; -3.011 ns ; rom_read       ; lpm_dff0:reg|lpm_ff:lpm_ff_component|dffs[4]                                                                   ; clock    ;
; N/A           ; None        ; -3.014 ns ; reg_read       ; lpm_dff0:reg|lpm_ff:lpm_ff_component|dffs[2]                                                                   ; clock    ;
; N/A           ; None        ; -3.060 ns ; rom_read       ; lpm_dff0:reg|lpm_ff:lpm_ff_component|dffs[7]                                                                   ; clock    ;
; N/A           ; None        ; -3.060 ns ; ram_mode_read  ; lpm_dff0:reg|lpm_ff:lpm_ff_component|dffs[4]                                                                   ; clock    ;
; N/A           ; None        ; -3.108 ns ; ram_mode_read  ; lpm_dff0:reg|lpm_ff:lpm_ff_component|dffs[7]                                                                   ; clock    ;
; N/A           ; None        ; -3.143 ns ; ram_chip_en    ; lpm_ram_io:ram|altram:sram|altsyncram:ram_block|altsyncram_1a91:auto_generated|ram_block1a0~porta_we_reg       ; clock    ;
; N/A           ; None        ; -3.158 ns ; ram_chip_en    ; lpm_dff0:reg|lpm_ff:lpm_ff_component|dffs[2]                                                                   ; clock    ;
; N/A           ; None        ; -3.165 ns ; reg_read       ; lpm_dff0:reg|lpm_ff:lpm_ff_component|dffs[1]                                                                   ; clock    ;
; N/A           ; None        ; -3.168 ns ; reg_read       ; lpm_dff0:reg|lpm_ff:lpm_ff_component|dffs[4]                                                                   ; clock    ;
; N/A           ; None        ; -3.172 ns ; reg_read       ; lpm_dff0:reg|lpm_ff:lpm_ff_component|dffs[6]                                                                   ; clock    ;
; N/A           ; None        ; -3.175 ns ; reg_read       ; lpm_dff0:reg|lpm_ff:lpm_ff_component|dffs[5]                                                                   ; clock    ;
; N/A           ; None        ; -3.177 ns ; reg_read       ; lpm_dff0:reg|lpm_ff:lpm_ff_component|dffs[7]                                                                   ; clock    ;
; N/A           ; None        ; -3.184 ns ; reg_read       ; lpm_dff0:reg|lpm_ff:lpm_ff_component|dffs[0]                                                                   ; clock    ;
; N/A           ; None        ; -3.185 ns ; reg_read       ; lpm_dff0:reg|lpm_ff:lpm_ff_component|dffs[3]                                                                   ; clock    ;
; N/A           ; None        ; -3.234 ns ; ram_mode_write ; lpm_ram_io:ram|altram:sram|altsyncram:ram_block|altsyncram_1a91:auto_generated|ram_block1a0~porta_we_reg       ; clock    ;
; N/A           ; None        ; -3.252 ns ; rom_read       ; lpm_dff0:reg|lpm_ff:lpm_ff_component|dffs[6]                                                                   ; clock    ;
; N/A           ; None        ; -3.253 ns ; rom_read       ; lpm_dff0:reg|lpm_ff:lpm_ff_component|dffs[0]                                                                   ; clock    ;
; N/A           ; None        ; -3.268 ns ; rom_read       ; lpm_dff0:reg|lpm_ff:lpm_ff_component|dffs[1]                                                                   ; clock    ;
; N/A           ; None        ; -3.285 ns ; ram_mode_read  ; lpm_dff0:reg|lpm_ff:lpm_ff_component|dffs[6]                                                                   ; clock    ;
; N/A           ; None        ; -3.300 ns ; rom_read       ; lpm_dff0:reg|lpm_ff:lpm_ff_component|dffs[3]                                                                   ; clock    ;
; N/A           ; None        ; -3.383 ns ; ram_mode_read  ; lpm_dff0:reg|lpm_ff:lpm_ff_component|dffs[3]                                                                   ; clock    ;
; N/A           ; None        ; -3.402 ns ; ram_mode_read  ; lpm_dff0:reg|lpm_ff:lpm_ff_component|dffs[5]                                                                   ; clock    ;
; N/A           ; None        ; -3.428 ns ; rom_read       ; lpm_dff0:reg|lpm_ff:lpm_ff_component|dffs[2]                                                                   ; clock    ;
; N/A           ; None        ; -3.475 ns ; ram_chip_en    ; lpm_ram_io:ram|altram:sram|altsyncram:ram_block|altsyncram_1a91:auto_generated|ram_block1a0~porta_datain_reg5  ; clock    ;
; N/A           ; None        ; -3.489 ns ; ram_mode_read  ; lpm_dff0:reg|lpm_ff:lpm_ff_component|dffs[1]                                                                   ; clock    ;
; N/A           ; None        ; -3.504 ns ; ram_mode_read  ; lpm_dff0:reg|lpm_ff:lpm_ff_component|dffs[2]                                                                   ; clock    ;
; N/A           ; None        ; -3.512 ns ; ram_mode_read  ; lpm_dff0:reg|lpm_ff:lpm_ff_component|dffs[0]                                                                   ; clock    ;
; N/A           ; None        ; -3.578 ns ; ram_mode_read  ; lpm_ram_io:ram|altram:sram|altsyncram:ram_block|altsyncram_1a91:auto_generated|ram_block1a0~porta_we_reg       ; clock    ;
; N/A           ; None        ; -3.598 ns ; ram_chip_en    ; lpm_ram_io:ram|altram:sram|altsyncram:ram_block|altsyncram_1a91:auto_generated|ram_block1a0~porta_datain_reg1  ; clock    ;
; N/A           ; None        ; -3.716 ns ; ram_chip_en    ; lpm_ram_io:ram|altram:sram|altsyncram:ram_block|altsyncram_1a91:auto_generated|ram_block1a0~porta_datain_reg2  ; clock    ;
; N/A           ; None        ; -3.779 ns ; rom_read       ; lpm_ram_io:ram|altram:sram|altsyncram:ram_block|altsyncram_1a91:auto_generated|ram_block1a0~porta_datain_reg5  ; clock    ;
; N/A           ; None        ; -3.785 ns ; ram_chip_en    ; lpm_ram_io:ram|altram:sram|altsyncram:ram_block|altsyncram_1a91:auto_generated|ram_block1a0~porta_datain_reg0  ; clock    ;
; N/A           ; None        ; -3.811 ns ; ram_chip_en    ; lpm_ram_io:ram|altram:sram|altsyncram:ram_block|altsyncram_1a91:auto_generated|ram_block1a0~porta_datain_reg4  ; clock    ;
; N/A           ; None        ; -3.825 ns ; ram_chip_en    ; lpm_ram_io:ram|altram:sram|altsyncram:ram_block|altsyncram_1a91:auto_generated|ram_block1a0~porta_datain_reg3  ; clock    ;
; N/A           ; None        ; -3.931 ns ; ram_chip_en    ; lpm_ram_io:ram|altram:sram|altsyncram:ram_block|altsyncram_1a91:auto_generated|ram_block1a0~porta_datain_reg6  ; clock    ;
; N/A           ; None        ; -3.986 ns ; rom_read       ; lpm_ram_io:ram|altram:sram|altsyncram:ram_block|altsyncram_1a91:auto_generated|ram_block1a0~porta_datain_reg2  ; clock    ;
; N/A           ; None        ; -3.987 ns ; reg_read       ; lpm_ram_io:ram|altram:sram|altsyncram:ram_block|altsyncram_1a91:auto_generated|ram_block1a0~porta_datain_reg2  ; clock    ;
; N/A           ; None        ; -4.003 ns ; rom_read       ; lpm_ram_io:ram|altram:sram|altsyncram:ram_block|altsyncram_1a91:auto_generated|ram_block1a0~porta_datain_reg4  ; clock    ;
; N/A           ; None        ; -4.003 ns ; ram_chip_en    ; lpm_ram_io:ram|altram:sram|altsyncram:ram_block|altsyncram_1a91:auto_generated|ram_block1a0~porta_datain_reg7  ; clock    ;
; N/A           ; None        ; -4.007 ns ; reg_read       ; lpm_ram_io:ram|altram:sram|altsyncram:ram_block|altsyncram_1a91:auto_generated|ram_block1a0~porta_datain_reg1  ; clock    ;
; N/A           ; None        ; -4.052 ns ; ram_mode_read  ; lpm_ram_io:ram|altram:sram|altsyncram:ram_block|altsyncram_1a91:auto_generated|ram_block1a0~porta_datain_reg4  ; clock    ;
; N/A           ; None        ; -4.055 ns ; rom_read       ; lpm_ram_io:ram|altram:sram|altsyncram:ram_block|altsyncram_1a91:auto_generated|ram_block1a0~porta_datain_reg0  ; clock    ;
; N/A           ; None        ; -4.057 ns ; rom_read       ; lpm_ram_io:ram|altram:sram|altsyncram:ram_block|altsyncram_1a91:auto_generated|ram_block1a0~porta_datain_reg1  ; clock    ;
; N/A           ; None        ; -4.115 ns ; rom_read       ; lpm_ram_io:ram|altram:sram|altsyncram:ram_block|altsyncram_1a91:auto_generated|ram_block1a0~porta_datain_reg3  ; clock    ;
; N/A           ; None        ; -4.151 ns ; reg_read       ; lpm_ram_io:ram|altram:sram|altsyncram:ram_block|altsyncram_1a91:auto_generated|ram_block1a0~porta_datain_reg6  ; clock    ;
; N/A           ; None        ; -4.156 ns ; reg_read       ; lpm_ram_io:ram|altram:sram|altsyncram:ram_block|altsyncram_1a91:auto_generated|ram_block1a0~porta_datain_reg7  ; clock    ;
; N/A           ; None        ; -4.157 ns ; rom_read       ; lpm_ram_io:ram|altram:sram|altsyncram:ram_block|altsyncram_1a91:auto_generated|ram_block1a0~porta_datain_reg7  ; clock    ;
; N/A           ; None        ; -4.158 ns ; reg_read       ; lpm_ram_io:ram|altram:sram|altsyncram:ram_block|altsyncram_1a91:auto_generated|ram_block1a0~porta_datain_reg5  ; clock    ;
; N/A           ; None        ; -4.159 ns ; reg_read       ; lpm_ram_io:ram|altram:sram|altsyncram:ram_block|altsyncram_1a91:auto_generated|ram_block1a0~porta_datain_reg4  ; clock    ;
; N/A           ; None        ; -4.164 ns ; ram_mode_read  ; lpm_ram_io:ram|altram:sram|altsyncram:ram_block|altsyncram_1a91:auto_generated|ram_block1a0~porta_datain_reg3  ; clock    ;
; N/A           ; None        ; -4.174 ns ; reg_read       ; lpm_ram_io:ram|altram:sram|altsyncram:ram_block|altsyncram_1a91:auto_generated|ram_block1a0~porta_datain_reg3  ; clock    ;
; N/A           ; None        ; -4.186 ns ; reg_read       ; lpm_ram_io:ram|altram:sram|altsyncram:ram_block|altsyncram_1a91:auto_generated|ram_block1a0~porta_datain_reg0  ; clock    ;
; N/A           ; None        ; -4.205 ns ; ram_mode_read  ; lpm_ram_io:ram|altram:sram|altsyncram:ram_block|altsyncram_1a91:auto_generated|ram_block1a0~porta_datain_reg7  ; clock    ;
; N/A           ; None        ; -4.231 ns ; rom_read       ; lpm_ram_io:ram|altram:sram|altsyncram:ram_block|altsyncram_1a91:auto_generated|ram_block1a0~porta_datain_reg6  ; clock    ;
; N/A           ; None        ; -4.264 ns ; ram_mode_read  ; lpm_ram_io:ram|altram:sram|altsyncram:ram_block|altsyncram_1a91:auto_generated|ram_block1a0~porta_datain_reg6  ; clock    ;
; N/A           ; None        ; -4.278 ns ; ram_mode_read  ; lpm_ram_io:ram|altram:sram|altsyncram:ram_block|altsyncram_1a91:auto_generated|ram_block1a0~porta_datain_reg1  ; clock    ;
; N/A           ; None        ; -4.384 ns ; ram_mode_read  ; lpm_ram_io:ram|altram:sram|altsyncram:ram_block|altsyncram_1a91:auto_generated|ram_block1a0~porta_datain_reg0  ; clock    ;
; N/A           ; None        ; -4.386 ns ; ram_mode_read  ; lpm_ram_io:ram|altram:sram|altsyncram:ram_block|altsyncram_1a91:auto_generated|ram_block1a0~porta_datain_reg5  ; clock    ;
; N/A           ; None        ; -4.421 ns ; ram_mode_read  ; lpm_ram_io:ram|altram:sram|altsyncram:ram_block|altsyncram_1a91:auto_generated|ram_block1a0~porta_datain_reg2  ; clock    ;
+---------------+-------------+-----------+----------------+----------------------------------------------------------------------------------------------------------------+----------+


+--------------------------+
; Timing Analyzer Messages ;
+--------------------------+
Info: *******************************************************************
Info: Running Quartus II Classic Timing Analyzer
    Info: Version 9.1 Build 222 10/21/2009 SJ Web Edition
    Info: Processing started: Mon May 18 11:46:25 2026
Info: Command: quartus_tan --read_settings_files=off --write_settings_files=off lab3 -c lab3 --timing_analysis_only
Info: Slack time is 16.725 ns for clock "clock" between source memory "lpm_ram_io:ram|altram:sram|altsyncram:ram_block|altsyncram_1a91:auto_generated|q_a[4]" and destination memory "lpm_ram_io:ram|altram:sram|altsyncram:ram_block|altsyncram_1a91:auto_generated|ram_block1a0~porta_datain_reg4"
    Info: Fmax is 305.34 MHz (period= 3.275 ns)
    Info: + Largest memory to memory requirement is 19.851 ns
        Info: + Setup relationship between source and destination is 20.000 ns
            Info: + Latch edge is 20.000 ns
                Info: Clock period of Destination clock "clock" is 20.000 ns with  offset of 0.000 ns and duty cycle of 50
                Info: Multicycle Setup factor for Destination register is 1
            Info: - Launch edge is 0.000 ns
                Info: Clock period of Source clock "clock" is 20.000 ns with  offset of 0.000 ns and duty cycle of 50
                Info: Multicycle Setup factor for Source register is 1
        Info: + Largest clock skew is 0.009 ns
            Info: + Shortest clock path from clock "clock" to destination memory is 2.341 ns
                Info: 1: + IC(0.000 ns) + CELL(0.854 ns) = 0.854 ns; Loc. = PIN_N20; Fanout = 1; CLK Node = 'clock'
                Info: 2: + IC(0.343 ns) + CELL(0.000 ns) = 1.197 ns; Loc. = CLKCTRL_G3; Fanout = 57; COMB Node = 'clock~clkctrl'
                Info: 3: + IC(0.663 ns) + CELL(0.481 ns) = 2.341 ns; Loc. = M4K_X20_Y3; Fanout = 1; MEM Node = 'lpm_ram_io:ram|altram:sram|altsyncram:ram_block|altsyncram_1a91:auto_generated|ram_block1a0~porta_datain_reg4'
                Info: Total cell delay = 1.335 ns ( 57.03 % )
                Info: Total interconnect delay = 1.006 ns ( 42.97 % )
            Info: - Longest clock path from clock "clock" to source memory is 2.332 ns
                Info: 1: + IC(0.000 ns) + CELL(0.854 ns) = 0.854 ns; Loc. = PIN_N20; Fanout = 1; CLK Node = 'clock'
                Info: 2: + IC(0.343 ns) + CELL(0.000 ns) = 1.197 ns; Loc. = CLKCTRL_G3; Fanout = 57; COMB Node = 'clock~clkctrl'
                Info: 3: + IC(0.663 ns) + CELL(0.472 ns) = 2.332 ns; Loc. = M4K_X20_Y3; Fanout = 1; MEM Node = 'lpm_ram_io:ram|altram:sram|altsyncram:ram_block|altsyncram_1a91:auto_generated|q_a[4]'
                Info: Total cell delay = 1.326 ns ( 56.86 % )
                Info: Total interconnect delay = 1.006 ns ( 43.14 % )
        Info: - Micro clock to output delay of source is 0.136 ns
        Info: - Micro setup delay of destination is 0.022 ns
    Info: - Longest memory to memory delay is 3.126 ns
        Info: 1: + IC(0.000 ns) + CELL(0.051 ns) = 0.051 ns; Loc. = M4K_X20_Y3; Fanout = 1; MEM Node = 'lpm_ram_io:ram|altram:sram|altsyncram:ram_block|altsyncram_1a91:auto_generated|q_a[4]'
        Info: 2: + IC(1.064 ns) + CELL(0.346 ns) = 1.461 ns; Loc. = LCCOMB_X27_Y2_N0; Fanout = 3; COMB Node = 'inst7[4]~15'
        Info: 3: + IC(0.273 ns) + CELL(0.346 ns) = 2.080 ns; Loc. = LCCOMB_X27_Y2_N12; Fanout = 1; COMB Node = 'inst7[4]~28'
        Info: 4: + IC(0.950 ns) + CELL(0.096 ns) = 3.126 ns; Loc. = M4K_X20_Y3; Fanout = 1; MEM Node = 'lpm_ram_io:ram|altram:sram|altsyncram:ram_block|altsyncram_1a91:auto_generated|ram_block1a0~porta_datain_reg4'
        Info: Total cell delay = 0.839 ns ( 26.84 % )
        Info: Total interconnect delay = 2.287 ns ( 73.16 % )
Info: Minimum slack time is 433 ps for clock "clock" between source register "lpm_dff0:reg|lpm_ff:lpm_ff_component|dffs[7]" and destination register "lpm_dff0:reg|lpm_ff:lpm_ff_component|dffs[7]"
    Info: + Shortest register to register delay is 0.488 ns
        Info: 1: + IC(0.000 ns) + CELL(0.000 ns) = 0.000 ns; Loc. = LCFF_X27_Y2_N19; Fanout = 3; REG Node = 'lpm_dff0:reg|lpm_ff:lpm_ff_component|dffs[7]'
        Info: 2: + IC(0.000 ns) + CELL(0.333 ns) = 0.333 ns; Loc. = LCCOMB_X27_Y2_N18; Fanout = 1; COMB Node = 'inst6[7]~0'
        Info: 3: + IC(0.000 ns) + CELL(0.155 ns) = 0.488 ns; Loc. = LCFF_X27_Y2_N19; Fanout = 3; REG Node = 'lpm_dff0:reg|lpm_ff:lpm_ff_component|dffs[7]'
        Info: Total cell delay = 0.488 ns ( 100.00 % )
    Info: - Smallest register to register requirement is 0.055 ns
        Info: + Hold relationship between source and destination is 0.000 ns
            Info: + Latch edge is 0.000 ns
                Info: Clock period of Destination clock "clock" is 20.000 ns with  offset of 0.000 ns and duty cycle of 50
                Info: Multicycle Setup factor for Destination register is 1
                Info: Multicycle Hold factor for Destination register is 1
            Info: - Launch edge is 0.000 ns
                Info: Clock period of Source clock "clock" is 20.000 ns with  offset of 0.000 ns and duty cycle of 50
                Info: Multicycle Setup factor for Source register is 1
                Info: Multicycle Hold factor for Source register is 1
        Info: + Smallest clock skew is 0.000 ns
            Info: + Longest clock path from clock "clock" to destination register is 2.495 ns
                Info: 1: + IC(0.000 ns) + CELL(0.854 ns) = 0.854 ns; Loc. = PIN_N20; Fanout = 1; CLK Node = 'clock'
                Info: 2: + IC(0.343 ns) + CELL(0.000 ns) = 1.197 ns; Loc. = CLKCTRL_G3; Fanout = 57; COMB Node = 'clock~clkctrl'
                Info: 3: + IC(0.680 ns) + CELL(0.618 ns) = 2.495 ns; Loc. = LCFF_X27_Y2_N19; Fanout = 3; REG Node = 'lpm_dff0:reg|lpm_ff:lpm_ff_component|dffs[7]'
                Info: Total cell delay = 1.472 ns ( 59.00 % )
                Info: Total interconnect delay = 1.023 ns ( 41.00 % )
            Info: - Shortest clock path from clock "clock" to source register is 2.495 ns
                Info: 1: + IC(0.000 ns) + CELL(0.854 ns) = 0.854 ns; Loc. = PIN_N20; Fanout = 1; CLK Node = 'clock'
                Info: 2: + IC(0.343 ns) + CELL(0.000 ns) = 1.197 ns; Loc. = CLKCTRL_G3; Fanout = 57; COMB Node = 'clock~clkctrl'
                Info: 3: + IC(0.680 ns) + CELL(0.618 ns) = 2.495 ns; Loc. = LCFF_X27_Y2_N19; Fanout = 3; REG Node = 'lpm_dff0:reg|lpm_ff:lpm_ff_component|dffs[7]'
                Info: Total cell delay = 1.472 ns ( 59.00 % )
                Info: Total interconnect delay = 1.023 ns ( 41.00 % )
        Info: - Micro clock to output delay of source is 0.094 ns
        Info: + Micro hold delay of destination is 0.149 ns
Info: tsu for memory "lpm_ram_io:ram|altram:sram|altsyncram:ram_block|altsyncram_1a91:auto_generated|ram_block1a0~porta_datain_reg2" (data pin = "reg_read", clock pin = "clock") is 4.996 ns
    Info: + Longest pin to memory delay is 7.315 ns
        Info: 1: + IC(0.000 ns) + CELL(0.864 ns) = 0.864 ns; Loc. = PIN_N1; Fanout = 25; PIN Node = 'reg_read'
        Info: 2: + IC(4.396 ns) + CELL(0.228 ns) = 5.488 ns; Loc. = LCCOMB_X27_Y2_N4; Fanout = 24; COMB Node = 'inst7[7]~10'
        Info: 3: + IC(0.416 ns) + CELL(0.346 ns) = 6.250 ns; Loc. = LCCOMB_X26_Y2_N10; Fanout = 1; COMB Node = 'inst7[2]~30'
        Info: 4: + IC(0.969 ns) + CELL(0.096 ns) = 7.315 ns; Loc. = M4K_X20_Y3; Fanout = 1; MEM Node = 'lpm_ram_io:ram|altram:sram|altsyncram:ram_block|altsyncram_1a91:auto_generated|ram_block1a0~porta_datain_reg2'
        Info: Total cell delay = 1.534 ns ( 20.97 % )
        Info: Total interconnect delay = 5.781 ns ( 79.03 % )
    Info: + Micro setup delay of destination is 0.022 ns
    Info: - Shortest clock path from clock "clock" to destination memory is 2.341 ns
        Info: 1: + IC(0.000 ns) + CELL(0.854 ns) = 0.854 ns; Loc. = PIN_N20; Fanout = 1; CLK Node = 'clock'
        Info: 2: + IC(0.343 ns) + CELL(0.000 ns) = 1.197 ns; Loc. = CLKCTRL_G3; Fanout = 57; COMB Node = 'clock~clkctrl'
        Info: 3: + IC(0.663 ns) + CELL(0.481 ns) = 2.341 ns; Loc. = M4K_X20_Y3; Fanout = 1; MEM Node = 'lpm_ram_io:ram|altram:sram|altsyncram:ram_block|altsyncram_1a91:auto_generated|ram_block1a0~porta_datain_reg2'
        Info: Total cell delay = 1.335 ns ( 57.03 % )
        Info: Total interconnect delay = 1.006 ns ( 42.97 % )
Info: tco from clock "clock" to destination pin "data_out[4]" through memory "lpm_ram_io:ram|altram:sram|altsyncram:ram_block|altsyncram_1a91:auto_generated|q_a[4]" is 9.269 ns
    Info: + Longest clock path from clock "clock" to source memory is 2.332 ns
        Info: 1: + IC(0.000 ns) + CELL(0.854 ns) = 0.854 ns; Loc. = PIN_N20; Fanout = 1; CLK Node = 'clock'
        Info: 2: + IC(0.343 ns) + CELL(0.000 ns) = 1.197 ns; Loc. = CLKCTRL_G3; Fanout = 57; COMB Node = 'clock~clkctrl'
        Info: 3: + IC(0.663 ns) + CELL(0.472 ns) = 2.332 ns; Loc. = M4K_X20_Y3; Fanout = 1; MEM Node = 'lpm_ram_io:ram|altram:sram|altsyncram:ram_block|altsyncram_1a91:auto_generated|q_a[4]'
        Info: Total cell delay = 1.326 ns ( 56.86 % )
        Info: Total interconnect delay = 1.006 ns ( 43.14 % )
    Info: + Micro clock to output delay of source is 0.136 ns
    Info: + Longest memory to pin delay is 6.801 ns
        Info: 1: + IC(0.000 ns) + CELL(0.051 ns) = 0.051 ns; Loc. = M4K_X20_Y3; Fanout = 1; MEM Node = 'lpm_ram_io:ram|altram:sram|altsyncram:ram_block|altsyncram_1a91:auto_generated|q_a[4]'
        Info: 2: + IC(1.064 ns) + CELL(0.346 ns) = 1.461 ns; Loc. = LCCOMB_X27_Y2_N0; Fanout = 3; COMB Node = 'inst7[4]~15'
        Info: 3: + IC(1.465 ns) + CELL(0.272 ns) = 3.198 ns; Loc. = LCCOMB_X29_Y14_N18; Fanout = 1; COMB Node = 'inst7[4]~16'
        Info: 4: + IC(1.479 ns) + CELL(2.124 ns) = 6.801 ns; Loc. = PIN_J6; Fanout = 0; PIN Node = 'data_out[4]'
        Info: Total cell delay = 2.793 ns ( 41.07 % )
        Info: Total interconnect delay = 4.008 ns ( 58.93 % )
Info: Longest tpd from source pin "ram_mode_read" to destination pin "data_out[4]" is 10.781 ns
    Info: 1: + IC(0.000 ns) + CELL(0.820 ns) = 0.820 ns; Loc. = PIN_V18; Fanout = 10; PIN Node = 'ram_mode_read'
    Info: 2: + IC(4.393 ns) + CELL(0.228 ns) = 5.441 ns; Loc. = LCCOMB_X27_Y2_N0; Fanout = 3; COMB Node = 'inst7[4]~15'
    Info: 3: + IC(1.465 ns) + CELL(0.272 ns) = 7.178 ns; Loc. = LCCOMB_X29_Y14_N18; Fanout = 1; COMB Node = 'inst7[4]~16'
    Info: 4: + IC(1.479 ns) + CELL(2.124 ns) = 10.781 ns; Loc. = PIN_J6; Fanout = 0; PIN Node = 'data_out[4]'
    Info: Total cell delay = 3.444 ns ( 31.95 % )
    Info: Total interconnect delay = 7.337 ns ( 68.05 % )
Info: th for memory "lpm_rom0:rom|altsyncram:altsyncram_component|altsyncram_os61:auto_generated|ram_block1a0~porta_address_reg2" (data pin = "addr[2]", clock pin = "clock") is -2.282 ns
    Info: + Longest clock path from clock "clock" to destination memory is 2.344 ns
        Info: 1: + IC(0.000 ns) + CELL(0.854 ns) = 0.854 ns; Loc. = PIN_N20; Fanout = 1; CLK Node = 'clock'
        Info: 2: + IC(0.343 ns) + CELL(0.000 ns) = 1.197 ns; Loc. = CLKCTRL_G3; Fanout = 57; COMB Node = 'clock~clkctrl'
        Info: 3: + IC(0.666 ns) + CELL(0.481 ns) = 2.344 ns; Loc. = M4K_X20_Y2; Fanout = 8; MEM Node = 'lpm_rom0:rom|altsyncram:altsyncram_component|altsyncram_os61:auto_generated|ram_block1a0~porta_address_reg2'
        Info: Total cell delay = 1.335 ns ( 56.95 % )
        Info: Total interconnect delay = 1.009 ns ( 43.05 % )
    Info: + Micro hold delay of destination is 0.203 ns
    Info: - Shortest pin to memory delay is 4.829 ns
        Info: 1: + IC(0.000 ns) + CELL(0.772 ns) = 0.772 ns; Loc. = PIN_AB10; Fanout = 2; PIN Node = 'addr[2]'
        Info: 2: + IC(3.954 ns) + CELL(0.103 ns) = 4.829 ns; Loc. = M4K_X20_Y2; Fanout = 8; MEM Node = 'lpm_rom0:rom|altsyncram:altsyncram_component|altsyncram_os61:auto_generated|ram_block1a0~porta_address_reg2'
        Info: Total cell delay = 0.875 ns ( 18.12 % )
        Info: Total interconnect delay = 3.954 ns ( 81.88 % )
Info: All timing requirements were met for slow timing model timing analysis. See Report window for more details.
Info: Quartus II Classic Timing Analyzer was successful. 0 errors, 0 warnings
    Info: Peak virtual memory: 199 megabytes
    Info: Processing ended: Mon May 18 11:46:26 2026
    Info: Elapsed time: 00:00:01
    Info: Total CPU time (on all processors): 00:00:01


