Classic Timing Analyzer report for lab3_var7_v1
Fri May 01 11:47:24 2026
Quartus II Version 9.1 Build 222 10/21/2009 SJ Web Edition


---------------------
; Table of Contents ;
---------------------
  1. Legal Notice
  2. Timing Analyzer Summary
  3. Timing Analyzer Settings
  4. Clock Settings Summary
  5. Parallel Compilation
  6. Clock Setup: 'clk'
  7. tsu
  8. tco
  9. tpd
 10. th
 11. Timing Analyzer Messages



----------------
; Legal Notice ;
----------------
Copyright (C) 1991-2009 Altera Corporation
Your use of Altera Corporation's design tools, logic functions 
and other software and tools, and its AMPP partner logic 
functions, and any output files from any of the foregoing 
(including device programming or simulation files), and any 
associated documentation or information are expressly subject 
to the terms and conditions of the Altera Program License 
Subscription Agreement, Altera MegaCore Function License 
Agreement, or other applicable license agreement, including, 
without limitation, that your use is for the sole purpose of 
programming logic devices manufactured by Altera and sold by 
Altera or its authorized distributors.  Please refer to the 
applicable agreement for further details.



+--------------------------------------------------------------------------------------------------------------------------------------------------------------------------------------------------------------------------------------------------------------------------------------------------------------------------------------------------------------------------------------------------------------------+
; Timing Analyzer Summary                                                                                                                                                                                                                                                                                                                                                                                            ;
+------------------------------+-------+---------------+----------------------------------+-----------------------------------------------------------------------------------------------------------------------------------------+-----------------------------------------------------------------------------------------------------------------------------------------+------------+----------+--------------+
; Type                         ; Slack ; Required Time ; Actual Time                      ; From                                                                                                                                    ; To                                                                                                                                      ; From Clock ; To Clock ; Failed Paths ;
+------------------------------+-------+---------------+----------------------------------+-----------------------------------------------------------------------------------------------------------------------------------------+-----------------------------------------------------------------------------------------------------------------------------------------+------------+----------+--------------+
; Worst-case tsu               ; N/A   ; None          ; 4.461 ns                         ; we                                                                                                                                      ; rom_ram_interface:inst|lpm_ram_io:inst2|altram:sram|altsyncram:ram_block|altsyncram_0k71:auto_generated|ram_block1a0~porta_we_reg       ; --         ; clk      ; 0            ;
; Worst-case tco               ; N/A   ; None          ; 8.873 ns                         ; rom_ram_interface:inst|lpm_ram_io:inst2|altram:sram|altsyncram:ram_block|altsyncram_0k71:auto_generated|ram_block1a0~porta_address_reg3 ; probe_ram_q[7]                                                                                                                          ; clk        ; --       ; 0            ;
; Worst-case tpd               ; N/A   ; None          ; 10.435 ns                        ; we                                                                                                                                      ; probe_ram_q[7]                                                                                                                          ; --         ; --       ; 0            ;
; Worst-case th                ; N/A   ; None          ; -2.296 ns                        ; addres[1]                                                                                                                               ; rom_ram_interface:inst|lpm_ram_io:inst2|altram:sram|altsyncram:ram_block|altsyncram_0k71:auto_generated|ram_block1a0~porta_address_reg1 ; --         ; clk      ; 0            ;
; Clock Setup: 'clk'           ; N/A   ; None          ; 342.47 MHz ( period = 2.920 ns ) ; rom_ram_interface:inst|lpm_ram_io:inst2|altram:sram|altsyncram:ram_block|altsyncram_0k71:auto_generated|ram_block1a0~porta_address_reg3 ; rom_ram_interface:inst|lpm_ram_io:inst2|altram:sram|altsyncram:ram_block|altsyncram_0k71:auto_generated|ram_block1a0~porta_datain_reg5  ; clk        ; clk      ; 0            ;
; Total number of failed paths ;       ;               ;                                  ;                                                                                                                                         ;                                                                                                                                         ;            ;          ; 0            ;
+------------------------------+-------+---------------+----------------------------------+-----------------------------------------------------------------------------------------------------------------------------------------+-----------------------------------------------------------------------------------------------------------------------------------------+------------+----------+--------------+


+-----------------------------------------------------------------------------------------------------------------------------------------------------+
; Timing Analyzer Settings                                                                                                                            ;
+------------------------------------------------------------------------------------------------------+--------------------+------+----+-------------+
; Option                                                                                               ; Setting            ; From ; To ; Entity Name ;
+------------------------------------------------------------------------------------------------------+--------------------+------+----+-------------+
; Device Name                                                                                          ; EP2S15F484C3       ;      ;    ;             ;
; Timing Models                                                                                        ; Final              ;      ;    ;             ;
; Default hold multicycle                                                                              ; Same as Multicycle ;      ;    ;             ;
; Cut paths between unrelated clock domains                                                            ; On                 ;      ;    ;             ;
; Cut off read during write signal paths                                                               ; On                 ;      ;    ;             ;
; Cut off feedback from I/O pins                                                                       ; On                 ;      ;    ;             ;
; Report Combined Fast/Slow Timing                                                                     ; Off                ;      ;    ;             ;
; Ignore Clock Settings                                                                                ; Off                ;      ;    ;             ;
; Analyze latches as synchronous elements                                                              ; On                 ;      ;    ;             ;
; Enable Recovery/Removal analysis                                                                     ; Off                ;      ;    ;             ;
; Enable Clock Latency                                                                                 ; Off                ;      ;    ;             ;
; Use TimeQuest Timing Analyzer                                                                        ; Off                ;      ;    ;             ;
; Number of source nodes to report per destination node                                                ; 10                 ;      ;    ;             ;
; Number of destination nodes to report                                                                ; 10                 ;      ;    ;             ;
; Number of paths to report                                                                            ; 200                ;      ;    ;             ;
; Report Minimum Timing Checks                                                                         ; Off                ;      ;    ;             ;
; Use Fast Timing Models                                                                               ; Off                ;      ;    ;             ;
; Report IO Paths Separately                                                                           ; Off                ;      ;    ;             ;
; Perform Multicorner Analysis                                                                         ; On                 ;      ;    ;             ;
; Reports the worst-case path for each clock domain and analysis                                       ; Off                ;      ;    ;             ;
; Reports worst-case timing paths for each clock domain and analysis                                   ; Off                ;      ;    ;             ;
; Specifies the maximum number of worst-case timing paths to report for each clock domain and analysis ; 100                ;      ;    ;             ;
; Removes common clock path pessimism (CCPP) during slack computation                                  ; Off                ;      ;    ;             ;
; Output I/O Timing Endpoint                                                                           ; Near End           ;      ;    ;             ;
+------------------------------------------------------------------------------------------------------+--------------------+------+----+-------------+


+------------------------------------------------------------------------------------------------------------------------------------------------------------------------------------+
; Clock Settings Summary                                                                                                                                                             ;
+-----------------+--------------------+----------+------------------+---------------+--------------+----------+-----------------------+---------------------+--------+--------------+
; Clock Node Name ; Clock Setting Name ; Type     ; Fmax Requirement ; Early Latency ; Late Latency ; Based on ; Multiply Base Fmax by ; Divide Base Fmax by ; Offset ; Phase offset ;
+-----------------+--------------------+----------+------------------+---------------+--------------+----------+-----------------------+---------------------+--------+--------------+
; clk             ;                    ; User Pin ; None             ; 0.000 ns      ; 0.000 ns     ; --       ; N/A                   ; N/A                 ; N/A    ;              ;
+-----------------+--------------------+----------+------------------+---------------+--------------+----------+-----------------------+---------------------+--------+--------------+


Parallel compilation was disabled, but you have multiple processors available. Enable parallel compilation to reduce compilation time.
+-------------------------------------+
; Parallel Compilation                ;
+----------------------------+--------+
; Processors                 ; Number ;
+----------------------------+--------+
; Number detected on machine ; 2      ;
; Maximum allowed            ; 1      ;
+----------------------------+--------+


+-------------------------------------------------------------------------------------------------------------------------------------------------------------------------------------------------------------------------------------------------------------------------------------------------------------------------------------------------------------------------------------------------------------------------------------------------------+
; Clock Setup: 'clk'                                                                                                                                                                                                                                                                                                                                                                                                                                    ;
+-------+------------------------------------------------+-----------------------------------------------------------------------------------------------------------------------------------------+----------------------------------------------------------------------------------------------------------------------------------------+------------+----------+-----------------------------+---------------------------+-------------------------+
; Slack ; Actual fmax (period)                           ; From                                                                                                                                    ; To                                                                                                                                     ; From Clock ; To Clock ; Required Setup Relationship ; Required Longest P2P Time ; Actual Longest P2P Time ;
+-------+------------------------------------------------+-----------------------------------------------------------------------------------------------------------------------------------------+----------------------------------------------------------------------------------------------------------------------------------------+------------+----------+-----------------------------+---------------------------+-------------------------+
; N/A   ; 342.47 MHz ( period = 2.920 ns )               ; rom_ram_interface:inst|lpm_ram_io:inst2|altram:sram|altsyncram:ram_block|altsyncram_0k71:auto_generated|ram_block1a0~porta_we_reg       ; rom_ram_interface:inst|lpm_ram_io:inst2|altram:sram|altsyncram:ram_block|altsyncram_0k71:auto_generated|ram_block1a0~porta_datain_reg5 ; clk        ; clk      ; None                        ; None                      ; 2.762 ns                ;
; N/A   ; 342.47 MHz ( period = 2.920 ns )               ; rom_ram_interface:inst|lpm_ram_io:inst2|altram:sram|altsyncram:ram_block|altsyncram_0k71:auto_generated|ram_block1a0~porta_address_reg0 ; rom_ram_interface:inst|lpm_ram_io:inst2|altram:sram|altsyncram:ram_block|altsyncram_0k71:auto_generated|ram_block1a0~porta_datain_reg5 ; clk        ; clk      ; None                        ; None                      ; 2.762 ns                ;
; N/A   ; 342.47 MHz ( period = 2.920 ns )               ; rom_ram_interface:inst|lpm_ram_io:inst2|altram:sram|altsyncram:ram_block|altsyncram_0k71:auto_generated|ram_block1a0~porta_address_reg1 ; rom_ram_interface:inst|lpm_ram_io:inst2|altram:sram|altsyncram:ram_block|altsyncram_0k71:auto_generated|ram_block1a0~porta_datain_reg5 ; clk        ; clk      ; None                        ; None                      ; 2.762 ns                ;
; N/A   ; 342.47 MHz ( period = 2.920 ns )               ; rom_ram_interface:inst|lpm_ram_io:inst2|altram:sram|altsyncram:ram_block|altsyncram_0k71:auto_generated|ram_block1a0~porta_address_reg2 ; rom_ram_interface:inst|lpm_ram_io:inst2|altram:sram|altsyncram:ram_block|altsyncram_0k71:auto_generated|ram_block1a0~porta_datain_reg5 ; clk        ; clk      ; None                        ; None                      ; 2.762 ns                ;
; N/A   ; 342.47 MHz ( period = 2.920 ns )               ; rom_ram_interface:inst|lpm_ram_io:inst2|altram:sram|altsyncram:ram_block|altsyncram_0k71:auto_generated|ram_block1a0~porta_address_reg3 ; rom_ram_interface:inst|lpm_ram_io:inst2|altram:sram|altsyncram:ram_block|altsyncram_0k71:auto_generated|ram_block1a0~porta_datain_reg5 ; clk        ; clk      ; None                        ; None                      ; 2.762 ns                ;
; N/A   ; 343.64 MHz ( period = 2.910 ns )               ; rom_ram_interface:inst|lpm_ram_io:inst2|altram:sram|altsyncram:ram_block|altsyncram_0k71:auto_generated|ram_block1a0~porta_we_reg       ; rom_ram_interface:inst|lpm_ram_io:inst2|altram:sram|altsyncram:ram_block|altsyncram_0k71:auto_generated|ram_block1a0~porta_datain_reg0 ; clk        ; clk      ; None                        ; None                      ; 2.752 ns                ;
; N/A   ; 343.64 MHz ( period = 2.910 ns )               ; rom_ram_interface:inst|lpm_ram_io:inst2|altram:sram|altsyncram:ram_block|altsyncram_0k71:auto_generated|ram_block1a0~porta_address_reg0 ; rom_ram_interface:inst|lpm_ram_io:inst2|altram:sram|altsyncram:ram_block|altsyncram_0k71:auto_generated|ram_block1a0~porta_datain_reg0 ; clk        ; clk      ; None                        ; None                      ; 2.752 ns                ;
; N/A   ; 343.64 MHz ( period = 2.910 ns )               ; rom_ram_interface:inst|lpm_ram_io:inst2|altram:sram|altsyncram:ram_block|altsyncram_0k71:auto_generated|ram_block1a0~porta_address_reg1 ; rom_ram_interface:inst|lpm_ram_io:inst2|altram:sram|altsyncram:ram_block|altsyncram_0k71:auto_generated|ram_block1a0~porta_datain_reg0 ; clk        ; clk      ; None                        ; None                      ; 2.752 ns                ;
; N/A   ; 343.64 MHz ( period = 2.910 ns )               ; rom_ram_interface:inst|lpm_ram_io:inst2|altram:sram|altsyncram:ram_block|altsyncram_0k71:auto_generated|ram_block1a0~porta_address_reg2 ; rom_ram_interface:inst|lpm_ram_io:inst2|altram:sram|altsyncram:ram_block|altsyncram_0k71:auto_generated|ram_block1a0~porta_datain_reg0 ; clk        ; clk      ; None                        ; None                      ; 2.752 ns                ;
; N/A   ; 343.64 MHz ( period = 2.910 ns )               ; rom_ram_interface:inst|lpm_ram_io:inst2|altram:sram|altsyncram:ram_block|altsyncram_0k71:auto_generated|ram_block1a0~porta_address_reg3 ; rom_ram_interface:inst|lpm_ram_io:inst2|altram:sram|altsyncram:ram_block|altsyncram_0k71:auto_generated|ram_block1a0~porta_datain_reg0 ; clk        ; clk      ; None                        ; None                      ; 2.752 ns                ;
; N/A   ; 343.64 MHz ( period = 2.910 ns )               ; rom_ram_interface:inst|lpm_ram_io:inst2|altram:sram|altsyncram:ram_block|altsyncram_0k71:auto_generated|ram_block1a0~porta_we_reg       ; rom_ram_interface:inst|lpm_ram_io:inst2|altram:sram|altsyncram:ram_block|altsyncram_0k71:auto_generated|ram_block1a0~porta_datain_reg4 ; clk        ; clk      ; None                        ; None                      ; 2.752 ns                ;
; N/A   ; 343.64 MHz ( period = 2.910 ns )               ; rom_ram_interface:inst|lpm_ram_io:inst2|altram:sram|altsyncram:ram_block|altsyncram_0k71:auto_generated|ram_block1a0~porta_address_reg0 ; rom_ram_interface:inst|lpm_ram_io:inst2|altram:sram|altsyncram:ram_block|altsyncram_0k71:auto_generated|ram_block1a0~porta_datain_reg4 ; clk        ; clk      ; None                        ; None                      ; 2.752 ns                ;
; N/A   ; 343.64 MHz ( period = 2.910 ns )               ; rom_ram_interface:inst|lpm_ram_io:inst2|altram:sram|altsyncram:ram_block|altsyncram_0k71:auto_generated|ram_block1a0~porta_address_reg1 ; rom_ram_interface:inst|lpm_ram_io:inst2|altram:sram|altsyncram:ram_block|altsyncram_0k71:auto_generated|ram_block1a0~porta_datain_reg4 ; clk        ; clk      ; None                        ; None                      ; 2.752 ns                ;
; N/A   ; 343.64 MHz ( period = 2.910 ns )               ; rom_ram_interface:inst|lpm_ram_io:inst2|altram:sram|altsyncram:ram_block|altsyncram_0k71:auto_generated|ram_block1a0~porta_address_reg2 ; rom_ram_interface:inst|lpm_ram_io:inst2|altram:sram|altsyncram:ram_block|altsyncram_0k71:auto_generated|ram_block1a0~porta_datain_reg4 ; clk        ; clk      ; None                        ; None                      ; 2.752 ns                ;
; N/A   ; 343.64 MHz ( period = 2.910 ns )               ; rom_ram_interface:inst|lpm_ram_io:inst2|altram:sram|altsyncram:ram_block|altsyncram_0k71:auto_generated|ram_block1a0~porta_address_reg3 ; rom_ram_interface:inst|lpm_ram_io:inst2|altram:sram|altsyncram:ram_block|altsyncram_0k71:auto_generated|ram_block1a0~porta_datain_reg4 ; clk        ; clk      ; None                        ; None                      ; 2.752 ns                ;
; N/A   ; 344.47 MHz ( period = 2.903 ns )               ; rom_ram_interface:inst|lpm_ram_io:inst2|altram:sram|altsyncram:ram_block|altsyncram_0k71:auto_generated|ram_block1a0~porta_we_reg       ; rom_ram_interface:inst|lpm_ram_io:inst2|altram:sram|altsyncram:ram_block|altsyncram_0k71:auto_generated|ram_block1a0~porta_datain_reg1 ; clk        ; clk      ; None                        ; None                      ; 2.745 ns                ;
; N/A   ; 344.47 MHz ( period = 2.903 ns )               ; rom_ram_interface:inst|lpm_ram_io:inst2|altram:sram|altsyncram:ram_block|altsyncram_0k71:auto_generated|ram_block1a0~porta_address_reg0 ; rom_ram_interface:inst|lpm_ram_io:inst2|altram:sram|altsyncram:ram_block|altsyncram_0k71:auto_generated|ram_block1a0~porta_datain_reg1 ; clk        ; clk      ; None                        ; None                      ; 2.745 ns                ;
; N/A   ; 344.47 MHz ( period = 2.903 ns )               ; rom_ram_interface:inst|lpm_ram_io:inst2|altram:sram|altsyncram:ram_block|altsyncram_0k71:auto_generated|ram_block1a0~porta_address_reg1 ; rom_ram_interface:inst|lpm_ram_io:inst2|altram:sram|altsyncram:ram_block|altsyncram_0k71:auto_generated|ram_block1a0~porta_datain_reg1 ; clk        ; clk      ; None                        ; None                      ; 2.745 ns                ;
; N/A   ; 344.47 MHz ( period = 2.903 ns )               ; rom_ram_interface:inst|lpm_ram_io:inst2|altram:sram|altsyncram:ram_block|altsyncram_0k71:auto_generated|ram_block1a0~porta_address_reg2 ; rom_ram_interface:inst|lpm_ram_io:inst2|altram:sram|altsyncram:ram_block|altsyncram_0k71:auto_generated|ram_block1a0~porta_datain_reg1 ; clk        ; clk      ; None                        ; None                      ; 2.745 ns                ;
; N/A   ; 344.47 MHz ( period = 2.903 ns )               ; rom_ram_interface:inst|lpm_ram_io:inst2|altram:sram|altsyncram:ram_block|altsyncram_0k71:auto_generated|ram_block1a0~porta_address_reg3 ; rom_ram_interface:inst|lpm_ram_io:inst2|altram:sram|altsyncram:ram_block|altsyncram_0k71:auto_generated|ram_block1a0~porta_datain_reg1 ; clk        ; clk      ; None                        ; None                      ; 2.745 ns                ;
; N/A   ; 361.93 MHz ( period = 2.763 ns )               ; rom_ram_interface:inst|lpm_ram_io:inst2|altram:sram|altsyncram:ram_block|altsyncram_0k71:auto_generated|ram_block1a0~porta_we_reg       ; rom_ram_interface:inst|lpm_ram_io:inst2|altram:sram|altsyncram:ram_block|altsyncram_0k71:auto_generated|ram_block1a0~porta_datain_reg7 ; clk        ; clk      ; None                        ; None                      ; 2.605 ns                ;
; N/A   ; 361.93 MHz ( period = 2.763 ns )               ; rom_ram_interface:inst|lpm_ram_io:inst2|altram:sram|altsyncram:ram_block|altsyncram_0k71:auto_generated|ram_block1a0~porta_address_reg0 ; rom_ram_interface:inst|lpm_ram_io:inst2|altram:sram|altsyncram:ram_block|altsyncram_0k71:auto_generated|ram_block1a0~porta_datain_reg7 ; clk        ; clk      ; None                        ; None                      ; 2.605 ns                ;
; N/A   ; 361.93 MHz ( period = 2.763 ns )               ; rom_ram_interface:inst|lpm_ram_io:inst2|altram:sram|altsyncram:ram_block|altsyncram_0k71:auto_generated|ram_block1a0~porta_address_reg1 ; rom_ram_interface:inst|lpm_ram_io:inst2|altram:sram|altsyncram:ram_block|altsyncram_0k71:auto_generated|ram_block1a0~porta_datain_reg7 ; clk        ; clk      ; None                        ; None                      ; 2.605 ns                ;
; N/A   ; 361.93 MHz ( period = 2.763 ns )               ; rom_ram_interface:inst|lpm_ram_io:inst2|altram:sram|altsyncram:ram_block|altsyncram_0k71:auto_generated|ram_block1a0~porta_address_reg2 ; rom_ram_interface:inst|lpm_ram_io:inst2|altram:sram|altsyncram:ram_block|altsyncram_0k71:auto_generated|ram_block1a0~porta_datain_reg7 ; clk        ; clk      ; None                        ; None                      ; 2.605 ns                ;
; N/A   ; 361.93 MHz ( period = 2.763 ns )               ; rom_ram_interface:inst|lpm_ram_io:inst2|altram:sram|altsyncram:ram_block|altsyncram_0k71:auto_generated|ram_block1a0~porta_address_reg3 ; rom_ram_interface:inst|lpm_ram_io:inst2|altram:sram|altsyncram:ram_block|altsyncram_0k71:auto_generated|ram_block1a0~porta_datain_reg7 ; clk        ; clk      ; None                        ; None                      ; 2.605 ns                ;
; N/A   ; 362.06 MHz ( period = 2.762 ns )               ; rom_ram_interface:inst|lpm_ram_io:inst2|altram:sram|altsyncram:ram_block|altsyncram_0k71:auto_generated|ram_block1a0~porta_we_reg       ; rom_ram_interface:inst|lpm_ram_io:inst2|altram:sram|altsyncram:ram_block|altsyncram_0k71:auto_generated|ram_block1a0~porta_datain_reg6 ; clk        ; clk      ; None                        ; None                      ; 2.604 ns                ;
; N/A   ; 362.06 MHz ( period = 2.762 ns )               ; rom_ram_interface:inst|lpm_ram_io:inst2|altram:sram|altsyncram:ram_block|altsyncram_0k71:auto_generated|ram_block1a0~porta_address_reg0 ; rom_ram_interface:inst|lpm_ram_io:inst2|altram:sram|altsyncram:ram_block|altsyncram_0k71:auto_generated|ram_block1a0~porta_datain_reg6 ; clk        ; clk      ; None                        ; None                      ; 2.604 ns                ;
; N/A   ; 362.06 MHz ( period = 2.762 ns )               ; rom_ram_interface:inst|lpm_ram_io:inst2|altram:sram|altsyncram:ram_block|altsyncram_0k71:auto_generated|ram_block1a0~porta_address_reg1 ; rom_ram_interface:inst|lpm_ram_io:inst2|altram:sram|altsyncram:ram_block|altsyncram_0k71:auto_generated|ram_block1a0~porta_datain_reg6 ; clk        ; clk      ; None                        ; None                      ; 2.604 ns                ;
; N/A   ; 362.06 MHz ( period = 2.762 ns )               ; rom_ram_interface:inst|lpm_ram_io:inst2|altram:sram|altsyncram:ram_block|altsyncram_0k71:auto_generated|ram_block1a0~porta_address_reg2 ; rom_ram_interface:inst|lpm_ram_io:inst2|altram:sram|altsyncram:ram_block|altsyncram_0k71:auto_generated|ram_block1a0~porta_datain_reg6 ; clk        ; clk      ; None                        ; None                      ; 2.604 ns                ;
; N/A   ; 362.06 MHz ( period = 2.762 ns )               ; rom_ram_interface:inst|lpm_ram_io:inst2|altram:sram|altsyncram:ram_block|altsyncram_0k71:auto_generated|ram_block1a0~porta_address_reg3 ; rom_ram_interface:inst|lpm_ram_io:inst2|altram:sram|altsyncram:ram_block|altsyncram_0k71:auto_generated|ram_block1a0~porta_datain_reg6 ; clk        ; clk      ; None                        ; None                      ; 2.604 ns                ;
; N/A   ; 363.64 MHz ( period = 2.750 ns )               ; rom_ram_interface:inst|lpm_ram_io:inst2|altram:sram|altsyncram:ram_block|altsyncram_0k71:auto_generated|ram_block1a0~porta_we_reg       ; rom_ram_interface:inst|lpm_ram_io:inst2|altram:sram|altsyncram:ram_block|altsyncram_0k71:auto_generated|ram_block1a0~porta_datain_reg2 ; clk        ; clk      ; None                        ; None                      ; 2.592 ns                ;
; N/A   ; 363.64 MHz ( period = 2.750 ns )               ; rom_ram_interface:inst|lpm_ram_io:inst2|altram:sram|altsyncram:ram_block|altsyncram_0k71:auto_generated|ram_block1a0~porta_address_reg0 ; rom_ram_interface:inst|lpm_ram_io:inst2|altram:sram|altsyncram:ram_block|altsyncram_0k71:auto_generated|ram_block1a0~porta_datain_reg2 ; clk        ; clk      ; None                        ; None                      ; 2.592 ns                ;
; N/A   ; 363.64 MHz ( period = 2.750 ns )               ; rom_ram_interface:inst|lpm_ram_io:inst2|altram:sram|altsyncram:ram_block|altsyncram_0k71:auto_generated|ram_block1a0~porta_address_reg1 ; rom_ram_interface:inst|lpm_ram_io:inst2|altram:sram|altsyncram:ram_block|altsyncram_0k71:auto_generated|ram_block1a0~porta_datain_reg2 ; clk        ; clk      ; None                        ; None                      ; 2.592 ns                ;
; N/A   ; 363.64 MHz ( period = 2.750 ns )               ; rom_ram_interface:inst|lpm_ram_io:inst2|altram:sram|altsyncram:ram_block|altsyncram_0k71:auto_generated|ram_block1a0~porta_address_reg2 ; rom_ram_interface:inst|lpm_ram_io:inst2|altram:sram|altsyncram:ram_block|altsyncram_0k71:auto_generated|ram_block1a0~porta_datain_reg2 ; clk        ; clk      ; None                        ; None                      ; 2.592 ns                ;
; N/A   ; 363.64 MHz ( period = 2.750 ns )               ; rom_ram_interface:inst|lpm_ram_io:inst2|altram:sram|altsyncram:ram_block|altsyncram_0k71:auto_generated|ram_block1a0~porta_address_reg3 ; rom_ram_interface:inst|lpm_ram_io:inst2|altram:sram|altsyncram:ram_block|altsyncram_0k71:auto_generated|ram_block1a0~porta_datain_reg2 ; clk        ; clk      ; None                        ; None                      ; 2.592 ns                ;
; N/A   ; 364.43 MHz ( period = 2.744 ns )               ; rom_ram_interface:inst|lpm_ram_io:inst2|altram:sram|altsyncram:ram_block|altsyncram_0k71:auto_generated|ram_block1a0~porta_we_reg       ; rom_ram_interface:inst|lpm_ram_io:inst2|altram:sram|altsyncram:ram_block|altsyncram_0k71:auto_generated|ram_block1a0~porta_datain_reg3 ; clk        ; clk      ; None                        ; None                      ; 2.586 ns                ;
; N/A   ; 364.43 MHz ( period = 2.744 ns )               ; rom_ram_interface:inst|lpm_ram_io:inst2|altram:sram|altsyncram:ram_block|altsyncram_0k71:auto_generated|ram_block1a0~porta_address_reg0 ; rom_ram_interface:inst|lpm_ram_io:inst2|altram:sram|altsyncram:ram_block|altsyncram_0k71:auto_generated|ram_block1a0~porta_datain_reg3 ; clk        ; clk      ; None                        ; None                      ; 2.586 ns                ;
; N/A   ; 364.43 MHz ( period = 2.744 ns )               ; rom_ram_interface:inst|lpm_ram_io:inst2|altram:sram|altsyncram:ram_block|altsyncram_0k71:auto_generated|ram_block1a0~porta_address_reg1 ; rom_ram_interface:inst|lpm_ram_io:inst2|altram:sram|altsyncram:ram_block|altsyncram_0k71:auto_generated|ram_block1a0~porta_datain_reg3 ; clk        ; clk      ; None                        ; None                      ; 2.586 ns                ;
; N/A   ; 364.43 MHz ( period = 2.744 ns )               ; rom_ram_interface:inst|lpm_ram_io:inst2|altram:sram|altsyncram:ram_block|altsyncram_0k71:auto_generated|ram_block1a0~porta_address_reg2 ; rom_ram_interface:inst|lpm_ram_io:inst2|altram:sram|altsyncram:ram_block|altsyncram_0k71:auto_generated|ram_block1a0~porta_datain_reg3 ; clk        ; clk      ; None                        ; None                      ; 2.586 ns                ;
; N/A   ; 364.43 MHz ( period = 2.744 ns )               ; rom_ram_interface:inst|lpm_ram_io:inst2|altram:sram|altsyncram:ram_block|altsyncram_0k71:auto_generated|ram_block1a0~porta_address_reg3 ; rom_ram_interface:inst|lpm_ram_io:inst2|altram:sram|altsyncram:ram_block|altsyncram_0k71:auto_generated|ram_block1a0~porta_datain_reg3 ; clk        ; clk      ; None                        ; None                      ; 2.586 ns                ;
; N/A   ; 373.13 MHz ( period = 2.680 ns )               ; rom_ram_interface:inst|lpm_rom0:inst|altsyncram:altsyncram_component|altsyncram_9v71:auto_generated|ram_block1a0~porta_address_reg0     ; rom_ram_interface:inst|lpm_ff0:inst1|lpm_ff:lpm_ff_component|dffs[3]                                                                   ; clk        ; clk      ; None                        ; None                      ; 2.616 ns                ;
; N/A   ; 373.13 MHz ( period = 2.680 ns )               ; rom_ram_interface:inst|lpm_rom0:inst|altsyncram:altsyncram_component|altsyncram_9v71:auto_generated|ram_block1a0~porta_address_reg1     ; rom_ram_interface:inst|lpm_ff0:inst1|lpm_ff:lpm_ff_component|dffs[3]                                                                   ; clk        ; clk      ; None                        ; None                      ; 2.616 ns                ;
; N/A   ; 373.13 MHz ( period = 2.680 ns )               ; rom_ram_interface:inst|lpm_rom0:inst|altsyncram:altsyncram_component|altsyncram_9v71:auto_generated|ram_block1a0~porta_address_reg2     ; rom_ram_interface:inst|lpm_ff0:inst1|lpm_ff:lpm_ff_component|dffs[3]                                                                   ; clk        ; clk      ; None                        ; None                      ; 2.616 ns                ;
; N/A   ; 373.13 MHz ( period = 2.680 ns )               ; rom_ram_interface:inst|lpm_rom0:inst|altsyncram:altsyncram_component|altsyncram_9v71:auto_generated|ram_block1a0~porta_address_reg3     ; rom_ram_interface:inst|lpm_ff0:inst1|lpm_ff:lpm_ff_component|dffs[3]                                                                   ; clk        ; clk      ; None                        ; None                      ; 2.616 ns                ;
; N/A   ; 375.23 MHz ( period = 2.665 ns )               ; rom_ram_interface:inst|lpm_rom0:inst|altsyncram:altsyncram_component|altsyncram_9v71:auto_generated|ram_block1a0~porta_address_reg0     ; rom_ram_interface:inst|lpm_ff0:inst1|lpm_ff:lpm_ff_component|dffs[0]~DUPLICATE                                                         ; clk        ; clk      ; None                        ; None                      ; 2.601 ns                ;
; N/A   ; 375.23 MHz ( period = 2.665 ns )               ; rom_ram_interface:inst|lpm_rom0:inst|altsyncram:altsyncram_component|altsyncram_9v71:auto_generated|ram_block1a0~porta_address_reg1     ; rom_ram_interface:inst|lpm_ff0:inst1|lpm_ff:lpm_ff_component|dffs[0]~DUPLICATE                                                         ; clk        ; clk      ; None                        ; None                      ; 2.601 ns                ;
; N/A   ; 375.23 MHz ( period = 2.665 ns )               ; rom_ram_interface:inst|lpm_rom0:inst|altsyncram:altsyncram_component|altsyncram_9v71:auto_generated|ram_block1a0~porta_address_reg2     ; rom_ram_interface:inst|lpm_ff0:inst1|lpm_ff:lpm_ff_component|dffs[0]~DUPLICATE                                                         ; clk        ; clk      ; None                        ; None                      ; 2.601 ns                ;
; N/A   ; 375.23 MHz ( period = 2.665 ns )               ; rom_ram_interface:inst|lpm_rom0:inst|altsyncram:altsyncram_component|altsyncram_9v71:auto_generated|ram_block1a0~porta_address_reg3     ; rom_ram_interface:inst|lpm_ff0:inst1|lpm_ff:lpm_ff_component|dffs[0]~DUPLICATE                                                         ; clk        ; clk      ; None                        ; None                      ; 2.601 ns                ;
; N/A   ; 375.38 MHz ( period = 2.664 ns )               ; rom_ram_interface:inst|lpm_rom0:inst|altsyncram:altsyncram_component|altsyncram_9v71:auto_generated|ram_block1a0~porta_address_reg0     ; rom_ram_interface:inst|lpm_ff0:inst1|lpm_ff:lpm_ff_component|dffs[0]                                                                   ; clk        ; clk      ; None                        ; None                      ; 2.600 ns                ;
; N/A   ; 375.38 MHz ( period = 2.664 ns )               ; rom_ram_interface:inst|lpm_rom0:inst|altsyncram:altsyncram_component|altsyncram_9v71:auto_generated|ram_block1a0~porta_address_reg1     ; rom_ram_interface:inst|lpm_ff0:inst1|lpm_ff:lpm_ff_component|dffs[0]                                                                   ; clk        ; clk      ; None                        ; None                      ; 2.600 ns                ;
; N/A   ; 375.38 MHz ( period = 2.664 ns )               ; rom_ram_interface:inst|lpm_rom0:inst|altsyncram:altsyncram_component|altsyncram_9v71:auto_generated|ram_block1a0~porta_address_reg2     ; rom_ram_interface:inst|lpm_ff0:inst1|lpm_ff:lpm_ff_component|dffs[0]                                                                   ; clk        ; clk      ; None                        ; None                      ; 2.600 ns                ;
; N/A   ; 375.38 MHz ( period = 2.664 ns )               ; rom_ram_interface:inst|lpm_rom0:inst|altsyncram:altsyncram_component|altsyncram_9v71:auto_generated|ram_block1a0~porta_address_reg3     ; rom_ram_interface:inst|lpm_ff0:inst1|lpm_ff:lpm_ff_component|dffs[0]                                                                   ; clk        ; clk      ; None                        ; None                      ; 2.600 ns                ;
; N/A   ; 375.52 MHz ( period = 2.663 ns )               ; rom_ram_interface:inst|lpm_rom0:inst|altsyncram:altsyncram_component|altsyncram_9v71:auto_generated|ram_block1a0~porta_address_reg0     ; rom_ram_interface:inst|lpm_ff0:inst1|lpm_ff:lpm_ff_component|dffs[1]                                                                   ; clk        ; clk      ; None                        ; None                      ; 2.599 ns                ;
; N/A   ; 375.52 MHz ( period = 2.663 ns )               ; rom_ram_interface:inst|lpm_rom0:inst|altsyncram:altsyncram_component|altsyncram_9v71:auto_generated|ram_block1a0~porta_address_reg1     ; rom_ram_interface:inst|lpm_ff0:inst1|lpm_ff:lpm_ff_component|dffs[1]                                                                   ; clk        ; clk      ; None                        ; None                      ; 2.599 ns                ;
; N/A   ; 375.52 MHz ( period = 2.663 ns )               ; rom_ram_interface:inst|lpm_rom0:inst|altsyncram:altsyncram_component|altsyncram_9v71:auto_generated|ram_block1a0~porta_address_reg2     ; rom_ram_interface:inst|lpm_ff0:inst1|lpm_ff:lpm_ff_component|dffs[1]                                                                   ; clk        ; clk      ; None                        ; None                      ; 2.599 ns                ;
; N/A   ; 375.52 MHz ( period = 2.663 ns )               ; rom_ram_interface:inst|lpm_rom0:inst|altsyncram:altsyncram_component|altsyncram_9v71:auto_generated|ram_block1a0~porta_address_reg3     ; rom_ram_interface:inst|lpm_ff0:inst1|lpm_ff:lpm_ff_component|dffs[1]                                                                   ; clk        ; clk      ; None                        ; None                      ; 2.599 ns                ;
; N/A   ; 375.52 MHz ( period = 2.663 ns )               ; rom_ram_interface:inst|lpm_rom0:inst|altsyncram:altsyncram_component|altsyncram_9v71:auto_generated|ram_block1a0~porta_address_reg0     ; rom_ram_interface:inst|lpm_ff0:inst1|lpm_ff:lpm_ff_component|dffs[1]~DUPLICATE                                                         ; clk        ; clk      ; None                        ; None                      ; 2.599 ns                ;
; N/A   ; 375.52 MHz ( period = 2.663 ns )               ; rom_ram_interface:inst|lpm_rom0:inst|altsyncram:altsyncram_component|altsyncram_9v71:auto_generated|ram_block1a0~porta_address_reg1     ; rom_ram_interface:inst|lpm_ff0:inst1|lpm_ff:lpm_ff_component|dffs[1]~DUPLICATE                                                         ; clk        ; clk      ; None                        ; None                      ; 2.599 ns                ;
; N/A   ; 375.52 MHz ( period = 2.663 ns )               ; rom_ram_interface:inst|lpm_rom0:inst|altsyncram:altsyncram_component|altsyncram_9v71:auto_generated|ram_block1a0~porta_address_reg2     ; rom_ram_interface:inst|lpm_ff0:inst1|lpm_ff:lpm_ff_component|dffs[1]~DUPLICATE                                                         ; clk        ; clk      ; None                        ; None                      ; 2.599 ns                ;
; N/A   ; 375.52 MHz ( period = 2.663 ns )               ; rom_ram_interface:inst|lpm_rom0:inst|altsyncram:altsyncram_component|altsyncram_9v71:auto_generated|ram_block1a0~porta_address_reg3     ; rom_ram_interface:inst|lpm_ff0:inst1|lpm_ff:lpm_ff_component|dffs[1]~DUPLICATE                                                         ; clk        ; clk      ; None                        ; None                      ; 2.599 ns                ;
; N/A   ; 376.08 MHz ( period = 2.659 ns )               ; rom_ram_interface:inst|lpm_rom0:inst|altsyncram:altsyncram_component|altsyncram_9v71:auto_generated|ram_block1a0~porta_address_reg0     ; rom_ram_interface:inst|lpm_ff0:inst1|lpm_ff:lpm_ff_component|dffs[6]                                                                   ; clk        ; clk      ; None                        ; None                      ; 2.595 ns                ;
; N/A   ; 376.08 MHz ( period = 2.659 ns )               ; rom_ram_interface:inst|lpm_rom0:inst|altsyncram:altsyncram_component|altsyncram_9v71:auto_generated|ram_block1a0~porta_address_reg1     ; rom_ram_interface:inst|lpm_ff0:inst1|lpm_ff:lpm_ff_component|dffs[6]                                                                   ; clk        ; clk      ; None                        ; None                      ; 2.595 ns                ;
; N/A   ; 376.08 MHz ( period = 2.659 ns )               ; rom_ram_interface:inst|lpm_rom0:inst|altsyncram:altsyncram_component|altsyncram_9v71:auto_generated|ram_block1a0~porta_address_reg2     ; rom_ram_interface:inst|lpm_ff0:inst1|lpm_ff:lpm_ff_component|dffs[6]                                                                   ; clk        ; clk      ; None                        ; None                      ; 2.595 ns                ;
; N/A   ; 376.08 MHz ( period = 2.659 ns )               ; rom_ram_interface:inst|lpm_rom0:inst|altsyncram:altsyncram_component|altsyncram_9v71:auto_generated|ram_block1a0~porta_address_reg3     ; rom_ram_interface:inst|lpm_ff0:inst1|lpm_ff:lpm_ff_component|dffs[6]                                                                   ; clk        ; clk      ; None                        ; None                      ; 2.595 ns                ;
; N/A   ; 376.08 MHz ( period = 2.659 ns )               ; rom_ram_interface:inst|lpm_rom0:inst|altsyncram:altsyncram_component|altsyncram_9v71:auto_generated|ram_block1a0~porta_address_reg0     ; rom_ram_interface:inst|lpm_ff0:inst1|lpm_ff:lpm_ff_component|dffs[6]~DUPLICATE                                                         ; clk        ; clk      ; None                        ; None                      ; 2.595 ns                ;
; N/A   ; 376.08 MHz ( period = 2.659 ns )               ; rom_ram_interface:inst|lpm_rom0:inst|altsyncram:altsyncram_component|altsyncram_9v71:auto_generated|ram_block1a0~porta_address_reg1     ; rom_ram_interface:inst|lpm_ff0:inst1|lpm_ff:lpm_ff_component|dffs[6]~DUPLICATE                                                         ; clk        ; clk      ; None                        ; None                      ; 2.595 ns                ;
; N/A   ; 376.08 MHz ( period = 2.659 ns )               ; rom_ram_interface:inst|lpm_rom0:inst|altsyncram:altsyncram_component|altsyncram_9v71:auto_generated|ram_block1a0~porta_address_reg2     ; rom_ram_interface:inst|lpm_ff0:inst1|lpm_ff:lpm_ff_component|dffs[6]~DUPLICATE                                                         ; clk        ; clk      ; None                        ; None                      ; 2.595 ns                ;
; N/A   ; 376.08 MHz ( period = 2.659 ns )               ; rom_ram_interface:inst|lpm_rom0:inst|altsyncram:altsyncram_component|altsyncram_9v71:auto_generated|ram_block1a0~porta_address_reg3     ; rom_ram_interface:inst|lpm_ff0:inst1|lpm_ff:lpm_ff_component|dffs[6]~DUPLICATE                                                         ; clk        ; clk      ; None                        ; None                      ; 2.595 ns                ;
; N/A   ; 376.36 MHz ( period = 2.657 ns )               ; rom_ram_interface:inst|lpm_rom0:inst|altsyncram:altsyncram_component|altsyncram_9v71:auto_generated|ram_block1a0~porta_address_reg0     ; rom_ram_interface:inst|lpm_ff0:inst1|lpm_ff:lpm_ff_component|dffs[5]                                                                   ; clk        ; clk      ; None                        ; None                      ; 2.593 ns                ;
; N/A   ; 376.36 MHz ( period = 2.657 ns )               ; rom_ram_interface:inst|lpm_rom0:inst|altsyncram:altsyncram_component|altsyncram_9v71:auto_generated|ram_block1a0~porta_address_reg1     ; rom_ram_interface:inst|lpm_ff0:inst1|lpm_ff:lpm_ff_component|dffs[5]                                                                   ; clk        ; clk      ; None                        ; None                      ; 2.593 ns                ;
; N/A   ; 376.36 MHz ( period = 2.657 ns )               ; rom_ram_interface:inst|lpm_rom0:inst|altsyncram:altsyncram_component|altsyncram_9v71:auto_generated|ram_block1a0~porta_address_reg2     ; rom_ram_interface:inst|lpm_ff0:inst1|lpm_ff:lpm_ff_component|dffs[5]                                                                   ; clk        ; clk      ; None                        ; None                      ; 2.593 ns                ;
; N/A   ; 376.36 MHz ( period = 2.657 ns )               ; rom_ram_interface:inst|lpm_rom0:inst|altsyncram:altsyncram_component|altsyncram_9v71:auto_generated|ram_block1a0~porta_address_reg3     ; rom_ram_interface:inst|lpm_ff0:inst1|lpm_ff:lpm_ff_component|dffs[5]                                                                   ; clk        ; clk      ; None                        ; None                      ; 2.593 ns                ;
; N/A   ; 376.36 MHz ( period = 2.657 ns )               ; rom_ram_interface:inst|lpm_rom0:inst|altsyncram:altsyncram_component|altsyncram_9v71:auto_generated|ram_block1a0~porta_address_reg0     ; rom_ram_interface:inst|lpm_ff0:inst1|lpm_ff:lpm_ff_component|dffs[5]~DUPLICATE                                                         ; clk        ; clk      ; None                        ; None                      ; 2.593 ns                ;
; N/A   ; 376.36 MHz ( period = 2.657 ns )               ; rom_ram_interface:inst|lpm_rom0:inst|altsyncram:altsyncram_component|altsyncram_9v71:auto_generated|ram_block1a0~porta_address_reg1     ; rom_ram_interface:inst|lpm_ff0:inst1|lpm_ff:lpm_ff_component|dffs[5]~DUPLICATE                                                         ; clk        ; clk      ; None                        ; None                      ; 2.593 ns                ;
; N/A   ; 376.36 MHz ( period = 2.657 ns )               ; rom_ram_interface:inst|lpm_rom0:inst|altsyncram:altsyncram_component|altsyncram_9v71:auto_generated|ram_block1a0~porta_address_reg2     ; rom_ram_interface:inst|lpm_ff0:inst1|lpm_ff:lpm_ff_component|dffs[5]~DUPLICATE                                                         ; clk        ; clk      ; None                        ; None                      ; 2.593 ns                ;
; N/A   ; 376.36 MHz ( period = 2.657 ns )               ; rom_ram_interface:inst|lpm_rom0:inst|altsyncram:altsyncram_component|altsyncram_9v71:auto_generated|ram_block1a0~porta_address_reg3     ; rom_ram_interface:inst|lpm_ff0:inst1|lpm_ff:lpm_ff_component|dffs[5]~DUPLICATE                                                         ; clk        ; clk      ; None                        ; None                      ; 2.593 ns                ;
; N/A   ; 379.65 MHz ( period = 2.634 ns )               ; rom_ram_interface:inst|lpm_rom0:inst|altsyncram:altsyncram_component|altsyncram_9v71:auto_generated|ram_block1a0~porta_address_reg0     ; rom_ram_interface:inst|lpm_ff0:inst1|lpm_ff:lpm_ff_component|dffs[4]~DUPLICATE                                                         ; clk        ; clk      ; None                        ; None                      ; 2.570 ns                ;
; N/A   ; 379.65 MHz ( period = 2.634 ns )               ; rom_ram_interface:inst|lpm_rom0:inst|altsyncram:altsyncram_component|altsyncram_9v71:auto_generated|ram_block1a0~porta_address_reg1     ; rom_ram_interface:inst|lpm_ff0:inst1|lpm_ff:lpm_ff_component|dffs[4]~DUPLICATE                                                         ; clk        ; clk      ; None                        ; None                      ; 2.570 ns                ;
; N/A   ; 379.65 MHz ( period = 2.634 ns )               ; rom_ram_interface:inst|lpm_rom0:inst|altsyncram:altsyncram_component|altsyncram_9v71:auto_generated|ram_block1a0~porta_address_reg2     ; rom_ram_interface:inst|lpm_ff0:inst1|lpm_ff:lpm_ff_component|dffs[4]~DUPLICATE                                                         ; clk        ; clk      ; None                        ; None                      ; 2.570 ns                ;
; N/A   ; 379.65 MHz ( period = 2.634 ns )               ; rom_ram_interface:inst|lpm_rom0:inst|altsyncram:altsyncram_component|altsyncram_9v71:auto_generated|ram_block1a0~porta_address_reg3     ; rom_ram_interface:inst|lpm_ff0:inst1|lpm_ff:lpm_ff_component|dffs[4]~DUPLICATE                                                         ; clk        ; clk      ; None                        ; None                      ; 2.570 ns                ;
; N/A   ; 379.94 MHz ( period = 2.632 ns )               ; rom_ram_interface:inst|lpm_rom0:inst|altsyncram:altsyncram_component|altsyncram_9v71:auto_generated|ram_block1a0~porta_address_reg0     ; rom_ram_interface:inst|lpm_ff0:inst1|lpm_ff:lpm_ff_component|dffs[4]                                                                   ; clk        ; clk      ; None                        ; None                      ; 2.568 ns                ;
; N/A   ; 379.94 MHz ( period = 2.632 ns )               ; rom_ram_interface:inst|lpm_rom0:inst|altsyncram:altsyncram_component|altsyncram_9v71:auto_generated|ram_block1a0~porta_address_reg1     ; rom_ram_interface:inst|lpm_ff0:inst1|lpm_ff:lpm_ff_component|dffs[4]                                                                   ; clk        ; clk      ; None                        ; None                      ; 2.568 ns                ;
; N/A   ; 379.94 MHz ( period = 2.632 ns )               ; rom_ram_interface:inst|lpm_rom0:inst|altsyncram:altsyncram_component|altsyncram_9v71:auto_generated|ram_block1a0~porta_address_reg2     ; rom_ram_interface:inst|lpm_ff0:inst1|lpm_ff:lpm_ff_component|dffs[4]                                                                   ; clk        ; clk      ; None                        ; None                      ; 2.568 ns                ;
; N/A   ; 379.94 MHz ( period = 2.632 ns )               ; rom_ram_interface:inst|lpm_rom0:inst|altsyncram:altsyncram_component|altsyncram_9v71:auto_generated|ram_block1a0~porta_address_reg3     ; rom_ram_interface:inst|lpm_ff0:inst1|lpm_ff:lpm_ff_component|dffs[4]                                                                   ; clk        ; clk      ; None                        ; None                      ; 2.568 ns                ;
; N/A   ; 380.37 MHz ( period = 2.629 ns )               ; rom_ram_interface:inst|lpm_rom0:inst|altsyncram:altsyncram_component|altsyncram_9v71:auto_generated|ram_block1a0~porta_address_reg0     ; rom_ram_interface:inst|lpm_ff0:inst1|lpm_ff:lpm_ff_component|dffs[7]                                                                   ; clk        ; clk      ; None                        ; None                      ; 2.565 ns                ;
; N/A   ; 380.37 MHz ( period = 2.629 ns )               ; rom_ram_interface:inst|lpm_rom0:inst|altsyncram:altsyncram_component|altsyncram_9v71:auto_generated|ram_block1a0~porta_address_reg1     ; rom_ram_interface:inst|lpm_ff0:inst1|lpm_ff:lpm_ff_component|dffs[7]                                                                   ; clk        ; clk      ; None                        ; None                      ; 2.565 ns                ;
; N/A   ; 380.37 MHz ( period = 2.629 ns )               ; rom_ram_interface:inst|lpm_rom0:inst|altsyncram:altsyncram_component|altsyncram_9v71:auto_generated|ram_block1a0~porta_address_reg2     ; rom_ram_interface:inst|lpm_ff0:inst1|lpm_ff:lpm_ff_component|dffs[7]                                                                   ; clk        ; clk      ; None                        ; None                      ; 2.565 ns                ;
; N/A   ; 380.37 MHz ( period = 2.629 ns )               ; rom_ram_interface:inst|lpm_rom0:inst|altsyncram:altsyncram_component|altsyncram_9v71:auto_generated|ram_block1a0~porta_address_reg3     ; rom_ram_interface:inst|lpm_ff0:inst1|lpm_ff:lpm_ff_component|dffs[7]                                                                   ; clk        ; clk      ; None                        ; None                      ; 2.565 ns                ;
; N/A   ; 382.70 MHz ( period = 2.613 ns )               ; rom_ram_interface:inst|lpm_rom0:inst|altsyncram:altsyncram_component|altsyncram_9v71:auto_generated|ram_block1a0~porta_address_reg0     ; rom_ram_interface:inst|lpm_ff0:inst1|lpm_ff:lpm_ff_component|dffs[2]                                                                   ; clk        ; clk      ; None                        ; None                      ; 2.549 ns                ;
; N/A   ; 382.70 MHz ( period = 2.613 ns )               ; rom_ram_interface:inst|lpm_rom0:inst|altsyncram:altsyncram_component|altsyncram_9v71:auto_generated|ram_block1a0~porta_address_reg1     ; rom_ram_interface:inst|lpm_ff0:inst1|lpm_ff:lpm_ff_component|dffs[2]                                                                   ; clk        ; clk      ; None                        ; None                      ; 2.549 ns                ;
; N/A   ; 382.70 MHz ( period = 2.613 ns )               ; rom_ram_interface:inst|lpm_rom0:inst|altsyncram:altsyncram_component|altsyncram_9v71:auto_generated|ram_block1a0~porta_address_reg2     ; rom_ram_interface:inst|lpm_ff0:inst1|lpm_ff:lpm_ff_component|dffs[2]                                                                   ; clk        ; clk      ; None                        ; None                      ; 2.549 ns                ;
; N/A   ; 382.70 MHz ( period = 2.613 ns )               ; rom_ram_interface:inst|lpm_rom0:inst|altsyncram:altsyncram_component|altsyncram_9v71:auto_generated|ram_block1a0~porta_address_reg3     ; rom_ram_interface:inst|lpm_ff0:inst1|lpm_ff:lpm_ff_component|dffs[2]                                                                   ; clk        ; clk      ; None                        ; None                      ; 2.549 ns                ;
; N/A   ; Restricted to 500.00 MHz ( period = 2.000 ns ) ; rom_ram_interface:inst|lpm_ram_io:inst2|altram:sram|altsyncram:ram_block|altsyncram_0k71:auto_generated|ram_block1a0~porta_datain_reg0  ; rom_ram_interface:inst|lpm_ram_io:inst2|altram:sram|altsyncram:ram_block|altsyncram_0k71:auto_generated|ram_block1a0~porta_memory_reg0 ; clk        ; clk      ; None                        ; None                      ; 1.623 ns                ;
; N/A   ; Restricted to 500.00 MHz ( period = 2.000 ns ) ; rom_ram_interface:inst|lpm_ram_io:inst2|altram:sram|altsyncram:ram_block|altsyncram_0k71:auto_generated|ram_block1a0~porta_datain_reg1  ; rom_ram_interface:inst|lpm_ram_io:inst2|altram:sram|altsyncram:ram_block|altsyncram_0k71:auto_generated|ram_block1a1~porta_memory_reg0 ; clk        ; clk      ; None                        ; None                      ; 1.623 ns                ;
; N/A   ; Restricted to 500.00 MHz ( period = 2.000 ns ) ; rom_ram_interface:inst|lpm_ram_io:inst2|altram:sram|altsyncram:ram_block|altsyncram_0k71:auto_generated|ram_block1a0~porta_datain_reg2  ; rom_ram_interface:inst|lpm_ram_io:inst2|altram:sram|altsyncram:ram_block|altsyncram_0k71:auto_generated|ram_block1a2~porta_memory_reg0 ; clk        ; clk      ; None                        ; None                      ; 1.623 ns                ;
; N/A   ; Restricted to 500.00 MHz ( period = 2.000 ns ) ; rom_ram_interface:inst|lpm_ram_io:inst2|altram:sram|altsyncram:ram_block|altsyncram_0k71:auto_generated|ram_block1a0~porta_datain_reg3  ; rom_ram_interface:inst|lpm_ram_io:inst2|altram:sram|altsyncram:ram_block|altsyncram_0k71:auto_generated|ram_block1a3~porta_memory_reg0 ; clk        ; clk      ; None                        ; None                      ; 1.623 ns                ;
; N/A   ; Restricted to 500.00 MHz ( period = 2.000 ns ) ; rom_ram_interface:inst|lpm_ram_io:inst2|altram:sram|altsyncram:ram_block|altsyncram_0k71:auto_generated|ram_block1a0~porta_datain_reg4  ; rom_ram_interface:inst|lpm_ram_io:inst2|altram:sram|altsyncram:ram_block|altsyncram_0k71:auto_generated|ram_block1a4~porta_memory_reg0 ; clk        ; clk      ; None                        ; None                      ; 1.623 ns                ;
; N/A   ; Restricted to 500.00 MHz ( period = 2.000 ns ) ; rom_ram_interface:inst|lpm_ram_io:inst2|altram:sram|altsyncram:ram_block|altsyncram_0k71:auto_generated|ram_block1a0~porta_datain_reg5  ; rom_ram_interface:inst|lpm_ram_io:inst2|altram:sram|altsyncram:ram_block|altsyncram_0k71:auto_generated|ram_block1a5~porta_memory_reg0 ; clk        ; clk      ; None                        ; None                      ; 1.623 ns                ;
; N/A   ; Restricted to 500.00 MHz ( period = 2.000 ns ) ; rom_ram_interface:inst|lpm_ram_io:inst2|altram:sram|altsyncram:ram_block|altsyncram_0k71:auto_generated|ram_block1a0~porta_datain_reg6  ; rom_ram_interface:inst|lpm_ram_io:inst2|altram:sram|altsyncram:ram_block|altsyncram_0k71:auto_generated|ram_block1a6~porta_memory_reg0 ; clk        ; clk      ; None                        ; None                      ; 1.623 ns                ;
; N/A   ; Restricted to 500.00 MHz ( period = 2.000 ns ) ; rom_ram_interface:inst|lpm_ram_io:inst2|altram:sram|altsyncram:ram_block|altsyncram_0k71:auto_generated|ram_block1a0~porta_datain_reg7  ; rom_ram_interface:inst|lpm_ram_io:inst2|altram:sram|altsyncram:ram_block|altsyncram_0k71:auto_generated|ram_block1a7~porta_memory_reg0 ; clk        ; clk      ; None                        ; None                      ; 1.623 ns                ;
; N/A   ; Restricted to 500.00 MHz ( period = 2.000 ns ) ; rom_ram_interface:inst|lpm_ff0:inst1|lpm_ff:lpm_ff_component|dffs[7]                                                                    ; rom_ram_interface:inst|lpm_ram_io:inst2|altram:sram|altsyncram:ram_block|altsyncram_0k71:auto_generated|ram_block1a0~porta_datain_reg7 ; clk        ; clk      ; None                        ; None                      ; 0.752 ns                ;
; N/A   ; Restricted to 500.00 MHz ( period = 2.000 ns ) ; rom_ram_interface:inst|lpm_ff0:inst1|lpm_ff:lpm_ff_component|dffs[2]                                                                    ; rom_ram_interface:inst|lpm_ram_io:inst2|altram:sram|altsyncram:ram_block|altsyncram_0k71:auto_generated|ram_block1a0~porta_datain_reg2 ; clk        ; clk      ; None                        ; None                      ; 0.750 ns                ;
; N/A   ; Restricted to 500.00 MHz ( period = 2.000 ns ) ; rom_ram_interface:inst|lpm_ff0:inst1|lpm_ff:lpm_ff_component|dffs[6]                                                                    ; rom_ram_interface:inst|lpm_ram_io:inst2|altram:sram|altsyncram:ram_block|altsyncram_0k71:auto_generated|ram_block1a0~porta_datain_reg6 ; clk        ; clk      ; None                        ; None                      ; 0.668 ns                ;
; N/A   ; Restricted to 500.00 MHz ( period = 2.000 ns ) ; rom_ram_interface:inst|lpm_ff0:inst1|lpm_ff:lpm_ff_component|dffs[5]                                                                    ; rom_ram_interface:inst|lpm_ram_io:inst2|altram:sram|altsyncram:ram_block|altsyncram_0k71:auto_generated|ram_block1a0~porta_datain_reg5 ; clk        ; clk      ; None                        ; None                      ; 0.667 ns                ;
; N/A   ; Restricted to 500.00 MHz ( period = 2.000 ns ) ; rom_ram_interface:inst|lpm_ff0:inst1|lpm_ff:lpm_ff_component|dffs[1]                                                                    ; rom_ram_interface:inst|lpm_ram_io:inst2|altram:sram|altsyncram:ram_block|altsyncram_0k71:auto_generated|ram_block1a0~porta_datain_reg1 ; clk        ; clk      ; None                        ; None                      ; 0.661 ns                ;
; N/A   ; Restricted to 500.00 MHz ( period = 2.000 ns ) ; rom_ram_interface:inst|lpm_ff0:inst1|lpm_ff:lpm_ff_component|dffs[0]                                                                    ; rom_ram_interface:inst|lpm_ram_io:inst2|altram:sram|altsyncram:ram_block|altsyncram_0k71:auto_generated|ram_block1a0~porta_datain_reg0 ; clk        ; clk      ; None                        ; None                      ; 0.656 ns                ;
; N/A   ; Restricted to 500.00 MHz ( period = 2.000 ns ) ; rom_ram_interface:inst|lpm_ff0:inst1|lpm_ff:lpm_ff_component|dffs[3]                                                                    ; rom_ram_interface:inst|lpm_ram_io:inst2|altram:sram|altsyncram:ram_block|altsyncram_0k71:auto_generated|ram_block1a0~porta_datain_reg3 ; clk        ; clk      ; None                        ; None                      ; 0.655 ns                ;
; N/A   ; Restricted to 500.00 MHz ( period = 2.000 ns ) ; rom_ram_interface:inst|lpm_ff0:inst1|lpm_ff:lpm_ff_component|dffs[4]~DUPLICATE                                                          ; rom_ram_interface:inst|lpm_ram_io:inst2|altram:sram|altsyncram:ram_block|altsyncram_0k71:auto_generated|ram_block1a0~porta_datain_reg4 ; clk        ; clk      ; None                        ; None                      ; 0.652 ns                ;
+-------+------------------------------------------------+-----------------------------------------------------------------------------------------------------------------------------------------+----------------------------------------------------------------------------------------------------------------------------------------+------------+----------+-----------------------------+---------------------------+-------------------------+


+----------------------------------------------------------------------------------------------------------------------------------------------------------------------------------------------------+
; tsu                                                                                                                                                                                                ;
+-------+--------------+------------+-----------+-----------------------------------------------------------------------------------------------------------------------------------------+----------+
; Slack ; Required tsu ; Actual tsu ; From      ; To                                                                                                                                      ; To Clock ;
+-------+--------------+------------+-----------+-----------------------------------------------------------------------------------------------------------------------------------------+----------+
; N/A   ; None         ; 4.461 ns   ; we        ; rom_ram_interface:inst|lpm_ram_io:inst2|altram:sram|altsyncram:ram_block|altsyncram_0k71:auto_generated|ram_block1a0~porta_we_reg       ; clk      ;
; N/A   ; None         ; 4.332 ns   ; we        ; rom_ram_interface:inst|lpm_ram_io:inst2|altram:sram|altsyncram:ram_block|altsyncram_0k71:auto_generated|ram_block1a0~porta_datain_reg6  ; clk      ;
; N/A   ; None         ; 4.328 ns   ; we        ; rom_ram_interface:inst|lpm_ram_io:inst2|altram:sram|altsyncram:ram_block|altsyncram_0k71:auto_generated|ram_block1a0~porta_datain_reg1  ; clk      ;
; N/A   ; None         ; 4.326 ns   ; we        ; rom_ram_interface:inst|lpm_ram_io:inst2|altram:sram|altsyncram:ram_block|altsyncram_0k71:auto_generated|ram_block1a0~porta_datain_reg4  ; clk      ;
; N/A   ; None         ; 4.325 ns   ; we        ; rom_ram_interface:inst|lpm_ram_io:inst2|altram:sram|altsyncram:ram_block|altsyncram_0k71:auto_generated|ram_block1a0~porta_datain_reg7  ; clk      ;
; N/A   ; None         ; 4.323 ns   ; we        ; rom_ram_interface:inst|lpm_ram_io:inst2|altram:sram|altsyncram:ram_block|altsyncram_0k71:auto_generated|ram_block1a0~porta_datain_reg2  ; clk      ;
; N/A   ; None         ; 4.244 ns   ; we        ; rom_ram_interface:inst|lpm_ram_io:inst2|altram:sram|altsyncram:ram_block|altsyncram_0k71:auto_generated|ram_block1a0~porta_datain_reg5  ; clk      ;
; N/A   ; None         ; 4.228 ns   ; we        ; rom_ram_interface:inst|lpm_ram_io:inst2|altram:sram|altsyncram:ram_block|altsyncram_0k71:auto_generated|ram_block1a0~porta_datain_reg0  ; clk      ;
; N/A   ; None         ; 4.216 ns   ; we        ; rom_ram_interface:inst|lpm_ram_io:inst2|altram:sram|altsyncram:ram_block|altsyncram_0k71:auto_generated|ram_block1a0~porta_datain_reg3  ; clk      ;
; N/A   ; None         ; 4.188 ns   ; memenab   ; rom_ram_interface:inst|lpm_ram_io:inst2|altram:sram|altsyncram:ram_block|altsyncram_0k71:auto_generated|ram_block1a0~porta_we_reg       ; clk      ;
; N/A   ; None         ; 4.074 ns   ; memenab   ; rom_ram_interface:inst|lpm_ram_io:inst2|altram:sram|altsyncram:ram_block|altsyncram_0k71:auto_generated|ram_block1a0~porta_datain_reg5  ; clk      ;
; N/A   ; None         ; 4.072 ns   ; memenab   ; rom_ram_interface:inst|lpm_ram_io:inst2|altram:sram|altsyncram:ram_block|altsyncram_0k71:auto_generated|ram_block1a0~porta_datain_reg3  ; clk      ;
; N/A   ; None         ; 4.068 ns   ; memenab   ; rom_ram_interface:inst|lpm_ram_io:inst2|altram:sram|altsyncram:ram_block|altsyncram_0k71:auto_generated|ram_block1a0~porta_datain_reg0  ; clk      ;
; N/A   ; None         ; 4.050 ns   ; memenab   ; rom_ram_interface:inst|lpm_ram_io:inst2|altram:sram|altsyncram:ram_block|altsyncram_0k71:auto_generated|ram_block1a0~porta_datain_reg2  ; clk      ;
; N/A   ; None         ; 3.954 ns   ; memenab   ; rom_ram_interface:inst|lpm_ram_io:inst2|altram:sram|altsyncram:ram_block|altsyncram_0k71:auto_generated|ram_block1a0~porta_datain_reg6  ; clk      ;
; N/A   ; None         ; 3.945 ns   ; memenab   ; rom_ram_interface:inst|lpm_ram_io:inst2|altram:sram|altsyncram:ram_block|altsyncram_0k71:auto_generated|ram_block1a0~porta_datain_reg1  ; clk      ;
; N/A   ; None         ; 3.932 ns   ; memenab   ; rom_ram_interface:inst|lpm_ram_io:inst2|altram:sram|altsyncram:ram_block|altsyncram_0k71:auto_generated|ram_block1a0~porta_datain_reg4  ; clk      ;
; N/A   ; None         ; 3.888 ns   ; memenab   ; rom_ram_interface:inst|lpm_ram_io:inst2|altram:sram|altsyncram:ram_block|altsyncram_0k71:auto_generated|ram_block1a0~porta_datain_reg7  ; clk      ;
; N/A   ; None         ; 3.844 ns   ; outenab   ; rom_ram_interface:inst|lpm_ram_io:inst2|altram:sram|altsyncram:ram_block|altsyncram_0k71:auto_generated|ram_block1a0~porta_datain_reg6  ; clk      ;
; N/A   ; None         ; 3.836 ns   ; outenab   ; rom_ram_interface:inst|lpm_ram_io:inst2|altram:sram|altsyncram:ram_block|altsyncram_0k71:auto_generated|ram_block1a0~porta_datain_reg1  ; clk      ;
; N/A   ; None         ; 3.821 ns   ; outenab   ; rom_ram_interface:inst|lpm_ram_io:inst2|altram:sram|altsyncram:ram_block|altsyncram_0k71:auto_generated|ram_block1a0~porta_datain_reg4  ; clk      ;
; N/A   ; None         ; 3.817 ns   ; outenab   ; rom_ram_interface:inst|lpm_ram_io:inst2|altram:sram|altsyncram:ram_block|altsyncram_0k71:auto_generated|ram_block1a0~porta_datain_reg7  ; clk      ;
; N/A   ; None         ; 3.753 ns   ; outenab   ; rom_ram_interface:inst|lpm_ram_io:inst2|altram:sram|altsyncram:ram_block|altsyncram_0k71:auto_generated|ram_block1a0~porta_we_reg       ; clk      ;
; N/A   ; None         ; 3.704 ns   ; outenab   ; rom_ram_interface:inst|lpm_ram_io:inst2|altram:sram|altsyncram:ram_block|altsyncram_0k71:auto_generated|ram_block1a0~porta_datain_reg5  ; clk      ;
; N/A   ; None         ; 3.703 ns   ; outenab   ; rom_ram_interface:inst|lpm_ram_io:inst2|altram:sram|altsyncram:ram_block|altsyncram_0k71:auto_generated|ram_block1a0~porta_datain_reg3  ; clk      ;
; N/A   ; None         ; 3.700 ns   ; outenab   ; rom_ram_interface:inst|lpm_ram_io:inst2|altram:sram|altsyncram:ram_block|altsyncram_0k71:auto_generated|ram_block1a0~porta_datain_reg0  ; clk      ;
; N/A   ; None         ; 3.652 ns   ; outenab   ; rom_ram_interface:inst|lpm_ram_io:inst2|altram:sram|altsyncram:ram_block|altsyncram_0k71:auto_generated|ram_block1a0~porta_datain_reg2  ; clk      ;
; N/A   ; None         ; 3.379 ns   ; addres[0] ; rom_ram_interface:inst|lpm_rom0:inst|altsyncram:altsyncram_component|altsyncram_9v71:auto_generated|ram_block1a0~porta_address_reg0     ; clk      ;
; N/A   ; None         ; 3.359 ns   ; addres[0] ; rom_ram_interface:inst|lpm_ram_io:inst2|altram:sram|altsyncram:ram_block|altsyncram_0k71:auto_generated|ram_block1a0~porta_address_reg0 ; clk      ;
; N/A   ; None         ; 2.811 ns   ; addres[2] ; rom_ram_interface:inst|lpm_rom0:inst|altsyncram:altsyncram_component|altsyncram_9v71:auto_generated|ram_block1a0~porta_address_reg2     ; clk      ;
; N/A   ; None         ; 2.754 ns   ; addres[3] ; rom_ram_interface:inst|lpm_rom0:inst|altsyncram:altsyncram_component|altsyncram_9v71:auto_generated|ram_block1a0~porta_address_reg3     ; clk      ;
; N/A   ; None         ; 2.570 ns   ; addres[2] ; rom_ram_interface:inst|lpm_ram_io:inst2|altram:sram|altsyncram:ram_block|altsyncram_0k71:auto_generated|ram_block1a0~porta_address_reg2 ; clk      ;
; N/A   ; None         ; 2.545 ns   ; addres[1] ; rom_ram_interface:inst|lpm_rom0:inst|altsyncram:altsyncram_component|altsyncram_9v71:auto_generated|ram_block1a0~porta_address_reg1     ; clk      ;
; N/A   ; None         ; 2.542 ns   ; addres[3] ; rom_ram_interface:inst|lpm_ram_io:inst2|altram:sram|altsyncram:ram_block|altsyncram_0k71:auto_generated|ram_block1a0~porta_address_reg3 ; clk      ;
; N/A   ; None         ; 2.521 ns   ; addres[1] ; rom_ram_interface:inst|lpm_ram_io:inst2|altram:sram|altsyncram:ram_block|altsyncram_0k71:auto_generated|ram_block1a0~porta_address_reg1 ; clk      ;
+-------+--------------+------------+-----------+-----------------------------------------------------------------------------------------------------------------------------------------+----------+


+-----------------------------------------------------------------------------------------------------------------------------------------------------------------------------------------------------------+
; tco                                                                                                                                                                                                       ;
+-------+--------------+------------+-----------------------------------------------------------------------------------------------------------------------------------------+----------------+------------+
; Slack ; Required tco ; Actual tco ; From                                                                                                                                    ; To             ; From Clock ;
+-------+--------------+------------+-----------------------------------------------------------------------------------------------------------------------------------------+----------------+------------+
; N/A   ; None         ; 8.873 ns   ; rom_ram_interface:inst|lpm_ram_io:inst2|altram:sram|altsyncram:ram_block|altsyncram_0k71:auto_generated|ram_block1a0~porta_we_reg       ; probe_ram_q[7] ; clk        ;
; N/A   ; None         ; 8.873 ns   ; rom_ram_interface:inst|lpm_ram_io:inst2|altram:sram|altsyncram:ram_block|altsyncram_0k71:auto_generated|ram_block1a0~porta_address_reg0 ; probe_ram_q[7] ; clk        ;
; N/A   ; None         ; 8.873 ns   ; rom_ram_interface:inst|lpm_ram_io:inst2|altram:sram|altsyncram:ram_block|altsyncram_0k71:auto_generated|ram_block1a0~porta_address_reg1 ; probe_ram_q[7] ; clk        ;
; N/A   ; None         ; 8.873 ns   ; rom_ram_interface:inst|lpm_ram_io:inst2|altram:sram|altsyncram:ram_block|altsyncram_0k71:auto_generated|ram_block1a0~porta_address_reg2 ; probe_ram_q[7] ; clk        ;
; N/A   ; None         ; 8.873 ns   ; rom_ram_interface:inst|lpm_ram_io:inst2|altram:sram|altsyncram:ram_block|altsyncram_0k71:auto_generated|ram_block1a0~porta_address_reg3 ; probe_ram_q[7] ; clk        ;
; N/A   ; None         ; 8.523 ns   ; rom_ram_interface:inst|lpm_rom0:inst|altsyncram:altsyncram_component|altsyncram_9v71:auto_generated|ram_block1a0~porta_address_reg0     ; probe_rom_q[6] ; clk        ;
; N/A   ; None         ; 8.523 ns   ; rom_ram_interface:inst|lpm_rom0:inst|altsyncram:altsyncram_component|altsyncram_9v71:auto_generated|ram_block1a0~porta_address_reg1     ; probe_rom_q[6] ; clk        ;
; N/A   ; None         ; 8.523 ns   ; rom_ram_interface:inst|lpm_rom0:inst|altsyncram:altsyncram_component|altsyncram_9v71:auto_generated|ram_block1a0~porta_address_reg2     ; probe_rom_q[6] ; clk        ;
; N/A   ; None         ; 8.523 ns   ; rom_ram_interface:inst|lpm_rom0:inst|altsyncram:altsyncram_component|altsyncram_9v71:auto_generated|ram_block1a0~porta_address_reg3     ; probe_rom_q[6] ; clk        ;
; N/A   ; None         ; 7.913 ns   ; rom_ram_interface:inst|lpm_ram_io:inst2|altram:sram|altsyncram:ram_block|altsyncram_0k71:auto_generated|ram_block1a0~porta_we_reg       ; probe_ram_q[1] ; clk        ;
; N/A   ; None         ; 7.913 ns   ; rom_ram_interface:inst|lpm_ram_io:inst2|altram:sram|altsyncram:ram_block|altsyncram_0k71:auto_generated|ram_block1a0~porta_address_reg0 ; probe_ram_q[1] ; clk        ;
; N/A   ; None         ; 7.913 ns   ; rom_ram_interface:inst|lpm_ram_io:inst2|altram:sram|altsyncram:ram_block|altsyncram_0k71:auto_generated|ram_block1a0~porta_address_reg1 ; probe_ram_q[1] ; clk        ;
; N/A   ; None         ; 7.913 ns   ; rom_ram_interface:inst|lpm_ram_io:inst2|altram:sram|altsyncram:ram_block|altsyncram_0k71:auto_generated|ram_block1a0~porta_address_reg2 ; probe_ram_q[1] ; clk        ;
; N/A   ; None         ; 7.913 ns   ; rom_ram_interface:inst|lpm_ram_io:inst2|altram:sram|altsyncram:ram_block|altsyncram_0k71:auto_generated|ram_block1a0~porta_address_reg3 ; probe_ram_q[1] ; clk        ;
; N/A   ; None         ; 7.859 ns   ; rom_ram_interface:inst|lpm_rom0:inst|altsyncram:altsyncram_component|altsyncram_9v71:auto_generated|ram_block1a0~porta_address_reg0     ; probe_rom_q[2] ; clk        ;
; N/A   ; None         ; 7.859 ns   ; rom_ram_interface:inst|lpm_rom0:inst|altsyncram:altsyncram_component|altsyncram_9v71:auto_generated|ram_block1a0~porta_address_reg1     ; probe_rom_q[2] ; clk        ;
; N/A   ; None         ; 7.859 ns   ; rom_ram_interface:inst|lpm_rom0:inst|altsyncram:altsyncram_component|altsyncram_9v71:auto_generated|ram_block1a0~porta_address_reg2     ; probe_rom_q[2] ; clk        ;
; N/A   ; None         ; 7.859 ns   ; rom_ram_interface:inst|lpm_rom0:inst|altsyncram:altsyncram_component|altsyncram_9v71:auto_generated|ram_block1a0~porta_address_reg3     ; probe_rom_q[2] ; clk        ;
; N/A   ; None         ; 7.647 ns   ; rom_ram_interface:inst|lpm_ram_io:inst2|altram:sram|altsyncram:ram_block|altsyncram_0k71:auto_generated|ram_block1a0~porta_we_reg       ; probe_ram_q[4] ; clk        ;
; N/A   ; None         ; 7.647 ns   ; rom_ram_interface:inst|lpm_ram_io:inst2|altram:sram|altsyncram:ram_block|altsyncram_0k71:auto_generated|ram_block1a0~porta_address_reg0 ; probe_ram_q[4] ; clk        ;
; N/A   ; None         ; 7.647 ns   ; rom_ram_interface:inst|lpm_ram_io:inst2|altram:sram|altsyncram:ram_block|altsyncram_0k71:auto_generated|ram_block1a0~porta_address_reg1 ; probe_ram_q[4] ; clk        ;
; N/A   ; None         ; 7.647 ns   ; rom_ram_interface:inst|lpm_ram_io:inst2|altram:sram|altsyncram:ram_block|altsyncram_0k71:auto_generated|ram_block1a0~porta_address_reg2 ; probe_ram_q[4] ; clk        ;
; N/A   ; None         ; 7.647 ns   ; rom_ram_interface:inst|lpm_ram_io:inst2|altram:sram|altsyncram:ram_block|altsyncram_0k71:auto_generated|ram_block1a0~porta_address_reg3 ; probe_ram_q[4] ; clk        ;
; N/A   ; None         ; 7.509 ns   ; rom_ram_interface:inst|lpm_ram_io:inst2|altram:sram|altsyncram:ram_block|altsyncram_0k71:auto_generated|ram_block1a0~porta_we_reg       ; probe_ram_q[0] ; clk        ;
; N/A   ; None         ; 7.509 ns   ; rom_ram_interface:inst|lpm_ram_io:inst2|altram:sram|altsyncram:ram_block|altsyncram_0k71:auto_generated|ram_block1a0~porta_address_reg0 ; probe_ram_q[0] ; clk        ;
; N/A   ; None         ; 7.509 ns   ; rom_ram_interface:inst|lpm_ram_io:inst2|altram:sram|altsyncram:ram_block|altsyncram_0k71:auto_generated|ram_block1a0~porta_address_reg1 ; probe_ram_q[0] ; clk        ;
; N/A   ; None         ; 7.509 ns   ; rom_ram_interface:inst|lpm_ram_io:inst2|altram:sram|altsyncram:ram_block|altsyncram_0k71:auto_generated|ram_block1a0~porta_address_reg2 ; probe_ram_q[0] ; clk        ;
; N/A   ; None         ; 7.509 ns   ; rom_ram_interface:inst|lpm_ram_io:inst2|altram:sram|altsyncram:ram_block|altsyncram_0k71:auto_generated|ram_block1a0~porta_address_reg3 ; probe_ram_q[0] ; clk        ;
; N/A   ; None         ; 7.505 ns   ; rom_ram_interface:inst|lpm_ram_io:inst2|altram:sram|altsyncram:ram_block|altsyncram_0k71:auto_generated|ram_block1a0~porta_we_reg       ; probe_ram_q[6] ; clk        ;
; N/A   ; None         ; 7.505 ns   ; rom_ram_interface:inst|lpm_ram_io:inst2|altram:sram|altsyncram:ram_block|altsyncram_0k71:auto_generated|ram_block1a0~porta_address_reg0 ; probe_ram_q[6] ; clk        ;
; N/A   ; None         ; 7.505 ns   ; rom_ram_interface:inst|lpm_ram_io:inst2|altram:sram|altsyncram:ram_block|altsyncram_0k71:auto_generated|ram_block1a0~porta_address_reg1 ; probe_ram_q[6] ; clk        ;
; N/A   ; None         ; 7.505 ns   ; rom_ram_interface:inst|lpm_ram_io:inst2|altram:sram|altsyncram:ram_block|altsyncram_0k71:auto_generated|ram_block1a0~porta_address_reg2 ; probe_ram_q[6] ; clk        ;
; N/A   ; None         ; 7.505 ns   ; rom_ram_interface:inst|lpm_ram_io:inst2|altram:sram|altsyncram:ram_block|altsyncram_0k71:auto_generated|ram_block1a0~porta_address_reg3 ; probe_ram_q[6] ; clk        ;
; N/A   ; None         ; 7.321 ns   ; rom_ram_interface:inst|lpm_rom0:inst|altsyncram:altsyncram_component|altsyncram_9v71:auto_generated|ram_block1a0~porta_address_reg0     ; probe_rom_q[4] ; clk        ;
; N/A   ; None         ; 7.321 ns   ; rom_ram_interface:inst|lpm_rom0:inst|altsyncram:altsyncram_component|altsyncram_9v71:auto_generated|ram_block1a0~porta_address_reg1     ; probe_rom_q[4] ; clk        ;
; N/A   ; None         ; 7.321 ns   ; rom_ram_interface:inst|lpm_rom0:inst|altsyncram:altsyncram_component|altsyncram_9v71:auto_generated|ram_block1a0~porta_address_reg2     ; probe_rom_q[4] ; clk        ;
; N/A   ; None         ; 7.321 ns   ; rom_ram_interface:inst|lpm_rom0:inst|altsyncram:altsyncram_component|altsyncram_9v71:auto_generated|ram_block1a0~porta_address_reg3     ; probe_rom_q[4] ; clk        ;
; N/A   ; None         ; 7.319 ns   ; rom_ram_interface:inst|lpm_ram_io:inst2|altram:sram|altsyncram:ram_block|altsyncram_0k71:auto_generated|ram_block1a0~porta_we_reg       ; probe_ram_q[3] ; clk        ;
; N/A   ; None         ; 7.319 ns   ; rom_ram_interface:inst|lpm_ram_io:inst2|altram:sram|altsyncram:ram_block|altsyncram_0k71:auto_generated|ram_block1a0~porta_address_reg0 ; probe_ram_q[3] ; clk        ;
; N/A   ; None         ; 7.319 ns   ; rom_ram_interface:inst|lpm_ram_io:inst2|altram:sram|altsyncram:ram_block|altsyncram_0k71:auto_generated|ram_block1a0~porta_address_reg1 ; probe_ram_q[3] ; clk        ;
; N/A   ; None         ; 7.319 ns   ; rom_ram_interface:inst|lpm_ram_io:inst2|altram:sram|altsyncram:ram_block|altsyncram_0k71:auto_generated|ram_block1a0~porta_address_reg2 ; probe_ram_q[3] ; clk        ;
; N/A   ; None         ; 7.319 ns   ; rom_ram_interface:inst|lpm_ram_io:inst2|altram:sram|altsyncram:ram_block|altsyncram_0k71:auto_generated|ram_block1a0~porta_address_reg3 ; probe_ram_q[3] ; clk        ;
; N/A   ; None         ; 7.312 ns   ; rom_ram_interface:inst|lpm_ram_io:inst2|altram:sram|altsyncram:ram_block|altsyncram_0k71:auto_generated|ram_block1a0~porta_we_reg       ; probe_ram_q[5] ; clk        ;
; N/A   ; None         ; 7.312 ns   ; rom_ram_interface:inst|lpm_ram_io:inst2|altram:sram|altsyncram:ram_block|altsyncram_0k71:auto_generated|ram_block1a0~porta_address_reg0 ; probe_ram_q[5] ; clk        ;
; N/A   ; None         ; 7.312 ns   ; rom_ram_interface:inst|lpm_ram_io:inst2|altram:sram|altsyncram:ram_block|altsyncram_0k71:auto_generated|ram_block1a0~porta_address_reg1 ; probe_ram_q[5] ; clk        ;
; N/A   ; None         ; 7.312 ns   ; rom_ram_interface:inst|lpm_ram_io:inst2|altram:sram|altsyncram:ram_block|altsyncram_0k71:auto_generated|ram_block1a0~porta_address_reg2 ; probe_ram_q[5] ; clk        ;
; N/A   ; None         ; 7.312 ns   ; rom_ram_interface:inst|lpm_ram_io:inst2|altram:sram|altsyncram:ram_block|altsyncram_0k71:auto_generated|ram_block1a0~porta_address_reg3 ; probe_ram_q[5] ; clk        ;
; N/A   ; None         ; 7.172 ns   ; rom_ram_interface:inst|lpm_ram_io:inst2|altram:sram|altsyncram:ram_block|altsyncram_0k71:auto_generated|ram_block1a0~porta_we_reg       ; probe_ram_q[2] ; clk        ;
; N/A   ; None         ; 7.172 ns   ; rom_ram_interface:inst|lpm_ram_io:inst2|altram:sram|altsyncram:ram_block|altsyncram_0k71:auto_generated|ram_block1a0~porta_address_reg0 ; probe_ram_q[2] ; clk        ;
; N/A   ; None         ; 7.172 ns   ; rom_ram_interface:inst|lpm_ram_io:inst2|altram:sram|altsyncram:ram_block|altsyncram_0k71:auto_generated|ram_block1a0~porta_address_reg1 ; probe_ram_q[2] ; clk        ;
; N/A   ; None         ; 7.172 ns   ; rom_ram_interface:inst|lpm_ram_io:inst2|altram:sram|altsyncram:ram_block|altsyncram_0k71:auto_generated|ram_block1a0~porta_address_reg2 ; probe_ram_q[2] ; clk        ;
; N/A   ; None         ; 7.172 ns   ; rom_ram_interface:inst|lpm_ram_io:inst2|altram:sram|altsyncram:ram_block|altsyncram_0k71:auto_generated|ram_block1a0~porta_address_reg3 ; probe_ram_q[2] ; clk        ;
; N/A   ; None         ; 7.113 ns   ; rom_ram_interface:inst|lpm_ff0:inst1|lpm_ff:lpm_ff_component|dffs[7]                                                                    ; probe_ram_q[7] ; clk        ;
; N/A   ; None         ; 7.083 ns   ; rom_ram_interface:inst|lpm_rom0:inst|altsyncram:altsyncram_component|altsyncram_9v71:auto_generated|ram_block1a0~porta_address_reg0     ; probe_rom_q[5] ; clk        ;
; N/A   ; None         ; 7.083 ns   ; rom_ram_interface:inst|lpm_rom0:inst|altsyncram:altsyncram_component|altsyncram_9v71:auto_generated|ram_block1a0~porta_address_reg1     ; probe_rom_q[5] ; clk        ;
; N/A   ; None         ; 7.083 ns   ; rom_ram_interface:inst|lpm_rom0:inst|altsyncram:altsyncram_component|altsyncram_9v71:auto_generated|ram_block1a0~porta_address_reg2     ; probe_rom_q[5] ; clk        ;
; N/A   ; None         ; 7.083 ns   ; rom_ram_interface:inst|lpm_rom0:inst|altsyncram:altsyncram_component|altsyncram_9v71:auto_generated|ram_block1a0~porta_address_reg3     ; probe_rom_q[5] ; clk        ;
; N/A   ; None         ; 6.926 ns   ; rom_ram_interface:inst|lpm_ff0:inst1|lpm_ff:lpm_ff_component|dffs[2]                                                                    ; probe_ff_q[2]  ; clk        ;
; N/A   ; None         ; 6.888 ns   ; rom_ram_interface:inst|lpm_ff0:inst1|lpm_ff:lpm_ff_component|dffs[7]                                                                    ; probe_ff_q[7]  ; clk        ;
; N/A   ; None         ; 6.815 ns   ; rom_ram_interface:inst|lpm_rom0:inst|altsyncram:altsyncram_component|altsyncram_9v71:auto_generated|ram_block1a0~porta_address_reg0     ; probe_rom_q[7] ; clk        ;
; N/A   ; None         ; 6.815 ns   ; rom_ram_interface:inst|lpm_rom0:inst|altsyncram:altsyncram_component|altsyncram_9v71:auto_generated|ram_block1a0~porta_address_reg1     ; probe_rom_q[7] ; clk        ;
; N/A   ; None         ; 6.815 ns   ; rom_ram_interface:inst|lpm_rom0:inst|altsyncram:altsyncram_component|altsyncram_9v71:auto_generated|ram_block1a0~porta_address_reg2     ; probe_rom_q[7] ; clk        ;
; N/A   ; None         ; 6.815 ns   ; rom_ram_interface:inst|lpm_rom0:inst|altsyncram:altsyncram_component|altsyncram_9v71:auto_generated|ram_block1a0~porta_address_reg3     ; probe_rom_q[7] ; clk        ;
; N/A   ; None         ; 6.748 ns   ; rom_ram_interface:inst|lpm_rom0:inst|altsyncram:altsyncram_component|altsyncram_9v71:auto_generated|ram_block1a0~porta_address_reg0     ; probe_rom_q[1] ; clk        ;
; N/A   ; None         ; 6.748 ns   ; rom_ram_interface:inst|lpm_rom0:inst|altsyncram:altsyncram_component|altsyncram_9v71:auto_generated|ram_block1a0~porta_address_reg1     ; probe_rom_q[1] ; clk        ;
; N/A   ; None         ; 6.748 ns   ; rom_ram_interface:inst|lpm_rom0:inst|altsyncram:altsyncram_component|altsyncram_9v71:auto_generated|ram_block1a0~porta_address_reg2     ; probe_rom_q[1] ; clk        ;
; N/A   ; None         ; 6.748 ns   ; rom_ram_interface:inst|lpm_rom0:inst|altsyncram:altsyncram_component|altsyncram_9v71:auto_generated|ram_block1a0~porta_address_reg3     ; probe_rom_q[1] ; clk        ;
; N/A   ; None         ; 6.740 ns   ; rom_ram_interface:inst|lpm_rom0:inst|altsyncram:altsyncram_component|altsyncram_9v71:auto_generated|ram_block1a0~porta_address_reg0     ; probe_rom_q[0] ; clk        ;
; N/A   ; None         ; 6.740 ns   ; rom_ram_interface:inst|lpm_rom0:inst|altsyncram:altsyncram_component|altsyncram_9v71:auto_generated|ram_block1a0~porta_address_reg1     ; probe_rom_q[0] ; clk        ;
; N/A   ; None         ; 6.740 ns   ; rom_ram_interface:inst|lpm_rom0:inst|altsyncram:altsyncram_component|altsyncram_9v71:auto_generated|ram_block1a0~porta_address_reg2     ; probe_rom_q[0] ; clk        ;
; N/A   ; None         ; 6.740 ns   ; rom_ram_interface:inst|lpm_rom0:inst|altsyncram:altsyncram_component|altsyncram_9v71:auto_generated|ram_block1a0~porta_address_reg3     ; probe_rom_q[0] ; clk        ;
; N/A   ; None         ; 6.682 ns   ; rom_ram_interface:inst|lpm_rom0:inst|altsyncram:altsyncram_component|altsyncram_9v71:auto_generated|ram_block1a0~porta_address_reg0     ; probe_rom_q[3] ; clk        ;
; N/A   ; None         ; 6.682 ns   ; rom_ram_interface:inst|lpm_rom0:inst|altsyncram:altsyncram_component|altsyncram_9v71:auto_generated|ram_block1a0~porta_address_reg1     ; probe_rom_q[3] ; clk        ;
; N/A   ; None         ; 6.682 ns   ; rom_ram_interface:inst|lpm_rom0:inst|altsyncram:altsyncram_component|altsyncram_9v71:auto_generated|ram_block1a0~porta_address_reg2     ; probe_rom_q[3] ; clk        ;
; N/A   ; None         ; 6.682 ns   ; rom_ram_interface:inst|lpm_rom0:inst|altsyncram:altsyncram_component|altsyncram_9v71:auto_generated|ram_block1a0~porta_address_reg3     ; probe_rom_q[3] ; clk        ;
; N/A   ; None         ; 6.399 ns   ; rom_ram_interface:inst|lpm_ff0:inst1|lpm_ff:lpm_ff_component|dffs[0]~DUPLICATE                                                          ; probe_ff_q[0]  ; clk        ;
; N/A   ; None         ; 6.147 ns   ; rom_ram_interface:inst|lpm_ff0:inst1|lpm_ff:lpm_ff_component|dffs[1]~DUPLICATE                                                          ; probe_ff_q[1]  ; clk        ;
; N/A   ; None         ; 5.922 ns   ; rom_ram_interface:inst|lpm_ff0:inst1|lpm_ff:lpm_ff_component|dffs[1]                                                                    ; probe_ram_q[1] ; clk        ;
; N/A   ; None         ; 5.912 ns   ; rom_ram_interface:inst|lpm_ff0:inst1|lpm_ff:lpm_ff_component|dffs[4]~DUPLICATE                                                          ; probe_ff_q[4]  ; clk        ;
; N/A   ; None         ; 5.662 ns   ; rom_ram_interface:inst|lpm_ff0:inst1|lpm_ff:lpm_ff_component|dffs[6]                                                                    ; probe_ram_q[6] ; clk        ;
; N/A   ; None         ; 5.639 ns   ; rom_ram_interface:inst|lpm_ff0:inst1|lpm_ff:lpm_ff_component|dffs[4]                                                                    ; probe_ram_q[4] ; clk        ;
; N/A   ; None         ; 5.506 ns   ; rom_ram_interface:inst|lpm_ff0:inst1|lpm_ff:lpm_ff_component|dffs[0]                                                                    ; probe_ram_q[0] ; clk        ;
; N/A   ; None         ; 5.481 ns   ; rom_ram_interface:inst|lpm_ff0:inst1|lpm_ff:lpm_ff_component|dffs[3]                                                                    ; probe_ram_q[3] ; clk        ;
; N/A   ; None         ; 5.423 ns   ; rom_ram_interface:inst|lpm_ff0:inst1|lpm_ff:lpm_ff_component|dffs[2]                                                                    ; probe_ram_q[2] ; clk        ;
; N/A   ; None         ; 5.339 ns   ; rom_ram_interface:inst|lpm_ff0:inst1|lpm_ff:lpm_ff_component|dffs[3]                                                                    ; probe_ff_q[3]  ; clk        ;
; N/A   ; None         ; 5.310 ns   ; rom_ram_interface:inst|lpm_ff0:inst1|lpm_ff:lpm_ff_component|dffs[5]                                                                    ; probe_ram_q[5] ; clk        ;
; N/A   ; None         ; 5.241 ns   ; rom_ram_interface:inst|lpm_ff0:inst1|lpm_ff:lpm_ff_component|dffs[5]~DUPLICATE                                                          ; probe_ff_q[5]  ; clk        ;
; N/A   ; None         ; 5.156 ns   ; rom_ram_interface:inst|lpm_ff0:inst1|lpm_ff:lpm_ff_component|dffs[6]~DUPLICATE                                                          ; probe_ff_q[6]  ; clk        ;
+-------+--------------+------------+-----------------------------------------------------------------------------------------------------------------------------------------+----------------+------------+


+------------------------------------------------------------------------+
; tpd                                                                    ;
+-------+-------------------+-----------------+---------+----------------+
; Slack ; Required P2P Time ; Actual P2P Time ; From    ; To             ;
+-------+-------------------+-----------------+---------+----------------+
; N/A   ; None              ; 10.435 ns       ; we      ; probe_ram_q[7] ;
; N/A   ; None              ; 9.998 ns        ; memenab ; probe_ram_q[7] ;
; N/A   ; None              ; 9.927 ns        ; outenab ; probe_ram_q[7] ;
; N/A   ; None              ; 9.338 ns        ; we      ; probe_ram_q[1] ;
; N/A   ; None              ; 9.075 ns        ; we      ; probe_ram_q[6] ;
; N/A   ; None              ; 9.062 ns        ; we      ; probe_ram_q[4] ;
; N/A   ; None              ; 8.955 ns        ; memenab ; probe_ram_q[1] ;
; N/A   ; None              ; 8.867 ns        ; we      ; probe_ram_q[0] ;
; N/A   ; None              ; 8.846 ns        ; outenab ; probe_ram_q[1] ;
; N/A   ; None              ; 8.837 ns        ; we      ; probe_ram_q[3] ;
; N/A   ; None              ; 8.809 ns        ; we      ; probe_ram_q[2] ;
; N/A   ; None              ; 8.697 ns        ; memenab ; probe_ram_q[6] ;
; N/A   ; None              ; 8.668 ns        ; memenab ; probe_ram_q[4] ;
; N/A   ; None              ; 8.667 ns        ; memenab ; probe_ram_q[0] ;
; N/A   ; None              ; 8.647 ns        ; memenab ; probe_ram_q[3] ;
; N/A   ; None              ; 8.636 ns        ; we      ; probe_ram_q[5] ;
; N/A   ; None              ; 8.587 ns        ; outenab ; probe_ram_q[6] ;
; N/A   ; None              ; 8.557 ns        ; outenab ; probe_ram_q[4] ;
; N/A   ; None              ; 8.472 ns        ; memenab ; probe_ram_q[2] ;
; N/A   ; None              ; 8.466 ns        ; memenab ; probe_ram_q[5] ;
; N/A   ; None              ; 8.359 ns        ; outenab ; probe_ram_q[0] ;
; N/A   ; None              ; 8.329 ns        ; outenab ; probe_ram_q[3] ;
; N/A   ; None              ; 8.301 ns        ; outenab ; probe_ram_q[2] ;
; N/A   ; None              ; 8.101 ns        ; outenab ; probe_ram_q[5] ;
+-------+-------------------+-----------------+---------+----------------+


+----------------------------------------------------------------------------------------------------------------------------------------------------------------------------------------------------------+
; th                                                                                                                                                                                                       ;
+---------------+-------------+-----------+-----------+-----------------------------------------------------------------------------------------------------------------------------------------+----------+
; Minimum Slack ; Required th ; Actual th ; From      ; To                                                                                                                                      ; To Clock ;
+---------------+-------------+-----------+-----------+-----------------------------------------------------------------------------------------------------------------------------------------+----------+
; N/A           ; None        ; -2.296 ns ; addres[1] ; rom_ram_interface:inst|lpm_ram_io:inst2|altram:sram|altsyncram:ram_block|altsyncram_0k71:auto_generated|ram_block1a0~porta_address_reg1 ; clk      ;
; N/A           ; None        ; -2.317 ns ; addres[3] ; rom_ram_interface:inst|lpm_ram_io:inst2|altram:sram|altsyncram:ram_block|altsyncram_0k71:auto_generated|ram_block1a0~porta_address_reg3 ; clk      ;
; N/A           ; None        ; -2.320 ns ; addres[1] ; rom_ram_interface:inst|lpm_rom0:inst|altsyncram:altsyncram_component|altsyncram_9v71:auto_generated|ram_block1a0~porta_address_reg1     ; clk      ;
; N/A           ; None        ; -2.345 ns ; addres[2] ; rom_ram_interface:inst|lpm_ram_io:inst2|altram:sram|altsyncram:ram_block|altsyncram_0k71:auto_generated|ram_block1a0~porta_address_reg2 ; clk      ;
; N/A           ; None        ; -2.529 ns ; addres[3] ; rom_ram_interface:inst|lpm_rom0:inst|altsyncram:altsyncram_component|altsyncram_9v71:auto_generated|ram_block1a0~porta_address_reg3     ; clk      ;
; N/A           ; None        ; -2.586 ns ; addres[2] ; rom_ram_interface:inst|lpm_rom0:inst|altsyncram:altsyncram_component|altsyncram_9v71:auto_generated|ram_block1a0~porta_address_reg2     ; clk      ;
; N/A           ; None        ; -3.134 ns ; addres[0] ; rom_ram_interface:inst|lpm_ram_io:inst2|altram:sram|altsyncram:ram_block|altsyncram_0k71:auto_generated|ram_block1a0~porta_address_reg0 ; clk      ;
; N/A           ; None        ; -3.154 ns ; addres[0] ; rom_ram_interface:inst|lpm_rom0:inst|altsyncram:altsyncram_component|altsyncram_9v71:auto_generated|ram_block1a0~porta_address_reg0     ; clk      ;
; N/A           ; None        ; -3.427 ns ; outenab   ; rom_ram_interface:inst|lpm_ram_io:inst2|altram:sram|altsyncram:ram_block|altsyncram_0k71:auto_generated|ram_block1a0~porta_datain_reg2  ; clk      ;
; N/A           ; None        ; -3.475 ns ; outenab   ; rom_ram_interface:inst|lpm_ram_io:inst2|altram:sram|altsyncram:ram_block|altsyncram_0k71:auto_generated|ram_block1a0~porta_datain_reg0  ; clk      ;
; N/A           ; None        ; -3.478 ns ; outenab   ; rom_ram_interface:inst|lpm_ram_io:inst2|altram:sram|altsyncram:ram_block|altsyncram_0k71:auto_generated|ram_block1a0~porta_datain_reg3  ; clk      ;
; N/A           ; None        ; -3.479 ns ; outenab   ; rom_ram_interface:inst|lpm_ram_io:inst2|altram:sram|altsyncram:ram_block|altsyncram_0k71:auto_generated|ram_block1a0~porta_datain_reg5  ; clk      ;
; N/A           ; None        ; -3.528 ns ; outenab   ; rom_ram_interface:inst|lpm_ram_io:inst2|altram:sram|altsyncram:ram_block|altsyncram_0k71:auto_generated|ram_block1a0~porta_we_reg       ; clk      ;
; N/A           ; None        ; -3.592 ns ; outenab   ; rom_ram_interface:inst|lpm_ram_io:inst2|altram:sram|altsyncram:ram_block|altsyncram_0k71:auto_generated|ram_block1a0~porta_datain_reg7  ; clk      ;
; N/A           ; None        ; -3.596 ns ; outenab   ; rom_ram_interface:inst|lpm_ram_io:inst2|altram:sram|altsyncram:ram_block|altsyncram_0k71:auto_generated|ram_block1a0~porta_datain_reg4  ; clk      ;
; N/A           ; None        ; -3.611 ns ; outenab   ; rom_ram_interface:inst|lpm_ram_io:inst2|altram:sram|altsyncram:ram_block|altsyncram_0k71:auto_generated|ram_block1a0~porta_datain_reg1  ; clk      ;
; N/A           ; None        ; -3.619 ns ; outenab   ; rom_ram_interface:inst|lpm_ram_io:inst2|altram:sram|altsyncram:ram_block|altsyncram_0k71:auto_generated|ram_block1a0~porta_datain_reg6  ; clk      ;
; N/A           ; None        ; -3.663 ns ; memenab   ; rom_ram_interface:inst|lpm_ram_io:inst2|altram:sram|altsyncram:ram_block|altsyncram_0k71:auto_generated|ram_block1a0~porta_datain_reg7  ; clk      ;
; N/A           ; None        ; -3.707 ns ; memenab   ; rom_ram_interface:inst|lpm_ram_io:inst2|altram:sram|altsyncram:ram_block|altsyncram_0k71:auto_generated|ram_block1a0~porta_datain_reg4  ; clk      ;
; N/A           ; None        ; -3.720 ns ; memenab   ; rom_ram_interface:inst|lpm_ram_io:inst2|altram:sram|altsyncram:ram_block|altsyncram_0k71:auto_generated|ram_block1a0~porta_datain_reg1  ; clk      ;
; N/A           ; None        ; -3.729 ns ; memenab   ; rom_ram_interface:inst|lpm_ram_io:inst2|altram:sram|altsyncram:ram_block|altsyncram_0k71:auto_generated|ram_block1a0~porta_datain_reg6  ; clk      ;
; N/A           ; None        ; -3.825 ns ; memenab   ; rom_ram_interface:inst|lpm_ram_io:inst2|altram:sram|altsyncram:ram_block|altsyncram_0k71:auto_generated|ram_block1a0~porta_datain_reg2  ; clk      ;
; N/A           ; None        ; -3.843 ns ; memenab   ; rom_ram_interface:inst|lpm_ram_io:inst2|altram:sram|altsyncram:ram_block|altsyncram_0k71:auto_generated|ram_block1a0~porta_datain_reg0  ; clk      ;
; N/A           ; None        ; -3.847 ns ; memenab   ; rom_ram_interface:inst|lpm_ram_io:inst2|altram:sram|altsyncram:ram_block|altsyncram_0k71:auto_generated|ram_block1a0~porta_datain_reg3  ; clk      ;
; N/A           ; None        ; -3.849 ns ; memenab   ; rom_ram_interface:inst|lpm_ram_io:inst2|altram:sram|altsyncram:ram_block|altsyncram_0k71:auto_generated|ram_block1a0~porta_datain_reg5  ; clk      ;
; N/A           ; None        ; -3.963 ns ; memenab   ; rom_ram_interface:inst|lpm_ram_io:inst2|altram:sram|altsyncram:ram_block|altsyncram_0k71:auto_generated|ram_block1a0~porta_we_reg       ; clk      ;
; N/A           ; None        ; -3.991 ns ; we        ; rom_ram_interface:inst|lpm_ram_io:inst2|altram:sram|altsyncram:ram_block|altsyncram_0k71:auto_generated|ram_block1a0~porta_datain_reg3  ; clk      ;
; N/A           ; None        ; -4.003 ns ; we        ; rom_ram_interface:inst|lpm_ram_io:inst2|altram:sram|altsyncram:ram_block|altsyncram_0k71:auto_generated|ram_block1a0~porta_datain_reg0  ; clk      ;
; N/A           ; None        ; -4.019 ns ; we        ; rom_ram_interface:inst|lpm_ram_io:inst2|altram:sram|altsyncram:ram_block|altsyncram_0k71:auto_generated|ram_block1a0~porta_datain_reg5  ; clk      ;
; N/A           ; None        ; -4.098 ns ; we        ; rom_ram_interface:inst|lpm_ram_io:inst2|altram:sram|altsyncram:ram_block|altsyncram_0k71:auto_generated|ram_block1a0~porta_datain_reg2  ; clk      ;
; N/A           ; None        ; -4.100 ns ; we        ; rom_ram_interface:inst|lpm_ram_io:inst2|altram:sram|altsyncram:ram_block|altsyncram_0k71:auto_generated|ram_block1a0~porta_datain_reg7  ; clk      ;
; N/A           ; None        ; -4.101 ns ; we        ; rom_ram_interface:inst|lpm_ram_io:inst2|altram:sram|altsyncram:ram_block|altsyncram_0k71:auto_generated|ram_block1a0~porta_datain_reg4  ; clk      ;
; N/A           ; None        ; -4.103 ns ; we        ; rom_ram_interface:inst|lpm_ram_io:inst2|altram:sram|altsyncram:ram_block|altsyncram_0k71:auto_generated|ram_block1a0~porta_datain_reg1  ; clk      ;
; N/A           ; None        ; -4.107 ns ; we        ; rom_ram_interface:inst|lpm_ram_io:inst2|altram:sram|altsyncram:ram_block|altsyncram_0k71:auto_generated|ram_block1a0~porta_datain_reg6  ; clk      ;
; N/A           ; None        ; -4.236 ns ; we        ; rom_ram_interface:inst|lpm_ram_io:inst2|altram:sram|altsyncram:ram_block|altsyncram_0k71:auto_generated|ram_block1a0~porta_we_reg       ; clk      ;
+---------------+-------------+-----------+-----------+-----------------------------------------------------------------------------------------------------------------------------------------+----------+


+--------------------------+
; Timing Analyzer Messages ;
+--------------------------+
Info: *******************************************************************
Info: Running Quartus II Classic Timing Analyzer
    Info: Version 9.1 Build 222 10/21/2009 SJ Web Edition
    Info: Processing started: Fri May 01 11:47:24 2026
Info: Command: quartus_tan --read_settings_files=off --write_settings_files=off lab3_var7_v1 -c lab3_var7_v1 --timing_analysis_only
Warning: Found pins functioning as undefined clocks and/or memory enables
    Info: Assuming node "clk" is an undefined clock
Info: Clock "clk" has Internal fmax of 342.47 MHz between source memory "rom_ram_interface:inst|lpm_ram_io:inst2|altram:sram|altsyncram:ram_block|altsyncram_0k71:auto_generated|ram_block1a0~porta_we_reg" and destination memory "rom_ram_interface:inst|lpm_ram_io:inst2|altram:sram|altsyncram:ram_block|altsyncram_0k71:auto_generated|ram_block1a0~porta_datain_reg5" (period= 2.92 ns)
    Info: + Longest memory to memory delay is 2.762 ns
        Info: 1: + IC(0.000 ns) + CELL(0.000 ns) = 0.000 ns; Loc. = M4K_X8_Y1; Fanout = 8; MEM Node = 'rom_ram_interface:inst|lpm_ram_io:inst2|altram:sram|altsyncram:ram_block|altsyncram_0k71:auto_generated|ram_block1a0~porta_we_reg'
        Info: 2: + IC(0.000 ns) + CELL(1.850 ns) = 1.850 ns; Loc. = M4K_X8_Y1; Fanout = 1; MEM Node = 'rom_ram_interface:inst|lpm_ram_io:inst2|altram:sram|altsyncram:ram_block|altsyncram_0k71:auto_generated|q_a[5]'
        Info: 3: + IC(0.433 ns) + CELL(0.053 ns) = 2.336 ns; Loc. = LCCOMB_X7_Y1_N10; Fanout = 2; COMB Node = 'rom_ram_interface:inst|inst9[5]~11'
        Info: 4: + IC(0.330 ns) + CELL(0.096 ns) = 2.762 ns; Loc. = M4K_X8_Y1; Fanout = 1; MEM Node = 'rom_ram_interface:inst|lpm_ram_io:inst2|altram:sram|altsyncram:ram_block|altsyncram_0k71:auto_generated|ram_block1a0~porta_datain_reg5'
        Info: Total cell delay = 1.999 ns ( 72.38 % )
        Info: Total interconnect delay = 0.763 ns ( 27.62 % )
    Info: - Smallest clock skew is 0.000 ns
        Info: + Shortest clock path from clock "clk" to destination memory is 2.359 ns
            Info: 1: + IC(0.000 ns) + CELL(0.854 ns) = 0.854 ns; Loc. = PIN_N20; Fanout = 1; CLK Node = 'clk'
            Info: 2: + IC(0.343 ns) + CELL(0.000 ns) = 1.197 ns; Loc. = CLKCTRL_G3; Fanout = 38; COMB Node = 'clk~clkctrl'
            Info: 3: + IC(0.681 ns) + CELL(0.481 ns) = 2.359 ns; Loc. = M4K_X8_Y1; Fanout = 1; MEM Node = 'rom_ram_interface:inst|lpm_ram_io:inst2|altram:sram|altsyncram:ram_block|altsyncram_0k71:auto_generated|ram_block1a0~porta_datain_reg5'
            Info: Total cell delay = 1.335 ns ( 56.59 % )
            Info: Total interconnect delay = 1.024 ns ( 43.41 % )
        Info: - Longest clock path from clock "clk" to source memory is 2.359 ns
            Info: 1: + IC(0.000 ns) + CELL(0.854 ns) = 0.854 ns; Loc. = PIN_N20; Fanout = 1; CLK Node = 'clk'
            Info: 2: + IC(0.343 ns) + CELL(0.000 ns) = 1.197 ns; Loc. = CLKCTRL_G3; Fanout = 38; COMB Node = 'clk~clkctrl'
            Info: 3: + IC(0.681 ns) + CELL(0.481 ns) = 2.359 ns; Loc. = M4K_X8_Y1; Fanout = 8; MEM Node = 'rom_ram_interface:inst|lpm_ram_io:inst2|altram:sram|altsyncram:ram_block|altsyncram_0k71:auto_generated|ram_block1a0~porta_we_reg'
            Info: Total cell delay = 1.335 ns ( 56.59 % )
            Info: Total interconnect delay = 1.024 ns ( 43.41 % )
    Info: + Micro clock to output delay of source is 0.136 ns
    Info: + Micro setup delay of destination is 0.022 ns
Info: tsu for memory "rom_ram_interface:inst|lpm_ram_io:inst2|altram:sram|altsyncram:ram_block|altsyncram_0k71:auto_generated|ram_block1a0~porta_we_reg" (data pin = "we", clock pin = "clk") is 4.461 ns
    Info: + Longest pin to memory delay is 6.798 ns
        Info: 1: + IC(0.000 ns) + CELL(0.830 ns) = 0.830 ns; Loc. = PIN_R1; Fanout = 11; PIN Node = 'we'
        Info: 2: + IC(5.067 ns) + CELL(0.346 ns) = 6.243 ns; Loc. = LCCOMB_X7_Y1_N6; Fanout = 1; COMB Node = 'rom_ram_interface:inst|lpm_ram_io:inst2|_~0'
        Info: 3: + IC(0.321 ns) + CELL(0.234 ns) = 6.798 ns; Loc. = M4K_X8_Y1; Fanout = 8; MEM Node = 'rom_ram_interface:inst|lpm_ram_io:inst2|altram:sram|altsyncram:ram_block|altsyncram_0k71:auto_generated|ram_block1a0~porta_we_reg'
        Info: Total cell delay = 1.410 ns ( 20.74 % )
        Info: Total interconnect delay = 5.388 ns ( 79.26 % )
    Info: + Micro setup delay of destination is 0.022 ns
    Info: - Shortest clock path from clock "clk" to destination memory is 2.359 ns
        Info: 1: + IC(0.000 ns) + CELL(0.854 ns) = 0.854 ns; Loc. = PIN_N20; Fanout = 1; CLK Node = 'clk'
        Info: 2: + IC(0.343 ns) + CELL(0.000 ns) = 1.197 ns; Loc. = CLKCTRL_G3; Fanout = 38; COMB Node = 'clk~clkctrl'
        Info: 3: + IC(0.681 ns) + CELL(0.481 ns) = 2.359 ns; Loc. = M4K_X8_Y1; Fanout = 8; MEM Node = 'rom_ram_interface:inst|lpm_ram_io:inst2|altram:sram|altsyncram:ram_block|altsyncram_0k71:auto_generated|ram_block1a0~porta_we_reg'
        Info: Total cell delay = 1.335 ns ( 56.59 % )
        Info: Total interconnect delay = 1.024 ns ( 43.41 % )
Info: tco from clock "clk" to destination pin "probe_ram_q[7]" through memory "rom_ram_interface:inst|lpm_ram_io:inst2|altram:sram|altsyncram:ram_block|altsyncram_0k71:auto_generated|ram_block1a0~porta_we_reg" is 8.873 ns
    Info: + Longest clock path from clock "clk" to source memory is 2.359 ns
        Info: 1: + IC(0.000 ns) + CELL(0.854 ns) = 0.854 ns; Loc. = PIN_N20; Fanout = 1; CLK Node = 'clk'
        Info: 2: + IC(0.343 ns) + CELL(0.000 ns) = 1.197 ns; Loc. = CLKCTRL_G3; Fanout = 38; COMB Node = 'clk~clkctrl'
        Info: 3: + IC(0.681 ns) + CELL(0.481 ns) = 2.359 ns; Loc. = M4K_X8_Y1; Fanout = 8; MEM Node = 'rom_ram_interface:inst|lpm_ram_io:inst2|altram:sram|altsyncram:ram_block|altsyncram_0k71:auto_generated|ram_block1a0~porta_we_reg'
        Info: Total cell delay = 1.335 ns ( 56.59 % )
        Info: Total interconnect delay = 1.024 ns ( 43.41 % )
    Info: + Micro clock to output delay of source is 0.136 ns
    Info: + Longest memory to pin delay is 6.378 ns
        Info: 1: + IC(0.000 ns) + CELL(0.000 ns) = 0.000 ns; Loc. = M4K_X8_Y1; Fanout = 8; MEM Node = 'rom_ram_interface:inst|lpm_ram_io:inst2|altram:sram|altsyncram:ram_block|altsyncram_0k71:auto_generated|ram_block1a0~porta_we_reg'
        Info: 2: + IC(0.000 ns) + CELL(1.850 ns) = 1.850 ns; Loc. = M4K_X8_Y1; Fanout = 1; MEM Node = 'rom_ram_interface:inst|lpm_ram_io:inst2|altram:sram|altsyncram:ram_block|altsyncram_0k71:auto_generated|q_a[7]'
        Info: 3: + IC(0.283 ns) + CELL(0.053 ns) = 2.186 ns; Loc. = LCCOMB_X7_Y1_N0; Fanout = 2; COMB Node = 'rom_ram_interface:inst|inst9[7]~8'
        Info: 4: + IC(2.048 ns) + CELL(2.144 ns) = 6.378 ns; Loc. = PIN_W3; Fanout = 0; PIN Node = 'probe_ram_q[7]'
        Info: Total cell delay = 4.047 ns ( 63.45 % )
        Info: Total interconnect delay = 2.331 ns ( 36.55 % )
Info: Longest tpd from source pin "we" to destination pin "probe_ram_q[7]" is 10.435 ns
    Info: 1: + IC(0.000 ns) + CELL(0.830 ns) = 0.830 ns; Loc. = PIN_R1; Fanout = 11; PIN Node = 'we'
    Info: 2: + IC(5.067 ns) + CELL(0.346 ns) = 6.243 ns; Loc. = LCCOMB_X7_Y1_N0; Fanout = 2; COMB Node = 'rom_ram_interface:inst|inst9[7]~8'
    Info: 3: + IC(2.048 ns) + CELL(2.144 ns) = 10.435 ns; Loc. = PIN_W3; Fanout = 0; PIN Node = 'probe_ram_q[7]'
    Info: Total cell delay = 3.320 ns ( 31.82 % )
    Info: Total interconnect delay = 7.115 ns ( 68.18 % )
Info: th for memory "rom_ram_interface:inst|lpm_ram_io:inst2|altram:sram|altsyncram:ram_block|altsyncram_0k71:auto_generated|ram_block1a0~porta_address_reg1" (data pin = "addres[1]", clock pin = "clk") is -2.296 ns
    Info: + Longest clock path from clock "clk" to destination memory is 2.359 ns
        Info: 1: + IC(0.000 ns) + CELL(0.854 ns) = 0.854 ns; Loc. = PIN_N20; Fanout = 1; CLK Node = 'clk'
        Info: 2: + IC(0.343 ns) + CELL(0.000 ns) = 1.197 ns; Loc. = CLKCTRL_G3; Fanout = 38; COMB Node = 'clk~clkctrl'
        Info: 3: + IC(0.681 ns) + CELL(0.481 ns) = 2.359 ns; Loc. = M4K_X8_Y1; Fanout = 8; MEM Node = 'rom_ram_interface:inst|lpm_ram_io:inst2|altram:sram|altsyncram:ram_block|altsyncram_0k71:auto_generated|ram_block1a0~porta_address_reg1'
        Info: Total cell delay = 1.335 ns ( 56.59 % )
        Info: Total interconnect delay = 1.024 ns ( 43.41 % )
    Info: + Micro hold delay of destination is 0.203 ns
    Info: - Shortest pin to memory delay is 4.858 ns
        Info: 1: + IC(0.000 ns) + CELL(0.827 ns) = 0.827 ns; Loc. = PIN_V14; Fanout = 2; PIN Node = 'addres[1]'
        Info: 2: + IC(3.928 ns) + CELL(0.103 ns) = 4.858 ns; Loc. = M4K_X8_Y1; Fanout = 8; MEM Node = 'rom_ram_interface:inst|lpm_ram_io:inst2|altram:sram|altsyncram:ram_block|altsyncram_0k71:auto_generated|ram_block1a0~porta_address_reg1'
        Info: Total cell delay = 0.930 ns ( 19.14 % )
        Info: Total interconnect delay = 3.928 ns ( 80.86 % )
Info: Quartus II Classic Timing Analyzer was successful. 0 errors, 1 warning
    Info: Peak virtual memory: 199 megabytes
    Info: Processing ended: Fri May 01 11:47:24 2026
    Info: Elapsed time: 00:00:00
    Info: Total CPU time (on all processors): 00:00:00


