Simulator report for lab5_var4_v1
Tue May 26 01:39:25 2026
Quartus II Version 9.1 Build 222 10/21/2009 SJ Web Edition


---------------------
; Table of Contents ;
---------------------
  1. Legal Notice
  2. Simulator Summary
  3. Simulator Settings
  4. Simulation Waveforms
  5. |lab5_var4_v1|memory_unit:inst2|lpm_rom1:ROM|altsyncram:altsyncram_component|altsyncram_3281:auto_generated|ALTSYNCRAM
  6. |lab5_var4_v1|memory_unit:inst2|altsyncram0:RAM|altsyncram:altsyncram_component|altsyncram_4bc1:auto_generated|ALTSYNCRAM
  7. Coverage Summary
  8. Complete 1/0-Value Coverage
  9. Missing 1-Value Coverage
 10. Missing 0-Value Coverage
 11. Simulator INI Usage
 12. Simulator Messages



----------------
; Legal Notice ;
----------------
Copyright (C) 1991-2009 Altera Corporation
Your use of Altera Corporation's design tools, logic functions 
and other software and tools, and its AMPP partner logic 
functions, and any output files from any of the foregoing 
(including device programming or simulation files), and any 
associated documentation or information are expressly subject 
to the terms and conditions of the Altera Program License 
Subscription Agreement, Altera MegaCore Function License 
Agreement, or other applicable license agreement, including, 
without limitation, that your use is for the sole purpose of 
programming logic devices manufactured by Altera and sold by 
Altera or its authorized distributors.  Please refer to the 
applicable agreement for further details.



+--------------------------------------------+
; Simulator Summary                          ;
+-----------------------------+--------------+
; Type                        ; Value        ;
+-----------------------------+--------------+
; Simulation Start Time       ; 0 ps         ;
; Simulation End Time         ; 1.0 us       ;
; Simulation Netlist Size     ; 663 nodes    ;
; Simulation Coverage         ;      36.55 % ;
; Total Number of Transitions ; 3088         ;
; Simulation Breakpoints      ; 0            ;
; Family                      ; Stratix II   ;
+-----------------------------+--------------+


+-------------------------------------------------------------------------------------------------------------------------------+
; Simulator Settings                                                                                                            ;
+--------------------------------------------------------------------------------------------+------------------+---------------+
; Option                                                                                     ; Setting          ; Default Value ;
+--------------------------------------------------------------------------------------------+------------------+---------------+
; Simulation mode                                                                            ; Functional       ; Timing        ;
; Start time                                                                                 ; 0 ns             ; 0 ns          ;
; Simulation results format                                                                  ; CVWF             ;               ;
; Vector input source                                                                        ; lab5_var4_v1.vwf ;               ;
; Add pins automatically to simulation output waveforms                                      ; On               ; On            ;
; Check outputs                                                                              ; Off              ; Off           ;
; Report simulation coverage                                                                 ; On               ; On            ;
; Display complete 1/0 value coverage report                                                 ; On               ; On            ;
; Display missing 1-value coverage report                                                    ; On               ; On            ;
; Display missing 0-value coverage report                                                    ; On               ; On            ;
; Detect setup and hold time violations                                                      ; Off              ; Off           ;
; Detect glitches                                                                            ; Off              ; Off           ;
; Disable timing delays in Timing Simulation                                                 ; Off              ; Off           ;
; Generate Signal Activity File                                                              ; Off              ; Off           ;
; Generate VCD File for PowerPlay Power Analyzer                                             ; Off              ; Off           ;
; Group bus channels in simulation results                                                   ; Off              ; Off           ;
; Preserve fewer signal transitions to reduce memory requirements                            ; On               ; On            ;
; Trigger vector comparison with the specified mode                                          ; INPUT_EDGE       ; INPUT_EDGE    ;
; Disable setup and hold time violations detection in input registers of bi-directional pins ; Off              ; Off           ;
; Overwrite Waveform Inputs With Simulation Outputs                                          ; Off              ;               ;
; Perform Glitch Filtering in Timing Simulation                                              ; Auto             ; Auto          ;
+--------------------------------------------------------------------------------------------+------------------+---------------+


+----------------------+
; Simulation Waveforms ;
+----------------------+
Waveform report data cannot be output to ASCII.
Please use Quartus II to view the waveform report data.


+------------------------------------------------------------------------------------------------------------------------+
; |lab5_var4_v1|memory_unit:inst2|lpm_rom1:ROM|altsyncram:altsyncram_component|altsyncram_3281:auto_generated|ALTSYNCRAM ;
+------------------------------------------------------------------------------------------------------------------------+
Please refer to fitter text-based report (*.fit.rpt) to view logical memory report content in ASCII.


+---------------------------------------------------------------------------------------------------------------------------+
; |lab5_var4_v1|memory_unit:inst2|altsyncram0:RAM|altsyncram:altsyncram_component|altsyncram_4bc1:auto_generated|ALTSYNCRAM ;
+---------------------------------------------------------------------------------------------------------------------------+
Please refer to fitter text-based report (*.fit.rpt) to view logical memory report content in ASCII.


+--------------------------------------------------------------------+
; Coverage Summary                                                   ;
+-----------------------------------------------------+--------------+
; Type                                                ; Value        ;
+-----------------------------------------------------+--------------+
; Total coverage as a percentage                      ;      36.55 % ;
; Total nodes checked                                 ; 663          ;
; Total output ports checked                          ; 673          ;
; Total output ports with complete 1/0-value coverage ; 246          ;
; Total output ports with no 1/0-value coverage       ; 398          ;
; Total output ports with no 1-value coverage         ; 400          ;
; Total output ports with no 0-value coverage         ; 425          ;
+-----------------------------------------------------+--------------+


The following table displays output ports that toggle between 1 and 0 during simulation.
+--------------------------------------------------------------------------------------------------------------------------------------------------------------------------------------------------------------------------------------------------------------------------------------------------------------------------------------------------------------------------------------------------------+
; Complete 1/0-Value Coverage                                                                                                                                                                                                                                                                                                                                                                            ;
+------------------------------------------------------------------------------------------------------------------------------------------------------------------------------------------+------------------------------------------------------------------------------------------------------------------------------------------------------------------------------------------+------------------+
; Node Name                                                                                                                                                                                ; Output Port Name                                                                                                                                                                         ; Output Port Type ;
+------------------------------------------------------------------------------------------------------------------------------------------------------------------------------------------+------------------------------------------------------------------------------------------------------------------------------------------------------------------------------------------+------------------+
; |lab5_var4_v1|clk                                                                                                                                                                        ; |lab5_var4_v1|clk                                                                                                                                                                        ; out              ;
; |lab5_var4_v1|ir_load                                                                                                                                                                    ; |lab5_var4_v1|ir_load                                                                                                                                                                    ; pin_out          ;
; |lab5_var4_v1|ram_en                                                                                                                                                                     ; |lab5_var4_v1|ram_en                                                                                                                                                                     ; pin_out          ;
; |lab5_var4_v1|rom_en                                                                                                                                                                     ; |lab5_var4_v1|rom_en                                                                                                                                                                     ; pin_out          ;
; |lab5_var4_v1|addr_sel                                                                                                                                                                   ; |lab5_var4_v1|addr_sel                                                                                                                                                                   ; pin_out          ;
; |lab5_var4_v1|ip_en                                                                                                                                                                      ; |lab5_var4_v1|ip_en                                                                                                                                                                      ; pin_out          ;
; |lab5_var4_v1|ir_out[0]                                                                                                                                                                  ; |lab5_var4_v1|ir_out[0]                                                                                                                                                                  ; pin_out          ;
; |lab5_var4_v1|ar_load                                                                                                                                                                    ; |lab5_var4_v1|ar_load                                                                                                                                                                    ; pin_out          ;
; |lab5_var4_v1|dr_load                                                                                                                                                                    ; |lab5_var4_v1|dr_load                                                                                                                                                                    ; pin_out          ;
; |lab5_var4_v1|ron_we                                                                                                                                                                     ; |lab5_var4_v1|ron_we                                                                                                                                                                     ; pin_out          ;
; |lab5_var4_v1|ron_addr[0]                                                                                                                                                                ; |lab5_var4_v1|ron_addr[0]                                                                                                                                                                ; pin_out          ;
; |lab5_var4_v1|ar_out[0]                                                                                                                                                                  ; |lab5_var4_v1|ar_out[0]                                                                                                                                                                  ; pin_out          ;
; |lab5_var4_v1|data_out[4]                                                                                                                                                                ; |lab5_var4_v1|data_out[4]                                                                                                                                                                ; pin_out          ;
; |lab5_var4_v1|data_out[2]                                                                                                                                                                ; |lab5_var4_v1|data_out[2]                                                                                                                                                                ; pin_out          ;
; |lab5_var4_v1|data_out[0]                                                                                                                                                                ; |lab5_var4_v1|data_out[0]                                                                                                                                                                ; pin_out          ;
; |lab5_var4_v1|DCa_out[7]                                                                                                                                                                 ; |lab5_var4_v1|DCa_out[7]                                                                                                                                                                 ; pin_out          ;
; |lab5_var4_v1|DCa_out[6]                                                                                                                                                                 ; |lab5_var4_v1|DCa_out[6]                                                                                                                                                                 ; pin_out          ;
; |lab5_var4_v1|DCa_out[5]                                                                                                                                                                 ; |lab5_var4_v1|DCa_out[5]                                                                                                                                                                 ; pin_out          ;
; |lab5_var4_v1|DCa_out[4]                                                                                                                                                                 ; |lab5_var4_v1|DCa_out[4]                                                                                                                                                                 ; pin_out          ;
; |lab5_var4_v1|DCa_out[3]                                                                                                                                                                 ; |lab5_var4_v1|DCa_out[3]                                                                                                                                                                 ; pin_out          ;
; |lab5_var4_v1|DCa_out[2]                                                                                                                                                                 ; |lab5_var4_v1|DCa_out[2]                                                                                                                                                                 ; pin_out          ;
; |lab5_var4_v1|DCa_out[1]                                                                                                                                                                 ; |lab5_var4_v1|DCa_out[1]                                                                                                                                                                 ; pin_out          ;
; |lab5_var4_v1|DCa_out[0]                                                                                                                                                                 ; |lab5_var4_v1|DCa_out[0]                                                                                                                                                                 ; pin_out          ;
; |lab5_var4_v1|dr_out[4]                                                                                                                                                                  ; |lab5_var4_v1|dr_out[4]                                                                                                                                                                  ; pin_out          ;
; |lab5_var4_v1|dr_out[2]                                                                                                                                                                  ; |lab5_var4_v1|dr_out[2]                                                                                                                                                                  ; pin_out          ;
; |lab5_var4_v1|dr_out[0]                                                                                                                                                                  ; |lab5_var4_v1|dr_out[0]                                                                                                                                                                  ; pin_out          ;
; |lab5_var4_v1|ip_out[0]                                                                                                                                                                  ; |lab5_var4_v1|ip_out[0]                                                                                                                                                                  ; pin_out          ;
; |lab5_var4_v1|opcode[0]                                                                                                                                                                  ; |lab5_var4_v1|opcode[0]                                                                                                                                                                  ; pin_out          ;
; |lab5_var4_v1|rom_ram_address[2]                                                                                                                                                         ; |lab5_var4_v1|rom_ram_address[2]                                                                                                                                                         ; pin_out          ;
; |lab5_var4_v1|rom_ram_address[1]                                                                                                                                                         ; |lab5_var4_v1|rom_ram_address[1]                                                                                                                                                         ; pin_out          ;
; |lab5_var4_v1|rom_ram_address[0]                                                                                                                                                         ; |lab5_var4_v1|rom_ram_address[0]                                                                                                                                                         ; pin_out          ;
; |lab5_var4_v1|rom_ram_out[7]                                                                                                                                                             ; |lab5_var4_v1|rom_ram_out[7]                                                                                                                                                             ; pin_out          ;
; |lab5_var4_v1|rom_ram_out[6]                                                                                                                                                             ; |lab5_var4_v1|rom_ram_out[6]                                                                                                                                                             ; pin_out          ;
; |lab5_var4_v1|rom_ram_out[5]                                                                                                                                                             ; |lab5_var4_v1|rom_ram_out[5]                                                                                                                                                             ; pin_out          ;
; |lab5_var4_v1|rom_ram_out[4]                                                                                                                                                             ; |lab5_var4_v1|rom_ram_out[4]                                                                                                                                                             ; pin_out          ;
; |lab5_var4_v1|rom_ram_out[3]                                                                                                                                                             ; |lab5_var4_v1|rom_ram_out[3]                                                                                                                                                             ; pin_out          ;
; |lab5_var4_v1|rom_ram_out[2]                                                                                                                                                             ; |lab5_var4_v1|rom_ram_out[2]                                                                                                                                                             ; pin_out          ;
; |lab5_var4_v1|rom_ram_out[0]                                                                                                                                                             ; |lab5_var4_v1|rom_ram_out[0]                                                                                                                                                             ; pin_out          ;
; |lab5_var4_v1|ron_unit:inst9|inst7                                                                                                                                                       ; |lab5_var4_v1|ron_unit:inst9|inst7                                                                                                                                                       ; out0             ;
; |lab5_var4_v1|ron_unit:inst9|inst8                                                                                                                                                       ; |lab5_var4_v1|ron_unit:inst9|inst8                                                                                                                                                       ; out0             ;
; |lab5_var4_v1|ron_unit:inst9|lpm_decode2:inst16|lpm_decode:lpm_decode_component|decode_p7f:auto_generated|w_anode15w[2]                                                                  ; |lab5_var4_v1|ron_unit:inst9|lpm_decode2:inst16|lpm_decode:lpm_decode_component|decode_p7f:auto_generated|w_anode15w[2]                                                                  ; out0             ;
; |lab5_var4_v1|ron_unit:inst9|lpm_decode2:inst16|lpm_decode:lpm_decode_component|decode_p7f:auto_generated|w_anode1w[2]                                                                   ; |lab5_var4_v1|ron_unit:inst9|lpm_decode2:inst16|lpm_decode:lpm_decode_component|decode_p7f:auto_generated|w_anode1w[2]                                                                   ; out0             ;
; |lab5_var4_v1|ron_unit:inst9|lpm_mux6:inst|lpm_mux:lpm_mux_component|mux_c4e:auto_generated|l1_w0_n0_mux_dataout~1                                                                       ; |lab5_var4_v1|ron_unit:inst9|lpm_mux6:inst|lpm_mux:lpm_mux_component|mux_c4e:auto_generated|l1_w0_n0_mux_dataout~1                                                                       ; out0             ;
; |lab5_var4_v1|ron_unit:inst9|lpm_mux6:inst|lpm_mux:lpm_mux_component|mux_c4e:auto_generated|l1_w0_n0_mux_dataout                                                                         ; |lab5_var4_v1|ron_unit:inst9|lpm_mux6:inst|lpm_mux:lpm_mux_component|mux_c4e:auto_generated|l1_w0_n0_mux_dataout                                                                         ; out0             ;
; |lab5_var4_v1|ron_unit:inst9|lpm_mux6:inst|lpm_mux:lpm_mux_component|mux_c4e:auto_generated|l1_w2_n0_mux_dataout~1                                                                       ; |lab5_var4_v1|ron_unit:inst9|lpm_mux6:inst|lpm_mux:lpm_mux_component|mux_c4e:auto_generated|l1_w2_n0_mux_dataout~1                                                                       ; out0             ;
; |lab5_var4_v1|ron_unit:inst9|lpm_mux6:inst|lpm_mux:lpm_mux_component|mux_c4e:auto_generated|l1_w2_n0_mux_dataout                                                                         ; |lab5_var4_v1|ron_unit:inst9|lpm_mux6:inst|lpm_mux:lpm_mux_component|mux_c4e:auto_generated|l1_w2_n0_mux_dataout                                                                         ; out0             ;
; |lab5_var4_v1|ron_unit:inst9|lpm_mux6:inst|lpm_mux:lpm_mux_component|mux_c4e:auto_generated|l1_w4_n0_mux_dataout~1                                                                       ; |lab5_var4_v1|ron_unit:inst9|lpm_mux6:inst|lpm_mux:lpm_mux_component|mux_c4e:auto_generated|l1_w4_n0_mux_dataout~1                                                                       ; out0             ;
; |lab5_var4_v1|ron_unit:inst9|lpm_mux6:inst|lpm_mux:lpm_mux_component|mux_c4e:auto_generated|l1_w4_n0_mux_dataout                                                                         ; |lab5_var4_v1|ron_unit:inst9|lpm_mux6:inst|lpm_mux:lpm_mux_component|mux_c4e:auto_generated|l1_w4_n0_mux_dataout                                                                         ; out0             ;
; |lab5_var4_v1|ron_unit:inst9|lpm_mux6:inst|lpm_mux:lpm_mux_component|mux_c4e:auto_generated|l2_w0_n0_mux_dataout~1                                                                       ; |lab5_var4_v1|ron_unit:inst9|lpm_mux6:inst|lpm_mux:lpm_mux_component|mux_c4e:auto_generated|l2_w0_n0_mux_dataout~1                                                                       ; out0             ;
; |lab5_var4_v1|ron_unit:inst9|lpm_mux6:inst|lpm_mux:lpm_mux_component|mux_c4e:auto_generated|l2_w0_n0_mux_dataout                                                                         ; |lab5_var4_v1|ron_unit:inst9|lpm_mux6:inst|lpm_mux:lpm_mux_component|mux_c4e:auto_generated|l2_w0_n0_mux_dataout                                                                         ; out0             ;
; |lab5_var4_v1|ron_unit:inst9|lpm_mux6:inst|lpm_mux:lpm_mux_component|mux_c4e:auto_generated|l2_w2_n0_mux_dataout~1                                                                       ; |lab5_var4_v1|ron_unit:inst9|lpm_mux6:inst|lpm_mux:lpm_mux_component|mux_c4e:auto_generated|l2_w2_n0_mux_dataout~1                                                                       ; out0             ;
; |lab5_var4_v1|ron_unit:inst9|lpm_mux6:inst|lpm_mux:lpm_mux_component|mux_c4e:auto_generated|l2_w2_n0_mux_dataout                                                                         ; |lab5_var4_v1|ron_unit:inst9|lpm_mux6:inst|lpm_mux:lpm_mux_component|mux_c4e:auto_generated|l2_w2_n0_mux_dataout                                                                         ; out0             ;
; |lab5_var4_v1|ron_unit:inst9|lpm_mux6:inst|lpm_mux:lpm_mux_component|mux_c4e:auto_generated|l2_w4_n0_mux_dataout~1                                                                       ; |lab5_var4_v1|ron_unit:inst9|lpm_mux6:inst|lpm_mux:lpm_mux_component|mux_c4e:auto_generated|l2_w4_n0_mux_dataout~1                                                                       ; out0             ;
; |lab5_var4_v1|ron_unit:inst9|lpm_mux6:inst|lpm_mux:lpm_mux_component|mux_c4e:auto_generated|l2_w4_n0_mux_dataout                                                                         ; |lab5_var4_v1|ron_unit:inst9|lpm_mux6:inst|lpm_mux:lpm_mux_component|mux_c4e:auto_generated|l2_w4_n0_mux_dataout                                                                         ; out0             ;
; |lab5_var4_v1|lpm_ff9:regAA|lpm_ff:lpm_ff_component|dffs[2]                                                                                                                              ; |lab5_var4_v1|lpm_ff9:regAA|lpm_ff:lpm_ff_component|dffs[2]                                                                                                                              ; regout           ;
; |lab5_var4_v1|lpm_ff9:regAA|lpm_ff:lpm_ff_component|dffs[0]                                                                                                                              ; |lab5_var4_v1|lpm_ff9:regAA|lpm_ff:lpm_ff_component|dffs[0]                                                                                                                              ; regout           ;
; |lab5_var4_v1|arithmetic_logic_unit:inst1|inst17                                                                                                                                         ; |lab5_var4_v1|arithmetic_logic_unit:inst1|inst17                                                                                                                                         ; out0             ;
; |lab5_var4_v1|arithmetic_logic_unit:inst1|lpm_mux11:inst|lpm_mux:lpm_mux_component|mux_54e:auto_generated|l1_w0_n1_mux_dataout~1                                                         ; |lab5_var4_v1|arithmetic_logic_unit:inst1|lpm_mux11:inst|lpm_mux:lpm_mux_component|mux_54e:auto_generated|l1_w0_n1_mux_dataout~1                                                         ; out0             ;
; |lab5_var4_v1|arithmetic_logic_unit:inst1|lpm_mux11:inst|lpm_mux:lpm_mux_component|mux_54e:auto_generated|l1_w0_n1_mux_dataout                                                           ; |lab5_var4_v1|arithmetic_logic_unit:inst1|lpm_mux11:inst|lpm_mux:lpm_mux_component|mux_54e:auto_generated|l1_w0_n1_mux_dataout                                                           ; out0             ;
; |lab5_var4_v1|arithmetic_logic_unit:inst1|lpm_mux11:inst|lpm_mux:lpm_mux_component|mux_54e:auto_generated|l2_w0_n0_mux_dataout~0                                                         ; |lab5_var4_v1|arithmetic_logic_unit:inst1|lpm_mux11:inst|lpm_mux:lpm_mux_component|mux_54e:auto_generated|l2_w0_n0_mux_dataout~0                                                         ; out0             ;
; |lab5_var4_v1|arithmetic_logic_unit:inst1|CMP:inst12|fulladd:0|inst                                                                                                                      ; |lab5_var4_v1|arithmetic_logic_unit:inst1|CMP:inst12|fulladd:0|inst                                                                                                                      ; out0             ;
; |lab5_var4_v1|arithmetic_logic_unit:inst1|CMP:inst12|fulladd:0|inst28                                                                                                                    ; |lab5_var4_v1|arithmetic_logic_unit:inst1|CMP:inst12|fulladd:0|inst28                                                                                                                    ; out0             ;
; |lab5_var4_v1|arithmetic_logic_unit:inst1|CMP:inst12|fulladd:2|inst27                                                                                                                    ; |lab5_var4_v1|arithmetic_logic_unit:inst1|CMP:inst12|fulladd:2|inst27                                                                                                                    ; out0             ;
; |lab5_var4_v1|arithmetic_logic_unit:inst1|CMP:inst12|fulladd:2|inst                                                                                                                      ; |lab5_var4_v1|arithmetic_logic_unit:inst1|CMP:inst12|fulladd:2|inst                                                                                                                      ; out0             ;
; |lab5_var4_v1|arithmetic_logic_unit:inst1|CMP:inst12|fulladd:2|inst29                                                                                                                    ; |lab5_var4_v1|arithmetic_logic_unit:inst1|CMP:inst12|fulladd:2|inst29                                                                                                                    ; out0             ;
; |lab5_var4_v1|arithmetic_logic_unit:inst1|CMP:inst12|fulladd:2|inst28                                                                                                                    ; |lab5_var4_v1|arithmetic_logic_unit:inst1|CMP:inst12|fulladd:2|inst28                                                                                                                    ; out0             ;
; |lab5_var4_v1|arithmetic_logic_unit:inst1|logic_NOR:inst7|inst                                                                                                                           ; |lab5_var4_v1|arithmetic_logic_unit:inst1|logic_NOR:inst7|inst                                                                                                                           ; out0             ;
; |lab5_var4_v1|arithmetic_logic_unit:inst1|logic_NOR:inst7|inst2                                                                                                                          ; |lab5_var4_v1|arithmetic_logic_unit:inst1|logic_NOR:inst7|inst2                                                                                                                          ; out0             ;
; |lab5_var4_v1|arithmetic_logic_unit:inst1|lpm_mux12:inst5|lpm_mux:lpm_mux_component|mux_c4e:auto_generated|l1_w1_n1_mux_dataout~1                                                        ; |lab5_var4_v1|arithmetic_logic_unit:inst1|lpm_mux12:inst5|lpm_mux:lpm_mux_component|mux_c4e:auto_generated|l1_w1_n1_mux_dataout~1                                                        ; out0             ;
; |lab5_var4_v1|arithmetic_logic_unit:inst1|lpm_mux12:inst5|lpm_mux:lpm_mux_component|mux_c4e:auto_generated|l1_w1_n1_mux_dataout                                                          ; |lab5_var4_v1|arithmetic_logic_unit:inst1|lpm_mux12:inst5|lpm_mux:lpm_mux_component|mux_c4e:auto_generated|l1_w1_n1_mux_dataout                                                          ; out0             ;
; |lab5_var4_v1|arithmetic_logic_unit:inst1|lpm_mux12:inst5|lpm_mux:lpm_mux_component|mux_c4e:auto_generated|l2_w1_n0_mux_dataout~0                                                        ; |lab5_var4_v1|arithmetic_logic_unit:inst1|lpm_mux12:inst5|lpm_mux:lpm_mux_component|mux_c4e:auto_generated|l2_w1_n0_mux_dataout~0                                                        ; out0             ;
; |lab5_var4_v1|arithmetic_logic_unit:inst1|lpm_mux12:inst5|lpm_mux:lpm_mux_component|mux_c4e:auto_generated|l2_w1_n0_mux_dataout                                                          ; |lab5_var4_v1|arithmetic_logic_unit:inst1|lpm_mux12:inst5|lpm_mux:lpm_mux_component|mux_c4e:auto_generated|l2_w1_n0_mux_dataout                                                          ; out0             ;
; |lab5_var4_v1|lpm_mux8:inst14|lpm_mux:lpm_mux_component|mux_b4e:auto_generated|data0_wire[7]                                                                                             ; |lab5_var4_v1|lpm_mux8:inst14|lpm_mux:lpm_mux_component|mux_b4e:auto_generated|data0_wire[7]                                                                                             ; out0             ;
; |lab5_var4_v1|lpm_mux8:inst14|lpm_mux:lpm_mux_component|mux_b4e:auto_generated|data0_wire[6]                                                                                             ; |lab5_var4_v1|lpm_mux8:inst14|lpm_mux:lpm_mux_component|mux_b4e:auto_generated|data0_wire[6]                                                                                             ; out0             ;
; |lab5_var4_v1|lpm_mux8:inst14|lpm_mux:lpm_mux_component|mux_b4e:auto_generated|data0_wire[5]                                                                                             ; |lab5_var4_v1|lpm_mux8:inst14|lpm_mux:lpm_mux_component|mux_b4e:auto_generated|data0_wire[5]                                                                                             ; out0             ;
; |lab5_var4_v1|lpm_mux8:inst14|lpm_mux:lpm_mux_component|mux_b4e:auto_generated|data0_wire[4]                                                                                             ; |lab5_var4_v1|lpm_mux8:inst14|lpm_mux:lpm_mux_component|mux_b4e:auto_generated|data0_wire[4]                                                                                             ; out0             ;
; |lab5_var4_v1|lpm_mux8:inst14|lpm_mux:lpm_mux_component|mux_b4e:auto_generated|data0_wire[3]                                                                                             ; |lab5_var4_v1|lpm_mux8:inst14|lpm_mux:lpm_mux_component|mux_b4e:auto_generated|data0_wire[3]                                                                                             ; out0             ;
; |lab5_var4_v1|lpm_mux8:inst14|lpm_mux:lpm_mux_component|mux_b4e:auto_generated|data0_wire[2]                                                                                             ; |lab5_var4_v1|lpm_mux8:inst14|lpm_mux:lpm_mux_component|mux_b4e:auto_generated|data0_wire[2]                                                                                             ; out0             ;
; |lab5_var4_v1|lpm_mux8:inst14|lpm_mux:lpm_mux_component|mux_b4e:auto_generated|data0_wire[0]                                                                                             ; |lab5_var4_v1|lpm_mux8:inst14|lpm_mux:lpm_mux_component|mux_b4e:auto_generated|data0_wire[0]                                                                                             ; out0             ;
; |lab5_var4_v1|lpm_mux8:inst14|lpm_mux:lpm_mux_component|mux_b4e:auto_generated|data2_wire[4]                                                                                             ; |lab5_var4_v1|lpm_mux8:inst14|lpm_mux:lpm_mux_component|mux_b4e:auto_generated|data2_wire[4]                                                                                             ; out0             ;
; |lab5_var4_v1|lpm_mux8:inst14|lpm_mux:lpm_mux_component|mux_b4e:auto_generated|data2_wire[2]                                                                                             ; |lab5_var4_v1|lpm_mux8:inst14|lpm_mux:lpm_mux_component|mux_b4e:auto_generated|data2_wire[2]                                                                                             ; out0             ;
; |lab5_var4_v1|lpm_mux8:inst14|lpm_mux:lpm_mux_component|mux_b4e:auto_generated|data2_wire[0]                                                                                             ; |lab5_var4_v1|lpm_mux8:inst14|lpm_mux:lpm_mux_component|mux_b4e:auto_generated|data2_wire[0]                                                                                             ; out0             ;
; |lab5_var4_v1|lpm_mux8:inst14|lpm_mux:lpm_mux_component|mux_b4e:auto_generated|_~0                                                                                                       ; |lab5_var4_v1|lpm_mux8:inst14|lpm_mux:lpm_mux_component|mux_b4e:auto_generated|_~0                                                                                                       ; out0             ;
; |lab5_var4_v1|lpm_mux8:inst14|lpm_mux:lpm_mux_component|mux_b4e:auto_generated|_~1                                                                                                       ; |lab5_var4_v1|lpm_mux8:inst14|lpm_mux:lpm_mux_component|mux_b4e:auto_generated|_~1                                                                                                       ; out0             ;
; |lab5_var4_v1|lpm_mux8:inst14|lpm_mux:lpm_mux_component|mux_b4e:auto_generated|_~2                                                                                                       ; |lab5_var4_v1|lpm_mux8:inst14|lpm_mux:lpm_mux_component|mux_b4e:auto_generated|_~2                                                                                                       ; out0             ;
; |lab5_var4_v1|lpm_mux8:inst14|lpm_mux:lpm_mux_component|mux_b4e:auto_generated|_~3                                                                                                       ; |lab5_var4_v1|lpm_mux8:inst14|lpm_mux:lpm_mux_component|mux_b4e:auto_generated|_~3                                                                                                       ; out0             ;
; |lab5_var4_v1|lpm_mux8:inst14|lpm_mux:lpm_mux_component|mux_b4e:auto_generated|_~4                                                                                                       ; |lab5_var4_v1|lpm_mux8:inst14|lpm_mux:lpm_mux_component|mux_b4e:auto_generated|_~4                                                                                                       ; out0             ;
; |lab5_var4_v1|lpm_mux8:inst14|lpm_mux:lpm_mux_component|mux_b4e:auto_generated|_~5                                                                                                       ; |lab5_var4_v1|lpm_mux8:inst14|lpm_mux:lpm_mux_component|mux_b4e:auto_generated|_~5                                                                                                       ; out0             ;
; |lab5_var4_v1|lpm_mux8:inst14|lpm_mux:lpm_mux_component|mux_b4e:auto_generated|_~7                                                                                                       ; |lab5_var4_v1|lpm_mux8:inst14|lpm_mux:lpm_mux_component|mux_b4e:auto_generated|_~7                                                                                                       ; out0             ;
; |lab5_var4_v1|lpm_mux8:inst14|lpm_mux:lpm_mux_component|mux_b4e:auto_generated|result_node[7]~0                                                                                          ; |lab5_var4_v1|lpm_mux8:inst14|lpm_mux:lpm_mux_component|mux_b4e:auto_generated|result_node[7]~0                                                                                          ; out0             ;
; |lab5_var4_v1|lpm_mux8:inst14|lpm_mux:lpm_mux_component|mux_b4e:auto_generated|result_node[6]~1                                                                                          ; |lab5_var4_v1|lpm_mux8:inst14|lpm_mux:lpm_mux_component|mux_b4e:auto_generated|result_node[6]~1                                                                                          ; out0             ;
; |lab5_var4_v1|lpm_mux8:inst14|lpm_mux:lpm_mux_component|mux_b4e:auto_generated|result_node[5]~2                                                                                          ; |lab5_var4_v1|lpm_mux8:inst14|lpm_mux:lpm_mux_component|mux_b4e:auto_generated|result_node[5]~2                                                                                          ; out0             ;
; |lab5_var4_v1|lpm_mux8:inst14|lpm_mux:lpm_mux_component|mux_b4e:auto_generated|result_node[4]~3                                                                                          ; |lab5_var4_v1|lpm_mux8:inst14|lpm_mux:lpm_mux_component|mux_b4e:auto_generated|result_node[4]~3                                                                                          ; out0             ;
; |lab5_var4_v1|lpm_mux8:inst14|lpm_mux:lpm_mux_component|mux_b4e:auto_generated|result_node[3]~4                                                                                          ; |lab5_var4_v1|lpm_mux8:inst14|lpm_mux:lpm_mux_component|mux_b4e:auto_generated|result_node[3]~4                                                                                          ; out0             ;
; |lab5_var4_v1|lpm_mux8:inst14|lpm_mux:lpm_mux_component|mux_b4e:auto_generated|result_node[2]~5                                                                                          ; |lab5_var4_v1|lpm_mux8:inst14|lpm_mux:lpm_mux_component|mux_b4e:auto_generated|result_node[2]~5                                                                                          ; out0             ;
; |lab5_var4_v1|lpm_mux8:inst14|lpm_mux:lpm_mux_component|mux_b4e:auto_generated|result_node[0]~7                                                                                          ; |lab5_var4_v1|lpm_mux8:inst14|lpm_mux:lpm_mux_component|mux_b4e:auto_generated|result_node[0]~7                                                                                          ; out0             ;
; |lab5_var4_v1|lpm_mux8:inst14|lpm_mux:lpm_mux_component|mux_b4e:auto_generated|result_node[7]                                                                                            ; |lab5_var4_v1|lpm_mux8:inst14|lpm_mux:lpm_mux_component|mux_b4e:auto_generated|result_node[7]                                                                                            ; out0             ;
; |lab5_var4_v1|lpm_mux8:inst14|lpm_mux:lpm_mux_component|mux_b4e:auto_generated|result_node[6]                                                                                            ; |lab5_var4_v1|lpm_mux8:inst14|lpm_mux:lpm_mux_component|mux_b4e:auto_generated|result_node[6]                                                                                            ; out0             ;
; |lab5_var4_v1|lpm_mux8:inst14|lpm_mux:lpm_mux_component|mux_b4e:auto_generated|result_node[5]                                                                                            ; |lab5_var4_v1|lpm_mux8:inst14|lpm_mux:lpm_mux_component|mux_b4e:auto_generated|result_node[5]                                                                                            ; out0             ;
; |lab5_var4_v1|lpm_mux8:inst14|lpm_mux:lpm_mux_component|mux_b4e:auto_generated|result_node[4]                                                                                            ; |lab5_var4_v1|lpm_mux8:inst14|lpm_mux:lpm_mux_component|mux_b4e:auto_generated|result_node[4]                                                                                            ; out0             ;
; |lab5_var4_v1|lpm_mux8:inst14|lpm_mux:lpm_mux_component|mux_b4e:auto_generated|result_node[3]                                                                                            ; |lab5_var4_v1|lpm_mux8:inst14|lpm_mux:lpm_mux_component|mux_b4e:auto_generated|result_node[3]                                                                                            ; out0             ;
; |lab5_var4_v1|lpm_mux8:inst14|lpm_mux:lpm_mux_component|mux_b4e:auto_generated|result_node[2]                                                                                            ; |lab5_var4_v1|lpm_mux8:inst14|lpm_mux:lpm_mux_component|mux_b4e:auto_generated|result_node[2]                                                                                            ; out0             ;
; |lab5_var4_v1|lpm_mux8:inst14|lpm_mux:lpm_mux_component|mux_b4e:auto_generated|result_node[0]                                                                                            ; |lab5_var4_v1|lpm_mux8:inst14|lpm_mux:lpm_mux_component|mux_b4e:auto_generated|result_node[0]                                                                                            ; out0             ;
; |lab5_var4_v1|dr_unit:inst10|lpm_ff6:reg_dr|lpm_ff:lpm_ff_component|dffs[4]                                                                                                              ; |lab5_var4_v1|dr_unit:inst10|lpm_ff6:reg_dr|lpm_ff:lpm_ff_component|dffs[4]                                                                                                              ; regout           ;
; |lab5_var4_v1|dr_unit:inst10|lpm_ff6:reg_dr|lpm_ff:lpm_ff_component|dffs[2]                                                                                                              ; |lab5_var4_v1|dr_unit:inst10|lpm_ff6:reg_dr|lpm_ff:lpm_ff_component|dffs[2]                                                                                                              ; regout           ;
; |lab5_var4_v1|dr_unit:inst10|lpm_ff6:reg_dr|lpm_ff:lpm_ff_component|dffs[0]                                                                                                              ; |lab5_var4_v1|dr_unit:inst10|lpm_ff6:reg_dr|lpm_ff:lpm_ff_component|dffs[0]                                                                                                              ; regout           ;
; |lab5_var4_v1|ar_unit:inst11|lpm_ff5:reg_ar|lpm_ff:lpm_ff_component|dffs[0]                                                                                                              ; |lab5_var4_v1|ar_unit:inst11|lpm_ff5:reg_ar|lpm_ff:lpm_ff_component|dffs[0]                                                                                                              ; regout           ;
; |lab5_var4_v1|ip_unit:inst7|lpm_mux4:inst3|lpm_mux:lpm_mux_component|mux_64e:auto_generated|l1_w0_n0_mux_dataout~1                                                                       ; |lab5_var4_v1|ip_unit:inst7|lpm_mux4:inst3|lpm_mux:lpm_mux_component|mux_64e:auto_generated|l1_w0_n0_mux_dataout~1                                                                       ; out0             ;
; |lab5_var4_v1|ip_unit:inst7|lpm_mux4:inst3|lpm_mux:lpm_mux_component|mux_64e:auto_generated|l1_w0_n0_mux_dataout                                                                         ; |lab5_var4_v1|ip_unit:inst7|lpm_mux4:inst3|lpm_mux:lpm_mux_component|mux_64e:auto_generated|l1_w0_n0_mux_dataout                                                                         ; out0             ;
; |lab5_var4_v1|ip_unit:inst7|lpm_mux4:inst3|lpm_mux:lpm_mux_component|mux_64e:auto_generated|l1_w1_n0_mux_dataout~1                                                                       ; |lab5_var4_v1|ip_unit:inst7|lpm_mux4:inst3|lpm_mux:lpm_mux_component|mux_64e:auto_generated|l1_w1_n0_mux_dataout~1                                                                       ; out0             ;
; |lab5_var4_v1|ip_unit:inst7|lpm_mux4:inst3|lpm_mux:lpm_mux_component|mux_64e:auto_generated|l1_w1_n0_mux_dataout                                                                         ; |lab5_var4_v1|ip_unit:inst7|lpm_mux4:inst3|lpm_mux:lpm_mux_component|mux_64e:auto_generated|l1_w1_n0_mux_dataout                                                                         ; out0             ;
; |lab5_var4_v1|ip_unit:inst7|lpm_dff4:inst4|lpm_ff:lpm_ff_component|dffs[0]                                                                                                               ; |lab5_var4_v1|ip_unit:inst7|lpm_dff4:inst4|lpm_ff:lpm_ff_component|dffs[0]                                                                                                               ; regout           ;
; |lab5_var4_v1|lpm_mux5:inst3|lpm_mux:lpm_mux_component|mux_64e:auto_generated|l1_w0_n0_mux_dataout~0                                                                                     ; |lab5_var4_v1|lpm_mux5:inst3|lpm_mux:lpm_mux_component|mux_64e:auto_generated|l1_w0_n0_mux_dataout~0                                                                                     ; out0             ;
; |lab5_var4_v1|lpm_mux5:inst3|lpm_mux:lpm_mux_component|mux_64e:auto_generated|l1_w0_n0_mux_dataout~1                                                                                     ; |lab5_var4_v1|lpm_mux5:inst3|lpm_mux:lpm_mux_component|mux_64e:auto_generated|l1_w0_n0_mux_dataout~1                                                                                     ; out0             ;
; |lab5_var4_v1|lpm_mux5:inst3|lpm_mux:lpm_mux_component|mux_64e:auto_generated|l1_w0_n0_mux_dataout                                                                                       ; |lab5_var4_v1|lpm_mux5:inst3|lpm_mux:lpm_mux_component|mux_64e:auto_generated|l1_w0_n0_mux_dataout                                                                                       ; out0             ;
; |lab5_var4_v1|lpm_mux5:inst3|lpm_mux:lpm_mux_component|mux_64e:auto_generated|l1_w1_n0_mux_dataout~1                                                                                     ; |lab5_var4_v1|lpm_mux5:inst3|lpm_mux:lpm_mux_component|mux_64e:auto_generated|l1_w1_n0_mux_dataout~1                                                                                     ; out0             ;
; |lab5_var4_v1|lpm_mux5:inst3|lpm_mux:lpm_mux_component|mux_64e:auto_generated|l1_w1_n0_mux_dataout                                                                                       ; |lab5_var4_v1|lpm_mux5:inst3|lpm_mux:lpm_mux_component|mux_64e:auto_generated|l1_w1_n0_mux_dataout                                                                                       ; out0             ;
; |lab5_var4_v1|lpm_mux5:inst3|lpm_mux:lpm_mux_component|mux_64e:auto_generated|l1_w2_n0_mux_dataout~0                                                                                     ; |lab5_var4_v1|lpm_mux5:inst3|lpm_mux:lpm_mux_component|mux_64e:auto_generated|l1_w2_n0_mux_dataout~0                                                                                     ; out0             ;
; |lab5_var4_v1|lpm_mux5:inst3|lpm_mux:lpm_mux_component|mux_64e:auto_generated|l1_w2_n0_mux_dataout                                                                                       ; |lab5_var4_v1|lpm_mux5:inst3|lpm_mux:lpm_mux_component|mux_64e:auto_generated|l1_w2_n0_mux_dataout                                                                                       ; out0             ;
; |lab5_var4_v1|memory_unit:inst2|lpm_rom1:ROM|altsyncram:altsyncram_component|altsyncram_3281:auto_generated|ram_block1a0                                                                 ; |lab5_var4_v1|memory_unit:inst2|lpm_rom1:ROM|altsyncram:altsyncram_component|altsyncram_3281:auto_generated|q_a[0]                                                                       ; portadataout0    ;
; |lab5_var4_v1|memory_unit:inst2|lpm_rom1:ROM|altsyncram:altsyncram_component|altsyncram_3281:auto_generated|ram_block1a2                                                                 ; |lab5_var4_v1|memory_unit:inst2|lpm_rom1:ROM|altsyncram:altsyncram_component|altsyncram_3281:auto_generated|q_a[2]                                                                       ; portadataout0    ;
; |lab5_var4_v1|memory_unit:inst2|lpm_rom1:ROM|altsyncram:altsyncram_component|altsyncram_3281:auto_generated|ram_block1a4                                                                 ; |lab5_var4_v1|memory_unit:inst2|lpm_rom1:ROM|altsyncram:altsyncram_component|altsyncram_3281:auto_generated|q_a[4]                                                                       ; portadataout0    ;
; |lab5_var4_v1|memory_unit:inst2|lpm_rom1:ROM|altsyncram:altsyncram_component|altsyncram_3281:auto_generated|ram_block1a5                                                                 ; |lab5_var4_v1|memory_unit:inst2|lpm_rom1:ROM|altsyncram:altsyncram_component|altsyncram_3281:auto_generated|q_a[5]                                                                       ; portadataout0    ;
; |lab5_var4_v1|memory_unit:inst2|lpm_rom1:ROM|altsyncram:altsyncram_component|altsyncram_3281:auto_generated|ram_block1a6                                                                 ; |lab5_var4_v1|memory_unit:inst2|lpm_rom1:ROM|altsyncram:altsyncram_component|altsyncram_3281:auto_generated|q_a[6]                                                                       ; portadataout0    ;
; |lab5_var4_v1|memory_unit:inst2|altsyncram0:RAM|altsyncram:altsyncram_component|altsyncram_4bc1:auto_generated|ram_block1a0                                                              ; |lab5_var4_v1|memory_unit:inst2|altsyncram0:RAM|altsyncram:altsyncram_component|altsyncram_4bc1:auto_generated|q_a[0]                                                                    ; portadataout0    ;
; |lab5_var4_v1|memory_unit:inst2|altsyncram0:RAM|altsyncram:altsyncram_component|altsyncram_4bc1:auto_generated|ram_block1a1                                                              ; |lab5_var4_v1|memory_unit:inst2|altsyncram0:RAM|altsyncram:altsyncram_component|altsyncram_4bc1:auto_generated|q_a[1]                                                                    ; portadataout0    ;
; |lab5_var4_v1|memory_unit:inst2|altsyncram0:RAM|altsyncram:altsyncram_component|altsyncram_4bc1:auto_generated|ram_block1a2                                                              ; |lab5_var4_v1|memory_unit:inst2|altsyncram0:RAM|altsyncram:altsyncram_component|altsyncram_4bc1:auto_generated|q_a[2]                                                                    ; portadataout0    ;
; |lab5_var4_v1|memory_unit:inst2|altsyncram0:RAM|altsyncram:altsyncram_component|altsyncram_4bc1:auto_generated|ram_block1a3                                                              ; |lab5_var4_v1|memory_unit:inst2|altsyncram0:RAM|altsyncram:altsyncram_component|altsyncram_4bc1:auto_generated|q_a[3]                                                                    ; portadataout0    ;
; |lab5_var4_v1|memory_unit:inst2|altsyncram0:RAM|altsyncram:altsyncram_component|altsyncram_4bc1:auto_generated|ram_block1a4                                                              ; |lab5_var4_v1|memory_unit:inst2|altsyncram0:RAM|altsyncram:altsyncram_component|altsyncram_4bc1:auto_generated|q_a[4]                                                                    ; portadataout0    ;
; |lab5_var4_v1|memory_unit:inst2|altsyncram0:RAM|altsyncram:altsyncram_component|altsyncram_4bc1:auto_generated|ram_block1a5                                                              ; |lab5_var4_v1|memory_unit:inst2|altsyncram0:RAM|altsyncram:altsyncram_component|altsyncram_4bc1:auto_generated|q_a[5]                                                                    ; portadataout0    ;
; |lab5_var4_v1|memory_unit:inst2|altsyncram0:RAM|altsyncram:altsyncram_component|altsyncram_4bc1:auto_generated|ram_block1a6                                                              ; |lab5_var4_v1|memory_unit:inst2|altsyncram0:RAM|altsyncram:altsyncram_component|altsyncram_4bc1:auto_generated|q_a[6]                                                                    ; portadataout0    ;
; |lab5_var4_v1|memory_unit:inst2|lpm_mux10:inst1|lpm_mux:lpm_mux_component|mux_94e:auto_generated|l1_w0_n0_mux_dataout~0                                                                  ; |lab5_var4_v1|memory_unit:inst2|lpm_mux10:inst1|lpm_mux:lpm_mux_component|mux_94e:auto_generated|l1_w0_n0_mux_dataout~0                                                                  ; out0             ;
; |lab5_var4_v1|memory_unit:inst2|lpm_mux10:inst1|lpm_mux:lpm_mux_component|mux_94e:auto_generated|l1_w2_n0_mux_dataout~0                                                                  ; |lab5_var4_v1|memory_unit:inst2|lpm_mux10:inst1|lpm_mux:lpm_mux_component|mux_94e:auto_generated|l1_w2_n0_mux_dataout~0                                                                  ; out0             ;
; |lab5_var4_v1|memory_unit:inst2|lpm_mux10:inst1|lpm_mux:lpm_mux_component|mux_94e:auto_generated|l1_w3_n0_mux_dataout~0                                                                  ; |lab5_var4_v1|memory_unit:inst2|lpm_mux10:inst1|lpm_mux:lpm_mux_component|mux_94e:auto_generated|l1_w3_n0_mux_dataout~0                                                                  ; out0             ;
; |lab5_var4_v1|memory_unit:inst2|lpm_mux10:inst1|lpm_mux:lpm_mux_component|mux_94e:auto_generated|l1_w4_n0_mux_dataout~0                                                                  ; |lab5_var4_v1|memory_unit:inst2|lpm_mux10:inst1|lpm_mux:lpm_mux_component|mux_94e:auto_generated|l1_w4_n0_mux_dataout~0                                                                  ; out0             ;
; |lab5_var4_v1|memory_unit:inst2|lpm_mux10:inst1|lpm_mux:lpm_mux_component|mux_94e:auto_generated|l1_w4_n0_mux_dataout                                                                    ; |lab5_var4_v1|memory_unit:inst2|lpm_mux10:inst1|lpm_mux:lpm_mux_component|mux_94e:auto_generated|l1_w4_n0_mux_dataout                                                                    ; out0             ;
; |lab5_var4_v1|memory_unit:inst2|lpm_mux10:inst1|lpm_mux:lpm_mux_component|mux_94e:auto_generated|l1_w5_n0_mux_dataout                                                                    ; |lab5_var4_v1|memory_unit:inst2|lpm_mux10:inst1|lpm_mux:lpm_mux_component|mux_94e:auto_generated|l1_w5_n0_mux_dataout                                                                    ; out0             ;
; |lab5_var4_v1|memory_unit:inst2|lpm_mux10:inst1|lpm_mux:lpm_mux_component|mux_94e:auto_generated|l1_w6_n0_mux_dataout                                                                    ; |lab5_var4_v1|memory_unit:inst2|lpm_mux10:inst1|lpm_mux:lpm_mux_component|mux_94e:auto_generated|l1_w6_n0_mux_dataout                                                                    ; out0             ;
; |lab5_var4_v1|memory_unit:inst2|lpm_mux10:inst1|lpm_mux:lpm_mux_component|mux_94e:auto_generated|l1_w7_n0_mux_dataout                                                                    ; |lab5_var4_v1|memory_unit:inst2|lpm_mux10:inst1|lpm_mux:lpm_mux_component|mux_94e:auto_generated|l1_w7_n0_mux_dataout                                                                    ; out0             ;
; |lab5_var4_v1|memory_unit:inst2|lpm_mux10:inst2|lpm_mux:lpm_mux_component|mux_94e:auto_generated|l1_w0_n0_mux_dataout~0                                                                  ; |lab5_var4_v1|memory_unit:inst2|lpm_mux10:inst2|lpm_mux:lpm_mux_component|mux_94e:auto_generated|l1_w0_n0_mux_dataout~0                                                                  ; out0             ;
; |lab5_var4_v1|memory_unit:inst2|lpm_mux10:inst2|lpm_mux:lpm_mux_component|mux_94e:auto_generated|l1_w0_n0_mux_dataout~1                                                                  ; |lab5_var4_v1|memory_unit:inst2|lpm_mux10:inst2|lpm_mux:lpm_mux_component|mux_94e:auto_generated|l1_w0_n0_mux_dataout~1                                                                  ; out0             ;
; |lab5_var4_v1|memory_unit:inst2|lpm_mux10:inst2|lpm_mux:lpm_mux_component|mux_94e:auto_generated|l1_w0_n0_mux_dataout                                                                    ; |lab5_var4_v1|memory_unit:inst2|lpm_mux10:inst2|lpm_mux:lpm_mux_component|mux_94e:auto_generated|l1_w0_n0_mux_dataout                                                                    ; out0             ;
; |lab5_var4_v1|memory_unit:inst2|lpm_mux10:inst2|lpm_mux:lpm_mux_component|mux_94e:auto_generated|l1_w2_n0_mux_dataout~0                                                                  ; |lab5_var4_v1|memory_unit:inst2|lpm_mux10:inst2|lpm_mux:lpm_mux_component|mux_94e:auto_generated|l1_w2_n0_mux_dataout~0                                                                  ; out0             ;
; |lab5_var4_v1|memory_unit:inst2|lpm_mux10:inst2|lpm_mux:lpm_mux_component|mux_94e:auto_generated|l1_w2_n0_mux_dataout~1                                                                  ; |lab5_var4_v1|memory_unit:inst2|lpm_mux10:inst2|lpm_mux:lpm_mux_component|mux_94e:auto_generated|l1_w2_n0_mux_dataout~1                                                                  ; out0             ;
; |lab5_var4_v1|memory_unit:inst2|lpm_mux10:inst2|lpm_mux:lpm_mux_component|mux_94e:auto_generated|l1_w2_n0_mux_dataout                                                                    ; |lab5_var4_v1|memory_unit:inst2|lpm_mux10:inst2|lpm_mux:lpm_mux_component|mux_94e:auto_generated|l1_w2_n0_mux_dataout                                                                    ; out0             ;
; |lab5_var4_v1|memory_unit:inst2|lpm_mux10:inst2|lpm_mux:lpm_mux_component|mux_94e:auto_generated|l1_w3_n0_mux_dataout~1                                                                  ; |lab5_var4_v1|memory_unit:inst2|lpm_mux10:inst2|lpm_mux:lpm_mux_component|mux_94e:auto_generated|l1_w3_n0_mux_dataout~1                                                                  ; out0             ;
; |lab5_var4_v1|memory_unit:inst2|lpm_mux10:inst2|lpm_mux:lpm_mux_component|mux_94e:auto_generated|l1_w3_n0_mux_dataout                                                                    ; |lab5_var4_v1|memory_unit:inst2|lpm_mux10:inst2|lpm_mux:lpm_mux_component|mux_94e:auto_generated|l1_w3_n0_mux_dataout                                                                    ; out0             ;
; |lab5_var4_v1|memory_unit:inst2|lpm_mux10:inst2|lpm_mux:lpm_mux_component|mux_94e:auto_generated|l1_w4_n0_mux_dataout~0                                                                  ; |lab5_var4_v1|memory_unit:inst2|lpm_mux10:inst2|lpm_mux:lpm_mux_component|mux_94e:auto_generated|l1_w4_n0_mux_dataout~0                                                                  ; out0             ;
; |lab5_var4_v1|memory_unit:inst2|lpm_mux10:inst2|lpm_mux:lpm_mux_component|mux_94e:auto_generated|l1_w4_n0_mux_dataout~1                                                                  ; |lab5_var4_v1|memory_unit:inst2|lpm_mux10:inst2|lpm_mux:lpm_mux_component|mux_94e:auto_generated|l1_w4_n0_mux_dataout~1                                                                  ; out0             ;
; |lab5_var4_v1|memory_unit:inst2|lpm_mux10:inst2|lpm_mux:lpm_mux_component|mux_94e:auto_generated|l1_w4_n0_mux_dataout                                                                    ; |lab5_var4_v1|memory_unit:inst2|lpm_mux10:inst2|lpm_mux:lpm_mux_component|mux_94e:auto_generated|l1_w4_n0_mux_dataout                                                                    ; out0             ;
; |lab5_var4_v1|memory_unit:inst2|lpm_mux10:inst2|lpm_mux:lpm_mux_component|mux_94e:auto_generated|l1_w5_n0_mux_dataout~0                                                                  ; |lab5_var4_v1|memory_unit:inst2|lpm_mux10:inst2|lpm_mux:lpm_mux_component|mux_94e:auto_generated|l1_w5_n0_mux_dataout~0                                                                  ; out0             ;
; |lab5_var4_v1|memory_unit:inst2|lpm_mux10:inst2|lpm_mux:lpm_mux_component|mux_94e:auto_generated|l1_w5_n0_mux_dataout~1                                                                  ; |lab5_var4_v1|memory_unit:inst2|lpm_mux10:inst2|lpm_mux:lpm_mux_component|mux_94e:auto_generated|l1_w5_n0_mux_dataout~1                                                                  ; out0             ;
; |lab5_var4_v1|memory_unit:inst2|lpm_mux10:inst2|lpm_mux:lpm_mux_component|mux_94e:auto_generated|l1_w5_n0_mux_dataout                                                                    ; |lab5_var4_v1|memory_unit:inst2|lpm_mux10:inst2|lpm_mux:lpm_mux_component|mux_94e:auto_generated|l1_w5_n0_mux_dataout                                                                    ; out0             ;
; |lab5_var4_v1|memory_unit:inst2|lpm_mux10:inst2|lpm_mux:lpm_mux_component|mux_94e:auto_generated|l1_w6_n0_mux_dataout~1                                                                  ; |lab5_var4_v1|memory_unit:inst2|lpm_mux10:inst2|lpm_mux:lpm_mux_component|mux_94e:auto_generated|l1_w6_n0_mux_dataout~1                                                                  ; out0             ;
; |lab5_var4_v1|memory_unit:inst2|lpm_mux10:inst2|lpm_mux:lpm_mux_component|mux_94e:auto_generated|l1_w6_n0_mux_dataout                                                                    ; |lab5_var4_v1|memory_unit:inst2|lpm_mux10:inst2|lpm_mux:lpm_mux_component|mux_94e:auto_generated|l1_w6_n0_mux_dataout                                                                    ; out0             ;
; |lab5_var4_v1|memory_unit:inst2|lpm_mux10:inst2|lpm_mux:lpm_mux_component|mux_94e:auto_generated|l1_w7_n0_mux_dataout~1                                                                  ; |lab5_var4_v1|memory_unit:inst2|lpm_mux10:inst2|lpm_mux:lpm_mux_component|mux_94e:auto_generated|l1_w7_n0_mux_dataout~1                                                                  ; out0             ;
; |lab5_var4_v1|memory_unit:inst2|lpm_mux10:inst2|lpm_mux:lpm_mux_component|mux_94e:auto_generated|l1_w7_n0_mux_dataout                                                                    ; |lab5_var4_v1|memory_unit:inst2|lpm_mux10:inst2|lpm_mux:lpm_mux_component|mux_94e:auto_generated|l1_w7_n0_mux_dataout                                                                    ; out0             ;
; |lab5_var4_v1|ir_unit:inst15|lpm_ff6:reg_ir_hi|lpm_ff:lpm_ff_component|dffs[0]                                                                                                           ; |lab5_var4_v1|ir_unit:inst15|lpm_ff6:reg_ir_hi|lpm_ff:lpm_ff_component|dffs[0]                                                                                                           ; regout           ;
; |lab5_var4_v1|control_unit:inst13|inst6                                                                                                                                                  ; |lab5_var4_v1|control_unit:inst13|inst6                                                                                                                                                  ; out0             ;
; |lab5_var4_v1|control_unit:inst13|inst24                                                                                                                                                 ; |lab5_var4_v1|control_unit:inst13|inst24                                                                                                                                                 ; out0             ;
; |lab5_var4_v1|control_unit:inst13|inst30                                                                                                                                                 ; |lab5_var4_v1|control_unit:inst13|inst30                                                                                                                                                 ; out0             ;
; |lab5_var4_v1|control_unit:inst13|inst18                                                                                                                                                 ; |lab5_var4_v1|control_unit:inst13|inst18                                                                                                                                                 ; out0             ;
; |lab5_var4_v1|control_unit:inst13|inst1                                                                                                                                                  ; |lab5_var4_v1|control_unit:inst13|inst1                                                                                                                                                  ; out0             ;
; |lab5_var4_v1|control_unit:inst13|inst16                                                                                                                                                 ; |lab5_var4_v1|control_unit:inst13|inst16                                                                                                                                                 ; out0             ;
; |lab5_var4_v1|control_unit:inst13|inst3                                                                                                                                                  ; |lab5_var4_v1|control_unit:inst13|inst3                                                                                                                                                  ; out0             ;
; |lab5_var4_v1|control_unit:inst13|inst23                                                                                                                                                 ; |lab5_var4_v1|control_unit:inst13|inst23                                                                                                                                                 ; out0             ;
; |lab5_var4_v1|control_unit:inst13|inst63                                                                                                                                                 ; |lab5_var4_v1|control_unit:inst13|inst63                                                                                                                                                 ; out0             ;
; |lab5_var4_v1|control_unit:inst13|inst68                                                                                                                                                 ; |lab5_var4_v1|control_unit:inst13|inst68                                                                                                                                                 ; out0             ;
; |lab5_var4_v1|control_unit:inst13|inst27                                                                                                                                                 ; |lab5_var4_v1|control_unit:inst13|inst27                                                                                                                                                 ; out0             ;
; |lab5_var4_v1|control_unit:inst13|inst59                                                                                                                                                 ; |lab5_var4_v1|control_unit:inst13|inst59                                                                                                                                                 ; out0             ;
; |lab5_var4_v1|control_unit:inst13|inst7                                                                                                                                                  ; |lab5_var4_v1|control_unit:inst13|inst7                                                                                                                                                  ; out0             ;
; |lab5_var4_v1|control_unit:inst13|inst29                                                                                                                                                 ; |lab5_var4_v1|control_unit:inst13|inst29                                                                                                                                                 ; out0             ;
; |lab5_var4_v1|control_unit:inst13|inst14                                                                                                                                                 ; |lab5_var4_v1|control_unit:inst13|inst14                                                                                                                                                 ; out0             ;
; |lab5_var4_v1|control_unit:inst13|inst31                                                                                                                                                 ; |lab5_var4_v1|control_unit:inst13|inst31                                                                                                                                                 ; out0             ;
; |lab5_var4_v1|control_unit:inst13|inst21                                                                                                                                                 ; |lab5_var4_v1|control_unit:inst13|inst21                                                                                                                                                 ; out0             ;
; |lab5_var4_v1|control_unit:inst13|inst32                                                                                                                                                 ; |lab5_var4_v1|control_unit:inst13|inst32                                                                                                                                                 ; out0             ;
; |lab5_var4_v1|control_unit:inst13|inst15                                                                                                                                                 ; |lab5_var4_v1|control_unit:inst13|inst15                                                                                                                                                 ; out0             ;
; |lab5_var4_v1|control_unit:inst13|inst35                                                                                                                                                 ; |lab5_var4_v1|control_unit:inst13|inst35                                                                                                                                                 ; out0             ;
; |lab5_var4_v1|control_unit:inst13|inst26                                                                                                                                                 ; |lab5_var4_v1|control_unit:inst13|inst26                                                                                                                                                 ; out0             ;
; |lab5_var4_v1|control_unit:inst13|inst20                                                                                                                                                 ; |lab5_var4_v1|control_unit:inst13|inst20                                                                                                                                                 ; out0             ;
; |lab5_var4_v1|control_unit:inst13|inst78                                                                                                                                                 ; |lab5_var4_v1|control_unit:inst13|inst78                                                                                                                                                 ; out0             ;
; |lab5_var4_v1|control_unit:inst13|inst61                                                                                                                                                 ; |lab5_var4_v1|control_unit:inst13|inst61                                                                                                                                                 ; out0             ;
; |lab5_var4_v1|control_unit:inst13|lpm_mux9:inst13|lpm_mux:lpm_mux_component|mux_34e:auto_generated|l1_w0_n0_mux_dataout~0                                                                ; |lab5_var4_v1|control_unit:inst13|lpm_mux9:inst13|lpm_mux:lpm_mux_component|mux_34e:auto_generated|l1_w0_n0_mux_dataout~0                                                                ; out0             ;
; |lab5_var4_v1|control_unit:inst13|lpm_mux9:inst13|lpm_mux:lpm_mux_component|mux_34e:auto_generated|l1_w0_n0_mux_dataout~1                                                                ; |lab5_var4_v1|control_unit:inst13|lpm_mux9:inst13|lpm_mux:lpm_mux_component|mux_34e:auto_generated|l1_w0_n0_mux_dataout~1                                                                ; out0             ;
; |lab5_var4_v1|control_unit:inst13|lpm_mux9:inst13|lpm_mux:lpm_mux_component|mux_34e:auto_generated|l1_w0_n0_mux_dataout                                                                  ; |lab5_var4_v1|control_unit:inst13|lpm_mux9:inst13|lpm_mux:lpm_mux_component|mux_34e:auto_generated|l1_w0_n0_mux_dataout                                                                  ; out0             ;
; |lab5_var4_v1|control_unit:inst13|lpm_compare5:inst34|lpm_compare:lpm_compare_component|cmpr_m8j:auto_generated|data_wire[2]                                                             ; |lab5_var4_v1|control_unit:inst13|lpm_compare5:inst34|lpm_compare:lpm_compare_component|cmpr_m8j:auto_generated|data_wire[2]                                                             ; out0             ;
; |lab5_var4_v1|control_unit:inst13|lpm_dff3:inst39|lpm_ff:lpm_ff_component|dffs[0]                                                                                                        ; |lab5_var4_v1|control_unit:inst13|lpm_dff3:inst39|lpm_ff:lpm_ff_component|dffs[0]                                                                                                        ; regout           ;
; |lab5_var4_v1|control_unit:inst13|lpm_compare1:comp_MR|lpm_compare:lpm_compare_component|cmpr_m8j:auto_generated|aneb_result_wire[0]                                                     ; |lab5_var4_v1|control_unit:inst13|lpm_compare1:comp_MR|lpm_compare:lpm_compare_component|cmpr_m8j:auto_generated|aneb_result_wire[0]                                                     ; out0             ;
; |lab5_var4_v1|control_unit:inst13|lpm_compare1:comp_MR|lpm_compare:lpm_compare_component|cmpr_m8j:auto_generated|data_wire[2]                                                            ; |lab5_var4_v1|control_unit:inst13|lpm_compare1:comp_MR|lpm_compare:lpm_compare_component|cmpr_m8j:auto_generated|data_wire[2]                                                            ; out0             ;
; |lab5_var4_v1|control_unit:inst13|clock_generator:inst5|single_pulse:inst|lpm_counter2:inst|lpm_counter:lpm_counter_component|cntr_qvi:auto_generated|cout_actual                        ; |lab5_var4_v1|control_unit:inst13|clock_generator:inst5|single_pulse:inst|lpm_counter2:inst|lpm_counter:lpm_counter_component|cntr_qvi:auto_generated|cout_actual                        ; out0             ;
; |lab5_var4_v1|control_unit:inst13|clock_generator:inst5|single_pulse:inst|lpm_counter2:inst|lpm_counter:lpm_counter_component|cntr_qvi:auto_generated|counter_comb_bita0                 ; |lab5_var4_v1|control_unit:inst13|clock_generator:inst5|single_pulse:inst|lpm_counter2:inst|lpm_counter:lpm_counter_component|cntr_qvi:auto_generated|counter_comb_bita0                 ; sumout           ;
; |lab5_var4_v1|control_unit:inst13|clock_generator:inst5|single_pulse:inst|lpm_counter2:inst|lpm_counter:lpm_counter_component|cntr_qvi:auto_generated|counter_comb_bita0                 ; |lab5_var4_v1|control_unit:inst13|clock_generator:inst5|single_pulse:inst|lpm_counter2:inst|lpm_counter:lpm_counter_component|cntr_qvi:auto_generated|counter_comb_bita0~COUT            ; cout             ;
; |lab5_var4_v1|control_unit:inst13|clock_generator:inst5|single_pulse:inst|lpm_counter2:inst|lpm_counter:lpm_counter_component|cntr_qvi:auto_generated|counter_comb_bita1                 ; |lab5_var4_v1|control_unit:inst13|clock_generator:inst5|single_pulse:inst|lpm_counter2:inst|lpm_counter:lpm_counter_component|cntr_qvi:auto_generated|counter_comb_bita1                 ; sumout           ;
; |lab5_var4_v1|control_unit:inst13|clock_generator:inst5|single_pulse:inst|lpm_counter2:inst|lpm_counter:lpm_counter_component|cntr_qvi:auto_generated|counter_comb_bita1                 ; |lab5_var4_v1|control_unit:inst13|clock_generator:inst5|single_pulse:inst|lpm_counter2:inst|lpm_counter:lpm_counter_component|cntr_qvi:auto_generated|counter_comb_bita1~COUT            ; cout             ;
; |lab5_var4_v1|control_unit:inst13|clock_generator:inst5|single_pulse:inst|lpm_counter2:inst|lpm_counter:lpm_counter_component|cntr_qvi:auto_generated|counter_comb_bita2                 ; |lab5_var4_v1|control_unit:inst13|clock_generator:inst5|single_pulse:inst|lpm_counter2:inst|lpm_counter:lpm_counter_component|cntr_qvi:auto_generated|counter_comb_bita2                 ; sumout           ;
; |lab5_var4_v1|control_unit:inst13|clock_generator:inst5|single_pulse:inst|lpm_counter2:inst|lpm_counter:lpm_counter_component|cntr_qvi:auto_generated|counter_reg_bit1a[1]               ; |lab5_var4_v1|control_unit:inst13|clock_generator:inst5|single_pulse:inst|lpm_counter2:inst|lpm_counter:lpm_counter_component|cntr_qvi:auto_generated|safe_q[1]                          ; regout           ;
; |lab5_var4_v1|control_unit:inst13|clock_generator:inst5|single_pulse:inst|lpm_counter2:inst|lpm_counter:lpm_counter_component|cntr_qvi:auto_generated|counter_reg_bit1a[0]               ; |lab5_var4_v1|control_unit:inst13|clock_generator:inst5|single_pulse:inst|lpm_counter2:inst|lpm_counter:lpm_counter_component|cntr_qvi:auto_generated|safe_q[0]                          ; regout           ;
; |lab5_var4_v1|control_unit:inst13|clock_generator:inst5|single_pulse:inst|lpm_counter2:inst|lpm_counter:lpm_counter_component|cntr_qvi:auto_generated|cmpr_9dc:cmpr2|aneb_result_wire[0] ; |lab5_var4_v1|control_unit:inst13|clock_generator:inst5|single_pulse:inst|lpm_counter2:inst|lpm_counter:lpm_counter_component|cntr_qvi:auto_generated|cmpr_9dc:cmpr2|aneb_result_wire[0] ; out0             ;
; |lab5_var4_v1|control_unit:inst13|clock_generator:inst5|single_pulse:inst|lpm_counter2:inst|lpm_counter:lpm_counter_component|cntr_qvi:auto_generated|cmpr_9dc:cmpr2|data_wire[0]        ; |lab5_var4_v1|control_unit:inst13|clock_generator:inst5|single_pulse:inst|lpm_counter2:inst|lpm_counter:lpm_counter_component|cntr_qvi:auto_generated|cmpr_9dc:cmpr2|data_wire[0]        ; out0             ;
; |lab5_var4_v1|control_unit:inst13|clock_generator:inst5|single_pulse:inst|lpm_compare0:inst5|lpm_compare:lpm_compare_component|cmpr_obj:auto_generated|aeb_int~0                         ; |lab5_var4_v1|control_unit:inst13|clock_generator:inst5|single_pulse:inst|lpm_compare0:inst5|lpm_compare:lpm_compare_component|cmpr_obj:auto_generated|aeb_int~0                         ; out0             ;
; |lab5_var4_v1|control_unit:inst13|clock_generator:inst5|single_pulse:inst|lpm_compare0:inst5|lpm_compare:lpm_compare_component|cmpr_obj:auto_generated|ageb                              ; |lab5_var4_v1|control_unit:inst13|clock_generator:inst5|single_pulse:inst|lpm_compare0:inst5|lpm_compare:lpm_compare_component|cmpr_obj:auto_generated|ageb                              ; out0             ;
; |lab5_var4_v1|control_unit:inst13|clock_generator:inst5|DCA_gen:inst6|lpm_counter0:inst|lpm_counter:lpm_counter_component|cntr_lej:auto_generated|cout_actual                            ; |lab5_var4_v1|control_unit:inst13|clock_generator:inst5|DCA_gen:inst6|lpm_counter0:inst|lpm_counter:lpm_counter_component|cntr_lej:auto_generated|cout_actual                            ; out0             ;
; |lab5_var4_v1|control_unit:inst13|clock_generator:inst5|DCA_gen:inst6|lpm_counter0:inst|lpm_counter:lpm_counter_component|cntr_lej:auto_generated|counter_comb_bita0                     ; |lab5_var4_v1|control_unit:inst13|clock_generator:inst5|DCA_gen:inst6|lpm_counter0:inst|lpm_counter:lpm_counter_component|cntr_lej:auto_generated|counter_comb_bita0                     ; sumout           ;
; |lab5_var4_v1|control_unit:inst13|clock_generator:inst5|DCA_gen:inst6|lpm_counter0:inst|lpm_counter:lpm_counter_component|cntr_lej:auto_generated|counter_comb_bita0                     ; |lab5_var4_v1|control_unit:inst13|clock_generator:inst5|DCA_gen:inst6|lpm_counter0:inst|lpm_counter:lpm_counter_component|cntr_lej:auto_generated|counter_comb_bita0~COUT                ; cout             ;
; |lab5_var4_v1|control_unit:inst13|clock_generator:inst5|DCA_gen:inst6|lpm_counter0:inst|lpm_counter:lpm_counter_component|cntr_lej:auto_generated|counter_comb_bita1                     ; |lab5_var4_v1|control_unit:inst13|clock_generator:inst5|DCA_gen:inst6|lpm_counter0:inst|lpm_counter:lpm_counter_component|cntr_lej:auto_generated|counter_comb_bita1                     ; sumout           ;
; |lab5_var4_v1|control_unit:inst13|clock_generator:inst5|DCA_gen:inst6|lpm_counter0:inst|lpm_counter:lpm_counter_component|cntr_lej:auto_generated|counter_reg_bit1a[0]                   ; |lab5_var4_v1|control_unit:inst13|clock_generator:inst5|DCA_gen:inst6|lpm_counter0:inst|lpm_counter:lpm_counter_component|cntr_lej:auto_generated|safe_q[0]                              ; regout           ;
; |lab5_var4_v1|control_unit:inst13|clock_generator:inst5|DCA_gen:inst6|lpm_counter0:inst|lpm_counter:lpm_counter_component|cntr_lej:auto_generated|cmpr_adc:cmpr2|aneb_result_wire[0]     ; |lab5_var4_v1|control_unit:inst13|clock_generator:inst5|DCA_gen:inst6|lpm_counter0:inst|lpm_counter:lpm_counter_component|cntr_lej:auto_generated|cmpr_adc:cmpr2|aneb_result_wire[0]     ; out0             ;
; |lab5_var4_v1|control_unit:inst13|clock_generator:inst5|DCA_gen:inst6|lpm_counter0:inst|lpm_counter:lpm_counter_component|cntr_lej:auto_generated|cmpr_adc:cmpr2|data_wire[0]            ; |lab5_var4_v1|control_unit:inst13|clock_generator:inst5|DCA_gen:inst6|lpm_counter0:inst|lpm_counter:lpm_counter_component|cntr_lej:auto_generated|cmpr_adc:cmpr2|data_wire[0]            ; out0             ;
; |lab5_var4_v1|control_unit:inst13|clock_generator:inst5|DCA_gen:inst6|lpm_counter1:inst3|lpm_counter:lpm_counter_component|cntr_8oi:auto_generated|counter_comb_bita0                    ; |lab5_var4_v1|control_unit:inst13|clock_generator:inst5|DCA_gen:inst6|lpm_counter1:inst3|lpm_counter:lpm_counter_component|cntr_8oi:auto_generated|counter_comb_bita0                    ; sumout           ;
; |lab5_var4_v1|control_unit:inst13|clock_generator:inst5|DCA_gen:inst6|lpm_counter1:inst3|lpm_counter:lpm_counter_component|cntr_8oi:auto_generated|counter_comb_bita0                    ; |lab5_var4_v1|control_unit:inst13|clock_generator:inst5|DCA_gen:inst6|lpm_counter1:inst3|lpm_counter:lpm_counter_component|cntr_8oi:auto_generated|counter_comb_bita0~COUT               ; cout             ;
; |lab5_var4_v1|control_unit:inst13|clock_generator:inst5|DCA_gen:inst6|lpm_counter1:inst3|lpm_counter:lpm_counter_component|cntr_8oi:auto_generated|counter_comb_bita1                    ; |lab5_var4_v1|control_unit:inst13|clock_generator:inst5|DCA_gen:inst6|lpm_counter1:inst3|lpm_counter:lpm_counter_component|cntr_8oi:auto_generated|counter_comb_bita1                    ; sumout           ;
; |lab5_var4_v1|control_unit:inst13|clock_generator:inst5|DCA_gen:inst6|lpm_counter1:inst3|lpm_counter:lpm_counter_component|cntr_8oi:auto_generated|counter_comb_bita1                    ; |lab5_var4_v1|control_unit:inst13|clock_generator:inst5|DCA_gen:inst6|lpm_counter1:inst3|lpm_counter:lpm_counter_component|cntr_8oi:auto_generated|counter_comb_bita1~COUT               ; cout             ;
; |lab5_var4_v1|control_unit:inst13|clock_generator:inst5|DCA_gen:inst6|lpm_counter1:inst3|lpm_counter:lpm_counter_component|cntr_8oi:auto_generated|counter_comb_bita2                    ; |lab5_var4_v1|control_unit:inst13|clock_generator:inst5|DCA_gen:inst6|lpm_counter1:inst3|lpm_counter:lpm_counter_component|cntr_8oi:auto_generated|counter_comb_bita2                    ; sumout           ;
; |lab5_var4_v1|control_unit:inst13|clock_generator:inst5|DCA_gen:inst6|lpm_counter1:inst3|lpm_counter:lpm_counter_component|cntr_8oi:auto_generated|counter_comb_bita2                    ; |lab5_var4_v1|control_unit:inst13|clock_generator:inst5|DCA_gen:inst6|lpm_counter1:inst3|lpm_counter:lpm_counter_component|cntr_8oi:auto_generated|counter_comb_bita2~COUT               ; cout             ;
; |lab5_var4_v1|control_unit:inst13|clock_generator:inst5|DCA_gen:inst6|lpm_counter1:inst3|lpm_counter:lpm_counter_component|cntr_8oi:auto_generated|counter_comb_bita3                    ; |lab5_var4_v1|control_unit:inst13|clock_generator:inst5|DCA_gen:inst6|lpm_counter1:inst3|lpm_counter:lpm_counter_component|cntr_8oi:auto_generated|counter_comb_bita3                    ; sumout           ;
; |lab5_var4_v1|control_unit:inst13|clock_generator:inst5|DCA_gen:inst6|lpm_counter1:inst3|lpm_counter:lpm_counter_component|cntr_8oi:auto_generated|counter_reg_bit1a[2]                  ; |lab5_var4_v1|control_unit:inst13|clock_generator:inst5|DCA_gen:inst6|lpm_counter1:inst3|lpm_counter:lpm_counter_component|cntr_8oi:auto_generated|safe_q[2]                             ; regout           ;
; |lab5_var4_v1|control_unit:inst13|clock_generator:inst5|DCA_gen:inst6|lpm_counter1:inst3|lpm_counter:lpm_counter_component|cntr_8oi:auto_generated|counter_reg_bit1a[1]                  ; |lab5_var4_v1|control_unit:inst13|clock_generator:inst5|DCA_gen:inst6|lpm_counter1:inst3|lpm_counter:lpm_counter_component|cntr_8oi:auto_generated|safe_q[1]                             ; regout           ;
; |lab5_var4_v1|control_unit:inst13|clock_generator:inst5|DCA_gen:inst6|lpm_counter1:inst3|lpm_counter:lpm_counter_component|cntr_8oi:auto_generated|counter_reg_bit1a[0]                  ; |lab5_var4_v1|control_unit:inst13|clock_generator:inst5|DCA_gen:inst6|lpm_counter1:inst3|lpm_counter:lpm_counter_component|cntr_8oi:auto_generated|safe_q[0]                             ; regout           ;
; |lab5_var4_v1|control_unit:inst13|clock_generator:inst5|DCA_gen:inst6|lpm_decode0:inst4|lpm_decode:lpm_decode_component|decode_e9f:auto_generated|w_anode21w[3]                          ; |lab5_var4_v1|control_unit:inst13|clock_generator:inst5|DCA_gen:inst6|lpm_decode0:inst4|lpm_decode:lpm_decode_component|decode_e9f:auto_generated|w_anode21w[3]                          ; out0             ;
; |lab5_var4_v1|control_unit:inst13|clock_generator:inst5|DCA_gen:inst6|lpm_decode0:inst4|lpm_decode:lpm_decode_component|decode_e9f:auto_generated|w_anode21w[2]                          ; |lab5_var4_v1|control_unit:inst13|clock_generator:inst5|DCA_gen:inst6|lpm_decode0:inst4|lpm_decode:lpm_decode_component|decode_e9f:auto_generated|w_anode21w[2]                          ; out0             ;
; |lab5_var4_v1|control_unit:inst13|clock_generator:inst5|DCA_gen:inst6|lpm_decode0:inst4|lpm_decode:lpm_decode_component|decode_e9f:auto_generated|w_anode21w[1]                          ; |lab5_var4_v1|control_unit:inst13|clock_generator:inst5|DCA_gen:inst6|lpm_decode0:inst4|lpm_decode:lpm_decode_component|decode_e9f:auto_generated|w_anode21w[1]                          ; out0             ;
; |lab5_var4_v1|control_unit:inst13|clock_generator:inst5|DCA_gen:inst6|lpm_decode0:inst4|lpm_decode:lpm_decode_component|decode_e9f:auto_generated|w_anode31w[3]                          ; |lab5_var4_v1|control_unit:inst13|clock_generator:inst5|DCA_gen:inst6|lpm_decode0:inst4|lpm_decode:lpm_decode_component|decode_e9f:auto_generated|w_anode31w[3]                          ; out0             ;
; |lab5_var4_v1|control_unit:inst13|clock_generator:inst5|DCA_gen:inst6|lpm_decode0:inst4|lpm_decode:lpm_decode_component|decode_e9f:auto_generated|w_anode31w[2]                          ; |lab5_var4_v1|control_unit:inst13|clock_generator:inst5|DCA_gen:inst6|lpm_decode0:inst4|lpm_decode:lpm_decode_component|decode_e9f:auto_generated|w_anode31w[2]                          ; out0             ;
; |lab5_var4_v1|control_unit:inst13|clock_generator:inst5|DCA_gen:inst6|lpm_decode0:inst4|lpm_decode:lpm_decode_component|decode_e9f:auto_generated|w_anode31w[1]                          ; |lab5_var4_v1|control_unit:inst13|clock_generator:inst5|DCA_gen:inst6|lpm_decode0:inst4|lpm_decode:lpm_decode_component|decode_e9f:auto_generated|w_anode31w[1]                          ; out0             ;
; |lab5_var4_v1|control_unit:inst13|clock_generator:inst5|DCA_gen:inst6|lpm_decode0:inst4|lpm_decode:lpm_decode_component|decode_e9f:auto_generated|w_anode41w[3]                          ; |lab5_var4_v1|control_unit:inst13|clock_generator:inst5|DCA_gen:inst6|lpm_decode0:inst4|lpm_decode:lpm_decode_component|decode_e9f:auto_generated|w_anode41w[3]                          ; out0             ;
; |lab5_var4_v1|control_unit:inst13|clock_generator:inst5|DCA_gen:inst6|lpm_decode0:inst4|lpm_decode:lpm_decode_component|decode_e9f:auto_generated|w_anode41w[2]                          ; |lab5_var4_v1|control_unit:inst13|clock_generator:inst5|DCA_gen:inst6|lpm_decode0:inst4|lpm_decode:lpm_decode_component|decode_e9f:auto_generated|w_anode41w[2]                          ; out0             ;
; |lab5_var4_v1|control_unit:inst13|clock_generator:inst5|DCA_gen:inst6|lpm_decode0:inst4|lpm_decode:lpm_decode_component|decode_e9f:auto_generated|w_anode41w[1]                          ; |lab5_var4_v1|control_unit:inst13|clock_generator:inst5|DCA_gen:inst6|lpm_decode0:inst4|lpm_decode:lpm_decode_component|decode_e9f:auto_generated|w_anode41w[1]                          ; out0             ;
; |lab5_var4_v1|control_unit:inst13|clock_generator:inst5|DCA_gen:inst6|lpm_decode0:inst4|lpm_decode:lpm_decode_component|decode_e9f:auto_generated|w_anode4w[3]                           ; |lab5_var4_v1|control_unit:inst13|clock_generator:inst5|DCA_gen:inst6|lpm_decode0:inst4|lpm_decode:lpm_decode_component|decode_e9f:auto_generated|w_anode4w[3]                           ; out0             ;
; |lab5_var4_v1|control_unit:inst13|clock_generator:inst5|DCA_gen:inst6|lpm_decode0:inst4|lpm_decode:lpm_decode_component|decode_e9f:auto_generated|w_anode4w[2]                           ; |lab5_var4_v1|control_unit:inst13|clock_generator:inst5|DCA_gen:inst6|lpm_decode0:inst4|lpm_decode:lpm_decode_component|decode_e9f:auto_generated|w_anode4w[2]                           ; out0             ;
; |lab5_var4_v1|control_unit:inst13|clock_generator:inst5|DCA_gen:inst6|lpm_decode0:inst4|lpm_decode:lpm_decode_component|decode_e9f:auto_generated|w_anode4w[1]                           ; |lab5_var4_v1|control_unit:inst13|clock_generator:inst5|DCA_gen:inst6|lpm_decode0:inst4|lpm_decode:lpm_decode_component|decode_e9f:auto_generated|w_anode4w[1]                           ; out0             ;
; |lab5_var4_v1|control_unit:inst13|clock_generator:inst5|DCA_gen:inst6|lpm_decode0:inst4|lpm_decode:lpm_decode_component|decode_e9f:auto_generated|w_anode51w[3]                          ; |lab5_var4_v1|control_unit:inst13|clock_generator:inst5|DCA_gen:inst6|lpm_decode0:inst4|lpm_decode:lpm_decode_component|decode_e9f:auto_generated|w_anode51w[3]                          ; out0             ;
; |lab5_var4_v1|control_unit:inst13|clock_generator:inst5|DCA_gen:inst6|lpm_decode0:inst4|lpm_decode:lpm_decode_component|decode_e9f:auto_generated|w_anode51w[2]                          ; |lab5_var4_v1|control_unit:inst13|clock_generator:inst5|DCA_gen:inst6|lpm_decode0:inst4|lpm_decode:lpm_decode_component|decode_e9f:auto_generated|w_anode51w[2]                          ; out0             ;
; |lab5_var4_v1|control_unit:inst13|clock_generator:inst5|DCA_gen:inst6|lpm_decode0:inst4|lpm_decode:lpm_decode_component|decode_e9f:auto_generated|w_anode51w[1]                          ; |lab5_var4_v1|control_unit:inst13|clock_generator:inst5|DCA_gen:inst6|lpm_decode0:inst4|lpm_decode:lpm_decode_component|decode_e9f:auto_generated|w_anode51w[1]                          ; out0             ;
; |lab5_var4_v1|control_unit:inst13|clock_generator:inst5|DCA_gen:inst6|lpm_decode0:inst4|lpm_decode:lpm_decode_component|decode_e9f:auto_generated|w_anode61w[3]                          ; |lab5_var4_v1|control_unit:inst13|clock_generator:inst5|DCA_gen:inst6|lpm_decode0:inst4|lpm_decode:lpm_decode_component|decode_e9f:auto_generated|w_anode61w[3]                          ; out0             ;
; |lab5_var4_v1|control_unit:inst13|clock_generator:inst5|DCA_gen:inst6|lpm_decode0:inst4|lpm_decode:lpm_decode_component|decode_e9f:auto_generated|w_anode61w[2]                          ; |lab5_var4_v1|control_unit:inst13|clock_generator:inst5|DCA_gen:inst6|lpm_decode0:inst4|lpm_decode:lpm_decode_component|decode_e9f:auto_generated|w_anode61w[2]                          ; out0             ;
; |lab5_var4_v1|control_unit:inst13|clock_generator:inst5|DCA_gen:inst6|lpm_decode0:inst4|lpm_decode:lpm_decode_component|decode_e9f:auto_generated|w_anode61w[1]                          ; |lab5_var4_v1|control_unit:inst13|clock_generator:inst5|DCA_gen:inst6|lpm_decode0:inst4|lpm_decode:lpm_decode_component|decode_e9f:auto_generated|w_anode61w[1]                          ; out0             ;
; |lab5_var4_v1|control_unit:inst13|clock_generator:inst5|DCA_gen:inst6|lpm_decode0:inst4|lpm_decode:lpm_decode_component|decode_e9f:auto_generated|w_anode71w[3]                          ; |lab5_var4_v1|control_unit:inst13|clock_generator:inst5|DCA_gen:inst6|lpm_decode0:inst4|lpm_decode:lpm_decode_component|decode_e9f:auto_generated|w_anode71w[3]                          ; out0             ;
; |lab5_var4_v1|control_unit:inst13|clock_generator:inst5|DCA_gen:inst6|lpm_decode0:inst4|lpm_decode:lpm_decode_component|decode_e9f:auto_generated|w_anode71w[2]                          ; |lab5_var4_v1|control_unit:inst13|clock_generator:inst5|DCA_gen:inst6|lpm_decode0:inst4|lpm_decode:lpm_decode_component|decode_e9f:auto_generated|w_anode71w[2]                          ; out0             ;
; |lab5_var4_v1|control_unit:inst13|clock_generator:inst5|DCA_gen:inst6|lpm_decode0:inst4|lpm_decode:lpm_decode_component|decode_e9f:auto_generated|w_anode71w[1]                          ; |lab5_var4_v1|control_unit:inst13|clock_generator:inst5|DCA_gen:inst6|lpm_decode0:inst4|lpm_decode:lpm_decode_component|decode_e9f:auto_generated|w_anode71w[1]                          ; out0             ;
; |lab5_var4_v1|control_unit:inst13|clock_generator:inst5|DCA_gen:inst6|lpm_decode0:inst4|lpm_decode:lpm_decode_component|decode_e9f:auto_generated|w_anode81w[3]                          ; |lab5_var4_v1|control_unit:inst13|clock_generator:inst5|DCA_gen:inst6|lpm_decode0:inst4|lpm_decode:lpm_decode_component|decode_e9f:auto_generated|w_anode81w[3]                          ; out0             ;
; |lab5_var4_v1|control_unit:inst13|clock_generator:inst5|DCA_gen:inst6|lpm_decode0:inst4|lpm_decode:lpm_decode_component|decode_e9f:auto_generated|w_anode81w[2]                          ; |lab5_var4_v1|control_unit:inst13|clock_generator:inst5|DCA_gen:inst6|lpm_decode0:inst4|lpm_decode:lpm_decode_component|decode_e9f:auto_generated|w_anode81w[2]                          ; out0             ;
; |lab5_var4_v1|control_unit:inst13|clock_generator:inst5|DCA_gen:inst6|lpm_decode0:inst4|lpm_decode:lpm_decode_component|decode_e9f:auto_generated|w_anode81w[1]                          ; |lab5_var4_v1|control_unit:inst13|clock_generator:inst5|DCA_gen:inst6|lpm_decode0:inst4|lpm_decode:lpm_decode_component|decode_e9f:auto_generated|w_anode81w[1]                          ; out0             ;
; |lab5_var4_v1|ip_unit:inst7|lpm_add_sub3:inst1|lpm_add_sub:lpm_add_sub_component|add_sub_alh:auto_generated|op_1~0                                                                       ; |lab5_var4_v1|ip_unit:inst7|lpm_add_sub3:inst1|lpm_add_sub:lpm_add_sub_component|add_sub_alh:auto_generated|op_1~0                                                                       ; out0             ;
; |lab5_var4_v1|ip_unit:inst7|lpm_add_sub3:inst1|lpm_add_sub:lpm_add_sub_component|add_sub_alh:auto_generated|op_1~1                                                                       ; |lab5_var4_v1|ip_unit:inst7|lpm_add_sub3:inst1|lpm_add_sub:lpm_add_sub_component|add_sub_alh:auto_generated|op_1~1                                                                       ; out0             ;
; |lab5_var4_v1|ip_unit:inst7|lpm_add_sub3:inst1|lpm_add_sub:lpm_add_sub_component|add_sub_alh:auto_generated|op_1~2                                                                       ; |lab5_var4_v1|ip_unit:inst7|lpm_add_sub3:inst1|lpm_add_sub:lpm_add_sub_component|add_sub_alh:auto_generated|op_1~2                                                                       ; out0             ;
; |lab5_var4_v1|ip_unit:inst7|lpm_add_sub4:inst2|lpm_add_sub:lpm_add_sub_component|add_sub_uoh:auto_generated|op_1~0                                                                       ; |lab5_var4_v1|ip_unit:inst7|lpm_add_sub4:inst2|lpm_add_sub:lpm_add_sub_component|add_sub_uoh:auto_generated|op_1~0                                                                       ; out0             ;
+------------------------------------------------------------------------------------------------------------------------------------------------------------------------------------------+------------------------------------------------------------------------------------------------------------------------------------------------------------------------------------------+------------------+


The following table displays output ports that do not toggle to 1 during simulation.
+----------------------------------------------------------------------------------------------------------------------------------------------------------------------------------------------------------------------------------------------------------------------------------------------------------------------------------------------------------------------------------+
; Missing 1-Value Coverage                                                                                                                                                                                                                                                                                                                                                         ;
+-------------------------------------------------------------------------------------------------------------------------------------------------------------------------------+-------------------------------------------------------------------------------------------------------------------------------------------------------------------------------+------------------+
; Node Name                                                                                                                                                                     ; Output Port Name                                                                                                                                                              ; Output Port Type ;
+-------------------------------------------------------------------------------------------------------------------------------------------------------------------------------+-------------------------------------------------------------------------------------------------------------------------------------------------------------------------------+------------------+
; |lab5_var4_v1|Z                                                                                                                                                               ; |lab5_var4_v1|Z                                                                                                                                                               ; pin_out          ;
; |lab5_var4_v1|rst_n                                                                                                                                                           ; |lab5_var4_v1|rst_n                                                                                                                                                           ; out              ;
; |lab5_var4_v1|ram_we                                                                                                                                                          ; |lab5_var4_v1|ram_we                                                                                                                                                          ; pin_out          ;
; |lab5_var4_v1|ip_load                                                                                                                                                         ; |lab5_var4_v1|ip_load                                                                                                                                                         ; pin_out          ;
; |lab5_var4_v1|ir_out[3]                                                                                                                                                       ; |lab5_var4_v1|ir_out[3]                                                                                                                                                       ; pin_out          ;
; |lab5_var4_v1|ir_out[1]                                                                                                                                                       ; |lab5_var4_v1|ir_out[1]                                                                                                                                                       ; pin_out          ;
; |lab5_var4_v1|ron_addr[1]                                                                                                                                                     ; |lab5_var4_v1|ron_addr[1]                                                                                                                                                     ; pin_out          ;
; |lab5_var4_v1|alu_res[7]                                                                                                                                                      ; |lab5_var4_v1|alu_res[7]                                                                                                                                                      ; pin_out          ;
; |lab5_var4_v1|alu_res[6]                                                                                                                                                      ; |lab5_var4_v1|alu_res[6]                                                                                                                                                      ; pin_out          ;
; |lab5_var4_v1|alu_res[5]                                                                                                                                                      ; |lab5_var4_v1|alu_res[5]                                                                                                                                                      ; pin_out          ;
; |lab5_var4_v1|alu_res[4]                                                                                                                                                      ; |lab5_var4_v1|alu_res[4]                                                                                                                                                      ; pin_out          ;
; |lab5_var4_v1|alu_res[3]                                                                                                                                                      ; |lab5_var4_v1|alu_res[3]                                                                                                                                                      ; pin_out          ;
; |lab5_var4_v1|alu_res[2]                                                                                                                                                      ; |lab5_var4_v1|alu_res[2]                                                                                                                                                      ; pin_out          ;
; |lab5_var4_v1|alu_res[1]                                                                                                                                                      ; |lab5_var4_v1|alu_res[1]                                                                                                                                                      ; pin_out          ;
; |lab5_var4_v1|alu_res[0]                                                                                                                                                      ; |lab5_var4_v1|alu_res[0]                                                                                                                                                      ; pin_out          ;
; |lab5_var4_v1|ar_out[3]                                                                                                                                                       ; |lab5_var4_v1|ar_out[3]                                                                                                                                                       ; pin_out          ;
; |lab5_var4_v1|ar_out[1]                                                                                                                                                       ; |lab5_var4_v1|ar_out[1]                                                                                                                                                       ; pin_out          ;
; |lab5_var4_v1|data_out[7]                                                                                                                                                     ; |lab5_var4_v1|data_out[7]                                                                                                                                                     ; pin_out          ;
; |lab5_var4_v1|data_out[6]                                                                                                                                                     ; |lab5_var4_v1|data_out[6]                                                                                                                                                     ; pin_out          ;
; |lab5_var4_v1|data_out[5]                                                                                                                                                     ; |lab5_var4_v1|data_out[5]                                                                                                                                                     ; pin_out          ;
; |lab5_var4_v1|data_out[3]                                                                                                                                                     ; |lab5_var4_v1|data_out[3]                                                                                                                                                     ; pin_out          ;
; |lab5_var4_v1|data_out[1]                                                                                                                                                     ; |lab5_var4_v1|data_out[1]                                                                                                                                                     ; pin_out          ;
; |lab5_var4_v1|DCa_out[15]                                                                                                                                                     ; |lab5_var4_v1|DCa_out[15]                                                                                                                                                     ; pin_out          ;
; |lab5_var4_v1|DCa_out[14]                                                                                                                                                     ; |lab5_var4_v1|DCa_out[14]                                                                                                                                                     ; pin_out          ;
; |lab5_var4_v1|DCa_out[13]                                                                                                                                                     ; |lab5_var4_v1|DCa_out[13]                                                                                                                                                     ; pin_out          ;
; |lab5_var4_v1|DCa_out[12]                                                                                                                                                     ; |lab5_var4_v1|DCa_out[12]                                                                                                                                                     ; pin_out          ;
; |lab5_var4_v1|DCa_out[11]                                                                                                                                                     ; |lab5_var4_v1|DCa_out[11]                                                                                                                                                     ; pin_out          ;
; |lab5_var4_v1|DCa_out[10]                                                                                                                                                     ; |lab5_var4_v1|DCa_out[10]                                                                                                                                                     ; pin_out          ;
; |lab5_var4_v1|DCa_out[9]                                                                                                                                                      ; |lab5_var4_v1|DCa_out[9]                                                                                                                                                      ; pin_out          ;
; |lab5_var4_v1|DCa_out[8]                                                                                                                                                      ; |lab5_var4_v1|DCa_out[8]                                                                                                                                                      ; pin_out          ;
; |lab5_var4_v1|dr_out[7]                                                                                                                                                       ; |lab5_var4_v1|dr_out[7]                                                                                                                                                       ; pin_out          ;
; |lab5_var4_v1|dr_out[6]                                                                                                                                                       ; |lab5_var4_v1|dr_out[6]                                                                                                                                                       ; pin_out          ;
; |lab5_var4_v1|dr_out[5]                                                                                                                                                       ; |lab5_var4_v1|dr_out[5]                                                                                                                                                       ; pin_out          ;
; |lab5_var4_v1|dr_out[3]                                                                                                                                                       ; |lab5_var4_v1|dr_out[3]                                                                                                                                                       ; pin_out          ;
; |lab5_var4_v1|dr_out[1]                                                                                                                                                       ; |lab5_var4_v1|dr_out[1]                                                                                                                                                       ; pin_out          ;
; |lab5_var4_v1|flags_out[3]                                                                                                                                                    ; |lab5_var4_v1|flags_out[3]                                                                                                                                                    ; pin_out          ;
; |lab5_var4_v1|flags_out[1]                                                                                                                                                    ; |lab5_var4_v1|flags_out[1]                                                                                                                                                    ; pin_out          ;
; |lab5_var4_v1|flags_out[0]                                                                                                                                                    ; |lab5_var4_v1|flags_out[0]                                                                                                                                                    ; pin_out          ;
; |lab5_var4_v1|ip_out[3]                                                                                                                                                       ; |lab5_var4_v1|ip_out[3]                                                                                                                                                       ; pin_out          ;
; |lab5_var4_v1|ip_out[2]                                                                                                                                                       ; |lab5_var4_v1|ip_out[2]                                                                                                                                                       ; pin_out          ;
; |lab5_var4_v1|opcode[7]                                                                                                                                                       ; |lab5_var4_v1|opcode[7]                                                                                                                                                       ; pin_out          ;
; |lab5_var4_v1|opcode[6]                                                                                                                                                       ; |lab5_var4_v1|opcode[6]                                                                                                                                                       ; pin_out          ;
; |lab5_var4_v1|opcode[3]                                                                                                                                                       ; |lab5_var4_v1|opcode[3]                                                                                                                                                       ; pin_out          ;
; |lab5_var4_v1|opcode[1]                                                                                                                                                       ; |lab5_var4_v1|opcode[1]                                                                                                                                                       ; pin_out          ;
; |lab5_var4_v1|rom_ram_address[3]                                                                                                                                              ; |lab5_var4_v1|rom_ram_address[3]                                                                                                                                              ; pin_out          ;
; |lab5_var4_v1|rom_ram_out[1]                                                                                                                                                  ; |lab5_var4_v1|rom_ram_out[1]                                                                                                                                                  ; pin_out          ;
; |lab5_var4_v1|ron_unit:inst9|inst9                                                                                                                                            ; |lab5_var4_v1|ron_unit:inst9|inst9                                                                                                                                            ; out0             ;
; |lab5_var4_v1|ron_unit:inst9|inst10                                                                                                                                           ; |lab5_var4_v1|ron_unit:inst9|inst10                                                                                                                                           ; out0             ;
; |lab5_var4_v1|ron_unit:inst9|lpm_ff8:DX|lpm_ff:lpm_ff_component|dffs[7]                                                                                                       ; |lab5_var4_v1|ron_unit:inst9|lpm_ff8:DX|lpm_ff:lpm_ff_component|dffs[7]                                                                                                       ; regout           ;
; |lab5_var4_v1|ron_unit:inst9|lpm_ff8:DX|lpm_ff:lpm_ff_component|dffs[6]                                                                                                       ; |lab5_var4_v1|ron_unit:inst9|lpm_ff8:DX|lpm_ff:lpm_ff_component|dffs[6]                                                                                                       ; regout           ;
; |lab5_var4_v1|ron_unit:inst9|lpm_ff8:DX|lpm_ff:lpm_ff_component|dffs[5]                                                                                                       ; |lab5_var4_v1|ron_unit:inst9|lpm_ff8:DX|lpm_ff:lpm_ff_component|dffs[5]                                                                                                       ; regout           ;
; |lab5_var4_v1|ron_unit:inst9|lpm_ff8:DX|lpm_ff:lpm_ff_component|dffs[4]                                                                                                       ; |lab5_var4_v1|ron_unit:inst9|lpm_ff8:DX|lpm_ff:lpm_ff_component|dffs[4]                                                                                                       ; regout           ;
; |lab5_var4_v1|ron_unit:inst9|lpm_ff8:DX|lpm_ff:lpm_ff_component|dffs[3]                                                                                                       ; |lab5_var4_v1|ron_unit:inst9|lpm_ff8:DX|lpm_ff:lpm_ff_component|dffs[3]                                                                                                       ; regout           ;
; |lab5_var4_v1|ron_unit:inst9|lpm_ff8:DX|lpm_ff:lpm_ff_component|dffs[2]                                                                                                       ; |lab5_var4_v1|ron_unit:inst9|lpm_ff8:DX|lpm_ff:lpm_ff_component|dffs[2]                                                                                                       ; regout           ;
; |lab5_var4_v1|ron_unit:inst9|lpm_ff8:DX|lpm_ff:lpm_ff_component|dffs[1]                                                                                                       ; |lab5_var4_v1|ron_unit:inst9|lpm_ff8:DX|lpm_ff:lpm_ff_component|dffs[1]                                                                                                       ; regout           ;
; |lab5_var4_v1|ron_unit:inst9|lpm_ff8:DX|lpm_ff:lpm_ff_component|dffs[0]                                                                                                       ; |lab5_var4_v1|ron_unit:inst9|lpm_ff8:DX|lpm_ff:lpm_ff_component|dffs[0]                                                                                                       ; regout           ;
; |lab5_var4_v1|ron_unit:inst9|lpm_ff8:CX|lpm_ff:lpm_ff_component|dffs[7]                                                                                                       ; |lab5_var4_v1|ron_unit:inst9|lpm_ff8:CX|lpm_ff:lpm_ff_component|dffs[7]                                                                                                       ; regout           ;
; |lab5_var4_v1|ron_unit:inst9|lpm_ff8:CX|lpm_ff:lpm_ff_component|dffs[6]                                                                                                       ; |lab5_var4_v1|ron_unit:inst9|lpm_ff8:CX|lpm_ff:lpm_ff_component|dffs[6]                                                                                                       ; regout           ;
; |lab5_var4_v1|ron_unit:inst9|lpm_ff8:CX|lpm_ff:lpm_ff_component|dffs[5]                                                                                                       ; |lab5_var4_v1|ron_unit:inst9|lpm_ff8:CX|lpm_ff:lpm_ff_component|dffs[5]                                                                                                       ; regout           ;
; |lab5_var4_v1|ron_unit:inst9|lpm_ff8:CX|lpm_ff:lpm_ff_component|dffs[4]                                                                                                       ; |lab5_var4_v1|ron_unit:inst9|lpm_ff8:CX|lpm_ff:lpm_ff_component|dffs[4]                                                                                                       ; regout           ;
; |lab5_var4_v1|ron_unit:inst9|lpm_ff8:CX|lpm_ff:lpm_ff_component|dffs[3]                                                                                                       ; |lab5_var4_v1|ron_unit:inst9|lpm_ff8:CX|lpm_ff:lpm_ff_component|dffs[3]                                                                                                       ; regout           ;
; |lab5_var4_v1|ron_unit:inst9|lpm_ff8:CX|lpm_ff:lpm_ff_component|dffs[2]                                                                                                       ; |lab5_var4_v1|ron_unit:inst9|lpm_ff8:CX|lpm_ff:lpm_ff_component|dffs[2]                                                                                                       ; regout           ;
; |lab5_var4_v1|ron_unit:inst9|lpm_ff8:CX|lpm_ff:lpm_ff_component|dffs[1]                                                                                                       ; |lab5_var4_v1|ron_unit:inst9|lpm_ff8:CX|lpm_ff:lpm_ff_component|dffs[1]                                                                                                       ; regout           ;
; |lab5_var4_v1|ron_unit:inst9|lpm_ff8:CX|lpm_ff:lpm_ff_component|dffs[0]                                                                                                       ; |lab5_var4_v1|ron_unit:inst9|lpm_ff8:CX|lpm_ff:lpm_ff_component|dffs[0]                                                                                                       ; regout           ;
; |lab5_var4_v1|ron_unit:inst9|lpm_ff8:BX|lpm_ff:lpm_ff_component|dffs[7]                                                                                                       ; |lab5_var4_v1|ron_unit:inst9|lpm_ff8:BX|lpm_ff:lpm_ff_component|dffs[7]                                                                                                       ; regout           ;
; |lab5_var4_v1|ron_unit:inst9|lpm_ff8:BX|lpm_ff:lpm_ff_component|dffs[6]                                                                                                       ; |lab5_var4_v1|ron_unit:inst9|lpm_ff8:BX|lpm_ff:lpm_ff_component|dffs[6]                                                                                                       ; regout           ;
; |lab5_var4_v1|ron_unit:inst9|lpm_ff8:BX|lpm_ff:lpm_ff_component|dffs[5]                                                                                                       ; |lab5_var4_v1|ron_unit:inst9|lpm_ff8:BX|lpm_ff:lpm_ff_component|dffs[5]                                                                                                       ; regout           ;
; |lab5_var4_v1|ron_unit:inst9|lpm_ff8:BX|lpm_ff:lpm_ff_component|dffs[4]                                                                                                       ; |lab5_var4_v1|ron_unit:inst9|lpm_ff8:BX|lpm_ff:lpm_ff_component|dffs[4]                                                                                                       ; regout           ;
; |lab5_var4_v1|ron_unit:inst9|lpm_ff8:BX|lpm_ff:lpm_ff_component|dffs[3]                                                                                                       ; |lab5_var4_v1|ron_unit:inst9|lpm_ff8:BX|lpm_ff:lpm_ff_component|dffs[3]                                                                                                       ; regout           ;
; |lab5_var4_v1|ron_unit:inst9|lpm_ff8:BX|lpm_ff:lpm_ff_component|dffs[2]                                                                                                       ; |lab5_var4_v1|ron_unit:inst9|lpm_ff8:BX|lpm_ff:lpm_ff_component|dffs[2]                                                                                                       ; regout           ;
; |lab5_var4_v1|ron_unit:inst9|lpm_ff8:BX|lpm_ff:lpm_ff_component|dffs[1]                                                                                                       ; |lab5_var4_v1|ron_unit:inst9|lpm_ff8:BX|lpm_ff:lpm_ff_component|dffs[1]                                                                                                       ; regout           ;
; |lab5_var4_v1|ron_unit:inst9|lpm_ff8:BX|lpm_ff:lpm_ff_component|dffs[0]                                                                                                       ; |lab5_var4_v1|ron_unit:inst9|lpm_ff8:BX|lpm_ff:lpm_ff_component|dffs[0]                                                                                                       ; regout           ;
; |lab5_var4_v1|ron_unit:inst9|lpm_decode2:inst16|lpm_decode:lpm_decode_component|decode_p7f:auto_generated|w_anode24w[2]                                                       ; |lab5_var4_v1|ron_unit:inst9|lpm_decode2:inst16|lpm_decode:lpm_decode_component|decode_p7f:auto_generated|w_anode24w[2]                                                       ; out0             ;
; |lab5_var4_v1|ron_unit:inst9|lpm_decode2:inst16|lpm_decode:lpm_decode_component|decode_p7f:auto_generated|w_anode33w[2]                                                       ; |lab5_var4_v1|ron_unit:inst9|lpm_decode2:inst16|lpm_decode:lpm_decode_component|decode_p7f:auto_generated|w_anode33w[2]                                                       ; out0             ;
; |lab5_var4_v1|ron_unit:inst9|lpm_ff8:AX|lpm_ff:lpm_ff_component|dffs[7]                                                                                                       ; |lab5_var4_v1|ron_unit:inst9|lpm_ff8:AX|lpm_ff:lpm_ff_component|dffs[7]                                                                                                       ; regout           ;
; |lab5_var4_v1|ron_unit:inst9|lpm_ff8:AX|lpm_ff:lpm_ff_component|dffs[6]                                                                                                       ; |lab5_var4_v1|ron_unit:inst9|lpm_ff8:AX|lpm_ff:lpm_ff_component|dffs[6]                                                                                                       ; regout           ;
; |lab5_var4_v1|ron_unit:inst9|lpm_ff8:AX|lpm_ff:lpm_ff_component|dffs[5]                                                                                                       ; |lab5_var4_v1|ron_unit:inst9|lpm_ff8:AX|lpm_ff:lpm_ff_component|dffs[5]                                                                                                       ; regout           ;
; |lab5_var4_v1|ron_unit:inst9|lpm_ff8:AX|lpm_ff:lpm_ff_component|dffs[3]                                                                                                       ; |lab5_var4_v1|ron_unit:inst9|lpm_ff8:AX|lpm_ff:lpm_ff_component|dffs[3]                                                                                                       ; regout           ;
; |lab5_var4_v1|ron_unit:inst9|lpm_ff8:AX|lpm_ff:lpm_ff_component|dffs[1]                                                                                                       ; |lab5_var4_v1|ron_unit:inst9|lpm_ff8:AX|lpm_ff:lpm_ff_component|dffs[1]                                                                                                       ; regout           ;
; |lab5_var4_v1|ron_unit:inst9|lpm_mux6:inst|lpm_mux:lpm_mux_component|mux_c4e:auto_generated|l1_w0_n0_mux_dataout~0                                                            ; |lab5_var4_v1|ron_unit:inst9|lpm_mux6:inst|lpm_mux:lpm_mux_component|mux_c4e:auto_generated|l1_w0_n0_mux_dataout~0                                                            ; out0             ;
; |lab5_var4_v1|ron_unit:inst9|lpm_mux6:inst|lpm_mux:lpm_mux_component|mux_c4e:auto_generated|l1_w0_n1_mux_dataout~0                                                            ; |lab5_var4_v1|ron_unit:inst9|lpm_mux6:inst|lpm_mux:lpm_mux_component|mux_c4e:auto_generated|l1_w0_n1_mux_dataout~0                                                            ; out0             ;
; |lab5_var4_v1|ron_unit:inst9|lpm_mux6:inst|lpm_mux:lpm_mux_component|mux_c4e:auto_generated|l1_w0_n1_mux_dataout~1                                                            ; |lab5_var4_v1|ron_unit:inst9|lpm_mux6:inst|lpm_mux:lpm_mux_component|mux_c4e:auto_generated|l1_w0_n1_mux_dataout~1                                                            ; out0             ;
; |lab5_var4_v1|ron_unit:inst9|lpm_mux6:inst|lpm_mux:lpm_mux_component|mux_c4e:auto_generated|l1_w0_n1_mux_dataout                                                              ; |lab5_var4_v1|ron_unit:inst9|lpm_mux6:inst|lpm_mux:lpm_mux_component|mux_c4e:auto_generated|l1_w0_n1_mux_dataout                                                              ; out0             ;
; |lab5_var4_v1|ron_unit:inst9|lpm_mux6:inst|lpm_mux:lpm_mux_component|mux_c4e:auto_generated|l1_w1_n0_mux_dataout~0                                                            ; |lab5_var4_v1|ron_unit:inst9|lpm_mux6:inst|lpm_mux:lpm_mux_component|mux_c4e:auto_generated|l1_w1_n0_mux_dataout~0                                                            ; out0             ;
; |lab5_var4_v1|ron_unit:inst9|lpm_mux6:inst|lpm_mux:lpm_mux_component|mux_c4e:auto_generated|l1_w1_n0_mux_dataout~1                                                            ; |lab5_var4_v1|ron_unit:inst9|lpm_mux6:inst|lpm_mux:lpm_mux_component|mux_c4e:auto_generated|l1_w1_n0_mux_dataout~1                                                            ; out0             ;
; |lab5_var4_v1|ron_unit:inst9|lpm_mux6:inst|lpm_mux:lpm_mux_component|mux_c4e:auto_generated|l1_w1_n0_mux_dataout                                                              ; |lab5_var4_v1|ron_unit:inst9|lpm_mux6:inst|lpm_mux:lpm_mux_component|mux_c4e:auto_generated|l1_w1_n0_mux_dataout                                                              ; out0             ;
; |lab5_var4_v1|ron_unit:inst9|lpm_mux6:inst|lpm_mux:lpm_mux_component|mux_c4e:auto_generated|l1_w1_n1_mux_dataout~0                                                            ; |lab5_var4_v1|ron_unit:inst9|lpm_mux6:inst|lpm_mux:lpm_mux_component|mux_c4e:auto_generated|l1_w1_n1_mux_dataout~0                                                            ; out0             ;
; |lab5_var4_v1|ron_unit:inst9|lpm_mux6:inst|lpm_mux:lpm_mux_component|mux_c4e:auto_generated|l1_w1_n1_mux_dataout~1                                                            ; |lab5_var4_v1|ron_unit:inst9|lpm_mux6:inst|lpm_mux:lpm_mux_component|mux_c4e:auto_generated|l1_w1_n1_mux_dataout~1                                                            ; out0             ;
; |lab5_var4_v1|ron_unit:inst9|lpm_mux6:inst|lpm_mux:lpm_mux_component|mux_c4e:auto_generated|l1_w1_n1_mux_dataout                                                              ; |lab5_var4_v1|ron_unit:inst9|lpm_mux6:inst|lpm_mux:lpm_mux_component|mux_c4e:auto_generated|l1_w1_n1_mux_dataout                                                              ; out0             ;
; |lab5_var4_v1|ron_unit:inst9|lpm_mux6:inst|lpm_mux:lpm_mux_component|mux_c4e:auto_generated|l1_w2_n0_mux_dataout~0                                                            ; |lab5_var4_v1|ron_unit:inst9|lpm_mux6:inst|lpm_mux:lpm_mux_component|mux_c4e:auto_generated|l1_w2_n0_mux_dataout~0                                                            ; out0             ;
; |lab5_var4_v1|ron_unit:inst9|lpm_mux6:inst|lpm_mux:lpm_mux_component|mux_c4e:auto_generated|l1_w2_n1_mux_dataout~0                                                            ; |lab5_var4_v1|ron_unit:inst9|lpm_mux6:inst|lpm_mux:lpm_mux_component|mux_c4e:auto_generated|l1_w2_n1_mux_dataout~0                                                            ; out0             ;
; |lab5_var4_v1|ron_unit:inst9|lpm_mux6:inst|lpm_mux:lpm_mux_component|mux_c4e:auto_generated|l1_w2_n1_mux_dataout~1                                                            ; |lab5_var4_v1|ron_unit:inst9|lpm_mux6:inst|lpm_mux:lpm_mux_component|mux_c4e:auto_generated|l1_w2_n1_mux_dataout~1                                                            ; out0             ;
; |lab5_var4_v1|ron_unit:inst9|lpm_mux6:inst|lpm_mux:lpm_mux_component|mux_c4e:auto_generated|l1_w2_n1_mux_dataout                                                              ; |lab5_var4_v1|ron_unit:inst9|lpm_mux6:inst|lpm_mux:lpm_mux_component|mux_c4e:auto_generated|l1_w2_n1_mux_dataout                                                              ; out0             ;
; |lab5_var4_v1|ron_unit:inst9|lpm_mux6:inst|lpm_mux:lpm_mux_component|mux_c4e:auto_generated|l1_w3_n0_mux_dataout~0                                                            ; |lab5_var4_v1|ron_unit:inst9|lpm_mux6:inst|lpm_mux:lpm_mux_component|mux_c4e:auto_generated|l1_w3_n0_mux_dataout~0                                                            ; out0             ;
; |lab5_var4_v1|ron_unit:inst9|lpm_mux6:inst|lpm_mux:lpm_mux_component|mux_c4e:auto_generated|l1_w3_n0_mux_dataout~1                                                            ; |lab5_var4_v1|ron_unit:inst9|lpm_mux6:inst|lpm_mux:lpm_mux_component|mux_c4e:auto_generated|l1_w3_n0_mux_dataout~1                                                            ; out0             ;
; |lab5_var4_v1|ron_unit:inst9|lpm_mux6:inst|lpm_mux:lpm_mux_component|mux_c4e:auto_generated|l1_w3_n0_mux_dataout                                                              ; |lab5_var4_v1|ron_unit:inst9|lpm_mux6:inst|lpm_mux:lpm_mux_component|mux_c4e:auto_generated|l1_w3_n0_mux_dataout                                                              ; out0             ;
; |lab5_var4_v1|ron_unit:inst9|lpm_mux6:inst|lpm_mux:lpm_mux_component|mux_c4e:auto_generated|l1_w3_n1_mux_dataout~0                                                            ; |lab5_var4_v1|ron_unit:inst9|lpm_mux6:inst|lpm_mux:lpm_mux_component|mux_c4e:auto_generated|l1_w3_n1_mux_dataout~0                                                            ; out0             ;
; |lab5_var4_v1|ron_unit:inst9|lpm_mux6:inst|lpm_mux:lpm_mux_component|mux_c4e:auto_generated|l1_w3_n1_mux_dataout~1                                                            ; |lab5_var4_v1|ron_unit:inst9|lpm_mux6:inst|lpm_mux:lpm_mux_component|mux_c4e:auto_generated|l1_w3_n1_mux_dataout~1                                                            ; out0             ;
; |lab5_var4_v1|ron_unit:inst9|lpm_mux6:inst|lpm_mux:lpm_mux_component|mux_c4e:auto_generated|l1_w3_n1_mux_dataout                                                              ; |lab5_var4_v1|ron_unit:inst9|lpm_mux6:inst|lpm_mux:lpm_mux_component|mux_c4e:auto_generated|l1_w3_n1_mux_dataout                                                              ; out0             ;
; |lab5_var4_v1|ron_unit:inst9|lpm_mux6:inst|lpm_mux:lpm_mux_component|mux_c4e:auto_generated|l1_w4_n0_mux_dataout~0                                                            ; |lab5_var4_v1|ron_unit:inst9|lpm_mux6:inst|lpm_mux:lpm_mux_component|mux_c4e:auto_generated|l1_w4_n0_mux_dataout~0                                                            ; out0             ;
; |lab5_var4_v1|ron_unit:inst9|lpm_mux6:inst|lpm_mux:lpm_mux_component|mux_c4e:auto_generated|l1_w4_n1_mux_dataout~0                                                            ; |lab5_var4_v1|ron_unit:inst9|lpm_mux6:inst|lpm_mux:lpm_mux_component|mux_c4e:auto_generated|l1_w4_n1_mux_dataout~0                                                            ; out0             ;
; |lab5_var4_v1|ron_unit:inst9|lpm_mux6:inst|lpm_mux:lpm_mux_component|mux_c4e:auto_generated|l1_w4_n1_mux_dataout~1                                                            ; |lab5_var4_v1|ron_unit:inst9|lpm_mux6:inst|lpm_mux:lpm_mux_component|mux_c4e:auto_generated|l1_w4_n1_mux_dataout~1                                                            ; out0             ;
; |lab5_var4_v1|ron_unit:inst9|lpm_mux6:inst|lpm_mux:lpm_mux_component|mux_c4e:auto_generated|l1_w4_n1_mux_dataout                                                              ; |lab5_var4_v1|ron_unit:inst9|lpm_mux6:inst|lpm_mux:lpm_mux_component|mux_c4e:auto_generated|l1_w4_n1_mux_dataout                                                              ; out0             ;
; |lab5_var4_v1|ron_unit:inst9|lpm_mux6:inst|lpm_mux:lpm_mux_component|mux_c4e:auto_generated|l1_w5_n0_mux_dataout~0                                                            ; |lab5_var4_v1|ron_unit:inst9|lpm_mux6:inst|lpm_mux:lpm_mux_component|mux_c4e:auto_generated|l1_w5_n0_mux_dataout~0                                                            ; out0             ;
; |lab5_var4_v1|ron_unit:inst9|lpm_mux6:inst|lpm_mux:lpm_mux_component|mux_c4e:auto_generated|l1_w5_n0_mux_dataout~1                                                            ; |lab5_var4_v1|ron_unit:inst9|lpm_mux6:inst|lpm_mux:lpm_mux_component|mux_c4e:auto_generated|l1_w5_n0_mux_dataout~1                                                            ; out0             ;
; |lab5_var4_v1|ron_unit:inst9|lpm_mux6:inst|lpm_mux:lpm_mux_component|mux_c4e:auto_generated|l1_w5_n0_mux_dataout                                                              ; |lab5_var4_v1|ron_unit:inst9|lpm_mux6:inst|lpm_mux:lpm_mux_component|mux_c4e:auto_generated|l1_w5_n0_mux_dataout                                                              ; out0             ;
; |lab5_var4_v1|ron_unit:inst9|lpm_mux6:inst|lpm_mux:lpm_mux_component|mux_c4e:auto_generated|l1_w5_n1_mux_dataout~0                                                            ; |lab5_var4_v1|ron_unit:inst9|lpm_mux6:inst|lpm_mux:lpm_mux_component|mux_c4e:auto_generated|l1_w5_n1_mux_dataout~0                                                            ; out0             ;
; |lab5_var4_v1|ron_unit:inst9|lpm_mux6:inst|lpm_mux:lpm_mux_component|mux_c4e:auto_generated|l1_w5_n1_mux_dataout~1                                                            ; |lab5_var4_v1|ron_unit:inst9|lpm_mux6:inst|lpm_mux:lpm_mux_component|mux_c4e:auto_generated|l1_w5_n1_mux_dataout~1                                                            ; out0             ;
; |lab5_var4_v1|ron_unit:inst9|lpm_mux6:inst|lpm_mux:lpm_mux_component|mux_c4e:auto_generated|l1_w5_n1_mux_dataout                                                              ; |lab5_var4_v1|ron_unit:inst9|lpm_mux6:inst|lpm_mux:lpm_mux_component|mux_c4e:auto_generated|l1_w5_n1_mux_dataout                                                              ; out0             ;
; |lab5_var4_v1|ron_unit:inst9|lpm_mux6:inst|lpm_mux:lpm_mux_component|mux_c4e:auto_generated|l1_w6_n0_mux_dataout~0                                                            ; |lab5_var4_v1|ron_unit:inst9|lpm_mux6:inst|lpm_mux:lpm_mux_component|mux_c4e:auto_generated|l1_w6_n0_mux_dataout~0                                                            ; out0             ;
; |lab5_var4_v1|ron_unit:inst9|lpm_mux6:inst|lpm_mux:lpm_mux_component|mux_c4e:auto_generated|l1_w6_n0_mux_dataout~1                                                            ; |lab5_var4_v1|ron_unit:inst9|lpm_mux6:inst|lpm_mux:lpm_mux_component|mux_c4e:auto_generated|l1_w6_n0_mux_dataout~1                                                            ; out0             ;
; |lab5_var4_v1|ron_unit:inst9|lpm_mux6:inst|lpm_mux:lpm_mux_component|mux_c4e:auto_generated|l1_w6_n0_mux_dataout                                                              ; |lab5_var4_v1|ron_unit:inst9|lpm_mux6:inst|lpm_mux:lpm_mux_component|mux_c4e:auto_generated|l1_w6_n0_mux_dataout                                                              ; out0             ;
; |lab5_var4_v1|ron_unit:inst9|lpm_mux6:inst|lpm_mux:lpm_mux_component|mux_c4e:auto_generated|l1_w6_n1_mux_dataout~0                                                            ; |lab5_var4_v1|ron_unit:inst9|lpm_mux6:inst|lpm_mux:lpm_mux_component|mux_c4e:auto_generated|l1_w6_n1_mux_dataout~0                                                            ; out0             ;
; |lab5_var4_v1|ron_unit:inst9|lpm_mux6:inst|lpm_mux:lpm_mux_component|mux_c4e:auto_generated|l1_w6_n1_mux_dataout~1                                                            ; |lab5_var4_v1|ron_unit:inst9|lpm_mux6:inst|lpm_mux:lpm_mux_component|mux_c4e:auto_generated|l1_w6_n1_mux_dataout~1                                                            ; out0             ;
; |lab5_var4_v1|ron_unit:inst9|lpm_mux6:inst|lpm_mux:lpm_mux_component|mux_c4e:auto_generated|l1_w6_n1_mux_dataout                                                              ; |lab5_var4_v1|ron_unit:inst9|lpm_mux6:inst|lpm_mux:lpm_mux_component|mux_c4e:auto_generated|l1_w6_n1_mux_dataout                                                              ; out0             ;
; |lab5_var4_v1|ron_unit:inst9|lpm_mux6:inst|lpm_mux:lpm_mux_component|mux_c4e:auto_generated|l1_w7_n0_mux_dataout~0                                                            ; |lab5_var4_v1|ron_unit:inst9|lpm_mux6:inst|lpm_mux:lpm_mux_component|mux_c4e:auto_generated|l1_w7_n0_mux_dataout~0                                                            ; out0             ;
; |lab5_var4_v1|ron_unit:inst9|lpm_mux6:inst|lpm_mux:lpm_mux_component|mux_c4e:auto_generated|l1_w7_n0_mux_dataout~1                                                            ; |lab5_var4_v1|ron_unit:inst9|lpm_mux6:inst|lpm_mux:lpm_mux_component|mux_c4e:auto_generated|l1_w7_n0_mux_dataout~1                                                            ; out0             ;
; |lab5_var4_v1|ron_unit:inst9|lpm_mux6:inst|lpm_mux:lpm_mux_component|mux_c4e:auto_generated|l1_w7_n0_mux_dataout                                                              ; |lab5_var4_v1|ron_unit:inst9|lpm_mux6:inst|lpm_mux:lpm_mux_component|mux_c4e:auto_generated|l1_w7_n0_mux_dataout                                                              ; out0             ;
; |lab5_var4_v1|ron_unit:inst9|lpm_mux6:inst|lpm_mux:lpm_mux_component|mux_c4e:auto_generated|l1_w7_n1_mux_dataout~0                                                            ; |lab5_var4_v1|ron_unit:inst9|lpm_mux6:inst|lpm_mux:lpm_mux_component|mux_c4e:auto_generated|l1_w7_n1_mux_dataout~0                                                            ; out0             ;
; |lab5_var4_v1|ron_unit:inst9|lpm_mux6:inst|lpm_mux:lpm_mux_component|mux_c4e:auto_generated|l1_w7_n1_mux_dataout~1                                                            ; |lab5_var4_v1|ron_unit:inst9|lpm_mux6:inst|lpm_mux:lpm_mux_component|mux_c4e:auto_generated|l1_w7_n1_mux_dataout~1                                                            ; out0             ;
; |lab5_var4_v1|ron_unit:inst9|lpm_mux6:inst|lpm_mux:lpm_mux_component|mux_c4e:auto_generated|l1_w7_n1_mux_dataout                                                              ; |lab5_var4_v1|ron_unit:inst9|lpm_mux6:inst|lpm_mux:lpm_mux_component|mux_c4e:auto_generated|l1_w7_n1_mux_dataout                                                              ; out0             ;
; |lab5_var4_v1|ron_unit:inst9|lpm_mux6:inst|lpm_mux:lpm_mux_component|mux_c4e:auto_generated|l2_w0_n0_mux_dataout~0                                                            ; |lab5_var4_v1|ron_unit:inst9|lpm_mux6:inst|lpm_mux:lpm_mux_component|mux_c4e:auto_generated|l2_w0_n0_mux_dataout~0                                                            ; out0             ;
; |lab5_var4_v1|ron_unit:inst9|lpm_mux6:inst|lpm_mux:lpm_mux_component|mux_c4e:auto_generated|l2_w1_n0_mux_dataout~0                                                            ; |lab5_var4_v1|ron_unit:inst9|lpm_mux6:inst|lpm_mux:lpm_mux_component|mux_c4e:auto_generated|l2_w1_n0_mux_dataout~0                                                            ; out0             ;
; |lab5_var4_v1|ron_unit:inst9|lpm_mux6:inst|lpm_mux:lpm_mux_component|mux_c4e:auto_generated|l2_w1_n0_mux_dataout~1                                                            ; |lab5_var4_v1|ron_unit:inst9|lpm_mux6:inst|lpm_mux:lpm_mux_component|mux_c4e:auto_generated|l2_w1_n0_mux_dataout~1                                                            ; out0             ;
; |lab5_var4_v1|ron_unit:inst9|lpm_mux6:inst|lpm_mux:lpm_mux_component|mux_c4e:auto_generated|l2_w1_n0_mux_dataout                                                              ; |lab5_var4_v1|ron_unit:inst9|lpm_mux6:inst|lpm_mux:lpm_mux_component|mux_c4e:auto_generated|l2_w1_n0_mux_dataout                                                              ; out0             ;
; |lab5_var4_v1|ron_unit:inst9|lpm_mux6:inst|lpm_mux:lpm_mux_component|mux_c4e:auto_generated|l2_w2_n0_mux_dataout~0                                                            ; |lab5_var4_v1|ron_unit:inst9|lpm_mux6:inst|lpm_mux:lpm_mux_component|mux_c4e:auto_generated|l2_w2_n0_mux_dataout~0                                                            ; out0             ;
; |lab5_var4_v1|ron_unit:inst9|lpm_mux6:inst|lpm_mux:lpm_mux_component|mux_c4e:auto_generated|l2_w3_n0_mux_dataout~0                                                            ; |lab5_var4_v1|ron_unit:inst9|lpm_mux6:inst|lpm_mux:lpm_mux_component|mux_c4e:auto_generated|l2_w3_n0_mux_dataout~0                                                            ; out0             ;
; |lab5_var4_v1|ron_unit:inst9|lpm_mux6:inst|lpm_mux:lpm_mux_component|mux_c4e:auto_generated|l2_w3_n0_mux_dataout~1                                                            ; |lab5_var4_v1|ron_unit:inst9|lpm_mux6:inst|lpm_mux:lpm_mux_component|mux_c4e:auto_generated|l2_w3_n0_mux_dataout~1                                                            ; out0             ;
; |lab5_var4_v1|ron_unit:inst9|lpm_mux6:inst|lpm_mux:lpm_mux_component|mux_c4e:auto_generated|l2_w3_n0_mux_dataout                                                              ; |lab5_var4_v1|ron_unit:inst9|lpm_mux6:inst|lpm_mux:lpm_mux_component|mux_c4e:auto_generated|l2_w3_n0_mux_dataout                                                              ; out0             ;
; |lab5_var4_v1|ron_unit:inst9|lpm_mux6:inst|lpm_mux:lpm_mux_component|mux_c4e:auto_generated|l2_w4_n0_mux_dataout~0                                                            ; |lab5_var4_v1|ron_unit:inst9|lpm_mux6:inst|lpm_mux:lpm_mux_component|mux_c4e:auto_generated|l2_w4_n0_mux_dataout~0                                                            ; out0             ;
; |lab5_var4_v1|ron_unit:inst9|lpm_mux6:inst|lpm_mux:lpm_mux_component|mux_c4e:auto_generated|l2_w5_n0_mux_dataout~0                                                            ; |lab5_var4_v1|ron_unit:inst9|lpm_mux6:inst|lpm_mux:lpm_mux_component|mux_c4e:auto_generated|l2_w5_n0_mux_dataout~0                                                            ; out0             ;
; |lab5_var4_v1|ron_unit:inst9|lpm_mux6:inst|lpm_mux:lpm_mux_component|mux_c4e:auto_generated|l2_w5_n0_mux_dataout~1                                                            ; |lab5_var4_v1|ron_unit:inst9|lpm_mux6:inst|lpm_mux:lpm_mux_component|mux_c4e:auto_generated|l2_w5_n0_mux_dataout~1                                                            ; out0             ;
; |lab5_var4_v1|ron_unit:inst9|lpm_mux6:inst|lpm_mux:lpm_mux_component|mux_c4e:auto_generated|l2_w5_n0_mux_dataout                                                              ; |lab5_var4_v1|ron_unit:inst9|lpm_mux6:inst|lpm_mux:lpm_mux_component|mux_c4e:auto_generated|l2_w5_n0_mux_dataout                                                              ; out0             ;
; |lab5_var4_v1|ron_unit:inst9|lpm_mux6:inst|lpm_mux:lpm_mux_component|mux_c4e:auto_generated|l2_w6_n0_mux_dataout~0                                                            ; |lab5_var4_v1|ron_unit:inst9|lpm_mux6:inst|lpm_mux:lpm_mux_component|mux_c4e:auto_generated|l2_w6_n0_mux_dataout~0                                                            ; out0             ;
; |lab5_var4_v1|ron_unit:inst9|lpm_mux6:inst|lpm_mux:lpm_mux_component|mux_c4e:auto_generated|l2_w6_n0_mux_dataout~1                                                            ; |lab5_var4_v1|ron_unit:inst9|lpm_mux6:inst|lpm_mux:lpm_mux_component|mux_c4e:auto_generated|l2_w6_n0_mux_dataout~1                                                            ; out0             ;
; |lab5_var4_v1|ron_unit:inst9|lpm_mux6:inst|lpm_mux:lpm_mux_component|mux_c4e:auto_generated|l2_w6_n0_mux_dataout                                                              ; |lab5_var4_v1|ron_unit:inst9|lpm_mux6:inst|lpm_mux:lpm_mux_component|mux_c4e:auto_generated|l2_w6_n0_mux_dataout                                                              ; out0             ;
; |lab5_var4_v1|ron_unit:inst9|lpm_mux6:inst|lpm_mux:lpm_mux_component|mux_c4e:auto_generated|l2_w7_n0_mux_dataout~0                                                            ; |lab5_var4_v1|ron_unit:inst9|lpm_mux6:inst|lpm_mux:lpm_mux_component|mux_c4e:auto_generated|l2_w7_n0_mux_dataout~0                                                            ; out0             ;
; |lab5_var4_v1|ron_unit:inst9|lpm_mux6:inst|lpm_mux:lpm_mux_component|mux_c4e:auto_generated|l2_w7_n0_mux_dataout~1                                                            ; |lab5_var4_v1|ron_unit:inst9|lpm_mux6:inst|lpm_mux:lpm_mux_component|mux_c4e:auto_generated|l2_w7_n0_mux_dataout~1                                                            ; out0             ;
; |lab5_var4_v1|ron_unit:inst9|lpm_mux6:inst|lpm_mux:lpm_mux_component|mux_c4e:auto_generated|l2_w7_n0_mux_dataout                                                              ; |lab5_var4_v1|ron_unit:inst9|lpm_mux6:inst|lpm_mux:lpm_mux_component|mux_c4e:auto_generated|l2_w7_n0_mux_dataout                                                              ; out0             ;
; |lab5_var4_v1|lpm_ff9:regBB|lpm_ff:lpm_ff_component|dffs[7]                                                                                                                   ; |lab5_var4_v1|lpm_ff9:regBB|lpm_ff:lpm_ff_component|dffs[7]                                                                                                                   ; regout           ;
; |lab5_var4_v1|lpm_ff9:regBB|lpm_ff:lpm_ff_component|dffs[6]                                                                                                                   ; |lab5_var4_v1|lpm_ff9:regBB|lpm_ff:lpm_ff_component|dffs[6]                                                                                                                   ; regout           ;
; |lab5_var4_v1|lpm_ff9:regBB|lpm_ff:lpm_ff_component|dffs[5]                                                                                                                   ; |lab5_var4_v1|lpm_ff9:regBB|lpm_ff:lpm_ff_component|dffs[5]                                                                                                                   ; regout           ;
; |lab5_var4_v1|lpm_ff9:regBB|lpm_ff:lpm_ff_component|dffs[4]                                                                                                                   ; |lab5_var4_v1|lpm_ff9:regBB|lpm_ff:lpm_ff_component|dffs[4]                                                                                                                   ; regout           ;
; |lab5_var4_v1|lpm_ff9:regBB|lpm_ff:lpm_ff_component|dffs[3]                                                                                                                   ; |lab5_var4_v1|lpm_ff9:regBB|lpm_ff:lpm_ff_component|dffs[3]                                                                                                                   ; regout           ;
; |lab5_var4_v1|lpm_ff9:regBB|lpm_ff:lpm_ff_component|dffs[2]                                                                                                                   ; |lab5_var4_v1|lpm_ff9:regBB|lpm_ff:lpm_ff_component|dffs[2]                                                                                                                   ; regout           ;
; |lab5_var4_v1|lpm_ff9:regBB|lpm_ff:lpm_ff_component|dffs[1]                                                                                                                   ; |lab5_var4_v1|lpm_ff9:regBB|lpm_ff:lpm_ff_component|dffs[1]                                                                                                                   ; regout           ;
; |lab5_var4_v1|lpm_ff9:regBB|lpm_ff:lpm_ff_component|dffs[0]                                                                                                                   ; |lab5_var4_v1|lpm_ff9:regBB|lpm_ff:lpm_ff_component|dffs[0]                                                                                                                   ; regout           ;
; |lab5_var4_v1|lpm_ff9:regAA|lpm_ff:lpm_ff_component|dffs[7]                                                                                                                   ; |lab5_var4_v1|lpm_ff9:regAA|lpm_ff:lpm_ff_component|dffs[7]                                                                                                                   ; regout           ;
; |lab5_var4_v1|lpm_ff9:regAA|lpm_ff:lpm_ff_component|dffs[6]                                                                                                                   ; |lab5_var4_v1|lpm_ff9:regAA|lpm_ff:lpm_ff_component|dffs[6]                                                                                                                   ; regout           ;
; |lab5_var4_v1|lpm_ff9:regAA|lpm_ff:lpm_ff_component|dffs[5]                                                                                                                   ; |lab5_var4_v1|lpm_ff9:regAA|lpm_ff:lpm_ff_component|dffs[5]                                                                                                                   ; regout           ;
; |lab5_var4_v1|lpm_ff9:regAA|lpm_ff:lpm_ff_component|dffs[4]                                                                                                                   ; |lab5_var4_v1|lpm_ff9:regAA|lpm_ff:lpm_ff_component|dffs[4]                                                                                                                   ; regout           ;
; |lab5_var4_v1|lpm_ff9:regAA|lpm_ff:lpm_ff_component|dffs[3]                                                                                                                   ; |lab5_var4_v1|lpm_ff9:regAA|lpm_ff:lpm_ff_component|dffs[3]                                                                                                                   ; regout           ;
; |lab5_var4_v1|lpm_ff9:regAA|lpm_ff:lpm_ff_component|dffs[1]                                                                                                                   ; |lab5_var4_v1|lpm_ff9:regAA|lpm_ff:lpm_ff_component|dffs[1]                                                                                                                   ; regout           ;
; |lab5_var4_v1|arithmetic_logic_unit:inst1|inst10                                                                                                                              ; |lab5_var4_v1|arithmetic_logic_unit:inst1|inst10                                                                                                                              ; out0             ;
; |lab5_var4_v1|arithmetic_logic_unit:inst1|inst6                                                                                                                               ; |lab5_var4_v1|arithmetic_logic_unit:inst1|inst6                                                                                                                               ; out0             ;
; |lab5_var4_v1|arithmetic_logic_unit:inst1|inst9                                                                                                                               ; |lab5_var4_v1|arithmetic_logic_unit:inst1|inst9                                                                                                                               ; out0             ;
; |lab5_var4_v1|arithmetic_logic_unit:inst1|lpm_mux11:inst|lpm_mux:lpm_mux_component|mux_54e:auto_generated|l1_w0_n1_mux_dataout~0                                              ; |lab5_var4_v1|arithmetic_logic_unit:inst1|lpm_mux11:inst|lpm_mux:lpm_mux_component|mux_54e:auto_generated|l1_w0_n1_mux_dataout~0                                              ; out0             ;
; |lab5_var4_v1|arithmetic_logic_unit:inst1|lpm_mux11:inst13|lpm_mux:lpm_mux_component|mux_54e:auto_generated|l1_w0_n0_mux_dataout~0                                            ; |lab5_var4_v1|arithmetic_logic_unit:inst1|lpm_mux11:inst13|lpm_mux:lpm_mux_component|mux_54e:auto_generated|l1_w0_n0_mux_dataout~0                                            ; out0             ;
; |lab5_var4_v1|arithmetic_logic_unit:inst1|lpm_mux11:inst13|lpm_mux:lpm_mux_component|mux_54e:auto_generated|l1_w0_n0_mux_dataout~1                                            ; |lab5_var4_v1|arithmetic_logic_unit:inst1|lpm_mux11:inst13|lpm_mux:lpm_mux_component|mux_54e:auto_generated|l1_w0_n0_mux_dataout~1                                            ; out0             ;
; |lab5_var4_v1|arithmetic_logic_unit:inst1|lpm_mux11:inst13|lpm_mux:lpm_mux_component|mux_54e:auto_generated|l1_w0_n0_mux_dataout                                              ; |lab5_var4_v1|arithmetic_logic_unit:inst1|lpm_mux11:inst13|lpm_mux:lpm_mux_component|mux_54e:auto_generated|l1_w0_n0_mux_dataout                                              ; out0             ;
; |lab5_var4_v1|arithmetic_logic_unit:inst1|lpm_mux11:inst13|lpm_mux:lpm_mux_component|mux_54e:auto_generated|l1_w0_n1_mux_dataout~0                                            ; |lab5_var4_v1|arithmetic_logic_unit:inst1|lpm_mux11:inst13|lpm_mux:lpm_mux_component|mux_54e:auto_generated|l1_w0_n1_mux_dataout~0                                            ; out0             ;
; |lab5_var4_v1|arithmetic_logic_unit:inst1|lpm_mux11:inst13|lpm_mux:lpm_mux_component|mux_54e:auto_generated|l1_w0_n1_mux_dataout~1                                            ; |lab5_var4_v1|arithmetic_logic_unit:inst1|lpm_mux11:inst13|lpm_mux:lpm_mux_component|mux_54e:auto_generated|l1_w0_n1_mux_dataout~1                                            ; out0             ;
; |lab5_var4_v1|arithmetic_logic_unit:inst1|lpm_mux11:inst13|lpm_mux:lpm_mux_component|mux_54e:auto_generated|l1_w0_n1_mux_dataout                                              ; |lab5_var4_v1|arithmetic_logic_unit:inst1|lpm_mux11:inst13|lpm_mux:lpm_mux_component|mux_54e:auto_generated|l1_w0_n1_mux_dataout                                              ; out0             ;
; |lab5_var4_v1|arithmetic_logic_unit:inst1|lpm_mux11:inst13|lpm_mux:lpm_mux_component|mux_54e:auto_generated|l2_w0_n0_mux_dataout~0                                            ; |lab5_var4_v1|arithmetic_logic_unit:inst1|lpm_mux11:inst13|lpm_mux:lpm_mux_component|mux_54e:auto_generated|l2_w0_n0_mux_dataout~0                                            ; out0             ;
; |lab5_var4_v1|arithmetic_logic_unit:inst1|lpm_mux11:inst13|lpm_mux:lpm_mux_component|mux_54e:auto_generated|l2_w0_n0_mux_dataout~1                                            ; |lab5_var4_v1|arithmetic_logic_unit:inst1|lpm_mux11:inst13|lpm_mux:lpm_mux_component|mux_54e:auto_generated|l2_w0_n0_mux_dataout~1                                            ; out0             ;
; |lab5_var4_v1|arithmetic_logic_unit:inst1|lpm_mux11:inst13|lpm_mux:lpm_mux_component|mux_54e:auto_generated|l2_w0_n0_mux_dataout                                              ; |lab5_var4_v1|arithmetic_logic_unit:inst1|lpm_mux11:inst13|lpm_mux:lpm_mux_component|mux_54e:auto_generated|l2_w0_n0_mux_dataout                                              ; out0             ;
; |lab5_var4_v1|arithmetic_logic_unit:inst1|CMP:inst12|fulladd:0|inst31                                                                                                         ; |lab5_var4_v1|arithmetic_logic_unit:inst1|CMP:inst12|fulladd:0|inst31                                                                                                         ; out0             ;
; |lab5_var4_v1|arithmetic_logic_unit:inst1|CMP:inst12|fulladd:1|inst27                                                                                                         ; |lab5_var4_v1|arithmetic_logic_unit:inst1|CMP:inst12|fulladd:1|inst27                                                                                                         ; out0             ;
; |lab5_var4_v1|arithmetic_logic_unit:inst1|CMP:inst12|fulladd:1|inst                                                                                                           ; |lab5_var4_v1|arithmetic_logic_unit:inst1|CMP:inst12|fulladd:1|inst                                                                                                           ; out0             ;
; |lab5_var4_v1|arithmetic_logic_unit:inst1|CMP:inst12|fulladd:1|inst31                                                                                                         ; |lab5_var4_v1|arithmetic_logic_unit:inst1|CMP:inst12|fulladd:1|inst31                                                                                                         ; out0             ;
; |lab5_var4_v1|arithmetic_logic_unit:inst1|CMP:inst12|fulladd:1|inst29                                                                                                         ; |lab5_var4_v1|arithmetic_logic_unit:inst1|CMP:inst12|fulladd:1|inst29                                                                                                         ; out0             ;
; |lab5_var4_v1|arithmetic_logic_unit:inst1|CMP:inst12|fulladd:1|inst28                                                                                                         ; |lab5_var4_v1|arithmetic_logic_unit:inst1|CMP:inst12|fulladd:1|inst28                                                                                                         ; out0             ;
; |lab5_var4_v1|arithmetic_logic_unit:inst1|CMP:inst12|fulladd:2|inst31                                                                                                         ; |lab5_var4_v1|arithmetic_logic_unit:inst1|CMP:inst12|fulladd:2|inst31                                                                                                         ; out0             ;
; |lab5_var4_v1|arithmetic_logic_unit:inst1|CMP:inst12|fulladd:3|inst27                                                                                                         ; |lab5_var4_v1|arithmetic_logic_unit:inst1|CMP:inst12|fulladd:3|inst27                                                                                                         ; out0             ;
; |lab5_var4_v1|arithmetic_logic_unit:inst1|CMP:inst12|fulladd:3|inst                                                                                                           ; |lab5_var4_v1|arithmetic_logic_unit:inst1|CMP:inst12|fulladd:3|inst                                                                                                           ; out0             ;
; |lab5_var4_v1|arithmetic_logic_unit:inst1|CMP:inst12|fulladd:3|inst31                                                                                                         ; |lab5_var4_v1|arithmetic_logic_unit:inst1|CMP:inst12|fulladd:3|inst31                                                                                                         ; out0             ;
; |lab5_var4_v1|arithmetic_logic_unit:inst1|CMP:inst12|fulladd:3|inst29                                                                                                         ; |lab5_var4_v1|arithmetic_logic_unit:inst1|CMP:inst12|fulladd:3|inst29                                                                                                         ; out0             ;
; |lab5_var4_v1|arithmetic_logic_unit:inst1|CMP:inst12|fulladd:3|inst28                                                                                                         ; |lab5_var4_v1|arithmetic_logic_unit:inst1|CMP:inst12|fulladd:3|inst28                                                                                                         ; out0             ;
; |lab5_var4_v1|arithmetic_logic_unit:inst1|CMP:inst12|fulladd:4|inst27                                                                                                         ; |lab5_var4_v1|arithmetic_logic_unit:inst1|CMP:inst12|fulladd:4|inst27                                                                                                         ; out0             ;
; |lab5_var4_v1|arithmetic_logic_unit:inst1|CMP:inst12|fulladd:4|inst                                                                                                           ; |lab5_var4_v1|arithmetic_logic_unit:inst1|CMP:inst12|fulladd:4|inst                                                                                                           ; out0             ;
; |lab5_var4_v1|arithmetic_logic_unit:inst1|CMP:inst12|fulladd:4|inst31                                                                                                         ; |lab5_var4_v1|arithmetic_logic_unit:inst1|CMP:inst12|fulladd:4|inst31                                                                                                         ; out0             ;
; |lab5_var4_v1|arithmetic_logic_unit:inst1|CMP:inst12|fulladd:4|inst29                                                                                                         ; |lab5_var4_v1|arithmetic_logic_unit:inst1|CMP:inst12|fulladd:4|inst29                                                                                                         ; out0             ;
; |lab5_var4_v1|arithmetic_logic_unit:inst1|CMP:inst12|fulladd:4|inst28                                                                                                         ; |lab5_var4_v1|arithmetic_logic_unit:inst1|CMP:inst12|fulladd:4|inst28                                                                                                         ; out0             ;
; |lab5_var4_v1|arithmetic_logic_unit:inst1|CMP:inst12|fulladd:5|inst27                                                                                                         ; |lab5_var4_v1|arithmetic_logic_unit:inst1|CMP:inst12|fulladd:5|inst27                                                                                                         ; out0             ;
; |lab5_var4_v1|arithmetic_logic_unit:inst1|CMP:inst12|fulladd:5|inst                                                                                                           ; |lab5_var4_v1|arithmetic_logic_unit:inst1|CMP:inst12|fulladd:5|inst                                                                                                           ; out0             ;
; |lab5_var4_v1|arithmetic_logic_unit:inst1|CMP:inst12|fulladd:5|inst31                                                                                                         ; |lab5_var4_v1|arithmetic_logic_unit:inst1|CMP:inst12|fulladd:5|inst31                                                                                                         ; out0             ;
; |lab5_var4_v1|arithmetic_logic_unit:inst1|CMP:inst12|fulladd:5|inst29                                                                                                         ; |lab5_var4_v1|arithmetic_logic_unit:inst1|CMP:inst12|fulladd:5|inst29                                                                                                         ; out0             ;
; |lab5_var4_v1|arithmetic_logic_unit:inst1|CMP:inst12|fulladd:5|inst28                                                                                                         ; |lab5_var4_v1|arithmetic_logic_unit:inst1|CMP:inst12|fulladd:5|inst28                                                                                                         ; out0             ;
; |lab5_var4_v1|arithmetic_logic_unit:inst1|CMP:inst12|fulladd:6|inst27                                                                                                         ; |lab5_var4_v1|arithmetic_logic_unit:inst1|CMP:inst12|fulladd:6|inst27                                                                                                         ; out0             ;
; |lab5_var4_v1|arithmetic_logic_unit:inst1|CMP:inst12|fulladd:6|inst                                                                                                           ; |lab5_var4_v1|arithmetic_logic_unit:inst1|CMP:inst12|fulladd:6|inst                                                                                                           ; out0             ;
; |lab5_var4_v1|arithmetic_logic_unit:inst1|CMP:inst12|fulladd:6|inst31                                                                                                         ; |lab5_var4_v1|arithmetic_logic_unit:inst1|CMP:inst12|fulladd:6|inst31                                                                                                         ; out0             ;
; |lab5_var4_v1|arithmetic_logic_unit:inst1|CMP:inst12|fulladd:6|inst29                                                                                                         ; |lab5_var4_v1|arithmetic_logic_unit:inst1|CMP:inst12|fulladd:6|inst29                                                                                                         ; out0             ;
; |lab5_var4_v1|arithmetic_logic_unit:inst1|CMP:inst12|fulladd:6|inst28                                                                                                         ; |lab5_var4_v1|arithmetic_logic_unit:inst1|CMP:inst12|fulladd:6|inst28                                                                                                         ; out0             ;
; |lab5_var4_v1|arithmetic_logic_unit:inst1|CMP:inst12|fulladd:7|inst27                                                                                                         ; |lab5_var4_v1|arithmetic_logic_unit:inst1|CMP:inst12|fulladd:7|inst27                                                                                                         ; out0             ;
; |lab5_var4_v1|arithmetic_logic_unit:inst1|CMP:inst12|fulladd:7|inst                                                                                                           ; |lab5_var4_v1|arithmetic_logic_unit:inst1|CMP:inst12|fulladd:7|inst                                                                                                           ; out0             ;
; |lab5_var4_v1|arithmetic_logic_unit:inst1|CMP:inst12|fulladd:7|inst31                                                                                                         ; |lab5_var4_v1|arithmetic_logic_unit:inst1|CMP:inst12|fulladd:7|inst31                                                                                                         ; out0             ;
; |lab5_var4_v1|arithmetic_logic_unit:inst1|CMP:inst12|fulladd:7|inst29                                                                                                         ; |lab5_var4_v1|arithmetic_logic_unit:inst1|CMP:inst12|fulladd:7|inst29                                                                                                         ; out0             ;
; |lab5_var4_v1|arithmetic_logic_unit:inst1|CMP:inst12|fulladd:7|inst28                                                                                                         ; |lab5_var4_v1|arithmetic_logic_unit:inst1|CMP:inst12|fulladd:7|inst28                                                                                                         ; out0             ;
; |lab5_var4_v1|arithmetic_logic_unit:inst1|logic_NOR:inst7|inst1                                                                                                               ; |lab5_var4_v1|arithmetic_logic_unit:inst1|logic_NOR:inst7|inst1                                                                                                               ; out0             ;
; |lab5_var4_v1|arithmetic_logic_unit:inst1|logic_NOR:inst7|inst3                                                                                                               ; |lab5_var4_v1|arithmetic_logic_unit:inst1|logic_NOR:inst7|inst3                                                                                                               ; out0             ;
; |lab5_var4_v1|arithmetic_logic_unit:inst1|logic_NOR:inst7|inst4                                                                                                               ; |lab5_var4_v1|arithmetic_logic_unit:inst1|logic_NOR:inst7|inst4                                                                                                               ; out0             ;
; |lab5_var4_v1|arithmetic_logic_unit:inst1|logic_NOR:inst7|inst5                                                                                                               ; |lab5_var4_v1|arithmetic_logic_unit:inst1|logic_NOR:inst7|inst5                                                                                                               ; out0             ;
; |lab5_var4_v1|arithmetic_logic_unit:inst1|logic_NOR:inst7|inst6                                                                                                               ; |lab5_var4_v1|arithmetic_logic_unit:inst1|logic_NOR:inst7|inst6                                                                                                               ; out0             ;
; |lab5_var4_v1|arithmetic_logic_unit:inst1|logic_NOR:inst7|inst7                                                                                                               ; |lab5_var4_v1|arithmetic_logic_unit:inst1|logic_NOR:inst7|inst7                                                                                                               ; out0             ;
; |lab5_var4_v1|arithmetic_logic_unit:inst1|lpm_mux12:inst5|lpm_mux:lpm_mux_component|mux_c4e:auto_generated|l1_w0_n0_mux_dataout~0                                             ; |lab5_var4_v1|arithmetic_logic_unit:inst1|lpm_mux12:inst5|lpm_mux:lpm_mux_component|mux_c4e:auto_generated|l1_w0_n0_mux_dataout~0                                             ; out0             ;
; |lab5_var4_v1|arithmetic_logic_unit:inst1|lpm_mux12:inst5|lpm_mux:lpm_mux_component|mux_c4e:auto_generated|l1_w0_n1_mux_dataout~0                                             ; |lab5_var4_v1|arithmetic_logic_unit:inst1|lpm_mux12:inst5|lpm_mux:lpm_mux_component|mux_c4e:auto_generated|l1_w0_n1_mux_dataout~0                                             ; out0             ;
; |lab5_var4_v1|arithmetic_logic_unit:inst1|lpm_mux12:inst5|lpm_mux:lpm_mux_component|mux_c4e:auto_generated|l1_w0_n1_mux_dataout~1                                             ; |lab5_var4_v1|arithmetic_logic_unit:inst1|lpm_mux12:inst5|lpm_mux:lpm_mux_component|mux_c4e:auto_generated|l1_w0_n1_mux_dataout~1                                             ; out0             ;
; |lab5_var4_v1|arithmetic_logic_unit:inst1|lpm_mux12:inst5|lpm_mux:lpm_mux_component|mux_c4e:auto_generated|l1_w0_n1_mux_dataout                                               ; |lab5_var4_v1|arithmetic_logic_unit:inst1|lpm_mux12:inst5|lpm_mux:lpm_mux_component|mux_c4e:auto_generated|l1_w0_n1_mux_dataout                                               ; out0             ;
; |lab5_var4_v1|arithmetic_logic_unit:inst1|lpm_mux12:inst5|lpm_mux:lpm_mux_component|mux_c4e:auto_generated|l1_w1_n0_mux_dataout~0                                             ; |lab5_var4_v1|arithmetic_logic_unit:inst1|lpm_mux12:inst5|lpm_mux:lpm_mux_component|mux_c4e:auto_generated|l1_w1_n0_mux_dataout~0                                             ; out0             ;
; |lab5_var4_v1|arithmetic_logic_unit:inst1|lpm_mux12:inst5|lpm_mux:lpm_mux_component|mux_c4e:auto_generated|l1_w1_n1_mux_dataout~0                                             ; |lab5_var4_v1|arithmetic_logic_unit:inst1|lpm_mux12:inst5|lpm_mux:lpm_mux_component|mux_c4e:auto_generated|l1_w1_n1_mux_dataout~0                                             ; out0             ;
; |lab5_var4_v1|arithmetic_logic_unit:inst1|lpm_mux12:inst5|lpm_mux:lpm_mux_component|mux_c4e:auto_generated|l1_w2_n0_mux_dataout~0                                             ; |lab5_var4_v1|arithmetic_logic_unit:inst1|lpm_mux12:inst5|lpm_mux:lpm_mux_component|mux_c4e:auto_generated|l1_w2_n0_mux_dataout~0                                             ; out0             ;
; |lab5_var4_v1|arithmetic_logic_unit:inst1|lpm_mux12:inst5|lpm_mux:lpm_mux_component|mux_c4e:auto_generated|l1_w2_n1_mux_dataout~0                                             ; |lab5_var4_v1|arithmetic_logic_unit:inst1|lpm_mux12:inst5|lpm_mux:lpm_mux_component|mux_c4e:auto_generated|l1_w2_n1_mux_dataout~0                                             ; out0             ;
; |lab5_var4_v1|arithmetic_logic_unit:inst1|lpm_mux12:inst5|lpm_mux:lpm_mux_component|mux_c4e:auto_generated|l1_w2_n1_mux_dataout~1                                             ; |lab5_var4_v1|arithmetic_logic_unit:inst1|lpm_mux12:inst5|lpm_mux:lpm_mux_component|mux_c4e:auto_generated|l1_w2_n1_mux_dataout~1                                             ; out0             ;
; |lab5_var4_v1|arithmetic_logic_unit:inst1|lpm_mux12:inst5|lpm_mux:lpm_mux_component|mux_c4e:auto_generated|l1_w2_n1_mux_dataout                                               ; |lab5_var4_v1|arithmetic_logic_unit:inst1|lpm_mux12:inst5|lpm_mux:lpm_mux_component|mux_c4e:auto_generated|l1_w2_n1_mux_dataout                                               ; out0             ;
; |lab5_var4_v1|arithmetic_logic_unit:inst1|lpm_mux12:inst5|lpm_mux:lpm_mux_component|mux_c4e:auto_generated|l1_w3_n0_mux_dataout~0                                             ; |lab5_var4_v1|arithmetic_logic_unit:inst1|lpm_mux12:inst5|lpm_mux:lpm_mux_component|mux_c4e:auto_generated|l1_w3_n0_mux_dataout~0                                             ; out0             ;
; |lab5_var4_v1|arithmetic_logic_unit:inst1|lpm_mux12:inst5|lpm_mux:lpm_mux_component|mux_c4e:auto_generated|l1_w3_n1_mux_dataout~0                                             ; |lab5_var4_v1|arithmetic_logic_unit:inst1|lpm_mux12:inst5|lpm_mux:lpm_mux_component|mux_c4e:auto_generated|l1_w3_n1_mux_dataout~0                                             ; out0             ;
; |lab5_var4_v1|arithmetic_logic_unit:inst1|lpm_mux12:inst5|lpm_mux:lpm_mux_component|mux_c4e:auto_generated|l1_w3_n1_mux_dataout~1                                             ; |lab5_var4_v1|arithmetic_logic_unit:inst1|lpm_mux12:inst5|lpm_mux:lpm_mux_component|mux_c4e:auto_generated|l1_w3_n1_mux_dataout~1                                             ; out0             ;
; |lab5_var4_v1|arithmetic_logic_unit:inst1|lpm_mux12:inst5|lpm_mux:lpm_mux_component|mux_c4e:auto_generated|l1_w3_n1_mux_dataout                                               ; |lab5_var4_v1|arithmetic_logic_unit:inst1|lpm_mux12:inst5|lpm_mux:lpm_mux_component|mux_c4e:auto_generated|l1_w3_n1_mux_dataout                                               ; out0             ;
; |lab5_var4_v1|arithmetic_logic_unit:inst1|lpm_mux12:inst5|lpm_mux:lpm_mux_component|mux_c4e:auto_generated|l1_w4_n0_mux_dataout~0                                             ; |lab5_var4_v1|arithmetic_logic_unit:inst1|lpm_mux12:inst5|lpm_mux:lpm_mux_component|mux_c4e:auto_generated|l1_w4_n0_mux_dataout~0                                             ; out0             ;
; |lab5_var4_v1|arithmetic_logic_unit:inst1|lpm_mux12:inst5|lpm_mux:lpm_mux_component|mux_c4e:auto_generated|l1_w4_n1_mux_dataout~0                                             ; |lab5_var4_v1|arithmetic_logic_unit:inst1|lpm_mux12:inst5|lpm_mux:lpm_mux_component|mux_c4e:auto_generated|l1_w4_n1_mux_dataout~0                                             ; out0             ;
; |lab5_var4_v1|arithmetic_logic_unit:inst1|lpm_mux12:inst5|lpm_mux:lpm_mux_component|mux_c4e:auto_generated|l1_w4_n1_mux_dataout~1                                             ; |lab5_var4_v1|arithmetic_logic_unit:inst1|lpm_mux12:inst5|lpm_mux:lpm_mux_component|mux_c4e:auto_generated|l1_w4_n1_mux_dataout~1                                             ; out0             ;
; |lab5_var4_v1|arithmetic_logic_unit:inst1|lpm_mux12:inst5|lpm_mux:lpm_mux_component|mux_c4e:auto_generated|l1_w4_n1_mux_dataout                                               ; |lab5_var4_v1|arithmetic_logic_unit:inst1|lpm_mux12:inst5|lpm_mux:lpm_mux_component|mux_c4e:auto_generated|l1_w4_n1_mux_dataout                                               ; out0             ;
; |lab5_var4_v1|arithmetic_logic_unit:inst1|lpm_mux12:inst5|lpm_mux:lpm_mux_component|mux_c4e:auto_generated|l1_w5_n0_mux_dataout~0                                             ; |lab5_var4_v1|arithmetic_logic_unit:inst1|lpm_mux12:inst5|lpm_mux:lpm_mux_component|mux_c4e:auto_generated|l1_w5_n0_mux_dataout~0                                             ; out0             ;
; |lab5_var4_v1|arithmetic_logic_unit:inst1|lpm_mux12:inst5|lpm_mux:lpm_mux_component|mux_c4e:auto_generated|l1_w5_n1_mux_dataout~0                                             ; |lab5_var4_v1|arithmetic_logic_unit:inst1|lpm_mux12:inst5|lpm_mux:lpm_mux_component|mux_c4e:auto_generated|l1_w5_n1_mux_dataout~0                                             ; out0             ;
; |lab5_var4_v1|arithmetic_logic_unit:inst1|lpm_mux12:inst5|lpm_mux:lpm_mux_component|mux_c4e:auto_generated|l1_w5_n1_mux_dataout~1                                             ; |lab5_var4_v1|arithmetic_logic_unit:inst1|lpm_mux12:inst5|lpm_mux:lpm_mux_component|mux_c4e:auto_generated|l1_w5_n1_mux_dataout~1                                             ; out0             ;
; |lab5_var4_v1|arithmetic_logic_unit:inst1|lpm_mux12:inst5|lpm_mux:lpm_mux_component|mux_c4e:auto_generated|l1_w5_n1_mux_dataout                                               ; |lab5_var4_v1|arithmetic_logic_unit:inst1|lpm_mux12:inst5|lpm_mux:lpm_mux_component|mux_c4e:auto_generated|l1_w5_n1_mux_dataout                                               ; out0             ;
; |lab5_var4_v1|arithmetic_logic_unit:inst1|lpm_mux12:inst5|lpm_mux:lpm_mux_component|mux_c4e:auto_generated|l1_w6_n0_mux_dataout~0                                             ; |lab5_var4_v1|arithmetic_logic_unit:inst1|lpm_mux12:inst5|lpm_mux:lpm_mux_component|mux_c4e:auto_generated|l1_w6_n0_mux_dataout~0                                             ; out0             ;
; |lab5_var4_v1|arithmetic_logic_unit:inst1|lpm_mux12:inst5|lpm_mux:lpm_mux_component|mux_c4e:auto_generated|l1_w6_n1_mux_dataout~0                                             ; |lab5_var4_v1|arithmetic_logic_unit:inst1|lpm_mux12:inst5|lpm_mux:lpm_mux_component|mux_c4e:auto_generated|l1_w6_n1_mux_dataout~0                                             ; out0             ;
; |lab5_var4_v1|arithmetic_logic_unit:inst1|lpm_mux12:inst5|lpm_mux:lpm_mux_component|mux_c4e:auto_generated|l1_w6_n1_mux_dataout~1                                             ; |lab5_var4_v1|arithmetic_logic_unit:inst1|lpm_mux12:inst5|lpm_mux:lpm_mux_component|mux_c4e:auto_generated|l1_w6_n1_mux_dataout~1                                             ; out0             ;
; |lab5_var4_v1|arithmetic_logic_unit:inst1|lpm_mux12:inst5|lpm_mux:lpm_mux_component|mux_c4e:auto_generated|l1_w6_n1_mux_dataout                                               ; |lab5_var4_v1|arithmetic_logic_unit:inst1|lpm_mux12:inst5|lpm_mux:lpm_mux_component|mux_c4e:auto_generated|l1_w6_n1_mux_dataout                                               ; out0             ;
; |lab5_var4_v1|arithmetic_logic_unit:inst1|lpm_mux12:inst5|lpm_mux:lpm_mux_component|mux_c4e:auto_generated|l1_w7_n0_mux_dataout~0                                             ; |lab5_var4_v1|arithmetic_logic_unit:inst1|lpm_mux12:inst5|lpm_mux:lpm_mux_component|mux_c4e:auto_generated|l1_w7_n0_mux_dataout~0                                             ; out0             ;
; |lab5_var4_v1|arithmetic_logic_unit:inst1|lpm_mux12:inst5|lpm_mux:lpm_mux_component|mux_c4e:auto_generated|l1_w7_n1_mux_dataout~0                                             ; |lab5_var4_v1|arithmetic_logic_unit:inst1|lpm_mux12:inst5|lpm_mux:lpm_mux_component|mux_c4e:auto_generated|l1_w7_n1_mux_dataout~0                                             ; out0             ;
; |lab5_var4_v1|arithmetic_logic_unit:inst1|lpm_mux12:inst5|lpm_mux:lpm_mux_component|mux_c4e:auto_generated|l1_w7_n1_mux_dataout~1                                             ; |lab5_var4_v1|arithmetic_logic_unit:inst1|lpm_mux12:inst5|lpm_mux:lpm_mux_component|mux_c4e:auto_generated|l1_w7_n1_mux_dataout~1                                             ; out0             ;
; |lab5_var4_v1|arithmetic_logic_unit:inst1|lpm_mux12:inst5|lpm_mux:lpm_mux_component|mux_c4e:auto_generated|l1_w7_n1_mux_dataout                                               ; |lab5_var4_v1|arithmetic_logic_unit:inst1|lpm_mux12:inst5|lpm_mux:lpm_mux_component|mux_c4e:auto_generated|l1_w7_n1_mux_dataout                                               ; out0             ;
; |lab5_var4_v1|arithmetic_logic_unit:inst1|lpm_mux12:inst5|lpm_mux:lpm_mux_component|mux_c4e:auto_generated|l2_w0_n0_mux_dataout~0                                             ; |lab5_var4_v1|arithmetic_logic_unit:inst1|lpm_mux12:inst5|lpm_mux:lpm_mux_component|mux_c4e:auto_generated|l2_w0_n0_mux_dataout~0                                             ; out0             ;
; |lab5_var4_v1|arithmetic_logic_unit:inst1|lpm_mux12:inst5|lpm_mux:lpm_mux_component|mux_c4e:auto_generated|l2_w0_n0_mux_dataout~1                                             ; |lab5_var4_v1|arithmetic_logic_unit:inst1|lpm_mux12:inst5|lpm_mux:lpm_mux_component|mux_c4e:auto_generated|l2_w0_n0_mux_dataout~1                                             ; out0             ;
; |lab5_var4_v1|arithmetic_logic_unit:inst1|lpm_mux12:inst5|lpm_mux:lpm_mux_component|mux_c4e:auto_generated|l2_w0_n0_mux_dataout                                               ; |lab5_var4_v1|arithmetic_logic_unit:inst1|lpm_mux12:inst5|lpm_mux:lpm_mux_component|mux_c4e:auto_generated|l2_w0_n0_mux_dataout                                               ; out0             ;
; |lab5_var4_v1|arithmetic_logic_unit:inst1|lpm_mux12:inst5|lpm_mux:lpm_mux_component|mux_c4e:auto_generated|l2_w1_n0_mux_dataout~1                                             ; |lab5_var4_v1|arithmetic_logic_unit:inst1|lpm_mux12:inst5|lpm_mux:lpm_mux_component|mux_c4e:auto_generated|l2_w1_n0_mux_dataout~1                                             ; out0             ;
; |lab5_var4_v1|arithmetic_logic_unit:inst1|lpm_mux12:inst5|lpm_mux:lpm_mux_component|mux_c4e:auto_generated|l2_w2_n0_mux_dataout~0                                             ; |lab5_var4_v1|arithmetic_logic_unit:inst1|lpm_mux12:inst5|lpm_mux:lpm_mux_component|mux_c4e:auto_generated|l2_w2_n0_mux_dataout~0                                             ; out0             ;
; |lab5_var4_v1|arithmetic_logic_unit:inst1|lpm_mux12:inst5|lpm_mux:lpm_mux_component|mux_c4e:auto_generated|l2_w2_n0_mux_dataout~1                                             ; |lab5_var4_v1|arithmetic_logic_unit:inst1|lpm_mux12:inst5|lpm_mux:lpm_mux_component|mux_c4e:auto_generated|l2_w2_n0_mux_dataout~1                                             ; out0             ;
; |lab5_var4_v1|arithmetic_logic_unit:inst1|lpm_mux12:inst5|lpm_mux:lpm_mux_component|mux_c4e:auto_generated|l2_w2_n0_mux_dataout                                               ; |lab5_var4_v1|arithmetic_logic_unit:inst1|lpm_mux12:inst5|lpm_mux:lpm_mux_component|mux_c4e:auto_generated|l2_w2_n0_mux_dataout                                               ; out0             ;
; |lab5_var4_v1|arithmetic_logic_unit:inst1|lpm_mux12:inst5|lpm_mux:lpm_mux_component|mux_c4e:auto_generated|l2_w3_n0_mux_dataout~0                                             ; |lab5_var4_v1|arithmetic_logic_unit:inst1|lpm_mux12:inst5|lpm_mux:lpm_mux_component|mux_c4e:auto_generated|l2_w3_n0_mux_dataout~0                                             ; out0             ;
; |lab5_var4_v1|arithmetic_logic_unit:inst1|lpm_mux12:inst5|lpm_mux:lpm_mux_component|mux_c4e:auto_generated|l2_w3_n0_mux_dataout~1                                             ; |lab5_var4_v1|arithmetic_logic_unit:inst1|lpm_mux12:inst5|lpm_mux:lpm_mux_component|mux_c4e:auto_generated|l2_w3_n0_mux_dataout~1                                             ; out0             ;
; |lab5_var4_v1|arithmetic_logic_unit:inst1|lpm_mux12:inst5|lpm_mux:lpm_mux_component|mux_c4e:auto_generated|l2_w3_n0_mux_dataout                                               ; |lab5_var4_v1|arithmetic_logic_unit:inst1|lpm_mux12:inst5|lpm_mux:lpm_mux_component|mux_c4e:auto_generated|l2_w3_n0_mux_dataout                                               ; out0             ;
; |lab5_var4_v1|arithmetic_logic_unit:inst1|lpm_mux12:inst5|lpm_mux:lpm_mux_component|mux_c4e:auto_generated|l2_w4_n0_mux_dataout~0                                             ; |lab5_var4_v1|arithmetic_logic_unit:inst1|lpm_mux12:inst5|lpm_mux:lpm_mux_component|mux_c4e:auto_generated|l2_w4_n0_mux_dataout~0                                             ; out0             ;
; |lab5_var4_v1|arithmetic_logic_unit:inst1|lpm_mux12:inst5|lpm_mux:lpm_mux_component|mux_c4e:auto_generated|l2_w4_n0_mux_dataout~1                                             ; |lab5_var4_v1|arithmetic_logic_unit:inst1|lpm_mux12:inst5|lpm_mux:lpm_mux_component|mux_c4e:auto_generated|l2_w4_n0_mux_dataout~1                                             ; out0             ;
; |lab5_var4_v1|arithmetic_logic_unit:inst1|lpm_mux12:inst5|lpm_mux:lpm_mux_component|mux_c4e:auto_generated|l2_w4_n0_mux_dataout                                               ; |lab5_var4_v1|arithmetic_logic_unit:inst1|lpm_mux12:inst5|lpm_mux:lpm_mux_component|mux_c4e:auto_generated|l2_w4_n0_mux_dataout                                               ; out0             ;
; |lab5_var4_v1|arithmetic_logic_unit:inst1|lpm_mux12:inst5|lpm_mux:lpm_mux_component|mux_c4e:auto_generated|l2_w5_n0_mux_dataout~0                                             ; |lab5_var4_v1|arithmetic_logic_unit:inst1|lpm_mux12:inst5|lpm_mux:lpm_mux_component|mux_c4e:auto_generated|l2_w5_n0_mux_dataout~0                                             ; out0             ;
; |lab5_var4_v1|arithmetic_logic_unit:inst1|lpm_mux12:inst5|lpm_mux:lpm_mux_component|mux_c4e:auto_generated|l2_w5_n0_mux_dataout~1                                             ; |lab5_var4_v1|arithmetic_logic_unit:inst1|lpm_mux12:inst5|lpm_mux:lpm_mux_component|mux_c4e:auto_generated|l2_w5_n0_mux_dataout~1                                             ; out0             ;
; |lab5_var4_v1|arithmetic_logic_unit:inst1|lpm_mux12:inst5|lpm_mux:lpm_mux_component|mux_c4e:auto_generated|l2_w5_n0_mux_dataout                                               ; |lab5_var4_v1|arithmetic_logic_unit:inst1|lpm_mux12:inst5|lpm_mux:lpm_mux_component|mux_c4e:auto_generated|l2_w5_n0_mux_dataout                                               ; out0             ;
; |lab5_var4_v1|arithmetic_logic_unit:inst1|lpm_mux12:inst5|lpm_mux:lpm_mux_component|mux_c4e:auto_generated|l2_w6_n0_mux_dataout~0                                             ; |lab5_var4_v1|arithmetic_logic_unit:inst1|lpm_mux12:inst5|lpm_mux:lpm_mux_component|mux_c4e:auto_generated|l2_w6_n0_mux_dataout~0                                             ; out0             ;
; |lab5_var4_v1|arithmetic_logic_unit:inst1|lpm_mux12:inst5|lpm_mux:lpm_mux_component|mux_c4e:auto_generated|l2_w6_n0_mux_dataout~1                                             ; |lab5_var4_v1|arithmetic_logic_unit:inst1|lpm_mux12:inst5|lpm_mux:lpm_mux_component|mux_c4e:auto_generated|l2_w6_n0_mux_dataout~1                                             ; out0             ;
; |lab5_var4_v1|arithmetic_logic_unit:inst1|lpm_mux12:inst5|lpm_mux:lpm_mux_component|mux_c4e:auto_generated|l2_w6_n0_mux_dataout                                               ; |lab5_var4_v1|arithmetic_logic_unit:inst1|lpm_mux12:inst5|lpm_mux:lpm_mux_component|mux_c4e:auto_generated|l2_w6_n0_mux_dataout                                               ; out0             ;
; |lab5_var4_v1|arithmetic_logic_unit:inst1|lpm_mux12:inst5|lpm_mux:lpm_mux_component|mux_c4e:auto_generated|l2_w7_n0_mux_dataout~0                                             ; |lab5_var4_v1|arithmetic_logic_unit:inst1|lpm_mux12:inst5|lpm_mux:lpm_mux_component|mux_c4e:auto_generated|l2_w7_n0_mux_dataout~0                                             ; out0             ;
; |lab5_var4_v1|arithmetic_logic_unit:inst1|lpm_mux12:inst5|lpm_mux:lpm_mux_component|mux_c4e:auto_generated|l2_w7_n0_mux_dataout~1                                             ; |lab5_var4_v1|arithmetic_logic_unit:inst1|lpm_mux12:inst5|lpm_mux:lpm_mux_component|mux_c4e:auto_generated|l2_w7_n0_mux_dataout~1                                             ; out0             ;
; |lab5_var4_v1|arithmetic_logic_unit:inst1|lpm_mux12:inst5|lpm_mux:lpm_mux_component|mux_c4e:auto_generated|l2_w7_n0_mux_dataout                                               ; |lab5_var4_v1|arithmetic_logic_unit:inst1|lpm_mux12:inst5|lpm_mux:lpm_mux_component|mux_c4e:auto_generated|l2_w7_n0_mux_dataout                                               ; out0             ;
; |lab5_var4_v1|lpm_ff9:regCC|lpm_ff:lpm_ff_component|dffs[7]                                                                                                                   ; |lab5_var4_v1|lpm_ff9:regCC|lpm_ff:lpm_ff_component|dffs[7]                                                                                                                   ; regout           ;
; |lab5_var4_v1|lpm_ff9:regCC|lpm_ff:lpm_ff_component|dffs[6]                                                                                                                   ; |lab5_var4_v1|lpm_ff9:regCC|lpm_ff:lpm_ff_component|dffs[6]                                                                                                                   ; regout           ;
; |lab5_var4_v1|lpm_ff9:regCC|lpm_ff:lpm_ff_component|dffs[5]                                                                                                                   ; |lab5_var4_v1|lpm_ff9:regCC|lpm_ff:lpm_ff_component|dffs[5]                                                                                                                   ; regout           ;
; |lab5_var4_v1|lpm_ff9:regCC|lpm_ff:lpm_ff_component|dffs[4]                                                                                                                   ; |lab5_var4_v1|lpm_ff9:regCC|lpm_ff:lpm_ff_component|dffs[4]                                                                                                                   ; regout           ;
; |lab5_var4_v1|lpm_ff9:regCC|lpm_ff:lpm_ff_component|dffs[3]                                                                                                                   ; |lab5_var4_v1|lpm_ff9:regCC|lpm_ff:lpm_ff_component|dffs[3]                                                                                                                   ; regout           ;
; |lab5_var4_v1|lpm_ff9:regCC|lpm_ff:lpm_ff_component|dffs[2]                                                                                                                   ; |lab5_var4_v1|lpm_ff9:regCC|lpm_ff:lpm_ff_component|dffs[2]                                                                                                                   ; regout           ;
; |lab5_var4_v1|lpm_ff9:regCC|lpm_ff:lpm_ff_component|dffs[1]                                                                                                                   ; |lab5_var4_v1|lpm_ff9:regCC|lpm_ff:lpm_ff_component|dffs[1]                                                                                                                   ; regout           ;
; |lab5_var4_v1|lpm_ff9:regCC|lpm_ff:lpm_ff_component|dffs[0]                                                                                                                   ; |lab5_var4_v1|lpm_ff9:regCC|lpm_ff:lpm_ff_component|dffs[0]                                                                                                                   ; regout           ;
; |lab5_var4_v1|lpm_mux8:inst14|lpm_mux:lpm_mux_component|mux_b4e:auto_generated|data0_wire[1]                                                                                  ; |lab5_var4_v1|lpm_mux8:inst14|lpm_mux:lpm_mux_component|mux_b4e:auto_generated|data0_wire[1]                                                                                  ; out0             ;
; |lab5_var4_v1|lpm_mux8:inst14|lpm_mux:lpm_mux_component|mux_b4e:auto_generated|data1_wire[7]                                                                                  ; |lab5_var4_v1|lpm_mux8:inst14|lpm_mux:lpm_mux_component|mux_b4e:auto_generated|data1_wire[7]                                                                                  ; out0             ;
; |lab5_var4_v1|lpm_mux8:inst14|lpm_mux:lpm_mux_component|mux_b4e:auto_generated|data1_wire[6]                                                                                  ; |lab5_var4_v1|lpm_mux8:inst14|lpm_mux:lpm_mux_component|mux_b4e:auto_generated|data1_wire[6]                                                                                  ; out0             ;
; |lab5_var4_v1|lpm_mux8:inst14|lpm_mux:lpm_mux_component|mux_b4e:auto_generated|data1_wire[5]                                                                                  ; |lab5_var4_v1|lpm_mux8:inst14|lpm_mux:lpm_mux_component|mux_b4e:auto_generated|data1_wire[5]                                                                                  ; out0             ;
; |lab5_var4_v1|lpm_mux8:inst14|lpm_mux:lpm_mux_component|mux_b4e:auto_generated|data1_wire[4]                                                                                  ; |lab5_var4_v1|lpm_mux8:inst14|lpm_mux:lpm_mux_component|mux_b4e:auto_generated|data1_wire[4]                                                                                  ; out0             ;
; |lab5_var4_v1|lpm_mux8:inst14|lpm_mux:lpm_mux_component|mux_b4e:auto_generated|data1_wire[3]                                                                                  ; |lab5_var4_v1|lpm_mux8:inst14|lpm_mux:lpm_mux_component|mux_b4e:auto_generated|data1_wire[3]                                                                                  ; out0             ;
; |lab5_var4_v1|lpm_mux8:inst14|lpm_mux:lpm_mux_component|mux_b4e:auto_generated|data1_wire[2]                                                                                  ; |lab5_var4_v1|lpm_mux8:inst14|lpm_mux:lpm_mux_component|mux_b4e:auto_generated|data1_wire[2]                                                                                  ; out0             ;
; |lab5_var4_v1|lpm_mux8:inst14|lpm_mux:lpm_mux_component|mux_b4e:auto_generated|data1_wire[1]                                                                                  ; |lab5_var4_v1|lpm_mux8:inst14|lpm_mux:lpm_mux_component|mux_b4e:auto_generated|data1_wire[1]                                                                                  ; out0             ;
; |lab5_var4_v1|lpm_mux8:inst14|lpm_mux:lpm_mux_component|mux_b4e:auto_generated|data1_wire[0]                                                                                  ; |lab5_var4_v1|lpm_mux8:inst14|lpm_mux:lpm_mux_component|mux_b4e:auto_generated|data1_wire[0]                                                                                  ; out0             ;
; |lab5_var4_v1|lpm_mux8:inst14|lpm_mux:lpm_mux_component|mux_b4e:auto_generated|data2_wire[7]                                                                                  ; |lab5_var4_v1|lpm_mux8:inst14|lpm_mux:lpm_mux_component|mux_b4e:auto_generated|data2_wire[7]                                                                                  ; out0             ;
; |lab5_var4_v1|lpm_mux8:inst14|lpm_mux:lpm_mux_component|mux_b4e:auto_generated|data2_wire[6]                                                                                  ; |lab5_var4_v1|lpm_mux8:inst14|lpm_mux:lpm_mux_component|mux_b4e:auto_generated|data2_wire[6]                                                                                  ; out0             ;
; |lab5_var4_v1|lpm_mux8:inst14|lpm_mux:lpm_mux_component|mux_b4e:auto_generated|data2_wire[5]                                                                                  ; |lab5_var4_v1|lpm_mux8:inst14|lpm_mux:lpm_mux_component|mux_b4e:auto_generated|data2_wire[5]                                                                                  ; out0             ;
; |lab5_var4_v1|lpm_mux8:inst14|lpm_mux:lpm_mux_component|mux_b4e:auto_generated|data2_wire[3]                                                                                  ; |lab5_var4_v1|lpm_mux8:inst14|lpm_mux:lpm_mux_component|mux_b4e:auto_generated|data2_wire[3]                                                                                  ; out0             ;
; |lab5_var4_v1|lpm_mux8:inst14|lpm_mux:lpm_mux_component|mux_b4e:auto_generated|data2_wire[1]                                                                                  ; |lab5_var4_v1|lpm_mux8:inst14|lpm_mux:lpm_mux_component|mux_b4e:auto_generated|data2_wire[1]                                                                                  ; out0             ;
; |lab5_var4_v1|lpm_mux8:inst14|lpm_mux:lpm_mux_component|mux_b4e:auto_generated|_~6                                                                                            ; |lab5_var4_v1|lpm_mux8:inst14|lpm_mux:lpm_mux_component|mux_b4e:auto_generated|_~6                                                                                            ; out0             ;
; |lab5_var4_v1|lpm_mux8:inst14|lpm_mux:lpm_mux_component|mux_b4e:auto_generated|result_node[1]~6                                                                               ; |lab5_var4_v1|lpm_mux8:inst14|lpm_mux:lpm_mux_component|mux_b4e:auto_generated|result_node[1]~6                                                                               ; out0             ;
; |lab5_var4_v1|lpm_mux8:inst14|lpm_mux:lpm_mux_component|mux_b4e:auto_generated|result_node[1]                                                                                 ; |lab5_var4_v1|lpm_mux8:inst14|lpm_mux:lpm_mux_component|mux_b4e:auto_generated|result_node[1]                                                                                 ; out0             ;
; |lab5_var4_v1|dr_unit:inst10|lpm_ff6:reg_dr|lpm_ff:lpm_ff_component|dffs[7]                                                                                                   ; |lab5_var4_v1|dr_unit:inst10|lpm_ff6:reg_dr|lpm_ff:lpm_ff_component|dffs[7]                                                                                                   ; regout           ;
; |lab5_var4_v1|dr_unit:inst10|lpm_ff6:reg_dr|lpm_ff:lpm_ff_component|dffs[6]                                                                                                   ; |lab5_var4_v1|dr_unit:inst10|lpm_ff6:reg_dr|lpm_ff:lpm_ff_component|dffs[6]                                                                                                   ; regout           ;
; |lab5_var4_v1|dr_unit:inst10|lpm_ff6:reg_dr|lpm_ff:lpm_ff_component|dffs[5]                                                                                                   ; |lab5_var4_v1|dr_unit:inst10|lpm_ff6:reg_dr|lpm_ff:lpm_ff_component|dffs[5]                                                                                                   ; regout           ;
; |lab5_var4_v1|dr_unit:inst10|lpm_ff6:reg_dr|lpm_ff:lpm_ff_component|dffs[3]                                                                                                   ; |lab5_var4_v1|dr_unit:inst10|lpm_ff6:reg_dr|lpm_ff:lpm_ff_component|dffs[3]                                                                                                   ; regout           ;
; |lab5_var4_v1|dr_unit:inst10|lpm_ff6:reg_dr|lpm_ff:lpm_ff_component|dffs[1]                                                                                                   ; |lab5_var4_v1|dr_unit:inst10|lpm_ff6:reg_dr|lpm_ff:lpm_ff_component|dffs[1]                                                                                                   ; regout           ;
; |lab5_var4_v1|ar_unit:inst11|lpm_ff5:reg_ar|lpm_ff:lpm_ff_component|dffs[3]                                                                                                   ; |lab5_var4_v1|ar_unit:inst11|lpm_ff5:reg_ar|lpm_ff:lpm_ff_component|dffs[3]                                                                                                   ; regout           ;
; |lab5_var4_v1|ar_unit:inst11|lpm_ff5:reg_ar|lpm_ff:lpm_ff_component|dffs[1]                                                                                                   ; |lab5_var4_v1|ar_unit:inst11|lpm_ff5:reg_ar|lpm_ff:lpm_ff_component|dffs[1]                                                                                                   ; regout           ;
; |lab5_var4_v1|ip_unit:inst7|lpm_mux4:inst3|lpm_mux:lpm_mux_component|mux_64e:auto_generated|l1_w0_n0_mux_dataout~0                                                            ; |lab5_var4_v1|ip_unit:inst7|lpm_mux4:inst3|lpm_mux:lpm_mux_component|mux_64e:auto_generated|l1_w0_n0_mux_dataout~0                                                            ; out0             ;
; |lab5_var4_v1|ip_unit:inst7|lpm_mux4:inst3|lpm_mux:lpm_mux_component|mux_64e:auto_generated|l1_w1_n0_mux_dataout~0                                                            ; |lab5_var4_v1|ip_unit:inst7|lpm_mux4:inst3|lpm_mux:lpm_mux_component|mux_64e:auto_generated|l1_w1_n0_mux_dataout~0                                                            ; out0             ;
; |lab5_var4_v1|ip_unit:inst7|lpm_mux4:inst3|lpm_mux:lpm_mux_component|mux_64e:auto_generated|l1_w2_n0_mux_dataout~0                                                            ; |lab5_var4_v1|ip_unit:inst7|lpm_mux4:inst3|lpm_mux:lpm_mux_component|mux_64e:auto_generated|l1_w2_n0_mux_dataout~0                                                            ; out0             ;
; |lab5_var4_v1|ip_unit:inst7|lpm_mux4:inst3|lpm_mux:lpm_mux_component|mux_64e:auto_generated|l1_w3_n0_mux_dataout~0                                                            ; |lab5_var4_v1|ip_unit:inst7|lpm_mux4:inst3|lpm_mux:lpm_mux_component|mux_64e:auto_generated|l1_w3_n0_mux_dataout~0                                                            ; out0             ;
; |lab5_var4_v1|ip_unit:inst7|lpm_mux4:inst3|lpm_mux:lpm_mux_component|mux_64e:auto_generated|l1_w3_n0_mux_dataout~1                                                            ; |lab5_var4_v1|ip_unit:inst7|lpm_mux4:inst3|lpm_mux:lpm_mux_component|mux_64e:auto_generated|l1_w3_n0_mux_dataout~1                                                            ; out0             ;
; |lab5_var4_v1|ip_unit:inst7|lpm_mux4:inst3|lpm_mux:lpm_mux_component|mux_64e:auto_generated|l1_w3_n0_mux_dataout                                                              ; |lab5_var4_v1|ip_unit:inst7|lpm_mux4:inst3|lpm_mux:lpm_mux_component|mux_64e:auto_generated|l1_w3_n0_mux_dataout                                                              ; out0             ;
; |lab5_var4_v1|ip_unit:inst7|lpm_dff4:inst4|lpm_ff:lpm_ff_component|dffs[3]                                                                                                    ; |lab5_var4_v1|ip_unit:inst7|lpm_dff4:inst4|lpm_ff:lpm_ff_component|dffs[3]                                                                                                    ; regout           ;
; |lab5_var4_v1|ip_unit:inst7|lpm_dff4:inst4|lpm_ff:lpm_ff_component|dffs[2]                                                                                                    ; |lab5_var4_v1|ip_unit:inst7|lpm_dff4:inst4|lpm_ff:lpm_ff_component|dffs[2]                                                                                                    ; regout           ;
; |lab5_var4_v1|lpm_mux5:inst3|lpm_mux:lpm_mux_component|mux_64e:auto_generated|l1_w1_n0_mux_dataout~0                                                                          ; |lab5_var4_v1|lpm_mux5:inst3|lpm_mux:lpm_mux_component|mux_64e:auto_generated|l1_w1_n0_mux_dataout~0                                                                          ; out0             ;
; |lab5_var4_v1|lpm_mux5:inst3|lpm_mux:lpm_mux_component|mux_64e:auto_generated|l1_w2_n0_mux_dataout~1                                                                          ; |lab5_var4_v1|lpm_mux5:inst3|lpm_mux:lpm_mux_component|mux_64e:auto_generated|l1_w2_n0_mux_dataout~1                                                                          ; out0             ;
; |lab5_var4_v1|lpm_mux5:inst3|lpm_mux:lpm_mux_component|mux_64e:auto_generated|l1_w3_n0_mux_dataout~0                                                                          ; |lab5_var4_v1|lpm_mux5:inst3|lpm_mux:lpm_mux_component|mux_64e:auto_generated|l1_w3_n0_mux_dataout~0                                                                          ; out0             ;
; |lab5_var4_v1|lpm_mux5:inst3|lpm_mux:lpm_mux_component|mux_64e:auto_generated|l1_w3_n0_mux_dataout~1                                                                          ; |lab5_var4_v1|lpm_mux5:inst3|lpm_mux:lpm_mux_component|mux_64e:auto_generated|l1_w3_n0_mux_dataout~1                                                                          ; out0             ;
; |lab5_var4_v1|lpm_mux5:inst3|lpm_mux:lpm_mux_component|mux_64e:auto_generated|l1_w3_n0_mux_dataout                                                                            ; |lab5_var4_v1|lpm_mux5:inst3|lpm_mux:lpm_mux_component|mux_64e:auto_generated|l1_w3_n0_mux_dataout                                                                            ; out0             ;
; |lab5_var4_v1|memory_unit:inst2|lpm_rom1:ROM|altsyncram:altsyncram_component|altsyncram_3281:auto_generated|ram_block1a1                                                      ; |lab5_var4_v1|memory_unit:inst2|lpm_rom1:ROM|altsyncram:altsyncram_component|altsyncram_3281:auto_generated|q_a[1]                                                            ; portadataout0    ;
; |lab5_var4_v1|memory_unit:inst2|lpm_rom1:ROM|altsyncram:altsyncram_component|altsyncram_3281:auto_generated|ram_block1a3                                                      ; |lab5_var4_v1|memory_unit:inst2|lpm_rom1:ROM|altsyncram:altsyncram_component|altsyncram_3281:auto_generated|q_a[3]                                                            ; portadataout0    ;
; |lab5_var4_v1|memory_unit:inst2|lpm_rom1:ROM|altsyncram:altsyncram_component|altsyncram_3281:auto_generated|ram_block1a7                                                      ; |lab5_var4_v1|memory_unit:inst2|lpm_rom1:ROM|altsyncram:altsyncram_component|altsyncram_3281:auto_generated|q_a[7]                                                            ; portadataout0    ;
; |lab5_var4_v1|memory_unit:inst2|altsyncram0:RAM|altsyncram:altsyncram_component|altsyncram_4bc1:auto_generated|ram_block1a7                                                   ; |lab5_var4_v1|memory_unit:inst2|altsyncram0:RAM|altsyncram:altsyncram_component|altsyncram_4bc1:auto_generated|q_a[7]                                                         ; portadataout0    ;
; |lab5_var4_v1|memory_unit:inst2|lpm_mux10:inst1|lpm_mux:lpm_mux_component|mux_94e:auto_generated|l1_w1_n0_mux_dataout~0                                                       ; |lab5_var4_v1|memory_unit:inst2|lpm_mux10:inst1|lpm_mux:lpm_mux_component|mux_94e:auto_generated|l1_w1_n0_mux_dataout~0                                                       ; out0             ;
; |lab5_var4_v1|memory_unit:inst2|lpm_mux10:inst1|lpm_mux:lpm_mux_component|mux_94e:auto_generated|l1_w5_n0_mux_dataout~0                                                       ; |lab5_var4_v1|memory_unit:inst2|lpm_mux10:inst1|lpm_mux:lpm_mux_component|mux_94e:auto_generated|l1_w5_n0_mux_dataout~0                                                       ; out0             ;
; |lab5_var4_v1|memory_unit:inst2|lpm_mux10:inst1|lpm_mux:lpm_mux_component|mux_94e:auto_generated|l1_w6_n0_mux_dataout~0                                                       ; |lab5_var4_v1|memory_unit:inst2|lpm_mux10:inst1|lpm_mux:lpm_mux_component|mux_94e:auto_generated|l1_w6_n0_mux_dataout~0                                                       ; out0             ;
; |lab5_var4_v1|memory_unit:inst2|lpm_mux10:inst1|lpm_mux:lpm_mux_component|mux_94e:auto_generated|l1_w7_n0_mux_dataout~0                                                       ; |lab5_var4_v1|memory_unit:inst2|lpm_mux10:inst1|lpm_mux:lpm_mux_component|mux_94e:auto_generated|l1_w7_n0_mux_dataout~0                                                       ; out0             ;
; |lab5_var4_v1|memory_unit:inst2|lpm_mux10:inst2|lpm_mux:lpm_mux_component|mux_94e:auto_generated|l1_w1_n0_mux_dataout~0                                                       ; |lab5_var4_v1|memory_unit:inst2|lpm_mux10:inst2|lpm_mux:lpm_mux_component|mux_94e:auto_generated|l1_w1_n0_mux_dataout~0                                                       ; out0             ;
; |lab5_var4_v1|memory_unit:inst2|lpm_mux10:inst2|lpm_mux:lpm_mux_component|mux_94e:auto_generated|l1_w1_n0_mux_dataout~1                                                       ; |lab5_var4_v1|memory_unit:inst2|lpm_mux10:inst2|lpm_mux:lpm_mux_component|mux_94e:auto_generated|l1_w1_n0_mux_dataout~1                                                       ; out0             ;
; |lab5_var4_v1|memory_unit:inst2|lpm_mux10:inst2|lpm_mux:lpm_mux_component|mux_94e:auto_generated|l1_w1_n0_mux_dataout                                                         ; |lab5_var4_v1|memory_unit:inst2|lpm_mux10:inst2|lpm_mux:lpm_mux_component|mux_94e:auto_generated|l1_w1_n0_mux_dataout                                                         ; out0             ;
; |lab5_var4_v1|memory_unit:inst2|lpm_mux10:inst2|lpm_mux:lpm_mux_component|mux_94e:auto_generated|l1_w3_n0_mux_dataout~0                                                       ; |lab5_var4_v1|memory_unit:inst2|lpm_mux10:inst2|lpm_mux:lpm_mux_component|mux_94e:auto_generated|l1_w3_n0_mux_dataout~0                                                       ; out0             ;
; |lab5_var4_v1|memory_unit:inst2|lpm_mux10:inst2|lpm_mux:lpm_mux_component|mux_94e:auto_generated|l1_w6_n0_mux_dataout~0                                                       ; |lab5_var4_v1|memory_unit:inst2|lpm_mux10:inst2|lpm_mux:lpm_mux_component|mux_94e:auto_generated|l1_w6_n0_mux_dataout~0                                                       ; out0             ;
; |lab5_var4_v1|memory_unit:inst2|lpm_mux10:inst2|lpm_mux:lpm_mux_component|mux_94e:auto_generated|l1_w7_n0_mux_dataout~0                                                       ; |lab5_var4_v1|memory_unit:inst2|lpm_mux10:inst2|lpm_mux:lpm_mux_component|mux_94e:auto_generated|l1_w7_n0_mux_dataout~0                                                       ; out0             ;
; |lab5_var4_v1|ir_unit:inst15|lpm_ff6:reg_ir_hi|lpm_ff:lpm_ff_component|dffs[7]                                                                                                ; |lab5_var4_v1|ir_unit:inst15|lpm_ff6:reg_ir_hi|lpm_ff:lpm_ff_component|dffs[7]                                                                                                ; regout           ;
; |lab5_var4_v1|ir_unit:inst15|lpm_ff6:reg_ir_hi|lpm_ff:lpm_ff_component|dffs[6]                                                                                                ; |lab5_var4_v1|ir_unit:inst15|lpm_ff6:reg_ir_hi|lpm_ff:lpm_ff_component|dffs[6]                                                                                                ; regout           ;
; |lab5_var4_v1|ir_unit:inst15|lpm_ff6:reg_ir_hi|lpm_ff:lpm_ff_component|dffs[3]                                                                                                ; |lab5_var4_v1|ir_unit:inst15|lpm_ff6:reg_ir_hi|lpm_ff:lpm_ff_component|dffs[3]                                                                                                ; regout           ;
; |lab5_var4_v1|ir_unit:inst15|lpm_ff6:reg_ir_hi|lpm_ff:lpm_ff_component|dffs[1]                                                                                                ; |lab5_var4_v1|ir_unit:inst15|lpm_ff6:reg_ir_hi|lpm_ff:lpm_ff_component|dffs[1]                                                                                                ; regout           ;
; |lab5_var4_v1|control_unit:inst13|inst75                                                                                                                                      ; |lab5_var4_v1|control_unit:inst13|inst75                                                                                                                                      ; out0             ;
; |lab5_var4_v1|control_unit:inst13|inst62                                                                                                                                      ; |lab5_var4_v1|control_unit:inst13|inst62                                                                                                                                      ; out0             ;
; |lab5_var4_v1|control_unit:inst13|inst28                                                                                                                                      ; |lab5_var4_v1|control_unit:inst13|inst28                                                                                                                                      ; out0             ;
; |lab5_var4_v1|control_unit:inst13|inst50                                                                                                                                      ; |lab5_var4_v1|control_unit:inst13|inst50                                                                                                                                      ; out0             ;
; |lab5_var4_v1|control_unit:inst13|inst71                                                                                                                                      ; |lab5_var4_v1|control_unit:inst13|inst71                                                                                                                                      ; out0             ;
; |lab5_var4_v1|control_unit:inst13|inst64                                                                                                                                      ; |lab5_var4_v1|control_unit:inst13|inst64                                                                                                                                      ; out0             ;
; |lab5_var4_v1|control_unit:inst13|inst65                                                                                                                                      ; |lab5_var4_v1|control_unit:inst13|inst65                                                                                                                                      ; out0             ;
; |lab5_var4_v1|control_unit:inst13|inst73                                                                                                                                      ; |lab5_var4_v1|control_unit:inst13|inst73                                                                                                                                      ; out0             ;
; |lab5_var4_v1|control_unit:inst13|inst66                                                                                                                                      ; |lab5_var4_v1|control_unit:inst13|inst66                                                                                                                                      ; out0             ;
; |lab5_var4_v1|control_unit:inst13|inst74                                                                                                                                      ; |lab5_var4_v1|control_unit:inst13|inst74                                                                                                                                      ; out0             ;
; |lab5_var4_v1|control_unit:inst13|inst17                                                                                                                                      ; |lab5_var4_v1|control_unit:inst13|inst17                                                                                                                                      ; out0             ;
; |lab5_var4_v1|control_unit:inst13|lpm_mux9:inst13|lpm_mux:lpm_mux_component|mux_34e:auto_generated|l1_w1_n0_mux_dataout~0                                                     ; |lab5_var4_v1|control_unit:inst13|lpm_mux9:inst13|lpm_mux:lpm_mux_component|mux_34e:auto_generated|l1_w1_n0_mux_dataout~0                                                     ; out0             ;
; |lab5_var4_v1|control_unit:inst13|lpm_mux9:inst13|lpm_mux:lpm_mux_component|mux_34e:auto_generated|l1_w1_n0_mux_dataout~1                                                     ; |lab5_var4_v1|control_unit:inst13|lpm_mux9:inst13|lpm_mux:lpm_mux_component|mux_34e:auto_generated|l1_w1_n0_mux_dataout~1                                                     ; out0             ;
; |lab5_var4_v1|control_unit:inst13|lpm_mux9:inst13|lpm_mux:lpm_mux_component|mux_34e:auto_generated|l1_w1_n0_mux_dataout                                                       ; |lab5_var4_v1|control_unit:inst13|lpm_mux9:inst13|lpm_mux:lpm_mux_component|mux_34e:auto_generated|l1_w1_n0_mux_dataout                                                       ; out0             ;
; |lab5_var4_v1|control_unit:inst13|lpm_dff3:inst38|lpm_ff:lpm_ff_component|dffs[0]                                                                                             ; |lab5_var4_v1|control_unit:inst13|lpm_dff3:inst38|lpm_ff:lpm_ff_component|dffs[0]                                                                                             ; regout           ;
; |lab5_var4_v1|control_unit:inst13|lpm_compare5:inst34|lpm_compare:lpm_compare_component|cmpr_m8j:auto_generated|aneb_result_wire[0]                                           ; |lab5_var4_v1|control_unit:inst13|lpm_compare5:inst34|lpm_compare:lpm_compare_component|cmpr_m8j:auto_generated|aneb_result_wire[0]                                           ; out0             ;
; |lab5_var4_v1|control_unit:inst13|lpm_compare5:inst34|lpm_compare:lpm_compare_component|cmpr_m8j:auto_generated|data_wire[3]                                                  ; |lab5_var4_v1|control_unit:inst13|lpm_compare5:inst34|lpm_compare:lpm_compare_component|cmpr_m8j:auto_generated|data_wire[3]                                                  ; out0             ;
; |lab5_var4_v1|control_unit:inst13|lpm_dff3:inst42|lpm_ff:lpm_ff_component|dffs[0]                                                                                             ; |lab5_var4_v1|control_unit:inst13|lpm_dff3:inst42|lpm_ff:lpm_ff_component|dffs[0]                                                                                             ; regout           ;
; |lab5_var4_v1|control_unit:inst13|lpm_compare4:inst33|lpm_compare:lpm_compare_component|cmpr_m8j:auto_generated|aneb_result_wire[0]                                           ; |lab5_var4_v1|control_unit:inst13|lpm_compare4:inst33|lpm_compare:lpm_compare_component|cmpr_m8j:auto_generated|aneb_result_wire[0]                                           ; out0             ;
; |lab5_var4_v1|control_unit:inst13|lpm_compare4:inst33|lpm_compare:lpm_compare_component|cmpr_m8j:auto_generated|data_wire[3]                                                  ; |lab5_var4_v1|control_unit:inst13|lpm_compare4:inst33|lpm_compare:lpm_compare_component|cmpr_m8j:auto_generated|data_wire[3]                                                  ; out0             ;
; |lab5_var4_v1|control_unit:inst13|lpm_dff3:inst41|lpm_ff:lpm_ff_component|dffs[0]                                                                                             ; |lab5_var4_v1|control_unit:inst13|lpm_dff3:inst41|lpm_ff:lpm_ff_component|dffs[0]                                                                                             ; regout           ;
; |lab5_var4_v1|control_unit:inst13|lpm_compare3:inst22|lpm_compare:lpm_compare_component|cmpr_m8j:auto_generated|aneb_result_wire[0]                                           ; |lab5_var4_v1|control_unit:inst13|lpm_compare3:inst22|lpm_compare:lpm_compare_component|cmpr_m8j:auto_generated|aneb_result_wire[0]                                           ; out0             ;
; |lab5_var4_v1|control_unit:inst13|lpm_compare3:inst22|lpm_compare:lpm_compare_component|cmpr_m8j:auto_generated|data_wire[3]                                                  ; |lab5_var4_v1|control_unit:inst13|lpm_compare3:inst22|lpm_compare:lpm_compare_component|cmpr_m8j:auto_generated|data_wire[3]                                                  ; out0             ;
; |lab5_var4_v1|control_unit:inst13|lpm_compare3:inst22|lpm_compare:lpm_compare_component|cmpr_m8j:auto_generated|data_wire[2]                                                  ; |lab5_var4_v1|control_unit:inst13|lpm_compare3:inst22|lpm_compare:lpm_compare_component|cmpr_m8j:auto_generated|data_wire[2]                                                  ; out0             ;
; |lab5_var4_v1|control_unit:inst13|lpm_compare2:comp_JZadr|lpm_compare:lpm_compare_component|cmpr_m8j:auto_generated|aneb_result_wire[0]                                       ; |lab5_var4_v1|control_unit:inst13|lpm_compare2:comp_JZadr|lpm_compare:lpm_compare_component|cmpr_m8j:auto_generated|aneb_result_wire[0]                                       ; out0             ;
; |lab5_var4_v1|control_unit:inst13|lpm_compare2:comp_JZadr|lpm_compare:lpm_compare_component|cmpr_m8j:auto_generated|data_wire[3]                                              ; |lab5_var4_v1|control_unit:inst13|lpm_compare2:comp_JZadr|lpm_compare:lpm_compare_component|cmpr_m8j:auto_generated|data_wire[3]                                              ; out0             ;
; |lab5_var4_v1|control_unit:inst13|lpm_compare2:comp_JZadr|lpm_compare:lpm_compare_component|cmpr_m8j:auto_generated|data_wire[2]                                              ; |lab5_var4_v1|control_unit:inst13|lpm_compare2:comp_JZadr|lpm_compare:lpm_compare_component|cmpr_m8j:auto_generated|data_wire[2]                                              ; out0             ;
; |lab5_var4_v1|control_unit:inst13|lpm_compare1:comp_MR|lpm_compare:lpm_compare_component|cmpr_m8j:auto_generated|data_wire[3]                                                 ; |lab5_var4_v1|control_unit:inst13|lpm_compare1:comp_MR|lpm_compare:lpm_compare_component|cmpr_m8j:auto_generated|data_wire[3]                                                 ; out0             ;
; |lab5_var4_v1|control_unit:inst13|clock_generator:inst5|single_pulse:inst|lpm_counter2:inst|lpm_counter:lpm_counter_component|cntr_qvi:auto_generated|counter_comb_bita2      ; |lab5_var4_v1|control_unit:inst13|clock_generator:inst5|single_pulse:inst|lpm_counter2:inst|lpm_counter:lpm_counter_component|cntr_qvi:auto_generated|counter_comb_bita2~COUT ; cout             ;
; |lab5_var4_v1|control_unit:inst13|clock_generator:inst5|single_pulse:inst|lpm_counter2:inst|lpm_counter:lpm_counter_component|cntr_qvi:auto_generated|counter_reg_bit1a[2]    ; |lab5_var4_v1|control_unit:inst13|clock_generator:inst5|single_pulse:inst|lpm_counter2:inst|lpm_counter:lpm_counter_component|cntr_qvi:auto_generated|safe_q[2]               ; regout           ;
; |lab5_var4_v1|control_unit:inst13|clock_generator:inst5|DCA_gen:inst6|lpm_counter0:inst|lpm_counter:lpm_counter_component|cntr_lej:auto_generated|counter_comb_bita1          ; |lab5_var4_v1|control_unit:inst13|clock_generator:inst5|DCA_gen:inst6|lpm_counter0:inst|lpm_counter:lpm_counter_component|cntr_lej:auto_generated|counter_comb_bita1~COUT     ; cout             ;
; |lab5_var4_v1|control_unit:inst13|clock_generator:inst5|DCA_gen:inst6|lpm_counter0:inst|lpm_counter:lpm_counter_component|cntr_lej:auto_generated|counter_comb_bita2          ; |lab5_var4_v1|control_unit:inst13|clock_generator:inst5|DCA_gen:inst6|lpm_counter0:inst|lpm_counter:lpm_counter_component|cntr_lej:auto_generated|counter_comb_bita2          ; sumout           ;
; |lab5_var4_v1|control_unit:inst13|clock_generator:inst5|DCA_gen:inst6|lpm_counter0:inst|lpm_counter:lpm_counter_component|cntr_lej:auto_generated|counter_comb_bita2          ; |lab5_var4_v1|control_unit:inst13|clock_generator:inst5|DCA_gen:inst6|lpm_counter0:inst|lpm_counter:lpm_counter_component|cntr_lej:auto_generated|counter_comb_bita2~COUT     ; cout             ;
; |lab5_var4_v1|control_unit:inst13|clock_generator:inst5|DCA_gen:inst6|lpm_counter0:inst|lpm_counter:lpm_counter_component|cntr_lej:auto_generated|counter_comb_bita3          ; |lab5_var4_v1|control_unit:inst13|clock_generator:inst5|DCA_gen:inst6|lpm_counter0:inst|lpm_counter:lpm_counter_component|cntr_lej:auto_generated|counter_comb_bita3          ; sumout           ;
; |lab5_var4_v1|control_unit:inst13|clock_generator:inst5|DCA_gen:inst6|lpm_counter0:inst|lpm_counter:lpm_counter_component|cntr_lej:auto_generated|counter_comb_bita3          ; |lab5_var4_v1|control_unit:inst13|clock_generator:inst5|DCA_gen:inst6|lpm_counter0:inst|lpm_counter:lpm_counter_component|cntr_lej:auto_generated|counter_comb_bita3~COUT     ; cout             ;
; |lab5_var4_v1|control_unit:inst13|clock_generator:inst5|DCA_gen:inst6|lpm_counter0:inst|lpm_counter:lpm_counter_component|cntr_lej:auto_generated|counter_reg_bit1a[3]        ; |lab5_var4_v1|control_unit:inst13|clock_generator:inst5|DCA_gen:inst6|lpm_counter0:inst|lpm_counter:lpm_counter_component|cntr_lej:auto_generated|safe_q[3]                   ; regout           ;
; |lab5_var4_v1|control_unit:inst13|clock_generator:inst5|DCA_gen:inst6|lpm_counter0:inst|lpm_counter:lpm_counter_component|cntr_lej:auto_generated|counter_reg_bit1a[2]        ; |lab5_var4_v1|control_unit:inst13|clock_generator:inst5|DCA_gen:inst6|lpm_counter0:inst|lpm_counter:lpm_counter_component|cntr_lej:auto_generated|safe_q[2]                   ; regout           ;
; |lab5_var4_v1|control_unit:inst13|clock_generator:inst5|DCA_gen:inst6|lpm_counter0:inst|lpm_counter:lpm_counter_component|cntr_lej:auto_generated|counter_reg_bit1a[1]        ; |lab5_var4_v1|control_unit:inst13|clock_generator:inst5|DCA_gen:inst6|lpm_counter0:inst|lpm_counter:lpm_counter_component|cntr_lej:auto_generated|safe_q[1]                   ; regout           ;
; |lab5_var4_v1|control_unit:inst13|clock_generator:inst5|DCA_gen:inst6|lpm_counter0:inst|lpm_counter:lpm_counter_component|cntr_lej:auto_generated|cmpr_adc:cmpr2|data_wire[1] ; |lab5_var4_v1|control_unit:inst13|clock_generator:inst5|DCA_gen:inst6|lpm_counter0:inst|lpm_counter:lpm_counter_component|cntr_lej:auto_generated|cmpr_adc:cmpr2|data_wire[1] ; out0             ;
; |lab5_var4_v1|control_unit:inst13|clock_generator:inst5|DCA_gen:inst6|lpm_counter1:inst3|lpm_counter:lpm_counter_component|cntr_8oi:auto_generated|counter_reg_bit1a[3]       ; |lab5_var4_v1|control_unit:inst13|clock_generator:inst5|DCA_gen:inst6|lpm_counter1:inst3|lpm_counter:lpm_counter_component|cntr_8oi:auto_generated|safe_q[3]                  ; regout           ;
; |lab5_var4_v1|control_unit:inst13|clock_generator:inst5|DCA_gen:inst6|lpm_decode0:inst4|lpm_decode:lpm_decode_component|decode_e9f:auto_generated|w_anode102w[3]              ; |lab5_var4_v1|control_unit:inst13|clock_generator:inst5|DCA_gen:inst6|lpm_decode0:inst4|lpm_decode:lpm_decode_component|decode_e9f:auto_generated|w_anode102w[3]              ; out0             ;
; |lab5_var4_v1|control_unit:inst13|clock_generator:inst5|DCA_gen:inst6|lpm_decode0:inst4|lpm_decode:lpm_decode_component|decode_e9f:auto_generated|w_anode102w[2]              ; |lab5_var4_v1|control_unit:inst13|clock_generator:inst5|DCA_gen:inst6|lpm_decode0:inst4|lpm_decode:lpm_decode_component|decode_e9f:auto_generated|w_anode102w[2]              ; out0             ;
; |lab5_var4_v1|control_unit:inst13|clock_generator:inst5|DCA_gen:inst6|lpm_decode0:inst4|lpm_decode:lpm_decode_component|decode_e9f:auto_generated|w_anode102w[1]              ; |lab5_var4_v1|control_unit:inst13|clock_generator:inst5|DCA_gen:inst6|lpm_decode0:inst4|lpm_decode:lpm_decode_component|decode_e9f:auto_generated|w_anode102w[1]              ; out0             ;
; |lab5_var4_v1|control_unit:inst13|clock_generator:inst5|DCA_gen:inst6|lpm_decode0:inst4|lpm_decode:lpm_decode_component|decode_e9f:auto_generated|w_anode112w[3]              ; |lab5_var4_v1|control_unit:inst13|clock_generator:inst5|DCA_gen:inst6|lpm_decode0:inst4|lpm_decode:lpm_decode_component|decode_e9f:auto_generated|w_anode112w[3]              ; out0             ;
; |lab5_var4_v1|control_unit:inst13|clock_generator:inst5|DCA_gen:inst6|lpm_decode0:inst4|lpm_decode:lpm_decode_component|decode_e9f:auto_generated|w_anode112w[2]              ; |lab5_var4_v1|control_unit:inst13|clock_generator:inst5|DCA_gen:inst6|lpm_decode0:inst4|lpm_decode:lpm_decode_component|decode_e9f:auto_generated|w_anode112w[2]              ; out0             ;
; |lab5_var4_v1|control_unit:inst13|clock_generator:inst5|DCA_gen:inst6|lpm_decode0:inst4|lpm_decode:lpm_decode_component|decode_e9f:auto_generated|w_anode112w[1]              ; |lab5_var4_v1|control_unit:inst13|clock_generator:inst5|DCA_gen:inst6|lpm_decode0:inst4|lpm_decode:lpm_decode_component|decode_e9f:auto_generated|w_anode112w[1]              ; out0             ;
; |lab5_var4_v1|control_unit:inst13|clock_generator:inst5|DCA_gen:inst6|lpm_decode0:inst4|lpm_decode:lpm_decode_component|decode_e9f:auto_generated|w_anode122w[3]              ; |lab5_var4_v1|control_unit:inst13|clock_generator:inst5|DCA_gen:inst6|lpm_decode0:inst4|lpm_decode:lpm_decode_component|decode_e9f:auto_generated|w_anode122w[3]              ; out0             ;
; |lab5_var4_v1|control_unit:inst13|clock_generator:inst5|DCA_gen:inst6|lpm_decode0:inst4|lpm_decode:lpm_decode_component|decode_e9f:auto_generated|w_anode122w[2]              ; |lab5_var4_v1|control_unit:inst13|clock_generator:inst5|DCA_gen:inst6|lpm_decode0:inst4|lpm_decode:lpm_decode_component|decode_e9f:auto_generated|w_anode122w[2]              ; out0             ;
; |lab5_var4_v1|control_unit:inst13|clock_generator:inst5|DCA_gen:inst6|lpm_decode0:inst4|lpm_decode:lpm_decode_component|decode_e9f:auto_generated|w_anode122w[1]              ; |lab5_var4_v1|control_unit:inst13|clock_generator:inst5|DCA_gen:inst6|lpm_decode0:inst4|lpm_decode:lpm_decode_component|decode_e9f:auto_generated|w_anode122w[1]              ; out0             ;
; |lab5_var4_v1|control_unit:inst13|clock_generator:inst5|DCA_gen:inst6|lpm_decode0:inst4|lpm_decode:lpm_decode_component|decode_e9f:auto_generated|w_anode132w[3]              ; |lab5_var4_v1|control_unit:inst13|clock_generator:inst5|DCA_gen:inst6|lpm_decode0:inst4|lpm_decode:lpm_decode_component|decode_e9f:auto_generated|w_anode132w[3]              ; out0             ;
; |lab5_var4_v1|control_unit:inst13|clock_generator:inst5|DCA_gen:inst6|lpm_decode0:inst4|lpm_decode:lpm_decode_component|decode_e9f:auto_generated|w_anode132w[2]              ; |lab5_var4_v1|control_unit:inst13|clock_generator:inst5|DCA_gen:inst6|lpm_decode0:inst4|lpm_decode:lpm_decode_component|decode_e9f:auto_generated|w_anode132w[2]              ; out0             ;
; |lab5_var4_v1|control_unit:inst13|clock_generator:inst5|DCA_gen:inst6|lpm_decode0:inst4|lpm_decode:lpm_decode_component|decode_e9f:auto_generated|w_anode132w[1]              ; |lab5_var4_v1|control_unit:inst13|clock_generator:inst5|DCA_gen:inst6|lpm_decode0:inst4|lpm_decode:lpm_decode_component|decode_e9f:auto_generated|w_anode132w[1]              ; out0             ;
; |lab5_var4_v1|control_unit:inst13|clock_generator:inst5|DCA_gen:inst6|lpm_decode0:inst4|lpm_decode:lpm_decode_component|decode_e9f:auto_generated|w_anode142w[3]              ; |lab5_var4_v1|control_unit:inst13|clock_generator:inst5|DCA_gen:inst6|lpm_decode0:inst4|lpm_decode:lpm_decode_component|decode_e9f:auto_generated|w_anode142w[3]              ; out0             ;
; |lab5_var4_v1|control_unit:inst13|clock_generator:inst5|DCA_gen:inst6|lpm_decode0:inst4|lpm_decode:lpm_decode_component|decode_e9f:auto_generated|w_anode142w[2]              ; |lab5_var4_v1|control_unit:inst13|clock_generator:inst5|DCA_gen:inst6|lpm_decode0:inst4|lpm_decode:lpm_decode_component|decode_e9f:auto_generated|w_anode142w[2]              ; out0             ;
; |lab5_var4_v1|control_unit:inst13|clock_generator:inst5|DCA_gen:inst6|lpm_decode0:inst4|lpm_decode:lpm_decode_component|decode_e9f:auto_generated|w_anode142w[1]              ; |lab5_var4_v1|control_unit:inst13|clock_generator:inst5|DCA_gen:inst6|lpm_decode0:inst4|lpm_decode:lpm_decode_component|decode_e9f:auto_generated|w_anode142w[1]              ; out0             ;
; |lab5_var4_v1|control_unit:inst13|clock_generator:inst5|DCA_gen:inst6|lpm_decode0:inst4|lpm_decode:lpm_decode_component|decode_e9f:auto_generated|w_anode152w[3]              ; |lab5_var4_v1|control_unit:inst13|clock_generator:inst5|DCA_gen:inst6|lpm_decode0:inst4|lpm_decode:lpm_decode_component|decode_e9f:auto_generated|w_anode152w[3]              ; out0             ;
; |lab5_var4_v1|control_unit:inst13|clock_generator:inst5|DCA_gen:inst6|lpm_decode0:inst4|lpm_decode:lpm_decode_component|decode_e9f:auto_generated|w_anode152w[2]              ; |lab5_var4_v1|control_unit:inst13|clock_generator:inst5|DCA_gen:inst6|lpm_decode0:inst4|lpm_decode:lpm_decode_component|decode_e9f:auto_generated|w_anode152w[2]              ; out0             ;
; |lab5_var4_v1|control_unit:inst13|clock_generator:inst5|DCA_gen:inst6|lpm_decode0:inst4|lpm_decode:lpm_decode_component|decode_e9f:auto_generated|w_anode152w[1]              ; |lab5_var4_v1|control_unit:inst13|clock_generator:inst5|DCA_gen:inst6|lpm_decode0:inst4|lpm_decode:lpm_decode_component|decode_e9f:auto_generated|w_anode152w[1]              ; out0             ;
; |lab5_var4_v1|control_unit:inst13|clock_generator:inst5|DCA_gen:inst6|lpm_decode0:inst4|lpm_decode:lpm_decode_component|decode_e9f:auto_generated|w_anode162w[3]              ; |lab5_var4_v1|control_unit:inst13|clock_generator:inst5|DCA_gen:inst6|lpm_decode0:inst4|lpm_decode:lpm_decode_component|decode_e9f:auto_generated|w_anode162w[3]              ; out0             ;
; |lab5_var4_v1|control_unit:inst13|clock_generator:inst5|DCA_gen:inst6|lpm_decode0:inst4|lpm_decode:lpm_decode_component|decode_e9f:auto_generated|w_anode162w[2]              ; |lab5_var4_v1|control_unit:inst13|clock_generator:inst5|DCA_gen:inst6|lpm_decode0:inst4|lpm_decode:lpm_decode_component|decode_e9f:auto_generated|w_anode162w[2]              ; out0             ;
; |lab5_var4_v1|control_unit:inst13|clock_generator:inst5|DCA_gen:inst6|lpm_decode0:inst4|lpm_decode:lpm_decode_component|decode_e9f:auto_generated|w_anode162w[1]              ; |lab5_var4_v1|control_unit:inst13|clock_generator:inst5|DCA_gen:inst6|lpm_decode0:inst4|lpm_decode:lpm_decode_component|decode_e9f:auto_generated|w_anode162w[1]              ; out0             ;
; |lab5_var4_v1|control_unit:inst13|clock_generator:inst5|DCA_gen:inst6|lpm_decode0:inst4|lpm_decode:lpm_decode_component|decode_e9f:auto_generated|w_anode91w[3]               ; |lab5_var4_v1|control_unit:inst13|clock_generator:inst5|DCA_gen:inst6|lpm_decode0:inst4|lpm_decode:lpm_decode_component|decode_e9f:auto_generated|w_anode91w[3]               ; out0             ;
; |lab5_var4_v1|control_unit:inst13|clock_generator:inst5|DCA_gen:inst6|lpm_decode0:inst4|lpm_decode:lpm_decode_component|decode_e9f:auto_generated|w_anode91w[2]               ; |lab5_var4_v1|control_unit:inst13|clock_generator:inst5|DCA_gen:inst6|lpm_decode0:inst4|lpm_decode:lpm_decode_component|decode_e9f:auto_generated|w_anode91w[2]               ; out0             ;
; |lab5_var4_v1|control_unit:inst13|clock_generator:inst5|DCA_gen:inst6|lpm_decode0:inst4|lpm_decode:lpm_decode_component|decode_e9f:auto_generated|w_anode91w[1]               ; |lab5_var4_v1|control_unit:inst13|clock_generator:inst5|DCA_gen:inst6|lpm_decode0:inst4|lpm_decode:lpm_decode_component|decode_e9f:auto_generated|w_anode91w[1]               ; out0             ;
; |lab5_var4_v1|fr_unit:inst20|lpm_ff5:inst2|lpm_ff:lpm_ff_component|dffs[3]                                                                                                    ; |lab5_var4_v1|fr_unit:inst20|lpm_ff5:inst2|lpm_ff:lpm_ff_component|dffs[3]                                                                                                    ; regout           ;
; |lab5_var4_v1|fr_unit:inst20|lpm_ff5:inst2|lpm_ff:lpm_ff_component|dffs[1]                                                                                                    ; |lab5_var4_v1|fr_unit:inst20|lpm_ff5:inst2|lpm_ff:lpm_ff_component|dffs[1]                                                                                                    ; regout           ;
; |lab5_var4_v1|fr_unit:inst20|lpm_ff5:inst2|lpm_ff:lpm_ff_component|dffs[0]                                                                                                    ; |lab5_var4_v1|fr_unit:inst20|lpm_ff5:inst2|lpm_ff:lpm_ff_component|dffs[0]                                                                                                    ; regout           ;
; |lab5_var4_v1|control_unit:inst13|clock_generator:inst5|single_pulse:inst|lpm_compare0:inst5|lpm_compare:lpm_compare_component|cmpr_obj:auto_generated|op_1~0                 ; |lab5_var4_v1|control_unit:inst13|clock_generator:inst5|single_pulse:inst|lpm_compare0:inst5|lpm_compare:lpm_compare_component|cmpr_obj:auto_generated|op_1~0                 ; out0             ;
; |lab5_var4_v1|control_unit:inst13|clock_generator:inst5|single_pulse:inst|lpm_compare0:inst5|lpm_compare:lpm_compare_component|cmpr_obj:auto_generated|op_1~1                 ; |lab5_var4_v1|control_unit:inst13|clock_generator:inst5|single_pulse:inst|lpm_compare0:inst5|lpm_compare:lpm_compare_component|cmpr_obj:auto_generated|op_1~1                 ; out0             ;
; |lab5_var4_v1|control_unit:inst13|clock_generator:inst5|single_pulse:inst|lpm_compare0:inst5|lpm_compare:lpm_compare_component|cmpr_obj:auto_generated|op_1~2                 ; |lab5_var4_v1|control_unit:inst13|clock_generator:inst5|single_pulse:inst|lpm_compare0:inst5|lpm_compare:lpm_compare_component|cmpr_obj:auto_generated|op_1~2                 ; out0             ;
; |lab5_var4_v1|ip_unit:inst7|lpm_add_sub3:inst1|lpm_add_sub:lpm_add_sub_component|add_sub_alh:auto_generated|op_1~3                                                            ; |lab5_var4_v1|ip_unit:inst7|lpm_add_sub3:inst1|lpm_add_sub:lpm_add_sub_component|add_sub_alh:auto_generated|op_1~3                                                            ; out0             ;
; |lab5_var4_v1|ip_unit:inst7|lpm_add_sub3:inst1|lpm_add_sub:lpm_add_sub_component|add_sub_alh:auto_generated|op_1~4                                                            ; |lab5_var4_v1|ip_unit:inst7|lpm_add_sub3:inst1|lpm_add_sub:lpm_add_sub_component|add_sub_alh:auto_generated|op_1~4                                                            ; out0             ;
; |lab5_var4_v1|ip_unit:inst7|lpm_add_sub3:inst1|lpm_add_sub:lpm_add_sub_component|add_sub_alh:auto_generated|op_1~5                                                            ; |lab5_var4_v1|ip_unit:inst7|lpm_add_sub3:inst1|lpm_add_sub:lpm_add_sub_component|add_sub_alh:auto_generated|op_1~5                                                            ; out0             ;
; |lab5_var4_v1|ip_unit:inst7|lpm_add_sub3:inst1|lpm_add_sub:lpm_add_sub_component|add_sub_alh:auto_generated|op_1~6                                                            ; |lab5_var4_v1|ip_unit:inst7|lpm_add_sub3:inst1|lpm_add_sub:lpm_add_sub_component|add_sub_alh:auto_generated|op_1~6                                                            ; out0             ;
; |lab5_var4_v1|ip_unit:inst7|lpm_add_sub3:inst1|lpm_add_sub:lpm_add_sub_component|add_sub_alh:auto_generated|op_1~8                                                            ; |lab5_var4_v1|ip_unit:inst7|lpm_add_sub3:inst1|lpm_add_sub:lpm_add_sub_component|add_sub_alh:auto_generated|op_1~8                                                            ; out0             ;
; |lab5_var4_v1|ip_unit:inst7|lpm_add_sub3:inst1|lpm_add_sub:lpm_add_sub_component|add_sub_alh:auto_generated|op_1~9                                                            ; |lab5_var4_v1|ip_unit:inst7|lpm_add_sub3:inst1|lpm_add_sub:lpm_add_sub_component|add_sub_alh:auto_generated|op_1~9                                                            ; out0             ;
; |lab5_var4_v1|ip_unit:inst7|lpm_add_sub3:inst1|lpm_add_sub:lpm_add_sub_component|add_sub_alh:auto_generated|op_1~10                                                           ; |lab5_var4_v1|ip_unit:inst7|lpm_add_sub3:inst1|lpm_add_sub:lpm_add_sub_component|add_sub_alh:auto_generated|op_1~10                                                           ; out0             ;
; |lab5_var4_v1|ip_unit:inst7|lpm_add_sub3:inst1|lpm_add_sub:lpm_add_sub_component|add_sub_alh:auto_generated|op_1~11                                                           ; |lab5_var4_v1|ip_unit:inst7|lpm_add_sub3:inst1|lpm_add_sub:lpm_add_sub_component|add_sub_alh:auto_generated|op_1~11                                                           ; out0             ;
; |lab5_var4_v1|ip_unit:inst7|lpm_add_sub3:inst1|lpm_add_sub:lpm_add_sub_component|add_sub_alh:auto_generated|op_1~12                                                           ; |lab5_var4_v1|ip_unit:inst7|lpm_add_sub3:inst1|lpm_add_sub:lpm_add_sub_component|add_sub_alh:auto_generated|op_1~12                                                           ; out0             ;
; |lab5_var4_v1|ip_unit:inst7|lpm_add_sub4:inst2|lpm_add_sub:lpm_add_sub_component|add_sub_uoh:auto_generated|op_1~3                                                            ; |lab5_var4_v1|ip_unit:inst7|lpm_add_sub4:inst2|lpm_add_sub:lpm_add_sub_component|add_sub_uoh:auto_generated|op_1~3                                                            ; out0             ;
; |lab5_var4_v1|ip_unit:inst7|lpm_add_sub4:inst2|lpm_add_sub:lpm_add_sub_component|add_sub_uoh:auto_generated|op_1~4                                                            ; |lab5_var4_v1|ip_unit:inst7|lpm_add_sub4:inst2|lpm_add_sub:lpm_add_sub_component|add_sub_uoh:auto_generated|op_1~4                                                            ; out0             ;
+-------------------------------------------------------------------------------------------------------------------------------------------------------------------------------+-------------------------------------------------------------------------------------------------------------------------------------------------------------------------------+------------------+


The following table displays output ports that do not toggle to 0 during simulation.
+----------------------------------------------------------------------------------------------------------------------------------------------------------------------------------------------------------------------------------------------------------------------------------------------------------------------------------------------------------------------------------+
; Missing 0-Value Coverage                                                                                                                                                                                                                                                                                                                                                         ;
+-------------------------------------------------------------------------------------------------------------------------------------------------------------------------------+-------------------------------------------------------------------------------------------------------------------------------------------------------------------------------+------------------+
; Node Name                                                                                                                                                                     ; Output Port Name                                                                                                                                                              ; Output Port Type ;
+-------------------------------------------------------------------------------------------------------------------------------------------------------------------------------+-------------------------------------------------------------------------------------------------------------------------------------------------------------------------------+------------------+
; |lab5_var4_v1|Z                                                                                                                                                               ; |lab5_var4_v1|Z                                                                                                                                                               ; pin_out          ;
; |lab5_var4_v1|rst_n                                                                                                                                                           ; |lab5_var4_v1|rst_n                                                                                                                                                           ; out              ;
; |lab5_var4_v1|ram_we                                                                                                                                                          ; |lab5_var4_v1|ram_we                                                                                                                                                          ; pin_out          ;
; |lab5_var4_v1|ip_load                                                                                                                                                         ; |lab5_var4_v1|ip_load                                                                                                                                                         ; pin_out          ;
; |lab5_var4_v1|ir_out[3]                                                                                                                                                       ; |lab5_var4_v1|ir_out[3]                                                                                                                                                       ; pin_out          ;
; |lab5_var4_v1|ir_out[2]                                                                                                                                                       ; |lab5_var4_v1|ir_out[2]                                                                                                                                                       ; pin_out          ;
; |lab5_var4_v1|ir_out[1]                                                                                                                                                       ; |lab5_var4_v1|ir_out[1]                                                                                                                                                       ; pin_out          ;
; |lab5_var4_v1|ron_addr[1]                                                                                                                                                     ; |lab5_var4_v1|ron_addr[1]                                                                                                                                                     ; pin_out          ;
; |lab5_var4_v1|alu_res[7]                                                                                                                                                      ; |lab5_var4_v1|alu_res[7]                                                                                                                                                      ; pin_out          ;
; |lab5_var4_v1|alu_res[6]                                                                                                                                                      ; |lab5_var4_v1|alu_res[6]                                                                                                                                                      ; pin_out          ;
; |lab5_var4_v1|alu_res[5]                                                                                                                                                      ; |lab5_var4_v1|alu_res[5]                                                                                                                                                      ; pin_out          ;
; |lab5_var4_v1|alu_res[4]                                                                                                                                                      ; |lab5_var4_v1|alu_res[4]                                                                                                                                                      ; pin_out          ;
; |lab5_var4_v1|alu_res[3]                                                                                                                                                      ; |lab5_var4_v1|alu_res[3]                                                                                                                                                      ; pin_out          ;
; |lab5_var4_v1|alu_res[2]                                                                                                                                                      ; |lab5_var4_v1|alu_res[2]                                                                                                                                                      ; pin_out          ;
; |lab5_var4_v1|alu_res[1]                                                                                                                                                      ; |lab5_var4_v1|alu_res[1]                                                                                                                                                      ; pin_out          ;
; |lab5_var4_v1|alu_res[0]                                                                                                                                                      ; |lab5_var4_v1|alu_res[0]                                                                                                                                                      ; pin_out          ;
; |lab5_var4_v1|ar_out[3]                                                                                                                                                       ; |lab5_var4_v1|ar_out[3]                                                                                                                                                       ; pin_out          ;
; |lab5_var4_v1|ar_out[2]                                                                                                                                                       ; |lab5_var4_v1|ar_out[2]                                                                                                                                                       ; pin_out          ;
; |lab5_var4_v1|ar_out[1]                                                                                                                                                       ; |lab5_var4_v1|ar_out[1]                                                                                                                                                       ; pin_out          ;
; |lab5_var4_v1|data_out[7]                                                                                                                                                     ; |lab5_var4_v1|data_out[7]                                                                                                                                                     ; pin_out          ;
; |lab5_var4_v1|data_out[6]                                                                                                                                                     ; |lab5_var4_v1|data_out[6]                                                                                                                                                     ; pin_out          ;
; |lab5_var4_v1|data_out[5]                                                                                                                                                     ; |lab5_var4_v1|data_out[5]                                                                                                                                                     ; pin_out          ;
; |lab5_var4_v1|data_out[3]                                                                                                                                                     ; |lab5_var4_v1|data_out[3]                                                                                                                                                     ; pin_out          ;
; |lab5_var4_v1|data_out[1]                                                                                                                                                     ; |lab5_var4_v1|data_out[1]                                                                                                                                                     ; pin_out          ;
; |lab5_var4_v1|DCa_out[15]                                                                                                                                                     ; |lab5_var4_v1|DCa_out[15]                                                                                                                                                     ; pin_out          ;
; |lab5_var4_v1|DCa_out[14]                                                                                                                                                     ; |lab5_var4_v1|DCa_out[14]                                                                                                                                                     ; pin_out          ;
; |lab5_var4_v1|DCa_out[13]                                                                                                                                                     ; |lab5_var4_v1|DCa_out[13]                                                                                                                                                     ; pin_out          ;
; |lab5_var4_v1|DCa_out[12]                                                                                                                                                     ; |lab5_var4_v1|DCa_out[12]                                                                                                                                                     ; pin_out          ;
; |lab5_var4_v1|DCa_out[11]                                                                                                                                                     ; |lab5_var4_v1|DCa_out[11]                                                                                                                                                     ; pin_out          ;
; |lab5_var4_v1|DCa_out[10]                                                                                                                                                     ; |lab5_var4_v1|DCa_out[10]                                                                                                                                                     ; pin_out          ;
; |lab5_var4_v1|DCa_out[9]                                                                                                                                                      ; |lab5_var4_v1|DCa_out[9]                                                                                                                                                      ; pin_out          ;
; |lab5_var4_v1|DCa_out[8]                                                                                                                                                      ; |lab5_var4_v1|DCa_out[8]                                                                                                                                                      ; pin_out          ;
; |lab5_var4_v1|dr_out[7]                                                                                                                                                       ; |lab5_var4_v1|dr_out[7]                                                                                                                                                       ; pin_out          ;
; |lab5_var4_v1|dr_out[6]                                                                                                                                                       ; |lab5_var4_v1|dr_out[6]                                                                                                                                                       ; pin_out          ;
; |lab5_var4_v1|dr_out[5]                                                                                                                                                       ; |lab5_var4_v1|dr_out[5]                                                                                                                                                       ; pin_out          ;
; |lab5_var4_v1|dr_out[3]                                                                                                                                                       ; |lab5_var4_v1|dr_out[3]                                                                                                                                                       ; pin_out          ;
; |lab5_var4_v1|dr_out[1]                                                                                                                                                       ; |lab5_var4_v1|dr_out[1]                                                                                                                                                       ; pin_out          ;
; |lab5_var4_v1|flags_out[3]                                                                                                                                                    ; |lab5_var4_v1|flags_out[3]                                                                                                                                                    ; pin_out          ;
; |lab5_var4_v1|flags_out[2]                                                                                                                                                    ; |lab5_var4_v1|flags_out[2]                                                                                                                                                    ; pin_out          ;
; |lab5_var4_v1|flags_out[1]                                                                                                                                                    ; |lab5_var4_v1|flags_out[1]                                                                                                                                                    ; pin_out          ;
; |lab5_var4_v1|flags_out[0]                                                                                                                                                    ; |lab5_var4_v1|flags_out[0]                                                                                                                                                    ; pin_out          ;
; |lab5_var4_v1|ip_out[3]                                                                                                                                                       ; |lab5_var4_v1|ip_out[3]                                                                                                                                                       ; pin_out          ;
; |lab5_var4_v1|ip_out[2]                                                                                                                                                       ; |lab5_var4_v1|ip_out[2]                                                                                                                                                       ; pin_out          ;
; |lab5_var4_v1|ip_out[1]                                                                                                                                                       ; |lab5_var4_v1|ip_out[1]                                                                                                                                                       ; pin_out          ;
; |lab5_var4_v1|opcode[7]                                                                                                                                                       ; |lab5_var4_v1|opcode[7]                                                                                                                                                       ; pin_out          ;
; |lab5_var4_v1|opcode[6]                                                                                                                                                       ; |lab5_var4_v1|opcode[6]                                                                                                                                                       ; pin_out          ;
; |lab5_var4_v1|opcode[5]                                                                                                                                                       ; |lab5_var4_v1|opcode[5]                                                                                                                                                       ; pin_out          ;
; |lab5_var4_v1|opcode[4]                                                                                                                                                       ; |lab5_var4_v1|opcode[4]                                                                                                                                                       ; pin_out          ;
; |lab5_var4_v1|opcode[3]                                                                                                                                                       ; |lab5_var4_v1|opcode[3]                                                                                                                                                       ; pin_out          ;
; |lab5_var4_v1|opcode[2]                                                                                                                                                       ; |lab5_var4_v1|opcode[2]                                                                                                                                                       ; pin_out          ;
; |lab5_var4_v1|opcode[1]                                                                                                                                                       ; |lab5_var4_v1|opcode[1]                                                                                                                                                       ; pin_out          ;
; |lab5_var4_v1|rom_ram_address[3]                                                                                                                                              ; |lab5_var4_v1|rom_ram_address[3]                                                                                                                                              ; pin_out          ;
; |lab5_var4_v1|rom_ram_out[1]                                                                                                                                                  ; |lab5_var4_v1|rom_ram_out[1]                                                                                                                                                  ; pin_out          ;
; |lab5_var4_v1|ron_unit:inst9|inst9                                                                                                                                            ; |lab5_var4_v1|ron_unit:inst9|inst9                                                                                                                                            ; out0             ;
; |lab5_var4_v1|ron_unit:inst9|inst10                                                                                                                                           ; |lab5_var4_v1|ron_unit:inst9|inst10                                                                                                                                           ; out0             ;
; |lab5_var4_v1|ron_unit:inst9|lpm_ff8:DX|lpm_ff:lpm_ff_component|dffs[7]                                                                                                       ; |lab5_var4_v1|ron_unit:inst9|lpm_ff8:DX|lpm_ff:lpm_ff_component|dffs[7]                                                                                                       ; regout           ;
; |lab5_var4_v1|ron_unit:inst9|lpm_ff8:DX|lpm_ff:lpm_ff_component|dffs[6]                                                                                                       ; |lab5_var4_v1|ron_unit:inst9|lpm_ff8:DX|lpm_ff:lpm_ff_component|dffs[6]                                                                                                       ; regout           ;
; |lab5_var4_v1|ron_unit:inst9|lpm_ff8:DX|lpm_ff:lpm_ff_component|dffs[5]                                                                                                       ; |lab5_var4_v1|ron_unit:inst9|lpm_ff8:DX|lpm_ff:lpm_ff_component|dffs[5]                                                                                                       ; regout           ;
; |lab5_var4_v1|ron_unit:inst9|lpm_ff8:DX|lpm_ff:lpm_ff_component|dffs[4]                                                                                                       ; |lab5_var4_v1|ron_unit:inst9|lpm_ff8:DX|lpm_ff:lpm_ff_component|dffs[4]                                                                                                       ; regout           ;
; |lab5_var4_v1|ron_unit:inst9|lpm_ff8:DX|lpm_ff:lpm_ff_component|dffs[3]                                                                                                       ; |lab5_var4_v1|ron_unit:inst9|lpm_ff8:DX|lpm_ff:lpm_ff_component|dffs[3]                                                                                                       ; regout           ;
; |lab5_var4_v1|ron_unit:inst9|lpm_ff8:DX|lpm_ff:lpm_ff_component|dffs[2]                                                                                                       ; |lab5_var4_v1|ron_unit:inst9|lpm_ff8:DX|lpm_ff:lpm_ff_component|dffs[2]                                                                                                       ; regout           ;
; |lab5_var4_v1|ron_unit:inst9|lpm_ff8:DX|lpm_ff:lpm_ff_component|dffs[1]                                                                                                       ; |lab5_var4_v1|ron_unit:inst9|lpm_ff8:DX|lpm_ff:lpm_ff_component|dffs[1]                                                                                                       ; regout           ;
; |lab5_var4_v1|ron_unit:inst9|lpm_ff8:DX|lpm_ff:lpm_ff_component|dffs[0]                                                                                                       ; |lab5_var4_v1|ron_unit:inst9|lpm_ff8:DX|lpm_ff:lpm_ff_component|dffs[0]                                                                                                       ; regout           ;
; |lab5_var4_v1|ron_unit:inst9|lpm_ff8:CX|lpm_ff:lpm_ff_component|dffs[7]                                                                                                       ; |lab5_var4_v1|ron_unit:inst9|lpm_ff8:CX|lpm_ff:lpm_ff_component|dffs[7]                                                                                                       ; regout           ;
; |lab5_var4_v1|ron_unit:inst9|lpm_ff8:CX|lpm_ff:lpm_ff_component|dffs[6]                                                                                                       ; |lab5_var4_v1|ron_unit:inst9|lpm_ff8:CX|lpm_ff:lpm_ff_component|dffs[6]                                                                                                       ; regout           ;
; |lab5_var4_v1|ron_unit:inst9|lpm_ff8:CX|lpm_ff:lpm_ff_component|dffs[5]                                                                                                       ; |lab5_var4_v1|ron_unit:inst9|lpm_ff8:CX|lpm_ff:lpm_ff_component|dffs[5]                                                                                                       ; regout           ;
; |lab5_var4_v1|ron_unit:inst9|lpm_ff8:CX|lpm_ff:lpm_ff_component|dffs[4]                                                                                                       ; |lab5_var4_v1|ron_unit:inst9|lpm_ff8:CX|lpm_ff:lpm_ff_component|dffs[4]                                                                                                       ; regout           ;
; |lab5_var4_v1|ron_unit:inst9|lpm_ff8:CX|lpm_ff:lpm_ff_component|dffs[3]                                                                                                       ; |lab5_var4_v1|ron_unit:inst9|lpm_ff8:CX|lpm_ff:lpm_ff_component|dffs[3]                                                                                                       ; regout           ;
; |lab5_var4_v1|ron_unit:inst9|lpm_ff8:CX|lpm_ff:lpm_ff_component|dffs[2]                                                                                                       ; |lab5_var4_v1|ron_unit:inst9|lpm_ff8:CX|lpm_ff:lpm_ff_component|dffs[2]                                                                                                       ; regout           ;
; |lab5_var4_v1|ron_unit:inst9|lpm_ff8:CX|lpm_ff:lpm_ff_component|dffs[1]                                                                                                       ; |lab5_var4_v1|ron_unit:inst9|lpm_ff8:CX|lpm_ff:lpm_ff_component|dffs[1]                                                                                                       ; regout           ;
; |lab5_var4_v1|ron_unit:inst9|lpm_ff8:CX|lpm_ff:lpm_ff_component|dffs[0]                                                                                                       ; |lab5_var4_v1|ron_unit:inst9|lpm_ff8:CX|lpm_ff:lpm_ff_component|dffs[0]                                                                                                       ; regout           ;
; |lab5_var4_v1|ron_unit:inst9|lpm_ff8:BX|lpm_ff:lpm_ff_component|dffs[7]                                                                                                       ; |lab5_var4_v1|ron_unit:inst9|lpm_ff8:BX|lpm_ff:lpm_ff_component|dffs[7]                                                                                                       ; regout           ;
; |lab5_var4_v1|ron_unit:inst9|lpm_ff8:BX|lpm_ff:lpm_ff_component|dffs[6]                                                                                                       ; |lab5_var4_v1|ron_unit:inst9|lpm_ff8:BX|lpm_ff:lpm_ff_component|dffs[6]                                                                                                       ; regout           ;
; |lab5_var4_v1|ron_unit:inst9|lpm_ff8:BX|lpm_ff:lpm_ff_component|dffs[5]                                                                                                       ; |lab5_var4_v1|ron_unit:inst9|lpm_ff8:BX|lpm_ff:lpm_ff_component|dffs[5]                                                                                                       ; regout           ;
; |lab5_var4_v1|ron_unit:inst9|lpm_ff8:BX|lpm_ff:lpm_ff_component|dffs[4]                                                                                                       ; |lab5_var4_v1|ron_unit:inst9|lpm_ff8:BX|lpm_ff:lpm_ff_component|dffs[4]                                                                                                       ; regout           ;
; |lab5_var4_v1|ron_unit:inst9|lpm_ff8:BX|lpm_ff:lpm_ff_component|dffs[3]                                                                                                       ; |lab5_var4_v1|ron_unit:inst9|lpm_ff8:BX|lpm_ff:lpm_ff_component|dffs[3]                                                                                                       ; regout           ;
; |lab5_var4_v1|ron_unit:inst9|lpm_ff8:BX|lpm_ff:lpm_ff_component|dffs[2]                                                                                                       ; |lab5_var4_v1|ron_unit:inst9|lpm_ff8:BX|lpm_ff:lpm_ff_component|dffs[2]                                                                                                       ; regout           ;
; |lab5_var4_v1|ron_unit:inst9|lpm_ff8:BX|lpm_ff:lpm_ff_component|dffs[1]                                                                                                       ; |lab5_var4_v1|ron_unit:inst9|lpm_ff8:BX|lpm_ff:lpm_ff_component|dffs[1]                                                                                                       ; regout           ;
; |lab5_var4_v1|ron_unit:inst9|lpm_ff8:BX|lpm_ff:lpm_ff_component|dffs[0]                                                                                                       ; |lab5_var4_v1|ron_unit:inst9|lpm_ff8:BX|lpm_ff:lpm_ff_component|dffs[0]                                                                                                       ; regout           ;
; |lab5_var4_v1|ron_unit:inst9|lpm_decode2:inst16|lpm_decode:lpm_decode_component|decode_p7f:auto_generated|w_anode24w[2]                                                       ; |lab5_var4_v1|ron_unit:inst9|lpm_decode2:inst16|lpm_decode:lpm_decode_component|decode_p7f:auto_generated|w_anode24w[2]                                                       ; out0             ;
; |lab5_var4_v1|ron_unit:inst9|lpm_decode2:inst16|lpm_decode:lpm_decode_component|decode_p7f:auto_generated|w_anode33w[2]                                                       ; |lab5_var4_v1|ron_unit:inst9|lpm_decode2:inst16|lpm_decode:lpm_decode_component|decode_p7f:auto_generated|w_anode33w[2]                                                       ; out0             ;
; |lab5_var4_v1|ron_unit:inst9|lpm_ff8:AX|lpm_ff:lpm_ff_component|dffs[7]                                                                                                       ; |lab5_var4_v1|ron_unit:inst9|lpm_ff8:AX|lpm_ff:lpm_ff_component|dffs[7]                                                                                                       ; regout           ;
; |lab5_var4_v1|ron_unit:inst9|lpm_ff8:AX|lpm_ff:lpm_ff_component|dffs[6]                                                                                                       ; |lab5_var4_v1|ron_unit:inst9|lpm_ff8:AX|lpm_ff:lpm_ff_component|dffs[6]                                                                                                       ; regout           ;
; |lab5_var4_v1|ron_unit:inst9|lpm_ff8:AX|lpm_ff:lpm_ff_component|dffs[5]                                                                                                       ; |lab5_var4_v1|ron_unit:inst9|lpm_ff8:AX|lpm_ff:lpm_ff_component|dffs[5]                                                                                                       ; regout           ;
; |lab5_var4_v1|ron_unit:inst9|lpm_ff8:AX|lpm_ff:lpm_ff_component|dffs[4]                                                                                                       ; |lab5_var4_v1|ron_unit:inst9|lpm_ff8:AX|lpm_ff:lpm_ff_component|dffs[4]                                                                                                       ; regout           ;
; |lab5_var4_v1|ron_unit:inst9|lpm_ff8:AX|lpm_ff:lpm_ff_component|dffs[3]                                                                                                       ; |lab5_var4_v1|ron_unit:inst9|lpm_ff8:AX|lpm_ff:lpm_ff_component|dffs[3]                                                                                                       ; regout           ;
; |lab5_var4_v1|ron_unit:inst9|lpm_ff8:AX|lpm_ff:lpm_ff_component|dffs[2]                                                                                                       ; |lab5_var4_v1|ron_unit:inst9|lpm_ff8:AX|lpm_ff:lpm_ff_component|dffs[2]                                                                                                       ; regout           ;
; |lab5_var4_v1|ron_unit:inst9|lpm_ff8:AX|lpm_ff:lpm_ff_component|dffs[1]                                                                                                       ; |lab5_var4_v1|ron_unit:inst9|lpm_ff8:AX|lpm_ff:lpm_ff_component|dffs[1]                                                                                                       ; regout           ;
; |lab5_var4_v1|ron_unit:inst9|lpm_ff8:AX|lpm_ff:lpm_ff_component|dffs[0]                                                                                                       ; |lab5_var4_v1|ron_unit:inst9|lpm_ff8:AX|lpm_ff:lpm_ff_component|dffs[0]                                                                                                       ; regout           ;
; |lab5_var4_v1|ron_unit:inst9|lpm_mux6:inst|lpm_mux:lpm_mux_component|mux_c4e:auto_generated|l1_w0_n0_mux_dataout~0                                                            ; |lab5_var4_v1|ron_unit:inst9|lpm_mux6:inst|lpm_mux:lpm_mux_component|mux_c4e:auto_generated|l1_w0_n0_mux_dataout~0                                                            ; out0             ;
; |lab5_var4_v1|ron_unit:inst9|lpm_mux6:inst|lpm_mux:lpm_mux_component|mux_c4e:auto_generated|l1_w0_n1_mux_dataout~0                                                            ; |lab5_var4_v1|ron_unit:inst9|lpm_mux6:inst|lpm_mux:lpm_mux_component|mux_c4e:auto_generated|l1_w0_n1_mux_dataout~0                                                            ; out0             ;
; |lab5_var4_v1|ron_unit:inst9|lpm_mux6:inst|lpm_mux:lpm_mux_component|mux_c4e:auto_generated|l1_w0_n1_mux_dataout~1                                                            ; |lab5_var4_v1|ron_unit:inst9|lpm_mux6:inst|lpm_mux:lpm_mux_component|mux_c4e:auto_generated|l1_w0_n1_mux_dataout~1                                                            ; out0             ;
; |lab5_var4_v1|ron_unit:inst9|lpm_mux6:inst|lpm_mux:lpm_mux_component|mux_c4e:auto_generated|l1_w0_n1_mux_dataout                                                              ; |lab5_var4_v1|ron_unit:inst9|lpm_mux6:inst|lpm_mux:lpm_mux_component|mux_c4e:auto_generated|l1_w0_n1_mux_dataout                                                              ; out0             ;
; |lab5_var4_v1|ron_unit:inst9|lpm_mux6:inst|lpm_mux:lpm_mux_component|mux_c4e:auto_generated|l1_w1_n0_mux_dataout~0                                                            ; |lab5_var4_v1|ron_unit:inst9|lpm_mux6:inst|lpm_mux:lpm_mux_component|mux_c4e:auto_generated|l1_w1_n0_mux_dataout~0                                                            ; out0             ;
; |lab5_var4_v1|ron_unit:inst9|lpm_mux6:inst|lpm_mux:lpm_mux_component|mux_c4e:auto_generated|l1_w1_n0_mux_dataout~1                                                            ; |lab5_var4_v1|ron_unit:inst9|lpm_mux6:inst|lpm_mux:lpm_mux_component|mux_c4e:auto_generated|l1_w1_n0_mux_dataout~1                                                            ; out0             ;
; |lab5_var4_v1|ron_unit:inst9|lpm_mux6:inst|lpm_mux:lpm_mux_component|mux_c4e:auto_generated|l1_w1_n0_mux_dataout                                                              ; |lab5_var4_v1|ron_unit:inst9|lpm_mux6:inst|lpm_mux:lpm_mux_component|mux_c4e:auto_generated|l1_w1_n0_mux_dataout                                                              ; out0             ;
; |lab5_var4_v1|ron_unit:inst9|lpm_mux6:inst|lpm_mux:lpm_mux_component|mux_c4e:auto_generated|l1_w1_n1_mux_dataout~0                                                            ; |lab5_var4_v1|ron_unit:inst9|lpm_mux6:inst|lpm_mux:lpm_mux_component|mux_c4e:auto_generated|l1_w1_n1_mux_dataout~0                                                            ; out0             ;
; |lab5_var4_v1|ron_unit:inst9|lpm_mux6:inst|lpm_mux:lpm_mux_component|mux_c4e:auto_generated|l1_w1_n1_mux_dataout~1                                                            ; |lab5_var4_v1|ron_unit:inst9|lpm_mux6:inst|lpm_mux:lpm_mux_component|mux_c4e:auto_generated|l1_w1_n1_mux_dataout~1                                                            ; out0             ;
; |lab5_var4_v1|ron_unit:inst9|lpm_mux6:inst|lpm_mux:lpm_mux_component|mux_c4e:auto_generated|l1_w1_n1_mux_dataout                                                              ; |lab5_var4_v1|ron_unit:inst9|lpm_mux6:inst|lpm_mux:lpm_mux_component|mux_c4e:auto_generated|l1_w1_n1_mux_dataout                                                              ; out0             ;
; |lab5_var4_v1|ron_unit:inst9|lpm_mux6:inst|lpm_mux:lpm_mux_component|mux_c4e:auto_generated|l1_w2_n0_mux_dataout~0                                                            ; |lab5_var4_v1|ron_unit:inst9|lpm_mux6:inst|lpm_mux:lpm_mux_component|mux_c4e:auto_generated|l1_w2_n0_mux_dataout~0                                                            ; out0             ;
; |lab5_var4_v1|ron_unit:inst9|lpm_mux6:inst|lpm_mux:lpm_mux_component|mux_c4e:auto_generated|l1_w2_n1_mux_dataout~0                                                            ; |lab5_var4_v1|ron_unit:inst9|lpm_mux6:inst|lpm_mux:lpm_mux_component|mux_c4e:auto_generated|l1_w2_n1_mux_dataout~0                                                            ; out0             ;
; |lab5_var4_v1|ron_unit:inst9|lpm_mux6:inst|lpm_mux:lpm_mux_component|mux_c4e:auto_generated|l1_w2_n1_mux_dataout~1                                                            ; |lab5_var4_v1|ron_unit:inst9|lpm_mux6:inst|lpm_mux:lpm_mux_component|mux_c4e:auto_generated|l1_w2_n1_mux_dataout~1                                                            ; out0             ;
; |lab5_var4_v1|ron_unit:inst9|lpm_mux6:inst|lpm_mux:lpm_mux_component|mux_c4e:auto_generated|l1_w2_n1_mux_dataout                                                              ; |lab5_var4_v1|ron_unit:inst9|lpm_mux6:inst|lpm_mux:lpm_mux_component|mux_c4e:auto_generated|l1_w2_n1_mux_dataout                                                              ; out0             ;
; |lab5_var4_v1|ron_unit:inst9|lpm_mux6:inst|lpm_mux:lpm_mux_component|mux_c4e:auto_generated|l1_w3_n0_mux_dataout~0                                                            ; |lab5_var4_v1|ron_unit:inst9|lpm_mux6:inst|lpm_mux:lpm_mux_component|mux_c4e:auto_generated|l1_w3_n0_mux_dataout~0                                                            ; out0             ;
; |lab5_var4_v1|ron_unit:inst9|lpm_mux6:inst|lpm_mux:lpm_mux_component|mux_c4e:auto_generated|l1_w3_n0_mux_dataout~1                                                            ; |lab5_var4_v1|ron_unit:inst9|lpm_mux6:inst|lpm_mux:lpm_mux_component|mux_c4e:auto_generated|l1_w3_n0_mux_dataout~1                                                            ; out0             ;
; |lab5_var4_v1|ron_unit:inst9|lpm_mux6:inst|lpm_mux:lpm_mux_component|mux_c4e:auto_generated|l1_w3_n0_mux_dataout                                                              ; |lab5_var4_v1|ron_unit:inst9|lpm_mux6:inst|lpm_mux:lpm_mux_component|mux_c4e:auto_generated|l1_w3_n0_mux_dataout                                                              ; out0             ;
; |lab5_var4_v1|ron_unit:inst9|lpm_mux6:inst|lpm_mux:lpm_mux_component|mux_c4e:auto_generated|l1_w3_n1_mux_dataout~0                                                            ; |lab5_var4_v1|ron_unit:inst9|lpm_mux6:inst|lpm_mux:lpm_mux_component|mux_c4e:auto_generated|l1_w3_n1_mux_dataout~0                                                            ; out0             ;
; |lab5_var4_v1|ron_unit:inst9|lpm_mux6:inst|lpm_mux:lpm_mux_component|mux_c4e:auto_generated|l1_w3_n1_mux_dataout~1                                                            ; |lab5_var4_v1|ron_unit:inst9|lpm_mux6:inst|lpm_mux:lpm_mux_component|mux_c4e:auto_generated|l1_w3_n1_mux_dataout~1                                                            ; out0             ;
; |lab5_var4_v1|ron_unit:inst9|lpm_mux6:inst|lpm_mux:lpm_mux_component|mux_c4e:auto_generated|l1_w3_n1_mux_dataout                                                              ; |lab5_var4_v1|ron_unit:inst9|lpm_mux6:inst|lpm_mux:lpm_mux_component|mux_c4e:auto_generated|l1_w3_n1_mux_dataout                                                              ; out0             ;
; |lab5_var4_v1|ron_unit:inst9|lpm_mux6:inst|lpm_mux:lpm_mux_component|mux_c4e:auto_generated|l1_w4_n0_mux_dataout~0                                                            ; |lab5_var4_v1|ron_unit:inst9|lpm_mux6:inst|lpm_mux:lpm_mux_component|mux_c4e:auto_generated|l1_w4_n0_mux_dataout~0                                                            ; out0             ;
; |lab5_var4_v1|ron_unit:inst9|lpm_mux6:inst|lpm_mux:lpm_mux_component|mux_c4e:auto_generated|l1_w4_n1_mux_dataout~0                                                            ; |lab5_var4_v1|ron_unit:inst9|lpm_mux6:inst|lpm_mux:lpm_mux_component|mux_c4e:auto_generated|l1_w4_n1_mux_dataout~0                                                            ; out0             ;
; |lab5_var4_v1|ron_unit:inst9|lpm_mux6:inst|lpm_mux:lpm_mux_component|mux_c4e:auto_generated|l1_w4_n1_mux_dataout~1                                                            ; |lab5_var4_v1|ron_unit:inst9|lpm_mux6:inst|lpm_mux:lpm_mux_component|mux_c4e:auto_generated|l1_w4_n1_mux_dataout~1                                                            ; out0             ;
; |lab5_var4_v1|ron_unit:inst9|lpm_mux6:inst|lpm_mux:lpm_mux_component|mux_c4e:auto_generated|l1_w4_n1_mux_dataout                                                              ; |lab5_var4_v1|ron_unit:inst9|lpm_mux6:inst|lpm_mux:lpm_mux_component|mux_c4e:auto_generated|l1_w4_n1_mux_dataout                                                              ; out0             ;
; |lab5_var4_v1|ron_unit:inst9|lpm_mux6:inst|lpm_mux:lpm_mux_component|mux_c4e:auto_generated|l1_w5_n0_mux_dataout~0                                                            ; |lab5_var4_v1|ron_unit:inst9|lpm_mux6:inst|lpm_mux:lpm_mux_component|mux_c4e:auto_generated|l1_w5_n0_mux_dataout~0                                                            ; out0             ;
; |lab5_var4_v1|ron_unit:inst9|lpm_mux6:inst|lpm_mux:lpm_mux_component|mux_c4e:auto_generated|l1_w5_n0_mux_dataout~1                                                            ; |lab5_var4_v1|ron_unit:inst9|lpm_mux6:inst|lpm_mux:lpm_mux_component|mux_c4e:auto_generated|l1_w5_n0_mux_dataout~1                                                            ; out0             ;
; |lab5_var4_v1|ron_unit:inst9|lpm_mux6:inst|lpm_mux:lpm_mux_component|mux_c4e:auto_generated|l1_w5_n0_mux_dataout                                                              ; |lab5_var4_v1|ron_unit:inst9|lpm_mux6:inst|lpm_mux:lpm_mux_component|mux_c4e:auto_generated|l1_w5_n0_mux_dataout                                                              ; out0             ;
; |lab5_var4_v1|ron_unit:inst9|lpm_mux6:inst|lpm_mux:lpm_mux_component|mux_c4e:auto_generated|l1_w5_n1_mux_dataout~0                                                            ; |lab5_var4_v1|ron_unit:inst9|lpm_mux6:inst|lpm_mux:lpm_mux_component|mux_c4e:auto_generated|l1_w5_n1_mux_dataout~0                                                            ; out0             ;
; |lab5_var4_v1|ron_unit:inst9|lpm_mux6:inst|lpm_mux:lpm_mux_component|mux_c4e:auto_generated|l1_w5_n1_mux_dataout~1                                                            ; |lab5_var4_v1|ron_unit:inst9|lpm_mux6:inst|lpm_mux:lpm_mux_component|mux_c4e:auto_generated|l1_w5_n1_mux_dataout~1                                                            ; out0             ;
; |lab5_var4_v1|ron_unit:inst9|lpm_mux6:inst|lpm_mux:lpm_mux_component|mux_c4e:auto_generated|l1_w5_n1_mux_dataout                                                              ; |lab5_var4_v1|ron_unit:inst9|lpm_mux6:inst|lpm_mux:lpm_mux_component|mux_c4e:auto_generated|l1_w5_n1_mux_dataout                                                              ; out0             ;
; |lab5_var4_v1|ron_unit:inst9|lpm_mux6:inst|lpm_mux:lpm_mux_component|mux_c4e:auto_generated|l1_w6_n0_mux_dataout~0                                                            ; |lab5_var4_v1|ron_unit:inst9|lpm_mux6:inst|lpm_mux:lpm_mux_component|mux_c4e:auto_generated|l1_w6_n0_mux_dataout~0                                                            ; out0             ;
; |lab5_var4_v1|ron_unit:inst9|lpm_mux6:inst|lpm_mux:lpm_mux_component|mux_c4e:auto_generated|l1_w6_n0_mux_dataout~1                                                            ; |lab5_var4_v1|ron_unit:inst9|lpm_mux6:inst|lpm_mux:lpm_mux_component|mux_c4e:auto_generated|l1_w6_n0_mux_dataout~1                                                            ; out0             ;
; |lab5_var4_v1|ron_unit:inst9|lpm_mux6:inst|lpm_mux:lpm_mux_component|mux_c4e:auto_generated|l1_w6_n0_mux_dataout                                                              ; |lab5_var4_v1|ron_unit:inst9|lpm_mux6:inst|lpm_mux:lpm_mux_component|mux_c4e:auto_generated|l1_w6_n0_mux_dataout                                                              ; out0             ;
; |lab5_var4_v1|ron_unit:inst9|lpm_mux6:inst|lpm_mux:lpm_mux_component|mux_c4e:auto_generated|l1_w6_n1_mux_dataout~0                                                            ; |lab5_var4_v1|ron_unit:inst9|lpm_mux6:inst|lpm_mux:lpm_mux_component|mux_c4e:auto_generated|l1_w6_n1_mux_dataout~0                                                            ; out0             ;
; |lab5_var4_v1|ron_unit:inst9|lpm_mux6:inst|lpm_mux:lpm_mux_component|mux_c4e:auto_generated|l1_w6_n1_mux_dataout~1                                                            ; |lab5_var4_v1|ron_unit:inst9|lpm_mux6:inst|lpm_mux:lpm_mux_component|mux_c4e:auto_generated|l1_w6_n1_mux_dataout~1                                                            ; out0             ;
; |lab5_var4_v1|ron_unit:inst9|lpm_mux6:inst|lpm_mux:lpm_mux_component|mux_c4e:auto_generated|l1_w6_n1_mux_dataout                                                              ; |lab5_var4_v1|ron_unit:inst9|lpm_mux6:inst|lpm_mux:lpm_mux_component|mux_c4e:auto_generated|l1_w6_n1_mux_dataout                                                              ; out0             ;
; |lab5_var4_v1|ron_unit:inst9|lpm_mux6:inst|lpm_mux:lpm_mux_component|mux_c4e:auto_generated|l1_w7_n0_mux_dataout~0                                                            ; |lab5_var4_v1|ron_unit:inst9|lpm_mux6:inst|lpm_mux:lpm_mux_component|mux_c4e:auto_generated|l1_w7_n0_mux_dataout~0                                                            ; out0             ;
; |lab5_var4_v1|ron_unit:inst9|lpm_mux6:inst|lpm_mux:lpm_mux_component|mux_c4e:auto_generated|l1_w7_n0_mux_dataout~1                                                            ; |lab5_var4_v1|ron_unit:inst9|lpm_mux6:inst|lpm_mux:lpm_mux_component|mux_c4e:auto_generated|l1_w7_n0_mux_dataout~1                                                            ; out0             ;
; |lab5_var4_v1|ron_unit:inst9|lpm_mux6:inst|lpm_mux:lpm_mux_component|mux_c4e:auto_generated|l1_w7_n0_mux_dataout                                                              ; |lab5_var4_v1|ron_unit:inst9|lpm_mux6:inst|lpm_mux:lpm_mux_component|mux_c4e:auto_generated|l1_w7_n0_mux_dataout                                                              ; out0             ;
; |lab5_var4_v1|ron_unit:inst9|lpm_mux6:inst|lpm_mux:lpm_mux_component|mux_c4e:auto_generated|l1_w7_n1_mux_dataout~0                                                            ; |lab5_var4_v1|ron_unit:inst9|lpm_mux6:inst|lpm_mux:lpm_mux_component|mux_c4e:auto_generated|l1_w7_n1_mux_dataout~0                                                            ; out0             ;
; |lab5_var4_v1|ron_unit:inst9|lpm_mux6:inst|lpm_mux:lpm_mux_component|mux_c4e:auto_generated|l1_w7_n1_mux_dataout~1                                                            ; |lab5_var4_v1|ron_unit:inst9|lpm_mux6:inst|lpm_mux:lpm_mux_component|mux_c4e:auto_generated|l1_w7_n1_mux_dataout~1                                                            ; out0             ;
; |lab5_var4_v1|ron_unit:inst9|lpm_mux6:inst|lpm_mux:lpm_mux_component|mux_c4e:auto_generated|l1_w7_n1_mux_dataout                                                              ; |lab5_var4_v1|ron_unit:inst9|lpm_mux6:inst|lpm_mux:lpm_mux_component|mux_c4e:auto_generated|l1_w7_n1_mux_dataout                                                              ; out0             ;
; |lab5_var4_v1|ron_unit:inst9|lpm_mux6:inst|lpm_mux:lpm_mux_component|mux_c4e:auto_generated|l2_w0_n0_mux_dataout~0                                                            ; |lab5_var4_v1|ron_unit:inst9|lpm_mux6:inst|lpm_mux:lpm_mux_component|mux_c4e:auto_generated|l2_w0_n0_mux_dataout~0                                                            ; out0             ;
; |lab5_var4_v1|ron_unit:inst9|lpm_mux6:inst|lpm_mux:lpm_mux_component|mux_c4e:auto_generated|l2_w1_n0_mux_dataout~0                                                            ; |lab5_var4_v1|ron_unit:inst9|lpm_mux6:inst|lpm_mux:lpm_mux_component|mux_c4e:auto_generated|l2_w1_n0_mux_dataout~0                                                            ; out0             ;
; |lab5_var4_v1|ron_unit:inst9|lpm_mux6:inst|lpm_mux:lpm_mux_component|mux_c4e:auto_generated|l2_w1_n0_mux_dataout~1                                                            ; |lab5_var4_v1|ron_unit:inst9|lpm_mux6:inst|lpm_mux:lpm_mux_component|mux_c4e:auto_generated|l2_w1_n0_mux_dataout~1                                                            ; out0             ;
; |lab5_var4_v1|ron_unit:inst9|lpm_mux6:inst|lpm_mux:lpm_mux_component|mux_c4e:auto_generated|l2_w1_n0_mux_dataout                                                              ; |lab5_var4_v1|ron_unit:inst9|lpm_mux6:inst|lpm_mux:lpm_mux_component|mux_c4e:auto_generated|l2_w1_n0_mux_dataout                                                              ; out0             ;
; |lab5_var4_v1|ron_unit:inst9|lpm_mux6:inst|lpm_mux:lpm_mux_component|mux_c4e:auto_generated|l2_w2_n0_mux_dataout~0                                                            ; |lab5_var4_v1|ron_unit:inst9|lpm_mux6:inst|lpm_mux:lpm_mux_component|mux_c4e:auto_generated|l2_w2_n0_mux_dataout~0                                                            ; out0             ;
; |lab5_var4_v1|ron_unit:inst9|lpm_mux6:inst|lpm_mux:lpm_mux_component|mux_c4e:auto_generated|l2_w3_n0_mux_dataout~0                                                            ; |lab5_var4_v1|ron_unit:inst9|lpm_mux6:inst|lpm_mux:lpm_mux_component|mux_c4e:auto_generated|l2_w3_n0_mux_dataout~0                                                            ; out0             ;
; |lab5_var4_v1|ron_unit:inst9|lpm_mux6:inst|lpm_mux:lpm_mux_component|mux_c4e:auto_generated|l2_w3_n0_mux_dataout~1                                                            ; |lab5_var4_v1|ron_unit:inst9|lpm_mux6:inst|lpm_mux:lpm_mux_component|mux_c4e:auto_generated|l2_w3_n0_mux_dataout~1                                                            ; out0             ;
; |lab5_var4_v1|ron_unit:inst9|lpm_mux6:inst|lpm_mux:lpm_mux_component|mux_c4e:auto_generated|l2_w3_n0_mux_dataout                                                              ; |lab5_var4_v1|ron_unit:inst9|lpm_mux6:inst|lpm_mux:lpm_mux_component|mux_c4e:auto_generated|l2_w3_n0_mux_dataout                                                              ; out0             ;
; |lab5_var4_v1|ron_unit:inst9|lpm_mux6:inst|lpm_mux:lpm_mux_component|mux_c4e:auto_generated|l2_w4_n0_mux_dataout~0                                                            ; |lab5_var4_v1|ron_unit:inst9|lpm_mux6:inst|lpm_mux:lpm_mux_component|mux_c4e:auto_generated|l2_w4_n0_mux_dataout~0                                                            ; out0             ;
; |lab5_var4_v1|ron_unit:inst9|lpm_mux6:inst|lpm_mux:lpm_mux_component|mux_c4e:auto_generated|l2_w5_n0_mux_dataout~0                                                            ; |lab5_var4_v1|ron_unit:inst9|lpm_mux6:inst|lpm_mux:lpm_mux_component|mux_c4e:auto_generated|l2_w5_n0_mux_dataout~0                                                            ; out0             ;
; |lab5_var4_v1|ron_unit:inst9|lpm_mux6:inst|lpm_mux:lpm_mux_component|mux_c4e:auto_generated|l2_w5_n0_mux_dataout~1                                                            ; |lab5_var4_v1|ron_unit:inst9|lpm_mux6:inst|lpm_mux:lpm_mux_component|mux_c4e:auto_generated|l2_w5_n0_mux_dataout~1                                                            ; out0             ;
; |lab5_var4_v1|ron_unit:inst9|lpm_mux6:inst|lpm_mux:lpm_mux_component|mux_c4e:auto_generated|l2_w5_n0_mux_dataout                                                              ; |lab5_var4_v1|ron_unit:inst9|lpm_mux6:inst|lpm_mux:lpm_mux_component|mux_c4e:auto_generated|l2_w5_n0_mux_dataout                                                              ; out0             ;
; |lab5_var4_v1|ron_unit:inst9|lpm_mux6:inst|lpm_mux:lpm_mux_component|mux_c4e:auto_generated|l2_w6_n0_mux_dataout~0                                                            ; |lab5_var4_v1|ron_unit:inst9|lpm_mux6:inst|lpm_mux:lpm_mux_component|mux_c4e:auto_generated|l2_w6_n0_mux_dataout~0                                                            ; out0             ;
; |lab5_var4_v1|ron_unit:inst9|lpm_mux6:inst|lpm_mux:lpm_mux_component|mux_c4e:auto_generated|l2_w6_n0_mux_dataout~1                                                            ; |lab5_var4_v1|ron_unit:inst9|lpm_mux6:inst|lpm_mux:lpm_mux_component|mux_c4e:auto_generated|l2_w6_n0_mux_dataout~1                                                            ; out0             ;
; |lab5_var4_v1|ron_unit:inst9|lpm_mux6:inst|lpm_mux:lpm_mux_component|mux_c4e:auto_generated|l2_w6_n0_mux_dataout                                                              ; |lab5_var4_v1|ron_unit:inst9|lpm_mux6:inst|lpm_mux:lpm_mux_component|mux_c4e:auto_generated|l2_w6_n0_mux_dataout                                                              ; out0             ;
; |lab5_var4_v1|ron_unit:inst9|lpm_mux6:inst|lpm_mux:lpm_mux_component|mux_c4e:auto_generated|l2_w7_n0_mux_dataout~0                                                            ; |lab5_var4_v1|ron_unit:inst9|lpm_mux6:inst|lpm_mux:lpm_mux_component|mux_c4e:auto_generated|l2_w7_n0_mux_dataout~0                                                            ; out0             ;
; |lab5_var4_v1|ron_unit:inst9|lpm_mux6:inst|lpm_mux:lpm_mux_component|mux_c4e:auto_generated|l2_w7_n0_mux_dataout~1                                                            ; |lab5_var4_v1|ron_unit:inst9|lpm_mux6:inst|lpm_mux:lpm_mux_component|mux_c4e:auto_generated|l2_w7_n0_mux_dataout~1                                                            ; out0             ;
; |lab5_var4_v1|ron_unit:inst9|lpm_mux6:inst|lpm_mux:lpm_mux_component|mux_c4e:auto_generated|l2_w7_n0_mux_dataout                                                              ; |lab5_var4_v1|ron_unit:inst9|lpm_mux6:inst|lpm_mux:lpm_mux_component|mux_c4e:auto_generated|l2_w7_n0_mux_dataout                                                              ; out0             ;
; |lab5_var4_v1|lpm_ff9:regBB|lpm_ff:lpm_ff_component|dffs[7]                                                                                                                   ; |lab5_var4_v1|lpm_ff9:regBB|lpm_ff:lpm_ff_component|dffs[7]                                                                                                                   ; regout           ;
; |lab5_var4_v1|lpm_ff9:regBB|lpm_ff:lpm_ff_component|dffs[6]                                                                                                                   ; |lab5_var4_v1|lpm_ff9:regBB|lpm_ff:lpm_ff_component|dffs[6]                                                                                                                   ; regout           ;
; |lab5_var4_v1|lpm_ff9:regBB|lpm_ff:lpm_ff_component|dffs[5]                                                                                                                   ; |lab5_var4_v1|lpm_ff9:regBB|lpm_ff:lpm_ff_component|dffs[5]                                                                                                                   ; regout           ;
; |lab5_var4_v1|lpm_ff9:regBB|lpm_ff:lpm_ff_component|dffs[4]                                                                                                                   ; |lab5_var4_v1|lpm_ff9:regBB|lpm_ff:lpm_ff_component|dffs[4]                                                                                                                   ; regout           ;
; |lab5_var4_v1|lpm_ff9:regBB|lpm_ff:lpm_ff_component|dffs[3]                                                                                                                   ; |lab5_var4_v1|lpm_ff9:regBB|lpm_ff:lpm_ff_component|dffs[3]                                                                                                                   ; regout           ;
; |lab5_var4_v1|lpm_ff9:regBB|lpm_ff:lpm_ff_component|dffs[2]                                                                                                                   ; |lab5_var4_v1|lpm_ff9:regBB|lpm_ff:lpm_ff_component|dffs[2]                                                                                                                   ; regout           ;
; |lab5_var4_v1|lpm_ff9:regBB|lpm_ff:lpm_ff_component|dffs[1]                                                                                                                   ; |lab5_var4_v1|lpm_ff9:regBB|lpm_ff:lpm_ff_component|dffs[1]                                                                                                                   ; regout           ;
; |lab5_var4_v1|lpm_ff9:regBB|lpm_ff:lpm_ff_component|dffs[0]                                                                                                                   ; |lab5_var4_v1|lpm_ff9:regBB|lpm_ff:lpm_ff_component|dffs[0]                                                                                                                   ; regout           ;
; |lab5_var4_v1|lpm_ff9:regAA|lpm_ff:lpm_ff_component|dffs[7]                                                                                                                   ; |lab5_var4_v1|lpm_ff9:regAA|lpm_ff:lpm_ff_component|dffs[7]                                                                                                                   ; regout           ;
; |lab5_var4_v1|lpm_ff9:regAA|lpm_ff:lpm_ff_component|dffs[6]                                                                                                                   ; |lab5_var4_v1|lpm_ff9:regAA|lpm_ff:lpm_ff_component|dffs[6]                                                                                                                   ; regout           ;
; |lab5_var4_v1|lpm_ff9:regAA|lpm_ff:lpm_ff_component|dffs[5]                                                                                                                   ; |lab5_var4_v1|lpm_ff9:regAA|lpm_ff:lpm_ff_component|dffs[5]                                                                                                                   ; regout           ;
; |lab5_var4_v1|lpm_ff9:regAA|lpm_ff:lpm_ff_component|dffs[4]                                                                                                                   ; |lab5_var4_v1|lpm_ff9:regAA|lpm_ff:lpm_ff_component|dffs[4]                                                                                                                   ; regout           ;
; |lab5_var4_v1|lpm_ff9:regAA|lpm_ff:lpm_ff_component|dffs[3]                                                                                                                   ; |lab5_var4_v1|lpm_ff9:regAA|lpm_ff:lpm_ff_component|dffs[3]                                                                                                                   ; regout           ;
; |lab5_var4_v1|lpm_ff9:regAA|lpm_ff:lpm_ff_component|dffs[1]                                                                                                                   ; |lab5_var4_v1|lpm_ff9:regAA|lpm_ff:lpm_ff_component|dffs[1]                                                                                                                   ; regout           ;
; |lab5_var4_v1|arithmetic_logic_unit:inst1|inst10                                                                                                                              ; |lab5_var4_v1|arithmetic_logic_unit:inst1|inst10                                                                                                                              ; out0             ;
; |lab5_var4_v1|arithmetic_logic_unit:inst1|inst6                                                                                                                               ; |lab5_var4_v1|arithmetic_logic_unit:inst1|inst6                                                                                                                               ; out0             ;
; |lab5_var4_v1|arithmetic_logic_unit:inst1|inst9                                                                                                                               ; |lab5_var4_v1|arithmetic_logic_unit:inst1|inst9                                                                                                                               ; out0             ;
; |lab5_var4_v1|arithmetic_logic_unit:inst1|lpm_mux11:inst|lpm_mux:lpm_mux_component|mux_54e:auto_generated|l1_w0_n1_mux_dataout~0                                              ; |lab5_var4_v1|arithmetic_logic_unit:inst1|lpm_mux11:inst|lpm_mux:lpm_mux_component|mux_54e:auto_generated|l1_w0_n1_mux_dataout~0                                              ; out0             ;
; |lab5_var4_v1|arithmetic_logic_unit:inst1|lpm_mux11:inst13|lpm_mux:lpm_mux_component|mux_54e:auto_generated|l1_w0_n0_mux_dataout~0                                            ; |lab5_var4_v1|arithmetic_logic_unit:inst1|lpm_mux11:inst13|lpm_mux:lpm_mux_component|mux_54e:auto_generated|l1_w0_n0_mux_dataout~0                                            ; out0             ;
; |lab5_var4_v1|arithmetic_logic_unit:inst1|lpm_mux11:inst13|lpm_mux:lpm_mux_component|mux_54e:auto_generated|l1_w0_n0_mux_dataout~1                                            ; |lab5_var4_v1|arithmetic_logic_unit:inst1|lpm_mux11:inst13|lpm_mux:lpm_mux_component|mux_54e:auto_generated|l1_w0_n0_mux_dataout~1                                            ; out0             ;
; |lab5_var4_v1|arithmetic_logic_unit:inst1|lpm_mux11:inst13|lpm_mux:lpm_mux_component|mux_54e:auto_generated|l1_w0_n0_mux_dataout                                              ; |lab5_var4_v1|arithmetic_logic_unit:inst1|lpm_mux11:inst13|lpm_mux:lpm_mux_component|mux_54e:auto_generated|l1_w0_n0_mux_dataout                                              ; out0             ;
; |lab5_var4_v1|arithmetic_logic_unit:inst1|lpm_mux11:inst13|lpm_mux:lpm_mux_component|mux_54e:auto_generated|l1_w0_n1_mux_dataout~0                                            ; |lab5_var4_v1|arithmetic_logic_unit:inst1|lpm_mux11:inst13|lpm_mux:lpm_mux_component|mux_54e:auto_generated|l1_w0_n1_mux_dataout~0                                            ; out0             ;
; |lab5_var4_v1|arithmetic_logic_unit:inst1|lpm_mux11:inst13|lpm_mux:lpm_mux_component|mux_54e:auto_generated|l1_w0_n1_mux_dataout~1                                            ; |lab5_var4_v1|arithmetic_logic_unit:inst1|lpm_mux11:inst13|lpm_mux:lpm_mux_component|mux_54e:auto_generated|l1_w0_n1_mux_dataout~1                                            ; out0             ;
; |lab5_var4_v1|arithmetic_logic_unit:inst1|lpm_mux11:inst13|lpm_mux:lpm_mux_component|mux_54e:auto_generated|l1_w0_n1_mux_dataout                                              ; |lab5_var4_v1|arithmetic_logic_unit:inst1|lpm_mux11:inst13|lpm_mux:lpm_mux_component|mux_54e:auto_generated|l1_w0_n1_mux_dataout                                              ; out0             ;
; |lab5_var4_v1|arithmetic_logic_unit:inst1|lpm_mux11:inst13|lpm_mux:lpm_mux_component|mux_54e:auto_generated|l2_w0_n0_mux_dataout~0                                            ; |lab5_var4_v1|arithmetic_logic_unit:inst1|lpm_mux11:inst13|lpm_mux:lpm_mux_component|mux_54e:auto_generated|l2_w0_n0_mux_dataout~0                                            ; out0             ;
; |lab5_var4_v1|arithmetic_logic_unit:inst1|lpm_mux11:inst13|lpm_mux:lpm_mux_component|mux_54e:auto_generated|l2_w0_n0_mux_dataout~1                                            ; |lab5_var4_v1|arithmetic_logic_unit:inst1|lpm_mux11:inst13|lpm_mux:lpm_mux_component|mux_54e:auto_generated|l2_w0_n0_mux_dataout~1                                            ; out0             ;
; |lab5_var4_v1|arithmetic_logic_unit:inst1|lpm_mux11:inst13|lpm_mux:lpm_mux_component|mux_54e:auto_generated|l2_w0_n0_mux_dataout                                              ; |lab5_var4_v1|arithmetic_logic_unit:inst1|lpm_mux11:inst13|lpm_mux:lpm_mux_component|mux_54e:auto_generated|l2_w0_n0_mux_dataout                                              ; out0             ;
; |lab5_var4_v1|arithmetic_logic_unit:inst1|CMP:inst12|fulladd:0|inst31                                                                                                         ; |lab5_var4_v1|arithmetic_logic_unit:inst1|CMP:inst12|fulladd:0|inst31                                                                                                         ; out0             ;
; |lab5_var4_v1|arithmetic_logic_unit:inst1|CMP:inst12|fulladd:1|inst27                                                                                                         ; |lab5_var4_v1|arithmetic_logic_unit:inst1|CMP:inst12|fulladd:1|inst27                                                                                                         ; out0             ;
; |lab5_var4_v1|arithmetic_logic_unit:inst1|CMP:inst12|fulladd:1|inst                                                                                                           ; |lab5_var4_v1|arithmetic_logic_unit:inst1|CMP:inst12|fulladd:1|inst                                                                                                           ; out0             ;
; |lab5_var4_v1|arithmetic_logic_unit:inst1|CMP:inst12|fulladd:1|inst31                                                                                                         ; |lab5_var4_v1|arithmetic_logic_unit:inst1|CMP:inst12|fulladd:1|inst31                                                                                                         ; out0             ;
; |lab5_var4_v1|arithmetic_logic_unit:inst1|CMP:inst12|fulladd:1|inst29                                                                                                         ; |lab5_var4_v1|arithmetic_logic_unit:inst1|CMP:inst12|fulladd:1|inst29                                                                                                         ; out0             ;
; |lab5_var4_v1|arithmetic_logic_unit:inst1|CMP:inst12|fulladd:1|inst28                                                                                                         ; |lab5_var4_v1|arithmetic_logic_unit:inst1|CMP:inst12|fulladd:1|inst28                                                                                                         ; out0             ;
; |lab5_var4_v1|arithmetic_logic_unit:inst1|CMP:inst12|fulladd:2|inst31                                                                                                         ; |lab5_var4_v1|arithmetic_logic_unit:inst1|CMP:inst12|fulladd:2|inst31                                                                                                         ; out0             ;
; |lab5_var4_v1|arithmetic_logic_unit:inst1|CMP:inst12|fulladd:3|inst27                                                                                                         ; |lab5_var4_v1|arithmetic_logic_unit:inst1|CMP:inst12|fulladd:3|inst27                                                                                                         ; out0             ;
; |lab5_var4_v1|arithmetic_logic_unit:inst1|CMP:inst12|fulladd:3|inst                                                                                                           ; |lab5_var4_v1|arithmetic_logic_unit:inst1|CMP:inst12|fulladd:3|inst                                                                                                           ; out0             ;
; |lab5_var4_v1|arithmetic_logic_unit:inst1|CMP:inst12|fulladd:3|inst31                                                                                                         ; |lab5_var4_v1|arithmetic_logic_unit:inst1|CMP:inst12|fulladd:3|inst31                                                                                                         ; out0             ;
; |lab5_var4_v1|arithmetic_logic_unit:inst1|CMP:inst12|fulladd:3|inst29                                                                                                         ; |lab5_var4_v1|arithmetic_logic_unit:inst1|CMP:inst12|fulladd:3|inst29                                                                                                         ; out0             ;
; |lab5_var4_v1|arithmetic_logic_unit:inst1|CMP:inst12|fulladd:3|inst28                                                                                                         ; |lab5_var4_v1|arithmetic_logic_unit:inst1|CMP:inst12|fulladd:3|inst28                                                                                                         ; out0             ;
; |lab5_var4_v1|arithmetic_logic_unit:inst1|CMP:inst12|fulladd:4|inst27                                                                                                         ; |lab5_var4_v1|arithmetic_logic_unit:inst1|CMP:inst12|fulladd:4|inst27                                                                                                         ; out0             ;
; |lab5_var4_v1|arithmetic_logic_unit:inst1|CMP:inst12|fulladd:4|inst                                                                                                           ; |lab5_var4_v1|arithmetic_logic_unit:inst1|CMP:inst12|fulladd:4|inst                                                                                                           ; out0             ;
; |lab5_var4_v1|arithmetic_logic_unit:inst1|CMP:inst12|fulladd:4|inst31                                                                                                         ; |lab5_var4_v1|arithmetic_logic_unit:inst1|CMP:inst12|fulladd:4|inst31                                                                                                         ; out0             ;
; |lab5_var4_v1|arithmetic_logic_unit:inst1|CMP:inst12|fulladd:4|inst29                                                                                                         ; |lab5_var4_v1|arithmetic_logic_unit:inst1|CMP:inst12|fulladd:4|inst29                                                                                                         ; out0             ;
; |lab5_var4_v1|arithmetic_logic_unit:inst1|CMP:inst12|fulladd:4|inst28                                                                                                         ; |lab5_var4_v1|arithmetic_logic_unit:inst1|CMP:inst12|fulladd:4|inst28                                                                                                         ; out0             ;
; |lab5_var4_v1|arithmetic_logic_unit:inst1|CMP:inst12|fulladd:5|inst27                                                                                                         ; |lab5_var4_v1|arithmetic_logic_unit:inst1|CMP:inst12|fulladd:5|inst27                                                                                                         ; out0             ;
; |lab5_var4_v1|arithmetic_logic_unit:inst1|CMP:inst12|fulladd:5|inst                                                                                                           ; |lab5_var4_v1|arithmetic_logic_unit:inst1|CMP:inst12|fulladd:5|inst                                                                                                           ; out0             ;
; |lab5_var4_v1|arithmetic_logic_unit:inst1|CMP:inst12|fulladd:5|inst31                                                                                                         ; |lab5_var4_v1|arithmetic_logic_unit:inst1|CMP:inst12|fulladd:5|inst31                                                                                                         ; out0             ;
; |lab5_var4_v1|arithmetic_logic_unit:inst1|CMP:inst12|fulladd:5|inst29                                                                                                         ; |lab5_var4_v1|arithmetic_logic_unit:inst1|CMP:inst12|fulladd:5|inst29                                                                                                         ; out0             ;
; |lab5_var4_v1|arithmetic_logic_unit:inst1|CMP:inst12|fulladd:5|inst28                                                                                                         ; |lab5_var4_v1|arithmetic_logic_unit:inst1|CMP:inst12|fulladd:5|inst28                                                                                                         ; out0             ;
; |lab5_var4_v1|arithmetic_logic_unit:inst1|CMP:inst12|fulladd:6|inst27                                                                                                         ; |lab5_var4_v1|arithmetic_logic_unit:inst1|CMP:inst12|fulladd:6|inst27                                                                                                         ; out0             ;
; |lab5_var4_v1|arithmetic_logic_unit:inst1|CMP:inst12|fulladd:6|inst                                                                                                           ; |lab5_var4_v1|arithmetic_logic_unit:inst1|CMP:inst12|fulladd:6|inst                                                                                                           ; out0             ;
; |lab5_var4_v1|arithmetic_logic_unit:inst1|CMP:inst12|fulladd:6|inst31                                                                                                         ; |lab5_var4_v1|arithmetic_logic_unit:inst1|CMP:inst12|fulladd:6|inst31                                                                                                         ; out0             ;
; |lab5_var4_v1|arithmetic_logic_unit:inst1|CMP:inst12|fulladd:6|inst29                                                                                                         ; |lab5_var4_v1|arithmetic_logic_unit:inst1|CMP:inst12|fulladd:6|inst29                                                                                                         ; out0             ;
; |lab5_var4_v1|arithmetic_logic_unit:inst1|CMP:inst12|fulladd:6|inst28                                                                                                         ; |lab5_var4_v1|arithmetic_logic_unit:inst1|CMP:inst12|fulladd:6|inst28                                                                                                         ; out0             ;
; |lab5_var4_v1|arithmetic_logic_unit:inst1|CMP:inst12|fulladd:7|inst27                                                                                                         ; |lab5_var4_v1|arithmetic_logic_unit:inst1|CMP:inst12|fulladd:7|inst27                                                                                                         ; out0             ;
; |lab5_var4_v1|arithmetic_logic_unit:inst1|CMP:inst12|fulladd:7|inst                                                                                                           ; |lab5_var4_v1|arithmetic_logic_unit:inst1|CMP:inst12|fulladd:7|inst                                                                                                           ; out0             ;
; |lab5_var4_v1|arithmetic_logic_unit:inst1|CMP:inst12|fulladd:7|inst31                                                                                                         ; |lab5_var4_v1|arithmetic_logic_unit:inst1|CMP:inst12|fulladd:7|inst31                                                                                                         ; out0             ;
; |lab5_var4_v1|arithmetic_logic_unit:inst1|CMP:inst12|fulladd:7|inst29                                                                                                         ; |lab5_var4_v1|arithmetic_logic_unit:inst1|CMP:inst12|fulladd:7|inst29                                                                                                         ; out0             ;
; |lab5_var4_v1|arithmetic_logic_unit:inst1|CMP:inst12|fulladd:7|inst28                                                                                                         ; |lab5_var4_v1|arithmetic_logic_unit:inst1|CMP:inst12|fulladd:7|inst28                                                                                                         ; out0             ;
; |lab5_var4_v1|arithmetic_logic_unit:inst1|logic_NOR:inst7|inst1                                                                                                               ; |lab5_var4_v1|arithmetic_logic_unit:inst1|logic_NOR:inst7|inst1                                                                                                               ; out0             ;
; |lab5_var4_v1|arithmetic_logic_unit:inst1|logic_NOR:inst7|inst3                                                                                                               ; |lab5_var4_v1|arithmetic_logic_unit:inst1|logic_NOR:inst7|inst3                                                                                                               ; out0             ;
; |lab5_var4_v1|arithmetic_logic_unit:inst1|logic_NOR:inst7|inst4                                                                                                               ; |lab5_var4_v1|arithmetic_logic_unit:inst1|logic_NOR:inst7|inst4                                                                                                               ; out0             ;
; |lab5_var4_v1|arithmetic_logic_unit:inst1|logic_NOR:inst7|inst5                                                                                                               ; |lab5_var4_v1|arithmetic_logic_unit:inst1|logic_NOR:inst7|inst5                                                                                                               ; out0             ;
; |lab5_var4_v1|arithmetic_logic_unit:inst1|logic_NOR:inst7|inst6                                                                                                               ; |lab5_var4_v1|arithmetic_logic_unit:inst1|logic_NOR:inst7|inst6                                                                                                               ; out0             ;
; |lab5_var4_v1|arithmetic_logic_unit:inst1|logic_NOR:inst7|inst7                                                                                                               ; |lab5_var4_v1|arithmetic_logic_unit:inst1|logic_NOR:inst7|inst7                                                                                                               ; out0             ;
; |lab5_var4_v1|arithmetic_logic_unit:inst1|lpm_mux12:inst5|lpm_mux:lpm_mux_component|mux_c4e:auto_generated|l1_w0_n0_mux_dataout~0                                             ; |lab5_var4_v1|arithmetic_logic_unit:inst1|lpm_mux12:inst5|lpm_mux:lpm_mux_component|mux_c4e:auto_generated|l1_w0_n0_mux_dataout~0                                             ; out0             ;
; |lab5_var4_v1|arithmetic_logic_unit:inst1|lpm_mux12:inst5|lpm_mux:lpm_mux_component|mux_c4e:auto_generated|l1_w0_n1_mux_dataout~0                                             ; |lab5_var4_v1|arithmetic_logic_unit:inst1|lpm_mux12:inst5|lpm_mux:lpm_mux_component|mux_c4e:auto_generated|l1_w0_n1_mux_dataout~0                                             ; out0             ;
; |lab5_var4_v1|arithmetic_logic_unit:inst1|lpm_mux12:inst5|lpm_mux:lpm_mux_component|mux_c4e:auto_generated|l1_w0_n1_mux_dataout~1                                             ; |lab5_var4_v1|arithmetic_logic_unit:inst1|lpm_mux12:inst5|lpm_mux:lpm_mux_component|mux_c4e:auto_generated|l1_w0_n1_mux_dataout~1                                             ; out0             ;
; |lab5_var4_v1|arithmetic_logic_unit:inst1|lpm_mux12:inst5|lpm_mux:lpm_mux_component|mux_c4e:auto_generated|l1_w0_n1_mux_dataout                                               ; |lab5_var4_v1|arithmetic_logic_unit:inst1|lpm_mux12:inst5|lpm_mux:lpm_mux_component|mux_c4e:auto_generated|l1_w0_n1_mux_dataout                                               ; out0             ;
; |lab5_var4_v1|arithmetic_logic_unit:inst1|lpm_mux12:inst5|lpm_mux:lpm_mux_component|mux_c4e:auto_generated|l1_w1_n0_mux_dataout~0                                             ; |lab5_var4_v1|arithmetic_logic_unit:inst1|lpm_mux12:inst5|lpm_mux:lpm_mux_component|mux_c4e:auto_generated|l1_w1_n0_mux_dataout~0                                             ; out0             ;
; |lab5_var4_v1|arithmetic_logic_unit:inst1|lpm_mux12:inst5|lpm_mux:lpm_mux_component|mux_c4e:auto_generated|l1_w1_n1_mux_dataout~0                                             ; |lab5_var4_v1|arithmetic_logic_unit:inst1|lpm_mux12:inst5|lpm_mux:lpm_mux_component|mux_c4e:auto_generated|l1_w1_n1_mux_dataout~0                                             ; out0             ;
; |lab5_var4_v1|arithmetic_logic_unit:inst1|lpm_mux12:inst5|lpm_mux:lpm_mux_component|mux_c4e:auto_generated|l1_w2_n0_mux_dataout~0                                             ; |lab5_var4_v1|arithmetic_logic_unit:inst1|lpm_mux12:inst5|lpm_mux:lpm_mux_component|mux_c4e:auto_generated|l1_w2_n0_mux_dataout~0                                             ; out0             ;
; |lab5_var4_v1|arithmetic_logic_unit:inst1|lpm_mux12:inst5|lpm_mux:lpm_mux_component|mux_c4e:auto_generated|l1_w2_n1_mux_dataout~0                                             ; |lab5_var4_v1|arithmetic_logic_unit:inst1|lpm_mux12:inst5|lpm_mux:lpm_mux_component|mux_c4e:auto_generated|l1_w2_n1_mux_dataout~0                                             ; out0             ;
; |lab5_var4_v1|arithmetic_logic_unit:inst1|lpm_mux12:inst5|lpm_mux:lpm_mux_component|mux_c4e:auto_generated|l1_w2_n1_mux_dataout~1                                             ; |lab5_var4_v1|arithmetic_logic_unit:inst1|lpm_mux12:inst5|lpm_mux:lpm_mux_component|mux_c4e:auto_generated|l1_w2_n1_mux_dataout~1                                             ; out0             ;
; |lab5_var4_v1|arithmetic_logic_unit:inst1|lpm_mux12:inst5|lpm_mux:lpm_mux_component|mux_c4e:auto_generated|l1_w2_n1_mux_dataout                                               ; |lab5_var4_v1|arithmetic_logic_unit:inst1|lpm_mux12:inst5|lpm_mux:lpm_mux_component|mux_c4e:auto_generated|l1_w2_n1_mux_dataout                                               ; out0             ;
; |lab5_var4_v1|arithmetic_logic_unit:inst1|lpm_mux12:inst5|lpm_mux:lpm_mux_component|mux_c4e:auto_generated|l1_w3_n0_mux_dataout~0                                             ; |lab5_var4_v1|arithmetic_logic_unit:inst1|lpm_mux12:inst5|lpm_mux:lpm_mux_component|mux_c4e:auto_generated|l1_w3_n0_mux_dataout~0                                             ; out0             ;
; |lab5_var4_v1|arithmetic_logic_unit:inst1|lpm_mux12:inst5|lpm_mux:lpm_mux_component|mux_c4e:auto_generated|l1_w3_n1_mux_dataout~0                                             ; |lab5_var4_v1|arithmetic_logic_unit:inst1|lpm_mux12:inst5|lpm_mux:lpm_mux_component|mux_c4e:auto_generated|l1_w3_n1_mux_dataout~0                                             ; out0             ;
; |lab5_var4_v1|arithmetic_logic_unit:inst1|lpm_mux12:inst5|lpm_mux:lpm_mux_component|mux_c4e:auto_generated|l1_w3_n1_mux_dataout~1                                             ; |lab5_var4_v1|arithmetic_logic_unit:inst1|lpm_mux12:inst5|lpm_mux:lpm_mux_component|mux_c4e:auto_generated|l1_w3_n1_mux_dataout~1                                             ; out0             ;
; |lab5_var4_v1|arithmetic_logic_unit:inst1|lpm_mux12:inst5|lpm_mux:lpm_mux_component|mux_c4e:auto_generated|l1_w3_n1_mux_dataout                                               ; |lab5_var4_v1|arithmetic_logic_unit:inst1|lpm_mux12:inst5|lpm_mux:lpm_mux_component|mux_c4e:auto_generated|l1_w3_n1_mux_dataout                                               ; out0             ;
; |lab5_var4_v1|arithmetic_logic_unit:inst1|lpm_mux12:inst5|lpm_mux:lpm_mux_component|mux_c4e:auto_generated|l1_w4_n0_mux_dataout~0                                             ; |lab5_var4_v1|arithmetic_logic_unit:inst1|lpm_mux12:inst5|lpm_mux:lpm_mux_component|mux_c4e:auto_generated|l1_w4_n0_mux_dataout~0                                             ; out0             ;
; |lab5_var4_v1|arithmetic_logic_unit:inst1|lpm_mux12:inst5|lpm_mux:lpm_mux_component|mux_c4e:auto_generated|l1_w4_n1_mux_dataout~0                                             ; |lab5_var4_v1|arithmetic_logic_unit:inst1|lpm_mux12:inst5|lpm_mux:lpm_mux_component|mux_c4e:auto_generated|l1_w4_n1_mux_dataout~0                                             ; out0             ;
; |lab5_var4_v1|arithmetic_logic_unit:inst1|lpm_mux12:inst5|lpm_mux:lpm_mux_component|mux_c4e:auto_generated|l1_w4_n1_mux_dataout~1                                             ; |lab5_var4_v1|arithmetic_logic_unit:inst1|lpm_mux12:inst5|lpm_mux:lpm_mux_component|mux_c4e:auto_generated|l1_w4_n1_mux_dataout~1                                             ; out0             ;
; |lab5_var4_v1|arithmetic_logic_unit:inst1|lpm_mux12:inst5|lpm_mux:lpm_mux_component|mux_c4e:auto_generated|l1_w4_n1_mux_dataout                                               ; |lab5_var4_v1|arithmetic_logic_unit:inst1|lpm_mux12:inst5|lpm_mux:lpm_mux_component|mux_c4e:auto_generated|l1_w4_n1_mux_dataout                                               ; out0             ;
; |lab5_var4_v1|arithmetic_logic_unit:inst1|lpm_mux12:inst5|lpm_mux:lpm_mux_component|mux_c4e:auto_generated|l1_w5_n0_mux_dataout~0                                             ; |lab5_var4_v1|arithmetic_logic_unit:inst1|lpm_mux12:inst5|lpm_mux:lpm_mux_component|mux_c4e:auto_generated|l1_w5_n0_mux_dataout~0                                             ; out0             ;
; |lab5_var4_v1|arithmetic_logic_unit:inst1|lpm_mux12:inst5|lpm_mux:lpm_mux_component|mux_c4e:auto_generated|l1_w5_n1_mux_dataout~0                                             ; |lab5_var4_v1|arithmetic_logic_unit:inst1|lpm_mux12:inst5|lpm_mux:lpm_mux_component|mux_c4e:auto_generated|l1_w5_n1_mux_dataout~0                                             ; out0             ;
; |lab5_var4_v1|arithmetic_logic_unit:inst1|lpm_mux12:inst5|lpm_mux:lpm_mux_component|mux_c4e:auto_generated|l1_w5_n1_mux_dataout~1                                             ; |lab5_var4_v1|arithmetic_logic_unit:inst1|lpm_mux12:inst5|lpm_mux:lpm_mux_component|mux_c4e:auto_generated|l1_w5_n1_mux_dataout~1                                             ; out0             ;
; |lab5_var4_v1|arithmetic_logic_unit:inst1|lpm_mux12:inst5|lpm_mux:lpm_mux_component|mux_c4e:auto_generated|l1_w5_n1_mux_dataout                                               ; |lab5_var4_v1|arithmetic_logic_unit:inst1|lpm_mux12:inst5|lpm_mux:lpm_mux_component|mux_c4e:auto_generated|l1_w5_n1_mux_dataout                                               ; out0             ;
; |lab5_var4_v1|arithmetic_logic_unit:inst1|lpm_mux12:inst5|lpm_mux:lpm_mux_component|mux_c4e:auto_generated|l1_w6_n0_mux_dataout~0                                             ; |lab5_var4_v1|arithmetic_logic_unit:inst1|lpm_mux12:inst5|lpm_mux:lpm_mux_component|mux_c4e:auto_generated|l1_w6_n0_mux_dataout~0                                             ; out0             ;
; |lab5_var4_v1|arithmetic_logic_unit:inst1|lpm_mux12:inst5|lpm_mux:lpm_mux_component|mux_c4e:auto_generated|l1_w6_n1_mux_dataout~0                                             ; |lab5_var4_v1|arithmetic_logic_unit:inst1|lpm_mux12:inst5|lpm_mux:lpm_mux_component|mux_c4e:auto_generated|l1_w6_n1_mux_dataout~0                                             ; out0             ;
; |lab5_var4_v1|arithmetic_logic_unit:inst1|lpm_mux12:inst5|lpm_mux:lpm_mux_component|mux_c4e:auto_generated|l1_w6_n1_mux_dataout~1                                             ; |lab5_var4_v1|arithmetic_logic_unit:inst1|lpm_mux12:inst5|lpm_mux:lpm_mux_component|mux_c4e:auto_generated|l1_w6_n1_mux_dataout~1                                             ; out0             ;
; |lab5_var4_v1|arithmetic_logic_unit:inst1|lpm_mux12:inst5|lpm_mux:lpm_mux_component|mux_c4e:auto_generated|l1_w6_n1_mux_dataout                                               ; |lab5_var4_v1|arithmetic_logic_unit:inst1|lpm_mux12:inst5|lpm_mux:lpm_mux_component|mux_c4e:auto_generated|l1_w6_n1_mux_dataout                                               ; out0             ;
; |lab5_var4_v1|arithmetic_logic_unit:inst1|lpm_mux12:inst5|lpm_mux:lpm_mux_component|mux_c4e:auto_generated|l1_w7_n0_mux_dataout~0                                             ; |lab5_var4_v1|arithmetic_logic_unit:inst1|lpm_mux12:inst5|lpm_mux:lpm_mux_component|mux_c4e:auto_generated|l1_w7_n0_mux_dataout~0                                             ; out0             ;
; |lab5_var4_v1|arithmetic_logic_unit:inst1|lpm_mux12:inst5|lpm_mux:lpm_mux_component|mux_c4e:auto_generated|l1_w7_n1_mux_dataout~0                                             ; |lab5_var4_v1|arithmetic_logic_unit:inst1|lpm_mux12:inst5|lpm_mux:lpm_mux_component|mux_c4e:auto_generated|l1_w7_n1_mux_dataout~0                                             ; out0             ;
; |lab5_var4_v1|arithmetic_logic_unit:inst1|lpm_mux12:inst5|lpm_mux:lpm_mux_component|mux_c4e:auto_generated|l1_w7_n1_mux_dataout~1                                             ; |lab5_var4_v1|arithmetic_logic_unit:inst1|lpm_mux12:inst5|lpm_mux:lpm_mux_component|mux_c4e:auto_generated|l1_w7_n1_mux_dataout~1                                             ; out0             ;
; |lab5_var4_v1|arithmetic_logic_unit:inst1|lpm_mux12:inst5|lpm_mux:lpm_mux_component|mux_c4e:auto_generated|l1_w7_n1_mux_dataout                                               ; |lab5_var4_v1|arithmetic_logic_unit:inst1|lpm_mux12:inst5|lpm_mux:lpm_mux_component|mux_c4e:auto_generated|l1_w7_n1_mux_dataout                                               ; out0             ;
; |lab5_var4_v1|arithmetic_logic_unit:inst1|lpm_mux12:inst5|lpm_mux:lpm_mux_component|mux_c4e:auto_generated|l2_w0_n0_mux_dataout~0                                             ; |lab5_var4_v1|arithmetic_logic_unit:inst1|lpm_mux12:inst5|lpm_mux:lpm_mux_component|mux_c4e:auto_generated|l2_w0_n0_mux_dataout~0                                             ; out0             ;
; |lab5_var4_v1|arithmetic_logic_unit:inst1|lpm_mux12:inst5|lpm_mux:lpm_mux_component|mux_c4e:auto_generated|l2_w0_n0_mux_dataout~1                                             ; |lab5_var4_v1|arithmetic_logic_unit:inst1|lpm_mux12:inst5|lpm_mux:lpm_mux_component|mux_c4e:auto_generated|l2_w0_n0_mux_dataout~1                                             ; out0             ;
; |lab5_var4_v1|arithmetic_logic_unit:inst1|lpm_mux12:inst5|lpm_mux:lpm_mux_component|mux_c4e:auto_generated|l2_w0_n0_mux_dataout                                               ; |lab5_var4_v1|arithmetic_logic_unit:inst1|lpm_mux12:inst5|lpm_mux:lpm_mux_component|mux_c4e:auto_generated|l2_w0_n0_mux_dataout                                               ; out0             ;
; |lab5_var4_v1|arithmetic_logic_unit:inst1|lpm_mux12:inst5|lpm_mux:lpm_mux_component|mux_c4e:auto_generated|l2_w1_n0_mux_dataout~1                                             ; |lab5_var4_v1|arithmetic_logic_unit:inst1|lpm_mux12:inst5|lpm_mux:lpm_mux_component|mux_c4e:auto_generated|l2_w1_n0_mux_dataout~1                                             ; out0             ;
; |lab5_var4_v1|arithmetic_logic_unit:inst1|lpm_mux12:inst5|lpm_mux:lpm_mux_component|mux_c4e:auto_generated|l2_w2_n0_mux_dataout~0                                             ; |lab5_var4_v1|arithmetic_logic_unit:inst1|lpm_mux12:inst5|lpm_mux:lpm_mux_component|mux_c4e:auto_generated|l2_w2_n0_mux_dataout~0                                             ; out0             ;
; |lab5_var4_v1|arithmetic_logic_unit:inst1|lpm_mux12:inst5|lpm_mux:lpm_mux_component|mux_c4e:auto_generated|l2_w2_n0_mux_dataout~1                                             ; |lab5_var4_v1|arithmetic_logic_unit:inst1|lpm_mux12:inst5|lpm_mux:lpm_mux_component|mux_c4e:auto_generated|l2_w2_n0_mux_dataout~1                                             ; out0             ;
; |lab5_var4_v1|arithmetic_logic_unit:inst1|lpm_mux12:inst5|lpm_mux:lpm_mux_component|mux_c4e:auto_generated|l2_w2_n0_mux_dataout                                               ; |lab5_var4_v1|arithmetic_logic_unit:inst1|lpm_mux12:inst5|lpm_mux:lpm_mux_component|mux_c4e:auto_generated|l2_w2_n0_mux_dataout                                               ; out0             ;
; |lab5_var4_v1|arithmetic_logic_unit:inst1|lpm_mux12:inst5|lpm_mux:lpm_mux_component|mux_c4e:auto_generated|l2_w3_n0_mux_dataout~0                                             ; |lab5_var4_v1|arithmetic_logic_unit:inst1|lpm_mux12:inst5|lpm_mux:lpm_mux_component|mux_c4e:auto_generated|l2_w3_n0_mux_dataout~0                                             ; out0             ;
; |lab5_var4_v1|arithmetic_logic_unit:inst1|lpm_mux12:inst5|lpm_mux:lpm_mux_component|mux_c4e:auto_generated|l2_w3_n0_mux_dataout~1                                             ; |lab5_var4_v1|arithmetic_logic_unit:inst1|lpm_mux12:inst5|lpm_mux:lpm_mux_component|mux_c4e:auto_generated|l2_w3_n0_mux_dataout~1                                             ; out0             ;
; |lab5_var4_v1|arithmetic_logic_unit:inst1|lpm_mux12:inst5|lpm_mux:lpm_mux_component|mux_c4e:auto_generated|l2_w3_n0_mux_dataout                                               ; |lab5_var4_v1|arithmetic_logic_unit:inst1|lpm_mux12:inst5|lpm_mux:lpm_mux_component|mux_c4e:auto_generated|l2_w3_n0_mux_dataout                                               ; out0             ;
; |lab5_var4_v1|arithmetic_logic_unit:inst1|lpm_mux12:inst5|lpm_mux:lpm_mux_component|mux_c4e:auto_generated|l2_w4_n0_mux_dataout~0                                             ; |lab5_var4_v1|arithmetic_logic_unit:inst1|lpm_mux12:inst5|lpm_mux:lpm_mux_component|mux_c4e:auto_generated|l2_w4_n0_mux_dataout~0                                             ; out0             ;
; |lab5_var4_v1|arithmetic_logic_unit:inst1|lpm_mux12:inst5|lpm_mux:lpm_mux_component|mux_c4e:auto_generated|l2_w4_n0_mux_dataout~1                                             ; |lab5_var4_v1|arithmetic_logic_unit:inst1|lpm_mux12:inst5|lpm_mux:lpm_mux_component|mux_c4e:auto_generated|l2_w4_n0_mux_dataout~1                                             ; out0             ;
; |lab5_var4_v1|arithmetic_logic_unit:inst1|lpm_mux12:inst5|lpm_mux:lpm_mux_component|mux_c4e:auto_generated|l2_w4_n0_mux_dataout                                               ; |lab5_var4_v1|arithmetic_logic_unit:inst1|lpm_mux12:inst5|lpm_mux:lpm_mux_component|mux_c4e:auto_generated|l2_w4_n0_mux_dataout                                               ; out0             ;
; |lab5_var4_v1|arithmetic_logic_unit:inst1|lpm_mux12:inst5|lpm_mux:lpm_mux_component|mux_c4e:auto_generated|l2_w5_n0_mux_dataout~0                                             ; |lab5_var4_v1|arithmetic_logic_unit:inst1|lpm_mux12:inst5|lpm_mux:lpm_mux_component|mux_c4e:auto_generated|l2_w5_n0_mux_dataout~0                                             ; out0             ;
; |lab5_var4_v1|arithmetic_logic_unit:inst1|lpm_mux12:inst5|lpm_mux:lpm_mux_component|mux_c4e:auto_generated|l2_w5_n0_mux_dataout~1                                             ; |lab5_var4_v1|arithmetic_logic_unit:inst1|lpm_mux12:inst5|lpm_mux:lpm_mux_component|mux_c4e:auto_generated|l2_w5_n0_mux_dataout~1                                             ; out0             ;
; |lab5_var4_v1|arithmetic_logic_unit:inst1|lpm_mux12:inst5|lpm_mux:lpm_mux_component|mux_c4e:auto_generated|l2_w5_n0_mux_dataout                                               ; |lab5_var4_v1|arithmetic_logic_unit:inst1|lpm_mux12:inst5|lpm_mux:lpm_mux_component|mux_c4e:auto_generated|l2_w5_n0_mux_dataout                                               ; out0             ;
; |lab5_var4_v1|arithmetic_logic_unit:inst1|lpm_mux12:inst5|lpm_mux:lpm_mux_component|mux_c4e:auto_generated|l2_w6_n0_mux_dataout~0                                             ; |lab5_var4_v1|arithmetic_logic_unit:inst1|lpm_mux12:inst5|lpm_mux:lpm_mux_component|mux_c4e:auto_generated|l2_w6_n0_mux_dataout~0                                             ; out0             ;
; |lab5_var4_v1|arithmetic_logic_unit:inst1|lpm_mux12:inst5|lpm_mux:lpm_mux_component|mux_c4e:auto_generated|l2_w6_n0_mux_dataout~1                                             ; |lab5_var4_v1|arithmetic_logic_unit:inst1|lpm_mux12:inst5|lpm_mux:lpm_mux_component|mux_c4e:auto_generated|l2_w6_n0_mux_dataout~1                                             ; out0             ;
; |lab5_var4_v1|arithmetic_logic_unit:inst1|lpm_mux12:inst5|lpm_mux:lpm_mux_component|mux_c4e:auto_generated|l2_w6_n0_mux_dataout                                               ; |lab5_var4_v1|arithmetic_logic_unit:inst1|lpm_mux12:inst5|lpm_mux:lpm_mux_component|mux_c4e:auto_generated|l2_w6_n0_mux_dataout                                               ; out0             ;
; |lab5_var4_v1|arithmetic_logic_unit:inst1|lpm_mux12:inst5|lpm_mux:lpm_mux_component|mux_c4e:auto_generated|l2_w7_n0_mux_dataout~0                                             ; |lab5_var4_v1|arithmetic_logic_unit:inst1|lpm_mux12:inst5|lpm_mux:lpm_mux_component|mux_c4e:auto_generated|l2_w7_n0_mux_dataout~0                                             ; out0             ;
; |lab5_var4_v1|arithmetic_logic_unit:inst1|lpm_mux12:inst5|lpm_mux:lpm_mux_component|mux_c4e:auto_generated|l2_w7_n0_mux_dataout~1                                             ; |lab5_var4_v1|arithmetic_logic_unit:inst1|lpm_mux12:inst5|lpm_mux:lpm_mux_component|mux_c4e:auto_generated|l2_w7_n0_mux_dataout~1                                             ; out0             ;
; |lab5_var4_v1|arithmetic_logic_unit:inst1|lpm_mux12:inst5|lpm_mux:lpm_mux_component|mux_c4e:auto_generated|l2_w7_n0_mux_dataout                                               ; |lab5_var4_v1|arithmetic_logic_unit:inst1|lpm_mux12:inst5|lpm_mux:lpm_mux_component|mux_c4e:auto_generated|l2_w7_n0_mux_dataout                                               ; out0             ;
; |lab5_var4_v1|lpm_ff9:regCC|lpm_ff:lpm_ff_component|dffs[7]                                                                                                                   ; |lab5_var4_v1|lpm_ff9:regCC|lpm_ff:lpm_ff_component|dffs[7]                                                                                                                   ; regout           ;
; |lab5_var4_v1|lpm_ff9:regCC|lpm_ff:lpm_ff_component|dffs[6]                                                                                                                   ; |lab5_var4_v1|lpm_ff9:regCC|lpm_ff:lpm_ff_component|dffs[6]                                                                                                                   ; regout           ;
; |lab5_var4_v1|lpm_ff9:regCC|lpm_ff:lpm_ff_component|dffs[5]                                                                                                                   ; |lab5_var4_v1|lpm_ff9:regCC|lpm_ff:lpm_ff_component|dffs[5]                                                                                                                   ; regout           ;
; |lab5_var4_v1|lpm_ff9:regCC|lpm_ff:lpm_ff_component|dffs[4]                                                                                                                   ; |lab5_var4_v1|lpm_ff9:regCC|lpm_ff:lpm_ff_component|dffs[4]                                                                                                                   ; regout           ;
; |lab5_var4_v1|lpm_ff9:regCC|lpm_ff:lpm_ff_component|dffs[3]                                                                                                                   ; |lab5_var4_v1|lpm_ff9:regCC|lpm_ff:lpm_ff_component|dffs[3]                                                                                                                   ; regout           ;
; |lab5_var4_v1|lpm_ff9:regCC|lpm_ff:lpm_ff_component|dffs[2]                                                                                                                   ; |lab5_var4_v1|lpm_ff9:regCC|lpm_ff:lpm_ff_component|dffs[2]                                                                                                                   ; regout           ;
; |lab5_var4_v1|lpm_ff9:regCC|lpm_ff:lpm_ff_component|dffs[1]                                                                                                                   ; |lab5_var4_v1|lpm_ff9:regCC|lpm_ff:lpm_ff_component|dffs[1]                                                                                                                   ; regout           ;
; |lab5_var4_v1|lpm_ff9:regCC|lpm_ff:lpm_ff_component|dffs[0]                                                                                                                   ; |lab5_var4_v1|lpm_ff9:regCC|lpm_ff:lpm_ff_component|dffs[0]                                                                                                                   ; regout           ;
; |lab5_var4_v1|lpm_mux8:inst14|lpm_mux:lpm_mux_component|mux_b4e:auto_generated|data0_wire[1]                                                                                  ; |lab5_var4_v1|lpm_mux8:inst14|lpm_mux:lpm_mux_component|mux_b4e:auto_generated|data0_wire[1]                                                                                  ; out0             ;
; |lab5_var4_v1|lpm_mux8:inst14|lpm_mux:lpm_mux_component|mux_b4e:auto_generated|data1_wire[7]                                                                                  ; |lab5_var4_v1|lpm_mux8:inst14|lpm_mux:lpm_mux_component|mux_b4e:auto_generated|data1_wire[7]                                                                                  ; out0             ;
; |lab5_var4_v1|lpm_mux8:inst14|lpm_mux:lpm_mux_component|mux_b4e:auto_generated|data1_wire[6]                                                                                  ; |lab5_var4_v1|lpm_mux8:inst14|lpm_mux:lpm_mux_component|mux_b4e:auto_generated|data1_wire[6]                                                                                  ; out0             ;
; |lab5_var4_v1|lpm_mux8:inst14|lpm_mux:lpm_mux_component|mux_b4e:auto_generated|data1_wire[5]                                                                                  ; |lab5_var4_v1|lpm_mux8:inst14|lpm_mux:lpm_mux_component|mux_b4e:auto_generated|data1_wire[5]                                                                                  ; out0             ;
; |lab5_var4_v1|lpm_mux8:inst14|lpm_mux:lpm_mux_component|mux_b4e:auto_generated|data1_wire[4]                                                                                  ; |lab5_var4_v1|lpm_mux8:inst14|lpm_mux:lpm_mux_component|mux_b4e:auto_generated|data1_wire[4]                                                                                  ; out0             ;
; |lab5_var4_v1|lpm_mux8:inst14|lpm_mux:lpm_mux_component|mux_b4e:auto_generated|data1_wire[3]                                                                                  ; |lab5_var4_v1|lpm_mux8:inst14|lpm_mux:lpm_mux_component|mux_b4e:auto_generated|data1_wire[3]                                                                                  ; out0             ;
; |lab5_var4_v1|lpm_mux8:inst14|lpm_mux:lpm_mux_component|mux_b4e:auto_generated|data1_wire[2]                                                                                  ; |lab5_var4_v1|lpm_mux8:inst14|lpm_mux:lpm_mux_component|mux_b4e:auto_generated|data1_wire[2]                                                                                  ; out0             ;
; |lab5_var4_v1|lpm_mux8:inst14|lpm_mux:lpm_mux_component|mux_b4e:auto_generated|data1_wire[1]                                                                                  ; |lab5_var4_v1|lpm_mux8:inst14|lpm_mux:lpm_mux_component|mux_b4e:auto_generated|data1_wire[1]                                                                                  ; out0             ;
; |lab5_var4_v1|lpm_mux8:inst14|lpm_mux:lpm_mux_component|mux_b4e:auto_generated|data1_wire[0]                                                                                  ; |lab5_var4_v1|lpm_mux8:inst14|lpm_mux:lpm_mux_component|mux_b4e:auto_generated|data1_wire[0]                                                                                  ; out0             ;
; |lab5_var4_v1|lpm_mux8:inst14|lpm_mux:lpm_mux_component|mux_b4e:auto_generated|data2_wire[7]                                                                                  ; |lab5_var4_v1|lpm_mux8:inst14|lpm_mux:lpm_mux_component|mux_b4e:auto_generated|data2_wire[7]                                                                                  ; out0             ;
; |lab5_var4_v1|lpm_mux8:inst14|lpm_mux:lpm_mux_component|mux_b4e:auto_generated|data2_wire[6]                                                                                  ; |lab5_var4_v1|lpm_mux8:inst14|lpm_mux:lpm_mux_component|mux_b4e:auto_generated|data2_wire[6]                                                                                  ; out0             ;
; |lab5_var4_v1|lpm_mux8:inst14|lpm_mux:lpm_mux_component|mux_b4e:auto_generated|data2_wire[5]                                                                                  ; |lab5_var4_v1|lpm_mux8:inst14|lpm_mux:lpm_mux_component|mux_b4e:auto_generated|data2_wire[5]                                                                                  ; out0             ;
; |lab5_var4_v1|lpm_mux8:inst14|lpm_mux:lpm_mux_component|mux_b4e:auto_generated|data2_wire[3]                                                                                  ; |lab5_var4_v1|lpm_mux8:inst14|lpm_mux:lpm_mux_component|mux_b4e:auto_generated|data2_wire[3]                                                                                  ; out0             ;
; |lab5_var4_v1|lpm_mux8:inst14|lpm_mux:lpm_mux_component|mux_b4e:auto_generated|data2_wire[1]                                                                                  ; |lab5_var4_v1|lpm_mux8:inst14|lpm_mux:lpm_mux_component|mux_b4e:auto_generated|data2_wire[1]                                                                                  ; out0             ;
; |lab5_var4_v1|lpm_mux8:inst14|lpm_mux:lpm_mux_component|mux_b4e:auto_generated|_~6                                                                                            ; |lab5_var4_v1|lpm_mux8:inst14|lpm_mux:lpm_mux_component|mux_b4e:auto_generated|_~6                                                                                            ; out0             ;
; |lab5_var4_v1|lpm_mux8:inst14|lpm_mux:lpm_mux_component|mux_b4e:auto_generated|result_node[1]~6                                                                               ; |lab5_var4_v1|lpm_mux8:inst14|lpm_mux:lpm_mux_component|mux_b4e:auto_generated|result_node[1]~6                                                                               ; out0             ;
; |lab5_var4_v1|lpm_mux8:inst14|lpm_mux:lpm_mux_component|mux_b4e:auto_generated|result_node[1]                                                                                 ; |lab5_var4_v1|lpm_mux8:inst14|lpm_mux:lpm_mux_component|mux_b4e:auto_generated|result_node[1]                                                                                 ; out0             ;
; |lab5_var4_v1|dr_unit:inst10|lpm_ff6:reg_dr|lpm_ff:lpm_ff_component|dffs[7]                                                                                                   ; |lab5_var4_v1|dr_unit:inst10|lpm_ff6:reg_dr|lpm_ff:lpm_ff_component|dffs[7]                                                                                                   ; regout           ;
; |lab5_var4_v1|dr_unit:inst10|lpm_ff6:reg_dr|lpm_ff:lpm_ff_component|dffs[6]                                                                                                   ; |lab5_var4_v1|dr_unit:inst10|lpm_ff6:reg_dr|lpm_ff:lpm_ff_component|dffs[6]                                                                                                   ; regout           ;
; |lab5_var4_v1|dr_unit:inst10|lpm_ff6:reg_dr|lpm_ff:lpm_ff_component|dffs[5]                                                                                                   ; |lab5_var4_v1|dr_unit:inst10|lpm_ff6:reg_dr|lpm_ff:lpm_ff_component|dffs[5]                                                                                                   ; regout           ;
; |lab5_var4_v1|dr_unit:inst10|lpm_ff6:reg_dr|lpm_ff:lpm_ff_component|dffs[3]                                                                                                   ; |lab5_var4_v1|dr_unit:inst10|lpm_ff6:reg_dr|lpm_ff:lpm_ff_component|dffs[3]                                                                                                   ; regout           ;
; |lab5_var4_v1|dr_unit:inst10|lpm_ff6:reg_dr|lpm_ff:lpm_ff_component|dffs[1]                                                                                                   ; |lab5_var4_v1|dr_unit:inst10|lpm_ff6:reg_dr|lpm_ff:lpm_ff_component|dffs[1]                                                                                                   ; regout           ;
; |lab5_var4_v1|ar_unit:inst11|lpm_ff5:reg_ar|lpm_ff:lpm_ff_component|dffs[3]                                                                                                   ; |lab5_var4_v1|ar_unit:inst11|lpm_ff5:reg_ar|lpm_ff:lpm_ff_component|dffs[3]                                                                                                   ; regout           ;
; |lab5_var4_v1|ar_unit:inst11|lpm_ff5:reg_ar|lpm_ff:lpm_ff_component|dffs[2]                                                                                                   ; |lab5_var4_v1|ar_unit:inst11|lpm_ff5:reg_ar|lpm_ff:lpm_ff_component|dffs[2]                                                                                                   ; regout           ;
; |lab5_var4_v1|ar_unit:inst11|lpm_ff5:reg_ar|lpm_ff:lpm_ff_component|dffs[1]                                                                                                   ; |lab5_var4_v1|ar_unit:inst11|lpm_ff5:reg_ar|lpm_ff:lpm_ff_component|dffs[1]                                                                                                   ; regout           ;
; |lab5_var4_v1|ip_unit:inst7|lpm_mux4:inst3|lpm_mux:lpm_mux_component|mux_64e:auto_generated|l1_w0_n0_mux_dataout~0                                                            ; |lab5_var4_v1|ip_unit:inst7|lpm_mux4:inst3|lpm_mux:lpm_mux_component|mux_64e:auto_generated|l1_w0_n0_mux_dataout~0                                                            ; out0             ;
; |lab5_var4_v1|ip_unit:inst7|lpm_mux4:inst3|lpm_mux:lpm_mux_component|mux_64e:auto_generated|l1_w1_n0_mux_dataout~0                                                            ; |lab5_var4_v1|ip_unit:inst7|lpm_mux4:inst3|lpm_mux:lpm_mux_component|mux_64e:auto_generated|l1_w1_n0_mux_dataout~0                                                            ; out0             ;
; |lab5_var4_v1|ip_unit:inst7|lpm_mux4:inst3|lpm_mux:lpm_mux_component|mux_64e:auto_generated|l1_w2_n0_mux_dataout~0                                                            ; |lab5_var4_v1|ip_unit:inst7|lpm_mux4:inst3|lpm_mux:lpm_mux_component|mux_64e:auto_generated|l1_w2_n0_mux_dataout~0                                                            ; out0             ;
; |lab5_var4_v1|ip_unit:inst7|lpm_mux4:inst3|lpm_mux:lpm_mux_component|mux_64e:auto_generated|l1_w2_n0_mux_dataout~1                                                            ; |lab5_var4_v1|ip_unit:inst7|lpm_mux4:inst3|lpm_mux:lpm_mux_component|mux_64e:auto_generated|l1_w2_n0_mux_dataout~1                                                            ; out0             ;
; |lab5_var4_v1|ip_unit:inst7|lpm_mux4:inst3|lpm_mux:lpm_mux_component|mux_64e:auto_generated|l1_w2_n0_mux_dataout                                                              ; |lab5_var4_v1|ip_unit:inst7|lpm_mux4:inst3|lpm_mux:lpm_mux_component|mux_64e:auto_generated|l1_w2_n0_mux_dataout                                                              ; out0             ;
; |lab5_var4_v1|ip_unit:inst7|lpm_mux4:inst3|lpm_mux:lpm_mux_component|mux_64e:auto_generated|l1_w3_n0_mux_dataout~0                                                            ; |lab5_var4_v1|ip_unit:inst7|lpm_mux4:inst3|lpm_mux:lpm_mux_component|mux_64e:auto_generated|l1_w3_n0_mux_dataout~0                                                            ; out0             ;
; |lab5_var4_v1|ip_unit:inst7|lpm_mux4:inst3|lpm_mux:lpm_mux_component|mux_64e:auto_generated|l1_w3_n0_mux_dataout~1                                                            ; |lab5_var4_v1|ip_unit:inst7|lpm_mux4:inst3|lpm_mux:lpm_mux_component|mux_64e:auto_generated|l1_w3_n0_mux_dataout~1                                                            ; out0             ;
; |lab5_var4_v1|ip_unit:inst7|lpm_mux4:inst3|lpm_mux:lpm_mux_component|mux_64e:auto_generated|l1_w3_n0_mux_dataout                                                              ; |lab5_var4_v1|ip_unit:inst7|lpm_mux4:inst3|lpm_mux:lpm_mux_component|mux_64e:auto_generated|l1_w3_n0_mux_dataout                                                              ; out0             ;
; |lab5_var4_v1|ip_unit:inst7|lpm_dff4:inst4|lpm_ff:lpm_ff_component|dffs[3]                                                                                                    ; |lab5_var4_v1|ip_unit:inst7|lpm_dff4:inst4|lpm_ff:lpm_ff_component|dffs[3]                                                                                                    ; regout           ;
; |lab5_var4_v1|ip_unit:inst7|lpm_dff4:inst4|lpm_ff:lpm_ff_component|dffs[2]                                                                                                    ; |lab5_var4_v1|ip_unit:inst7|lpm_dff4:inst4|lpm_ff:lpm_ff_component|dffs[2]                                                                                                    ; regout           ;
; |lab5_var4_v1|ip_unit:inst7|lpm_dff4:inst4|lpm_ff:lpm_ff_component|dffs[1]                                                                                                    ; |lab5_var4_v1|ip_unit:inst7|lpm_dff4:inst4|lpm_ff:lpm_ff_component|dffs[1]                                                                                                    ; regout           ;
; |lab5_var4_v1|lpm_mux5:inst3|lpm_mux:lpm_mux_component|mux_64e:auto_generated|l1_w1_n0_mux_dataout~0                                                                          ; |lab5_var4_v1|lpm_mux5:inst3|lpm_mux:lpm_mux_component|mux_64e:auto_generated|l1_w1_n0_mux_dataout~0                                                                          ; out0             ;
; |lab5_var4_v1|lpm_mux5:inst3|lpm_mux:lpm_mux_component|mux_64e:auto_generated|l1_w2_n0_mux_dataout~1                                                                          ; |lab5_var4_v1|lpm_mux5:inst3|lpm_mux:lpm_mux_component|mux_64e:auto_generated|l1_w2_n0_mux_dataout~1                                                                          ; out0             ;
; |lab5_var4_v1|lpm_mux5:inst3|lpm_mux:lpm_mux_component|mux_64e:auto_generated|l1_w3_n0_mux_dataout~0                                                                          ; |lab5_var4_v1|lpm_mux5:inst3|lpm_mux:lpm_mux_component|mux_64e:auto_generated|l1_w3_n0_mux_dataout~0                                                                          ; out0             ;
; |lab5_var4_v1|lpm_mux5:inst3|lpm_mux:lpm_mux_component|mux_64e:auto_generated|l1_w3_n0_mux_dataout~1                                                                          ; |lab5_var4_v1|lpm_mux5:inst3|lpm_mux:lpm_mux_component|mux_64e:auto_generated|l1_w3_n0_mux_dataout~1                                                                          ; out0             ;
; |lab5_var4_v1|lpm_mux5:inst3|lpm_mux:lpm_mux_component|mux_64e:auto_generated|l1_w3_n0_mux_dataout                                                                            ; |lab5_var4_v1|lpm_mux5:inst3|lpm_mux:lpm_mux_component|mux_64e:auto_generated|l1_w3_n0_mux_dataout                                                                            ; out0             ;
; |lab5_var4_v1|memory_unit:inst2|lpm_rom1:ROM|altsyncram:altsyncram_component|altsyncram_3281:auto_generated|ram_block1a1                                                      ; |lab5_var4_v1|memory_unit:inst2|lpm_rom1:ROM|altsyncram:altsyncram_component|altsyncram_3281:auto_generated|q_a[1]                                                            ; portadataout0    ;
; |lab5_var4_v1|memory_unit:inst2|lpm_rom1:ROM|altsyncram:altsyncram_component|altsyncram_3281:auto_generated|ram_block1a3                                                      ; |lab5_var4_v1|memory_unit:inst2|lpm_rom1:ROM|altsyncram:altsyncram_component|altsyncram_3281:auto_generated|q_a[3]                                                            ; portadataout0    ;
; |lab5_var4_v1|memory_unit:inst2|lpm_rom1:ROM|altsyncram:altsyncram_component|altsyncram_3281:auto_generated|ram_block1a7                                                      ; |lab5_var4_v1|memory_unit:inst2|lpm_rom1:ROM|altsyncram:altsyncram_component|altsyncram_3281:auto_generated|q_a[7]                                                            ; portadataout0    ;
; |lab5_var4_v1|memory_unit:inst2|altsyncram0:RAM|altsyncram:altsyncram_component|altsyncram_4bc1:auto_generated|ram_block1a7                                                   ; |lab5_var4_v1|memory_unit:inst2|altsyncram0:RAM|altsyncram:altsyncram_component|altsyncram_4bc1:auto_generated|q_a[7]                                                         ; portadataout0    ;
; |lab5_var4_v1|memory_unit:inst2|lpm_mux10:inst1|lpm_mux:lpm_mux_component|mux_94e:auto_generated|l1_w1_n0_mux_dataout~0                                                       ; |lab5_var4_v1|memory_unit:inst2|lpm_mux10:inst1|lpm_mux:lpm_mux_component|mux_94e:auto_generated|l1_w1_n0_mux_dataout~0                                                       ; out0             ;
; |lab5_var4_v1|memory_unit:inst2|lpm_mux10:inst1|lpm_mux:lpm_mux_component|mux_94e:auto_generated|l1_w5_n0_mux_dataout~0                                                       ; |lab5_var4_v1|memory_unit:inst2|lpm_mux10:inst1|lpm_mux:lpm_mux_component|mux_94e:auto_generated|l1_w5_n0_mux_dataout~0                                                       ; out0             ;
; |lab5_var4_v1|memory_unit:inst2|lpm_mux10:inst1|lpm_mux:lpm_mux_component|mux_94e:auto_generated|l1_w6_n0_mux_dataout~0                                                       ; |lab5_var4_v1|memory_unit:inst2|lpm_mux10:inst1|lpm_mux:lpm_mux_component|mux_94e:auto_generated|l1_w6_n0_mux_dataout~0                                                       ; out0             ;
; |lab5_var4_v1|memory_unit:inst2|lpm_mux10:inst1|lpm_mux:lpm_mux_component|mux_94e:auto_generated|l1_w7_n0_mux_dataout~0                                                       ; |lab5_var4_v1|memory_unit:inst2|lpm_mux10:inst1|lpm_mux:lpm_mux_component|mux_94e:auto_generated|l1_w7_n0_mux_dataout~0                                                       ; out0             ;
; |lab5_var4_v1|memory_unit:inst2|lpm_mux10:inst2|lpm_mux:lpm_mux_component|mux_94e:auto_generated|l1_w1_n0_mux_dataout~0                                                       ; |lab5_var4_v1|memory_unit:inst2|lpm_mux10:inst2|lpm_mux:lpm_mux_component|mux_94e:auto_generated|l1_w1_n0_mux_dataout~0                                                       ; out0             ;
; |lab5_var4_v1|memory_unit:inst2|lpm_mux10:inst2|lpm_mux:lpm_mux_component|mux_94e:auto_generated|l1_w1_n0_mux_dataout~1                                                       ; |lab5_var4_v1|memory_unit:inst2|lpm_mux10:inst2|lpm_mux:lpm_mux_component|mux_94e:auto_generated|l1_w1_n0_mux_dataout~1                                                       ; out0             ;
; |lab5_var4_v1|memory_unit:inst2|lpm_mux10:inst2|lpm_mux:lpm_mux_component|mux_94e:auto_generated|l1_w1_n0_mux_dataout                                                         ; |lab5_var4_v1|memory_unit:inst2|lpm_mux10:inst2|lpm_mux:lpm_mux_component|mux_94e:auto_generated|l1_w1_n0_mux_dataout                                                         ; out0             ;
; |lab5_var4_v1|memory_unit:inst2|lpm_mux10:inst2|lpm_mux:lpm_mux_component|mux_94e:auto_generated|l1_w3_n0_mux_dataout~0                                                       ; |lab5_var4_v1|memory_unit:inst2|lpm_mux10:inst2|lpm_mux:lpm_mux_component|mux_94e:auto_generated|l1_w3_n0_mux_dataout~0                                                       ; out0             ;
; |lab5_var4_v1|memory_unit:inst2|lpm_mux10:inst2|lpm_mux:lpm_mux_component|mux_94e:auto_generated|l1_w6_n0_mux_dataout~0                                                       ; |lab5_var4_v1|memory_unit:inst2|lpm_mux10:inst2|lpm_mux:lpm_mux_component|mux_94e:auto_generated|l1_w6_n0_mux_dataout~0                                                       ; out0             ;
; |lab5_var4_v1|memory_unit:inst2|lpm_mux10:inst2|lpm_mux:lpm_mux_component|mux_94e:auto_generated|l1_w7_n0_mux_dataout~0                                                       ; |lab5_var4_v1|memory_unit:inst2|lpm_mux10:inst2|lpm_mux:lpm_mux_component|mux_94e:auto_generated|l1_w7_n0_mux_dataout~0                                                       ; out0             ;
; |lab5_var4_v1|ir_unit:inst15|lpm_ff6:reg_ir_hi|lpm_ff:lpm_ff_component|dffs[7]                                                                                                ; |lab5_var4_v1|ir_unit:inst15|lpm_ff6:reg_ir_hi|lpm_ff:lpm_ff_component|dffs[7]                                                                                                ; regout           ;
; |lab5_var4_v1|ir_unit:inst15|lpm_ff6:reg_ir_hi|lpm_ff:lpm_ff_component|dffs[6]                                                                                                ; |lab5_var4_v1|ir_unit:inst15|lpm_ff6:reg_ir_hi|lpm_ff:lpm_ff_component|dffs[6]                                                                                                ; regout           ;
; |lab5_var4_v1|ir_unit:inst15|lpm_ff6:reg_ir_hi|lpm_ff:lpm_ff_component|dffs[5]                                                                                                ; |lab5_var4_v1|ir_unit:inst15|lpm_ff6:reg_ir_hi|lpm_ff:lpm_ff_component|dffs[5]                                                                                                ; regout           ;
; |lab5_var4_v1|ir_unit:inst15|lpm_ff6:reg_ir_hi|lpm_ff:lpm_ff_component|dffs[4]                                                                                                ; |lab5_var4_v1|ir_unit:inst15|lpm_ff6:reg_ir_hi|lpm_ff:lpm_ff_component|dffs[4]                                                                                                ; regout           ;
; |lab5_var4_v1|ir_unit:inst15|lpm_ff6:reg_ir_hi|lpm_ff:lpm_ff_component|dffs[3]                                                                                                ; |lab5_var4_v1|ir_unit:inst15|lpm_ff6:reg_ir_hi|lpm_ff:lpm_ff_component|dffs[3]                                                                                                ; regout           ;
; |lab5_var4_v1|ir_unit:inst15|lpm_ff6:reg_ir_hi|lpm_ff:lpm_ff_component|dffs[2]                                                                                                ; |lab5_var4_v1|ir_unit:inst15|lpm_ff6:reg_ir_hi|lpm_ff:lpm_ff_component|dffs[2]                                                                                                ; regout           ;
; |lab5_var4_v1|ir_unit:inst15|lpm_ff6:reg_ir_hi|lpm_ff:lpm_ff_component|dffs[1]                                                                                                ; |lab5_var4_v1|ir_unit:inst15|lpm_ff6:reg_ir_hi|lpm_ff:lpm_ff_component|dffs[1]                                                                                                ; regout           ;
; |lab5_var4_v1|control_unit:inst13|inst60                                                                                                                                      ; |lab5_var4_v1|control_unit:inst13|inst60                                                                                                                                      ; out0             ;
; |lab5_var4_v1|control_unit:inst13|inst75                                                                                                                                      ; |lab5_var4_v1|control_unit:inst13|inst75                                                                                                                                      ; out0             ;
; |lab5_var4_v1|control_unit:inst13|inst62                                                                                                                                      ; |lab5_var4_v1|control_unit:inst13|inst62                                                                                                                                      ; out0             ;
; |lab5_var4_v1|control_unit:inst13|inst28                                                                                                                                      ; |lab5_var4_v1|control_unit:inst13|inst28                                                                                                                                      ; out0             ;
; |lab5_var4_v1|control_unit:inst13|inst50                                                                                                                                      ; |lab5_var4_v1|control_unit:inst13|inst50                                                                                                                                      ; out0             ;
; |lab5_var4_v1|control_unit:inst13|inst71                                                                                                                                      ; |lab5_var4_v1|control_unit:inst13|inst71                                                                                                                                      ; out0             ;
; |lab5_var4_v1|control_unit:inst13|inst64                                                                                                                                      ; |lab5_var4_v1|control_unit:inst13|inst64                                                                                                                                      ; out0             ;
; |lab5_var4_v1|control_unit:inst13|inst65                                                                                                                                      ; |lab5_var4_v1|control_unit:inst13|inst65                                                                                                                                      ; out0             ;
; |lab5_var4_v1|control_unit:inst13|inst73                                                                                                                                      ; |lab5_var4_v1|control_unit:inst13|inst73                                                                                                                                      ; out0             ;
; |lab5_var4_v1|control_unit:inst13|inst66                                                                                                                                      ; |lab5_var4_v1|control_unit:inst13|inst66                                                                                                                                      ; out0             ;
; |lab5_var4_v1|control_unit:inst13|inst74                                                                                                                                      ; |lab5_var4_v1|control_unit:inst13|inst74                                                                                                                                      ; out0             ;
; |lab5_var4_v1|control_unit:inst13|inst17                                                                                                                                      ; |lab5_var4_v1|control_unit:inst13|inst17                                                                                                                                      ; out0             ;
; |lab5_var4_v1|control_unit:inst13|inst19                                                                                                                                      ; |lab5_var4_v1|control_unit:inst13|inst19                                                                                                                                      ; out0             ;
; |lab5_var4_v1|control_unit:inst13|inst25                                                                                                                                      ; |lab5_var4_v1|control_unit:inst13|inst25                                                                                                                                      ; out0             ;
; |lab5_var4_v1|control_unit:inst13|inst79                                                                                                                                      ; |lab5_var4_v1|control_unit:inst13|inst79                                                                                                                                      ; out0             ;
; |lab5_var4_v1|control_unit:inst13|lpm_mux9:inst13|lpm_mux:lpm_mux_component|mux_34e:auto_generated|l1_w1_n0_mux_dataout~0                                                     ; |lab5_var4_v1|control_unit:inst13|lpm_mux9:inst13|lpm_mux:lpm_mux_component|mux_34e:auto_generated|l1_w1_n0_mux_dataout~0                                                     ; out0             ;
; |lab5_var4_v1|control_unit:inst13|lpm_mux9:inst13|lpm_mux:lpm_mux_component|mux_34e:auto_generated|l1_w1_n0_mux_dataout~1                                                     ; |lab5_var4_v1|control_unit:inst13|lpm_mux9:inst13|lpm_mux:lpm_mux_component|mux_34e:auto_generated|l1_w1_n0_mux_dataout~1                                                     ; out0             ;
; |lab5_var4_v1|control_unit:inst13|lpm_mux9:inst13|lpm_mux:lpm_mux_component|mux_34e:auto_generated|l1_w1_n0_mux_dataout                                                       ; |lab5_var4_v1|control_unit:inst13|lpm_mux9:inst13|lpm_mux:lpm_mux_component|mux_34e:auto_generated|l1_w1_n0_mux_dataout                                                       ; out0             ;
; |lab5_var4_v1|control_unit:inst13|lpm_dff3:inst38|lpm_ff:lpm_ff_component|dffs[0]                                                                                             ; |lab5_var4_v1|control_unit:inst13|lpm_dff3:inst38|lpm_ff:lpm_ff_component|dffs[0]                                                                                             ; regout           ;
; |lab5_var4_v1|control_unit:inst13|lpm_compare5:inst34|lpm_compare:lpm_compare_component|cmpr_m8j:auto_generated|aneb_result_wire[0]                                           ; |lab5_var4_v1|control_unit:inst13|lpm_compare5:inst34|lpm_compare:lpm_compare_component|cmpr_m8j:auto_generated|aneb_result_wire[0]                                           ; out0             ;
; |lab5_var4_v1|control_unit:inst13|lpm_compare5:inst34|lpm_compare:lpm_compare_component|cmpr_m8j:auto_generated|data_wire[3]                                                  ; |lab5_var4_v1|control_unit:inst13|lpm_compare5:inst34|lpm_compare:lpm_compare_component|cmpr_m8j:auto_generated|data_wire[3]                                                  ; out0             ;
; |lab5_var4_v1|control_unit:inst13|lpm_dff3:inst42|lpm_ff:lpm_ff_component|dffs[0]                                                                                             ; |lab5_var4_v1|control_unit:inst13|lpm_dff3:inst42|lpm_ff:lpm_ff_component|dffs[0]                                                                                             ; regout           ;
; |lab5_var4_v1|control_unit:inst13|lpm_compare4:inst33|lpm_compare:lpm_compare_component|cmpr_m8j:auto_generated|aneb_result_wire[0]                                           ; |lab5_var4_v1|control_unit:inst13|lpm_compare4:inst33|lpm_compare:lpm_compare_component|cmpr_m8j:auto_generated|aneb_result_wire[0]                                           ; out0             ;
; |lab5_var4_v1|control_unit:inst13|lpm_compare4:inst33|lpm_compare:lpm_compare_component|cmpr_m8j:auto_generated|data_wire[3]                                                  ; |lab5_var4_v1|control_unit:inst13|lpm_compare4:inst33|lpm_compare:lpm_compare_component|cmpr_m8j:auto_generated|data_wire[3]                                                  ; out0             ;
; |lab5_var4_v1|control_unit:inst13|lpm_compare4:inst33|lpm_compare:lpm_compare_component|cmpr_m8j:auto_generated|data_wire[2]                                                  ; |lab5_var4_v1|control_unit:inst13|lpm_compare4:inst33|lpm_compare:lpm_compare_component|cmpr_m8j:auto_generated|data_wire[2]                                                  ; out0             ;
; |lab5_var4_v1|control_unit:inst13|lpm_dff3:inst41|lpm_ff:lpm_ff_component|dffs[0]                                                                                             ; |lab5_var4_v1|control_unit:inst13|lpm_dff3:inst41|lpm_ff:lpm_ff_component|dffs[0]                                                                                             ; regout           ;
; |lab5_var4_v1|control_unit:inst13|lpm_compare3:inst22|lpm_compare:lpm_compare_component|cmpr_m8j:auto_generated|data_wire[3]                                                  ; |lab5_var4_v1|control_unit:inst13|lpm_compare3:inst22|lpm_compare:lpm_compare_component|cmpr_m8j:auto_generated|data_wire[3]                                                  ; out0             ;
; |lab5_var4_v1|control_unit:inst13|lpm_dff3:inst40|lpm_ff:lpm_ff_component|dffs[0]                                                                                             ; |lab5_var4_v1|control_unit:inst13|lpm_dff3:inst40|lpm_ff:lpm_ff_component|dffs[0]                                                                                             ; regout           ;
; |lab5_var4_v1|control_unit:inst13|lpm_compare2:comp_JZadr|lpm_compare:lpm_compare_component|cmpr_m8j:auto_generated|aneb_result_wire[0]                                       ; |lab5_var4_v1|control_unit:inst13|lpm_compare2:comp_JZadr|lpm_compare:lpm_compare_component|cmpr_m8j:auto_generated|aneb_result_wire[0]                                       ; out0             ;
; |lab5_var4_v1|control_unit:inst13|lpm_compare2:comp_JZadr|lpm_compare:lpm_compare_component|cmpr_m8j:auto_generated|data_wire[3]                                              ; |lab5_var4_v1|control_unit:inst13|lpm_compare2:comp_JZadr|lpm_compare:lpm_compare_component|cmpr_m8j:auto_generated|data_wire[3]                                              ; out0             ;
; |lab5_var4_v1|control_unit:inst13|lpm_compare2:comp_JZadr|lpm_compare:lpm_compare_component|cmpr_m8j:auto_generated|data_wire[2]                                              ; |lab5_var4_v1|control_unit:inst13|lpm_compare2:comp_JZadr|lpm_compare:lpm_compare_component|cmpr_m8j:auto_generated|data_wire[2]                                              ; out0             ;
; |lab5_var4_v1|control_unit:inst13|lpm_compare1:comp_MR|lpm_compare:lpm_compare_component|cmpr_m8j:auto_generated|data_wire[3]                                                 ; |lab5_var4_v1|control_unit:inst13|lpm_compare1:comp_MR|lpm_compare:lpm_compare_component|cmpr_m8j:auto_generated|data_wire[3]                                                 ; out0             ;
; |lab5_var4_v1|control_unit:inst13|clock_generator:inst5|single_pulse:inst|lpm_counter2:inst|lpm_counter:lpm_counter_component|cntr_qvi:auto_generated|counter_comb_bita2      ; |lab5_var4_v1|control_unit:inst13|clock_generator:inst5|single_pulse:inst|lpm_counter2:inst|lpm_counter:lpm_counter_component|cntr_qvi:auto_generated|counter_comb_bita2~COUT ; cout             ;
; |lab5_var4_v1|control_unit:inst13|clock_generator:inst5|single_pulse:inst|lpm_counter2:inst|lpm_counter:lpm_counter_component|cntr_qvi:auto_generated|counter_reg_bit1a[2]    ; |lab5_var4_v1|control_unit:inst13|clock_generator:inst5|single_pulse:inst|lpm_counter2:inst|lpm_counter:lpm_counter_component|cntr_qvi:auto_generated|safe_q[2]               ; regout           ;
; |lab5_var4_v1|control_unit:inst13|clock_generator:inst5|DCA_gen:inst6|lpm_counter0:inst|lpm_counter:lpm_counter_component|cntr_lej:auto_generated|counter_comb_bita1          ; |lab5_var4_v1|control_unit:inst13|clock_generator:inst5|DCA_gen:inst6|lpm_counter0:inst|lpm_counter:lpm_counter_component|cntr_lej:auto_generated|counter_comb_bita1~COUT     ; cout             ;
; |lab5_var4_v1|control_unit:inst13|clock_generator:inst5|DCA_gen:inst6|lpm_counter0:inst|lpm_counter:lpm_counter_component|cntr_lej:auto_generated|counter_comb_bita2          ; |lab5_var4_v1|control_unit:inst13|clock_generator:inst5|DCA_gen:inst6|lpm_counter0:inst|lpm_counter:lpm_counter_component|cntr_lej:auto_generated|counter_comb_bita2          ; sumout           ;
; |lab5_var4_v1|control_unit:inst13|clock_generator:inst5|DCA_gen:inst6|lpm_counter0:inst|lpm_counter:lpm_counter_component|cntr_lej:auto_generated|counter_comb_bita2          ; |lab5_var4_v1|control_unit:inst13|clock_generator:inst5|DCA_gen:inst6|lpm_counter0:inst|lpm_counter:lpm_counter_component|cntr_lej:auto_generated|counter_comb_bita2~COUT     ; cout             ;
; |lab5_var4_v1|control_unit:inst13|clock_generator:inst5|DCA_gen:inst6|lpm_counter0:inst|lpm_counter:lpm_counter_component|cntr_lej:auto_generated|counter_comb_bita3          ; |lab5_var4_v1|control_unit:inst13|clock_generator:inst5|DCA_gen:inst6|lpm_counter0:inst|lpm_counter:lpm_counter_component|cntr_lej:auto_generated|counter_comb_bita3          ; sumout           ;
; |lab5_var4_v1|control_unit:inst13|clock_generator:inst5|DCA_gen:inst6|lpm_counter0:inst|lpm_counter:lpm_counter_component|cntr_lej:auto_generated|counter_comb_bita3          ; |lab5_var4_v1|control_unit:inst13|clock_generator:inst5|DCA_gen:inst6|lpm_counter0:inst|lpm_counter:lpm_counter_component|cntr_lej:auto_generated|counter_comb_bita3~COUT     ; cout             ;
; |lab5_var4_v1|control_unit:inst13|clock_generator:inst5|DCA_gen:inst6|lpm_counter0:inst|lpm_counter:lpm_counter_component|cntr_lej:auto_generated|counter_reg_bit1a[3]        ; |lab5_var4_v1|control_unit:inst13|clock_generator:inst5|DCA_gen:inst6|lpm_counter0:inst|lpm_counter:lpm_counter_component|cntr_lej:auto_generated|safe_q[3]                   ; regout           ;
; |lab5_var4_v1|control_unit:inst13|clock_generator:inst5|DCA_gen:inst6|lpm_counter0:inst|lpm_counter:lpm_counter_component|cntr_lej:auto_generated|counter_reg_bit1a[2]        ; |lab5_var4_v1|control_unit:inst13|clock_generator:inst5|DCA_gen:inst6|lpm_counter0:inst|lpm_counter:lpm_counter_component|cntr_lej:auto_generated|safe_q[2]                   ; regout           ;
; |lab5_var4_v1|control_unit:inst13|clock_generator:inst5|DCA_gen:inst6|lpm_counter0:inst|lpm_counter:lpm_counter_component|cntr_lej:auto_generated|counter_reg_bit1a[1]        ; |lab5_var4_v1|control_unit:inst13|clock_generator:inst5|DCA_gen:inst6|lpm_counter0:inst|lpm_counter:lpm_counter_component|cntr_lej:auto_generated|safe_q[1]                   ; regout           ;
; |lab5_var4_v1|control_unit:inst13|clock_generator:inst5|DCA_gen:inst6|lpm_counter0:inst|lpm_counter:lpm_counter_component|cntr_lej:auto_generated|cmpr_adc:cmpr2|data_wire[1] ; |lab5_var4_v1|control_unit:inst13|clock_generator:inst5|DCA_gen:inst6|lpm_counter0:inst|lpm_counter:lpm_counter_component|cntr_lej:auto_generated|cmpr_adc:cmpr2|data_wire[1] ; out0             ;
; |lab5_var4_v1|control_unit:inst13|clock_generator:inst5|DCA_gen:inst6|lpm_counter1:inst3|lpm_counter:lpm_counter_component|cntr_8oi:auto_generated|counter_reg_bit1a[3]       ; |lab5_var4_v1|control_unit:inst13|clock_generator:inst5|DCA_gen:inst6|lpm_counter1:inst3|lpm_counter:lpm_counter_component|cntr_8oi:auto_generated|safe_q[3]                  ; regout           ;
; |lab5_var4_v1|control_unit:inst13|clock_generator:inst5|DCA_gen:inst6|lpm_decode0:inst4|lpm_decode:lpm_decode_component|decode_e9f:auto_generated|w_anode102w[3]              ; |lab5_var4_v1|control_unit:inst13|clock_generator:inst5|DCA_gen:inst6|lpm_decode0:inst4|lpm_decode:lpm_decode_component|decode_e9f:auto_generated|w_anode102w[3]              ; out0             ;
; |lab5_var4_v1|control_unit:inst13|clock_generator:inst5|DCA_gen:inst6|lpm_decode0:inst4|lpm_decode:lpm_decode_component|decode_e9f:auto_generated|w_anode102w[2]              ; |lab5_var4_v1|control_unit:inst13|clock_generator:inst5|DCA_gen:inst6|lpm_decode0:inst4|lpm_decode:lpm_decode_component|decode_e9f:auto_generated|w_anode102w[2]              ; out0             ;
; |lab5_var4_v1|control_unit:inst13|clock_generator:inst5|DCA_gen:inst6|lpm_decode0:inst4|lpm_decode:lpm_decode_component|decode_e9f:auto_generated|w_anode102w[1]              ; |lab5_var4_v1|control_unit:inst13|clock_generator:inst5|DCA_gen:inst6|lpm_decode0:inst4|lpm_decode:lpm_decode_component|decode_e9f:auto_generated|w_anode102w[1]              ; out0             ;
; |lab5_var4_v1|control_unit:inst13|clock_generator:inst5|DCA_gen:inst6|lpm_decode0:inst4|lpm_decode:lpm_decode_component|decode_e9f:auto_generated|w_anode112w[3]              ; |lab5_var4_v1|control_unit:inst13|clock_generator:inst5|DCA_gen:inst6|lpm_decode0:inst4|lpm_decode:lpm_decode_component|decode_e9f:auto_generated|w_anode112w[3]              ; out0             ;
; |lab5_var4_v1|control_unit:inst13|clock_generator:inst5|DCA_gen:inst6|lpm_decode0:inst4|lpm_decode:lpm_decode_component|decode_e9f:auto_generated|w_anode112w[2]              ; |lab5_var4_v1|control_unit:inst13|clock_generator:inst5|DCA_gen:inst6|lpm_decode0:inst4|lpm_decode:lpm_decode_component|decode_e9f:auto_generated|w_anode112w[2]              ; out0             ;
; |lab5_var4_v1|control_unit:inst13|clock_generator:inst5|DCA_gen:inst6|lpm_decode0:inst4|lpm_decode:lpm_decode_component|decode_e9f:auto_generated|w_anode112w[1]              ; |lab5_var4_v1|control_unit:inst13|clock_generator:inst5|DCA_gen:inst6|lpm_decode0:inst4|lpm_decode:lpm_decode_component|decode_e9f:auto_generated|w_anode112w[1]              ; out0             ;
; |lab5_var4_v1|control_unit:inst13|clock_generator:inst5|DCA_gen:inst6|lpm_decode0:inst4|lpm_decode:lpm_decode_component|decode_e9f:auto_generated|w_anode122w[3]              ; |lab5_var4_v1|control_unit:inst13|clock_generator:inst5|DCA_gen:inst6|lpm_decode0:inst4|lpm_decode:lpm_decode_component|decode_e9f:auto_generated|w_anode122w[3]              ; out0             ;
; |lab5_var4_v1|control_unit:inst13|clock_generator:inst5|DCA_gen:inst6|lpm_decode0:inst4|lpm_decode:lpm_decode_component|decode_e9f:auto_generated|w_anode122w[2]              ; |lab5_var4_v1|control_unit:inst13|clock_generator:inst5|DCA_gen:inst6|lpm_decode0:inst4|lpm_decode:lpm_decode_component|decode_e9f:auto_generated|w_anode122w[2]              ; out0             ;
; |lab5_var4_v1|control_unit:inst13|clock_generator:inst5|DCA_gen:inst6|lpm_decode0:inst4|lpm_decode:lpm_decode_component|decode_e9f:auto_generated|w_anode122w[1]              ; |lab5_var4_v1|control_unit:inst13|clock_generator:inst5|DCA_gen:inst6|lpm_decode0:inst4|lpm_decode:lpm_decode_component|decode_e9f:auto_generated|w_anode122w[1]              ; out0             ;
; |lab5_var4_v1|control_unit:inst13|clock_generator:inst5|DCA_gen:inst6|lpm_decode0:inst4|lpm_decode:lpm_decode_component|decode_e9f:auto_generated|w_anode132w[3]              ; |lab5_var4_v1|control_unit:inst13|clock_generator:inst5|DCA_gen:inst6|lpm_decode0:inst4|lpm_decode:lpm_decode_component|decode_e9f:auto_generated|w_anode132w[3]              ; out0             ;
; |lab5_var4_v1|control_unit:inst13|clock_generator:inst5|DCA_gen:inst6|lpm_decode0:inst4|lpm_decode:lpm_decode_component|decode_e9f:auto_generated|w_anode132w[2]              ; |lab5_var4_v1|control_unit:inst13|clock_generator:inst5|DCA_gen:inst6|lpm_decode0:inst4|lpm_decode:lpm_decode_component|decode_e9f:auto_generated|w_anode132w[2]              ; out0             ;
; |lab5_var4_v1|control_unit:inst13|clock_generator:inst5|DCA_gen:inst6|lpm_decode0:inst4|lpm_decode:lpm_decode_component|decode_e9f:auto_generated|w_anode132w[1]              ; |lab5_var4_v1|control_unit:inst13|clock_generator:inst5|DCA_gen:inst6|lpm_decode0:inst4|lpm_decode:lpm_decode_component|decode_e9f:auto_generated|w_anode132w[1]              ; out0             ;
; |lab5_var4_v1|control_unit:inst13|clock_generator:inst5|DCA_gen:inst6|lpm_decode0:inst4|lpm_decode:lpm_decode_component|decode_e9f:auto_generated|w_anode142w[3]              ; |lab5_var4_v1|control_unit:inst13|clock_generator:inst5|DCA_gen:inst6|lpm_decode0:inst4|lpm_decode:lpm_decode_component|decode_e9f:auto_generated|w_anode142w[3]              ; out0             ;
; |lab5_var4_v1|control_unit:inst13|clock_generator:inst5|DCA_gen:inst6|lpm_decode0:inst4|lpm_decode:lpm_decode_component|decode_e9f:auto_generated|w_anode142w[2]              ; |lab5_var4_v1|control_unit:inst13|clock_generator:inst5|DCA_gen:inst6|lpm_decode0:inst4|lpm_decode:lpm_decode_component|decode_e9f:auto_generated|w_anode142w[2]              ; out0             ;
; |lab5_var4_v1|control_unit:inst13|clock_generator:inst5|DCA_gen:inst6|lpm_decode0:inst4|lpm_decode:lpm_decode_component|decode_e9f:auto_generated|w_anode142w[1]              ; |lab5_var4_v1|control_unit:inst13|clock_generator:inst5|DCA_gen:inst6|lpm_decode0:inst4|lpm_decode:lpm_decode_component|decode_e9f:auto_generated|w_anode142w[1]              ; out0             ;
; |lab5_var4_v1|control_unit:inst13|clock_generator:inst5|DCA_gen:inst6|lpm_decode0:inst4|lpm_decode:lpm_decode_component|decode_e9f:auto_generated|w_anode152w[3]              ; |lab5_var4_v1|control_unit:inst13|clock_generator:inst5|DCA_gen:inst6|lpm_decode0:inst4|lpm_decode:lpm_decode_component|decode_e9f:auto_generated|w_anode152w[3]              ; out0             ;
; |lab5_var4_v1|control_unit:inst13|clock_generator:inst5|DCA_gen:inst6|lpm_decode0:inst4|lpm_decode:lpm_decode_component|decode_e9f:auto_generated|w_anode152w[2]              ; |lab5_var4_v1|control_unit:inst13|clock_generator:inst5|DCA_gen:inst6|lpm_decode0:inst4|lpm_decode:lpm_decode_component|decode_e9f:auto_generated|w_anode152w[2]              ; out0             ;
; |lab5_var4_v1|control_unit:inst13|clock_generator:inst5|DCA_gen:inst6|lpm_decode0:inst4|lpm_decode:lpm_decode_component|decode_e9f:auto_generated|w_anode152w[1]              ; |lab5_var4_v1|control_unit:inst13|clock_generator:inst5|DCA_gen:inst6|lpm_decode0:inst4|lpm_decode:lpm_decode_component|decode_e9f:auto_generated|w_anode152w[1]              ; out0             ;
; |lab5_var4_v1|control_unit:inst13|clock_generator:inst5|DCA_gen:inst6|lpm_decode0:inst4|lpm_decode:lpm_decode_component|decode_e9f:auto_generated|w_anode162w[3]              ; |lab5_var4_v1|control_unit:inst13|clock_generator:inst5|DCA_gen:inst6|lpm_decode0:inst4|lpm_decode:lpm_decode_component|decode_e9f:auto_generated|w_anode162w[3]              ; out0             ;
; |lab5_var4_v1|control_unit:inst13|clock_generator:inst5|DCA_gen:inst6|lpm_decode0:inst4|lpm_decode:lpm_decode_component|decode_e9f:auto_generated|w_anode162w[2]              ; |lab5_var4_v1|control_unit:inst13|clock_generator:inst5|DCA_gen:inst6|lpm_decode0:inst4|lpm_decode:lpm_decode_component|decode_e9f:auto_generated|w_anode162w[2]              ; out0             ;
; |lab5_var4_v1|control_unit:inst13|clock_generator:inst5|DCA_gen:inst6|lpm_decode0:inst4|lpm_decode:lpm_decode_component|decode_e9f:auto_generated|w_anode162w[1]              ; |lab5_var4_v1|control_unit:inst13|clock_generator:inst5|DCA_gen:inst6|lpm_decode0:inst4|lpm_decode:lpm_decode_component|decode_e9f:auto_generated|w_anode162w[1]              ; out0             ;
; |lab5_var4_v1|control_unit:inst13|clock_generator:inst5|DCA_gen:inst6|lpm_decode0:inst4|lpm_decode:lpm_decode_component|decode_e9f:auto_generated|w_anode91w[3]               ; |lab5_var4_v1|control_unit:inst13|clock_generator:inst5|DCA_gen:inst6|lpm_decode0:inst4|lpm_decode:lpm_decode_component|decode_e9f:auto_generated|w_anode91w[3]               ; out0             ;
; |lab5_var4_v1|control_unit:inst13|clock_generator:inst5|DCA_gen:inst6|lpm_decode0:inst4|lpm_decode:lpm_decode_component|decode_e9f:auto_generated|w_anode91w[2]               ; |lab5_var4_v1|control_unit:inst13|clock_generator:inst5|DCA_gen:inst6|lpm_decode0:inst4|lpm_decode:lpm_decode_component|decode_e9f:auto_generated|w_anode91w[2]               ; out0             ;
; |lab5_var4_v1|control_unit:inst13|clock_generator:inst5|DCA_gen:inst6|lpm_decode0:inst4|lpm_decode:lpm_decode_component|decode_e9f:auto_generated|w_anode91w[1]               ; |lab5_var4_v1|control_unit:inst13|clock_generator:inst5|DCA_gen:inst6|lpm_decode0:inst4|lpm_decode:lpm_decode_component|decode_e9f:auto_generated|w_anode91w[1]               ; out0             ;
; |lab5_var4_v1|fr_unit:inst20|lpm_ff5:inst2|lpm_ff:lpm_ff_component|dffs[3]                                                                                                    ; |lab5_var4_v1|fr_unit:inst20|lpm_ff5:inst2|lpm_ff:lpm_ff_component|dffs[3]                                                                                                    ; regout           ;
; |lab5_var4_v1|fr_unit:inst20|lpm_ff5:inst2|lpm_ff:lpm_ff_component|dffs[2]                                                                                                    ; |lab5_var4_v1|fr_unit:inst20|lpm_ff5:inst2|lpm_ff:lpm_ff_component|dffs[2]                                                                                                    ; regout           ;
; |lab5_var4_v1|fr_unit:inst20|lpm_ff5:inst2|lpm_ff:lpm_ff_component|dffs[1]                                                                                                    ; |lab5_var4_v1|fr_unit:inst20|lpm_ff5:inst2|lpm_ff:lpm_ff_component|dffs[1]                                                                                                    ; regout           ;
; |lab5_var4_v1|fr_unit:inst20|lpm_ff5:inst2|lpm_ff:lpm_ff_component|dffs[0]                                                                                                    ; |lab5_var4_v1|fr_unit:inst20|lpm_ff5:inst2|lpm_ff:lpm_ff_component|dffs[0]                                                                                                    ; regout           ;
; |lab5_var4_v1|control_unit:inst13|clock_generator:inst5|single_pulse:inst|lpm_compare0:inst5|lpm_compare:lpm_compare_component|cmpr_obj:auto_generated|op_1~0                 ; |lab5_var4_v1|control_unit:inst13|clock_generator:inst5|single_pulse:inst|lpm_compare0:inst5|lpm_compare:lpm_compare_component|cmpr_obj:auto_generated|op_1~0                 ; out0             ;
; |lab5_var4_v1|control_unit:inst13|clock_generator:inst5|single_pulse:inst|lpm_compare0:inst5|lpm_compare:lpm_compare_component|cmpr_obj:auto_generated|op_1~1                 ; |lab5_var4_v1|control_unit:inst13|clock_generator:inst5|single_pulse:inst|lpm_compare0:inst5|lpm_compare:lpm_compare_component|cmpr_obj:auto_generated|op_1~1                 ; out0             ;
; |lab5_var4_v1|control_unit:inst13|clock_generator:inst5|single_pulse:inst|lpm_compare0:inst5|lpm_compare:lpm_compare_component|cmpr_obj:auto_generated|op_1~2                 ; |lab5_var4_v1|control_unit:inst13|clock_generator:inst5|single_pulse:inst|lpm_compare0:inst5|lpm_compare:lpm_compare_component|cmpr_obj:auto_generated|op_1~2                 ; out0             ;
; |lab5_var4_v1|ip_unit:inst7|lpm_add_sub3:inst1|lpm_add_sub:lpm_add_sub_component|add_sub_alh:auto_generated|op_1~3                                                            ; |lab5_var4_v1|ip_unit:inst7|lpm_add_sub3:inst1|lpm_add_sub:lpm_add_sub_component|add_sub_alh:auto_generated|op_1~3                                                            ; out0             ;
; |lab5_var4_v1|ip_unit:inst7|lpm_add_sub3:inst1|lpm_add_sub:lpm_add_sub_component|add_sub_alh:auto_generated|op_1~4                                                            ; |lab5_var4_v1|ip_unit:inst7|lpm_add_sub3:inst1|lpm_add_sub:lpm_add_sub_component|add_sub_alh:auto_generated|op_1~4                                                            ; out0             ;
; |lab5_var4_v1|ip_unit:inst7|lpm_add_sub3:inst1|lpm_add_sub:lpm_add_sub_component|add_sub_alh:auto_generated|op_1~5                                                            ; |lab5_var4_v1|ip_unit:inst7|lpm_add_sub3:inst1|lpm_add_sub:lpm_add_sub_component|add_sub_alh:auto_generated|op_1~5                                                            ; out0             ;
; |lab5_var4_v1|ip_unit:inst7|lpm_add_sub3:inst1|lpm_add_sub:lpm_add_sub_component|add_sub_alh:auto_generated|op_1~6                                                            ; |lab5_var4_v1|ip_unit:inst7|lpm_add_sub3:inst1|lpm_add_sub:lpm_add_sub_component|add_sub_alh:auto_generated|op_1~6                                                            ; out0             ;
; |lab5_var4_v1|ip_unit:inst7|lpm_add_sub3:inst1|lpm_add_sub:lpm_add_sub_component|add_sub_alh:auto_generated|op_1~7                                                            ; |lab5_var4_v1|ip_unit:inst7|lpm_add_sub3:inst1|lpm_add_sub:lpm_add_sub_component|add_sub_alh:auto_generated|op_1~7                                                            ; out0             ;
; |lab5_var4_v1|ip_unit:inst7|lpm_add_sub3:inst1|lpm_add_sub:lpm_add_sub_component|add_sub_alh:auto_generated|op_1~8                                                            ; |lab5_var4_v1|ip_unit:inst7|lpm_add_sub3:inst1|lpm_add_sub:lpm_add_sub_component|add_sub_alh:auto_generated|op_1~8                                                            ; out0             ;
; |lab5_var4_v1|ip_unit:inst7|lpm_add_sub3:inst1|lpm_add_sub:lpm_add_sub_component|add_sub_alh:auto_generated|op_1~9                                                            ; |lab5_var4_v1|ip_unit:inst7|lpm_add_sub3:inst1|lpm_add_sub:lpm_add_sub_component|add_sub_alh:auto_generated|op_1~9                                                            ; out0             ;
; |lab5_var4_v1|ip_unit:inst7|lpm_add_sub3:inst1|lpm_add_sub:lpm_add_sub_component|add_sub_alh:auto_generated|op_1~10                                                           ; |lab5_var4_v1|ip_unit:inst7|lpm_add_sub3:inst1|lpm_add_sub:lpm_add_sub_component|add_sub_alh:auto_generated|op_1~10                                                           ; out0             ;
; |lab5_var4_v1|ip_unit:inst7|lpm_add_sub3:inst1|lpm_add_sub:lpm_add_sub_component|add_sub_alh:auto_generated|op_1~11                                                           ; |lab5_var4_v1|ip_unit:inst7|lpm_add_sub3:inst1|lpm_add_sub:lpm_add_sub_component|add_sub_alh:auto_generated|op_1~11                                                           ; out0             ;
; |lab5_var4_v1|ip_unit:inst7|lpm_add_sub3:inst1|lpm_add_sub:lpm_add_sub_component|add_sub_alh:auto_generated|op_1~12                                                           ; |lab5_var4_v1|ip_unit:inst7|lpm_add_sub3:inst1|lpm_add_sub:lpm_add_sub_component|add_sub_alh:auto_generated|op_1~12                                                           ; out0             ;
; |lab5_var4_v1|ip_unit:inst7|lpm_add_sub4:inst2|lpm_add_sub:lpm_add_sub_component|add_sub_uoh:auto_generated|op_1~1                                                            ; |lab5_var4_v1|ip_unit:inst7|lpm_add_sub4:inst2|lpm_add_sub:lpm_add_sub_component|add_sub_uoh:auto_generated|op_1~1                                                            ; out0             ;
; |lab5_var4_v1|ip_unit:inst7|lpm_add_sub4:inst2|lpm_add_sub:lpm_add_sub_component|add_sub_uoh:auto_generated|op_1~2                                                            ; |lab5_var4_v1|ip_unit:inst7|lpm_add_sub4:inst2|lpm_add_sub:lpm_add_sub_component|add_sub_uoh:auto_generated|op_1~2                                                            ; out0             ;
; |lab5_var4_v1|ip_unit:inst7|lpm_add_sub4:inst2|lpm_add_sub:lpm_add_sub_component|add_sub_uoh:auto_generated|op_1~3                                                            ; |lab5_var4_v1|ip_unit:inst7|lpm_add_sub4:inst2|lpm_add_sub:lpm_add_sub_component|add_sub_uoh:auto_generated|op_1~3                                                            ; out0             ;
; |lab5_var4_v1|ip_unit:inst7|lpm_add_sub4:inst2|lpm_add_sub:lpm_add_sub_component|add_sub_uoh:auto_generated|op_1~4                                                            ; |lab5_var4_v1|ip_unit:inst7|lpm_add_sub4:inst2|lpm_add_sub:lpm_add_sub_component|add_sub_uoh:auto_generated|op_1~4                                                            ; out0             ;
+-------------------------------------------------------------------------------------------------------------------------------------------------------------------------------+-------------------------------------------------------------------------------------------------------------------------------------------------------------------------------+------------------+


+---------------------+
; Simulator INI Usage ;
+--------+------------+
; Option ; Usage      ;
+--------+------------+


+--------------------+
; Simulator Messages ;
+--------------------+
Info: *******************************************************************
Info: Running Quartus II Simulator
    Info: Version 9.1 Build 222 10/21/2009 SJ Web Edition
    Info: Processing started: Tue May 26 01:39:24 2026
Info: Command: quartus_sim --read_settings_files=on --write_settings_files=off lab5_var4_v1 -c lab5_var4_v1
Info: Using vector source file "C:/Users/lapshet/Desktop/labs/Laba 5/lab5_var4_v1/lab5_var4_v1.vwf"
Warning: Can't find node "ALU_OP[1]" for functional simulation. Ignored vector source file node.
Warning: Can't find node "ALU_OP[0]" for functional simulation. Ignored vector source file node.
Warning: Ignored node in vector source file. Can't find corresponding node name "A[7]" in design.
Warning: Ignored node in vector source file. Can't find corresponding node name "A[6]" in design.
Warning: Ignored node in vector source file. Can't find corresponding node name "A[5]" in design.
Warning: Ignored node in vector source file. Can't find corresponding node name "A[4]" in design.
Warning: Ignored node in vector source file. Can't find corresponding node name "A[3]" in design.
Warning: Ignored node in vector source file. Can't find corresponding node name "A[2]" in design.
Warning: Ignored node in vector source file. Can't find corresponding node name "A[1]" in design.
Warning: Ignored node in vector source file. Can't find corresponding node name "A[0]" in design.
Warning: Ignored node in vector source file. Can't find corresponding node name "B[7]" in design.
Warning: Ignored node in vector source file. Can't find corresponding node name "B[6]" in design.
Warning: Ignored node in vector source file. Can't find corresponding node name "B[5]" in design.
Warning: Ignored node in vector source file. Can't find corresponding node name "B[4]" in design.
Warning: Ignored node in vector source file. Can't find corresponding node name "B[3]" in design.
Warning: Ignored node in vector source file. Can't find corresponding node name "B[2]" in design.
Warning: Ignored node in vector source file. Can't find corresponding node name "B[1]" in design.
Warning: Ignored node in vector source file. Can't find corresponding node name "B[0]" in design.
Warning: Ignored node in vector source file. Can't find corresponding node name "ALU_out[7]" in design.
Warning: Ignored node in vector source file. Can't find corresponding node name "ALU_out[6]" in design.
Warning: Ignored node in vector source file. Can't find corresponding node name "ALU_out[5]" in design.
Warning: Ignored node in vector source file. Can't find corresponding node name "ALU_out[4]" in design.
Warning: Ignored node in vector source file. Can't find corresponding node name "ALU_out[3]" in design.
Warning: Ignored node in vector source file. Can't find corresponding node name "ALU_out[2]" in design.
Warning: Ignored node in vector source file. Can't find corresponding node name "ALU_out[1]" in design.
Warning: Ignored node in vector source file. Can't find corresponding node name "ALU_out[0]" in design.
Warning: Ignored node in vector source file. Can't find corresponding node name "ZF" in design.
Warning: Ignored node in vector source file. Can't find corresponding node name "NF" in design.
Warning: Ignored node in vector source file. Can't find corresponding node name "CF" in design.
Warning: Can't find signal in vector source file for input pin "|lab5_var4_v1|rst_n"
Info: Option to preserve fewer signal transitions to reduce memory requirements is enabled
    Info: Simulation has been partitioned into sub-simulations according to the maximum transition count determined by the engine. Transitions from memory will be flushed out to disk at the end of each sub-simulation to reduce memory requirements.
Info: Simulation partitioned into 1 sub-simulations
Info: Simulation coverage is      36.55 %
Info: Number of transitions in simulation is 3088
Info: Quartus II Simulator was successful. 0 errors, 30 warnings
    Info: Peak virtual memory: 167 megabytes
    Info: Processing ended: Tue May 26 01:39:25 2026
    Info: Elapsed time: 00:00:01
    Info: Total CPU time (on all processors): 00:00:01


