Simulator report for laba7_var1
Mon May 04 00:29:20 2026
Quartus II Version 9.1 Build 222 10/21/2009 SJ Web Edition


---------------------
; Table of Contents ;
---------------------
  1. Legal Notice
  2. Simulator Summary
  3. Simulator Settings
  4. Simulation Waveforms
  5. Coverage Summary
  6. Complete 1/0-Value Coverage
  7. Missing 1-Value Coverage
  8. Missing 0-Value Coverage
  9. Simulator INI Usage
 10. Simulator Messages



----------------
; Legal Notice ;
----------------
Copyright (C) 1991-2009 Altera Corporation
Your use of Altera Corporation's design tools, logic functions 
and other software and tools, and its AMPP partner logic 
functions, and any output files from any of the foregoing 
(including device programming or simulation files), and any 
associated documentation or information are expressly subject 
to the terms and conditions of the Altera Program License 
Subscription Agreement, Altera MegaCore Function License 
Agreement, or other applicable license agreement, including, 
without limitation, that your use is for the sole purpose of 
programming logic devices manufactured by Altera and sold by 
Altera or its authorized distributors.  Please refer to the 
applicable agreement for further details.



+--------------------------------------------+
; Simulator Summary                          ;
+-----------------------------+--------------+
; Type                        ; Value        ;
+-----------------------------+--------------+
; Simulation Start Time       ; 0 ps         ;
; Simulation End Time         ; 10.0 us      ;
; Simulation Netlist Size     ; 207 nodes    ;
; Simulation Coverage         ;      31.70 % ;
; Total Number of Transitions ; 18897        ;
; Simulation Breakpoints      ; 0            ;
; Family                      ; Stratix II   ;
+-----------------------------+--------------+


+-----------------------------------------------------------------------------------------------------------------------------+
; Simulator Settings                                                                                                          ;
+--------------------------------------------------------------------------------------------+----------------+---------------+
; Option                                                                                     ; Setting        ; Default Value ;
+--------------------------------------------------------------------------------------------+----------------+---------------+
; Simulation mode                                                                            ; Functional     ; Timing        ;
; Start time                                                                                 ; 0 ns           ; 0 ns          ;
; Simulation results format                                                                  ; CVWF           ;               ;
; Vector input source                                                                        ; laba7_var1.vwf ;               ;
; Add pins automatically to simulation output waveforms                                      ; On             ; On            ;
; Check outputs                                                                              ; Off            ; Off           ;
; Report simulation coverage                                                                 ; On             ; On            ;
; Display complete 1/0 value coverage report                                                 ; On             ; On            ;
; Display missing 1-value coverage report                                                    ; On             ; On            ;
; Display missing 0-value coverage report                                                    ; On             ; On            ;
; Detect setup and hold time violations                                                      ; Off            ; Off           ;
; Detect glitches                                                                            ; Off            ; Off           ;
; Disable timing delays in Timing Simulation                                                 ; Off            ; Off           ;
; Generate Signal Activity File                                                              ; Off            ; Off           ;
; Generate VCD File for PowerPlay Power Analyzer                                             ; Off            ; Off           ;
; Group bus channels in simulation results                                                   ; Off            ; Off           ;
; Preserve fewer signal transitions to reduce memory requirements                            ; On             ; On            ;
; Trigger vector comparison with the specified mode                                          ; SELECTED_EDGE  ; INPUT_EDGE    ;
; Disable setup and hold time violations detection in input registers of bi-directional pins ; Off            ; Off           ;
; Overwrite Waveform Inputs With Simulation Outputs                                          ; Off            ;               ;
; Perform Glitch Filtering in Timing Simulation                                              ; Auto           ; Auto          ;
+--------------------------------------------------------------------------------------------+----------------+---------------+


+----------------------+
; Simulation Waveforms ;
+----------------------+
Waveform report data cannot be output to ASCII.
Please use Quartus II to view the waveform report data.


+--------------------------------------------------------------------+
; Coverage Summary                                                   ;
+-----------------------------------------------------+--------------+
; Type                                                ; Value        ;
+-----------------------------------------------------+--------------+
; Total coverage as a percentage                      ;      31.70 % ;
; Total nodes checked                                 ; 207          ;
; Total output ports checked                          ; 224          ;
; Total output ports with complete 1/0-value coverage ; 71           ;
; Total output ports with no 1/0-value coverage       ; 101          ;
; Total output ports with no 1-value coverage         ; 137          ;
; Total output ports with no 0-value coverage         ; 117          ;
+-----------------------------------------------------+--------------+


The following table displays output ports that toggle between 1 and 0 during simulation.
+----------------------------------------------------------------------------------------------------------------------------------------------------------------------------------------------------------------------------------------------------------------------------------------------------------------------------+
; Complete 1/0-Value Coverage                                                                                                                                                                                                                                                                                                ;
+----------------------------------------------------------------------------------------------------------------------------------------------------+----------------------------------------------------------------------------------------------------------------------------------------------------+------------------+
; Node Name                                                                                                                                          ; Output Port Name                                                                                                                                   ; Output Port Type ;
+----------------------------------------------------------------------------------------------------------------------------------------------------+----------------------------------------------------------------------------------------------------------------------------------------------------+------------------+
; |laba7_var1|sign                                                                                                                                   ; |laba7_var1|sign                                                                                                                                   ; pin_out          ;
; |laba7_var1|inst11                                                                                                                                 ; |laba7_var1|inst11                                                                                                                                 ; out0             ;
; |laba7_var1|clk                                                                                                                                    ; |laba7_var1|clk                                                                                                                                    ; out              ;
; |laba7_var1|inst9                                                                                                                                  ; |laba7_var1|inst9                                                                                                                                  ; out0             ;
; |laba7_var1|start                                                                                                                                  ; |laba7_var1|start                                                                                                                                  ; out              ;
; |laba7_var1|bus_in_1                                                                                                                               ; |laba7_var1|bus_in_1                                                                                                                               ; pin_out          ;
; |laba7_var1|bus_out_1                                                                                                                              ; |laba7_var1|bus_out_1                                                                                                                              ; pin_out          ;
; |laba7_var1|bus_out_2                                                                                                                              ; |laba7_var1|bus_out_2                                                                                                                              ; pin_out          ;
; |laba7_var1|bus_out_3                                                                                                                              ; |laba7_var1|bus_out_3                                                                                                                              ; pin_out          ;
; |laba7_var1|bus_out_4                                                                                                                              ; |laba7_var1|bus_out_4                                                                                                                              ; pin_out          ;
; |laba7_var1|slave_block_1:inst4|lpm_counter4:inst15|lpm_counter:lpm_counter_component|cntr_4hk:auto_generated|counter_comb_bita0                   ; |laba7_var1|slave_block_1:inst4|lpm_counter4:inst15|lpm_counter:lpm_counter_component|cntr_4hk:auto_generated|counter_comb_bita0                   ; sumout           ;
; |laba7_var1|slave_block_1:inst4|lpm_counter4:inst15|lpm_counter:lpm_counter_component|cntr_4hk:auto_generated|counter_comb_bita0                   ; |laba7_var1|slave_block_1:inst4|lpm_counter4:inst15|lpm_counter:lpm_counter_component|cntr_4hk:auto_generated|counter_comb_bita0~COUT              ; cout             ;
; |laba7_var1|slave_block_1:inst4|lpm_counter4:inst15|lpm_counter:lpm_counter_component|cntr_4hk:auto_generated|counter_comb_bita1                   ; |laba7_var1|slave_block_1:inst4|lpm_counter4:inst15|lpm_counter:lpm_counter_component|cntr_4hk:auto_generated|counter_comb_bita1                   ; sumout           ;
; |laba7_var1|slave_block_1:inst4|lpm_counter4:inst15|lpm_counter:lpm_counter_component|cntr_4hk:auto_generated|counter_reg_bit1a[0]                 ; |laba7_var1|slave_block_1:inst4|lpm_counter4:inst15|lpm_counter:lpm_counter_component|cntr_4hk:auto_generated|safe_q[0]                            ; regout           ;
; |laba7_var1|master_block_1:inst|inst6                                                                                                              ; |laba7_var1|master_block_1:inst|inst6                                                                                                              ; out0             ;
; |laba7_var1|master_block_1:inst|lpm_counter1:inst1|lpm_counter:lpm_counter_component|cntr_a9l:auto_generated|cout_actual                           ; |laba7_var1|master_block_1:inst|lpm_counter1:inst1|lpm_counter:lpm_counter_component|cntr_a9l:auto_generated|cout_actual                           ; out0             ;
; |laba7_var1|master_block_1:inst|lpm_counter1:inst1|lpm_counter:lpm_counter_component|cntr_a9l:auto_generated|counter_comb_bita0                    ; |laba7_var1|master_block_1:inst|lpm_counter1:inst1|lpm_counter:lpm_counter_component|cntr_a9l:auto_generated|counter_comb_bita0                    ; sumout           ;
; |laba7_var1|master_block_1:inst|lpm_counter1:inst1|lpm_counter:lpm_counter_component|cntr_a9l:auto_generated|counter_comb_bita0                    ; |laba7_var1|master_block_1:inst|lpm_counter1:inst1|lpm_counter:lpm_counter_component|cntr_a9l:auto_generated|counter_comb_bita0~COUT               ; cout             ;
; |laba7_var1|master_block_1:inst|lpm_counter1:inst1|lpm_counter:lpm_counter_component|cntr_a9l:auto_generated|counter_comb_bita1                    ; |laba7_var1|master_block_1:inst|lpm_counter1:inst1|lpm_counter:lpm_counter_component|cntr_a9l:auto_generated|counter_comb_bita1                    ; sumout           ;
; |laba7_var1|master_block_1:inst|lpm_counter1:inst1|lpm_counter:lpm_counter_component|cntr_a9l:auto_generated|counter_comb_bita1                    ; |laba7_var1|master_block_1:inst|lpm_counter1:inst1|lpm_counter:lpm_counter_component|cntr_a9l:auto_generated|counter_comb_bita1~COUT               ; cout             ;
; |laba7_var1|master_block_1:inst|lpm_counter1:inst1|lpm_counter:lpm_counter_component|cntr_a9l:auto_generated|counter_comb_bita2                    ; |laba7_var1|master_block_1:inst|lpm_counter1:inst1|lpm_counter:lpm_counter_component|cntr_a9l:auto_generated|counter_comb_bita2                    ; sumout           ;
; |laba7_var1|master_block_1:inst|lpm_counter1:inst1|lpm_counter:lpm_counter_component|cntr_a9l:auto_generated|counter_comb_bita2                    ; |laba7_var1|master_block_1:inst|lpm_counter1:inst1|lpm_counter:lpm_counter_component|cntr_a9l:auto_generated|counter_comb_bita2~COUT               ; cout             ;
; |laba7_var1|master_block_1:inst|lpm_counter1:inst1|lpm_counter:lpm_counter_component|cntr_a9l:auto_generated|counter_reg_bit1a[2]                  ; |laba7_var1|master_block_1:inst|lpm_counter1:inst1|lpm_counter:lpm_counter_component|cntr_a9l:auto_generated|safe_q[2]                             ; regout           ;
; |laba7_var1|master_block_1:inst|lpm_counter1:inst1|lpm_counter:lpm_counter_component|cntr_a9l:auto_generated|counter_reg_bit1a[1]                  ; |laba7_var1|master_block_1:inst|lpm_counter1:inst1|lpm_counter:lpm_counter_component|cntr_a9l:auto_generated|safe_q[1]                             ; regout           ;
; |laba7_var1|master_block_1:inst|lpm_counter1:inst1|lpm_counter:lpm_counter_component|cntr_a9l:auto_generated|counter_reg_bit1a[0]                  ; |laba7_var1|master_block_1:inst|lpm_counter1:inst1|lpm_counter:lpm_counter_component|cntr_a9l:auto_generated|safe_q[0]                             ; regout           ;
; |laba7_var1|master_block_1:inst|lpm_counter1:inst1|lpm_counter:lpm_counter_component|cntr_a9l:auto_generated|cmpr_9dc:cmpr2|aneb_result_wire[0]    ; |laba7_var1|master_block_1:inst|lpm_counter1:inst1|lpm_counter:lpm_counter_component|cntr_a9l:auto_generated|cmpr_9dc:cmpr2|aneb_result_wire[0]    ; out0             ;
; |laba7_var1|master_block_1:inst|lpm_counter1:inst1|lpm_counter:lpm_counter_component|cntr_a9l:auto_generated|cmpr_9dc:cmpr2|data_wire[0]           ; |laba7_var1|master_block_1:inst|lpm_counter1:inst1|lpm_counter:lpm_counter_component|cntr_a9l:auto_generated|cmpr_9dc:cmpr2|data_wire[0]           ; out0             ;
; |laba7_var1|master_block_2:inst12|inst6                                                                                                            ; |laba7_var1|master_block_2:inst12|inst6                                                                                                            ; out0             ;
; |laba7_var1|master_block_2:inst12|inst7                                                                                                            ; |laba7_var1|master_block_2:inst12|inst7                                                                                                            ; out0             ;
; |laba7_var1|master_block_2:inst12|lpm_counter2:inst11|lpm_counter:lpm_counter_component|cntr_33k:auto_generated|cout_actual                        ; |laba7_var1|master_block_2:inst12|lpm_counter2:inst11|lpm_counter:lpm_counter_component|cntr_33k:auto_generated|cout_actual                        ; out0             ;
; |laba7_var1|master_block_2:inst12|lpm_counter2:inst11|lpm_counter:lpm_counter_component|cntr_33k:auto_generated|counter_comb_bita0                 ; |laba7_var1|master_block_2:inst12|lpm_counter2:inst11|lpm_counter:lpm_counter_component|cntr_33k:auto_generated|counter_comb_bita0                 ; sumout           ;
; |laba7_var1|master_block_2:inst12|lpm_counter2:inst11|lpm_counter:lpm_counter_component|cntr_33k:auto_generated|counter_comb_bita0                 ; |laba7_var1|master_block_2:inst12|lpm_counter2:inst11|lpm_counter:lpm_counter_component|cntr_33k:auto_generated|counter_comb_bita0~COUT            ; cout             ;
; |laba7_var1|master_block_2:inst12|lpm_counter2:inst11|lpm_counter:lpm_counter_component|cntr_33k:auto_generated|counter_comb_bita1                 ; |laba7_var1|master_block_2:inst12|lpm_counter2:inst11|lpm_counter:lpm_counter_component|cntr_33k:auto_generated|counter_comb_bita1                 ; sumout           ;
; |laba7_var1|master_block_2:inst12|lpm_counter2:inst11|lpm_counter:lpm_counter_component|cntr_33k:auto_generated|counter_comb_bita1                 ; |laba7_var1|master_block_2:inst12|lpm_counter2:inst11|lpm_counter:lpm_counter_component|cntr_33k:auto_generated|counter_comb_bita1~COUT            ; cout             ;
; |laba7_var1|master_block_2:inst12|lpm_counter2:inst11|lpm_counter:lpm_counter_component|cntr_33k:auto_generated|counter_comb_bita2                 ; |laba7_var1|master_block_2:inst12|lpm_counter2:inst11|lpm_counter:lpm_counter_component|cntr_33k:auto_generated|counter_comb_bita2                 ; sumout           ;
; |laba7_var1|master_block_2:inst12|lpm_counter2:inst11|lpm_counter:lpm_counter_component|cntr_33k:auto_generated|counter_comb_bita2                 ; |laba7_var1|master_block_2:inst12|lpm_counter2:inst11|lpm_counter:lpm_counter_component|cntr_33k:auto_generated|counter_comb_bita2~COUT            ; cout             ;
; |laba7_var1|master_block_2:inst12|lpm_counter2:inst11|lpm_counter:lpm_counter_component|cntr_33k:auto_generated|counter_reg_bit1a[2]               ; |laba7_var1|master_block_2:inst12|lpm_counter2:inst11|lpm_counter:lpm_counter_component|cntr_33k:auto_generated|safe_q[2]                          ; regout           ;
; |laba7_var1|master_block_2:inst12|lpm_counter2:inst11|lpm_counter:lpm_counter_component|cntr_33k:auto_generated|counter_reg_bit1a[1]               ; |laba7_var1|master_block_2:inst12|lpm_counter2:inst11|lpm_counter:lpm_counter_component|cntr_33k:auto_generated|safe_q[1]                          ; regout           ;
; |laba7_var1|master_block_2:inst12|lpm_counter2:inst11|lpm_counter:lpm_counter_component|cntr_33k:auto_generated|counter_reg_bit1a[0]               ; |laba7_var1|master_block_2:inst12|lpm_counter2:inst11|lpm_counter:lpm_counter_component|cntr_33k:auto_generated|safe_q[0]                          ; regout           ;
; |laba7_var1|master_block_2:inst12|lpm_counter2:inst11|lpm_counter:lpm_counter_component|cntr_33k:auto_generated|cmpr_9dc:cmpr2|aneb_result_wire[0] ; |laba7_var1|master_block_2:inst12|lpm_counter2:inst11|lpm_counter:lpm_counter_component|cntr_33k:auto_generated|cmpr_9dc:cmpr2|aneb_result_wire[0] ; out0             ;
; |laba7_var1|master_block_2:inst12|lpm_counter2:inst11|lpm_counter:lpm_counter_component|cntr_33k:auto_generated|cmpr_9dc:cmpr2|data_wire[0]        ; |laba7_var1|master_block_2:inst12|lpm_counter2:inst11|lpm_counter:lpm_counter_component|cntr_33k:auto_generated|cmpr_9dc:cmpr2|data_wire[0]        ; out0             ;
; |laba7_var1|master_block_3:inst13|inst6                                                                                                            ; |laba7_var1|master_block_3:inst13|inst6                                                                                                            ; out0             ;
; |laba7_var1|master_block_3:inst13|lpm_counter3:inst1|lpm_counter:lpm_counter_component|cntr_83k:auto_generated|cout_actual                         ; |laba7_var1|master_block_3:inst13|lpm_counter3:inst1|lpm_counter:lpm_counter_component|cntr_83k:auto_generated|cout_actual                         ; out0             ;
; |laba7_var1|master_block_3:inst13|lpm_counter3:inst1|lpm_counter:lpm_counter_component|cntr_83k:auto_generated|counter_comb_bita0                  ; |laba7_var1|master_block_3:inst13|lpm_counter3:inst1|lpm_counter:lpm_counter_component|cntr_83k:auto_generated|counter_comb_bita0                  ; sumout           ;
; |laba7_var1|master_block_3:inst13|lpm_counter3:inst1|lpm_counter:lpm_counter_component|cntr_83k:auto_generated|counter_comb_bita0                  ; |laba7_var1|master_block_3:inst13|lpm_counter3:inst1|lpm_counter:lpm_counter_component|cntr_83k:auto_generated|counter_comb_bita0~COUT             ; cout             ;
; |laba7_var1|master_block_3:inst13|lpm_counter3:inst1|lpm_counter:lpm_counter_component|cntr_83k:auto_generated|counter_comb_bita1                  ; |laba7_var1|master_block_3:inst13|lpm_counter3:inst1|lpm_counter:lpm_counter_component|cntr_83k:auto_generated|counter_comb_bita1                  ; sumout           ;
; |laba7_var1|master_block_3:inst13|lpm_counter3:inst1|lpm_counter:lpm_counter_component|cntr_83k:auto_generated|counter_comb_bita1                  ; |laba7_var1|master_block_3:inst13|lpm_counter3:inst1|lpm_counter:lpm_counter_component|cntr_83k:auto_generated|counter_comb_bita1~COUT             ; cout             ;
; |laba7_var1|master_block_3:inst13|lpm_counter3:inst1|lpm_counter:lpm_counter_component|cntr_83k:auto_generated|counter_comb_bita2                  ; |laba7_var1|master_block_3:inst13|lpm_counter3:inst1|lpm_counter:lpm_counter_component|cntr_83k:auto_generated|counter_comb_bita2                  ; sumout           ;
; |laba7_var1|master_block_3:inst13|lpm_counter3:inst1|lpm_counter:lpm_counter_component|cntr_83k:auto_generated|counter_comb_bita2                  ; |laba7_var1|master_block_3:inst13|lpm_counter3:inst1|lpm_counter:lpm_counter_component|cntr_83k:auto_generated|counter_comb_bita2~COUT             ; cout             ;
; |laba7_var1|master_block_3:inst13|lpm_counter3:inst1|lpm_counter:lpm_counter_component|cntr_83k:auto_generated|counter_comb_bita3                  ; |laba7_var1|master_block_3:inst13|lpm_counter3:inst1|lpm_counter:lpm_counter_component|cntr_83k:auto_generated|counter_comb_bita3                  ; sumout           ;
; |laba7_var1|master_block_3:inst13|lpm_counter3:inst1|lpm_counter:lpm_counter_component|cntr_83k:auto_generated|counter_comb_bita3                  ; |laba7_var1|master_block_3:inst13|lpm_counter3:inst1|lpm_counter:lpm_counter_component|cntr_83k:auto_generated|counter_comb_bita3~COUT             ; cout             ;
; |laba7_var1|master_block_3:inst13|lpm_counter3:inst1|lpm_counter:lpm_counter_component|cntr_83k:auto_generated|counter_reg_bit1a[3]                ; |laba7_var1|master_block_3:inst13|lpm_counter3:inst1|lpm_counter:lpm_counter_component|cntr_83k:auto_generated|safe_q[3]                           ; regout           ;
; |laba7_var1|master_block_3:inst13|lpm_counter3:inst1|lpm_counter:lpm_counter_component|cntr_83k:auto_generated|counter_reg_bit1a[2]                ; |laba7_var1|master_block_3:inst13|lpm_counter3:inst1|lpm_counter:lpm_counter_component|cntr_83k:auto_generated|safe_q[2]                           ; regout           ;
; |laba7_var1|master_block_3:inst13|lpm_counter3:inst1|lpm_counter:lpm_counter_component|cntr_83k:auto_generated|counter_reg_bit1a[1]                ; |laba7_var1|master_block_3:inst13|lpm_counter3:inst1|lpm_counter:lpm_counter_component|cntr_83k:auto_generated|safe_q[1]                           ; regout           ;
; |laba7_var1|master_block_3:inst13|lpm_counter3:inst1|lpm_counter:lpm_counter_component|cntr_83k:auto_generated|counter_reg_bit1a[0]                ; |laba7_var1|master_block_3:inst13|lpm_counter3:inst1|lpm_counter:lpm_counter_component|cntr_83k:auto_generated|safe_q[0]                           ; regout           ;
; |laba7_var1|master_block_3:inst13|lpm_counter3:inst1|lpm_counter:lpm_counter_component|cntr_83k:auto_generated|cmpr_adc:cmpr2|aneb_result_wire[0]  ; |laba7_var1|master_block_3:inst13|lpm_counter3:inst1|lpm_counter:lpm_counter_component|cntr_83k:auto_generated|cmpr_adc:cmpr2|aneb_result_wire[0]  ; out0             ;
; |laba7_var1|master_block_3:inst13|lpm_counter3:inst1|lpm_counter:lpm_counter_component|cntr_83k:auto_generated|cmpr_adc:cmpr2|data_wire[1]         ; |laba7_var1|master_block_3:inst13|lpm_counter3:inst1|lpm_counter:lpm_counter_component|cntr_83k:auto_generated|cmpr_adc:cmpr2|data_wire[1]         ; out0             ;
; |laba7_var1|master_block_3:inst13|lpm_counter3:inst1|lpm_counter:lpm_counter_component|cntr_83k:auto_generated|cmpr_adc:cmpr2|data_wire[0]         ; |laba7_var1|master_block_3:inst13|lpm_counter3:inst1|lpm_counter:lpm_counter_component|cntr_83k:auto_generated|cmpr_adc:cmpr2|data_wire[0]         ; out0             ;
; |laba7_var1|master_block_4:inst14|inst6                                                                                                            ; |laba7_var1|master_block_4:inst14|inst6                                                                                                            ; out0             ;
; |laba7_var1|master_block_4:inst14|inst7                                                                                                            ; |laba7_var1|master_block_4:inst14|inst7                                                                                                            ; out0             ;
; |laba7_var1|master_block_4:inst14|lpm_counter0:inst2|lpm_counter:lpm_counter_component|cntr_23k:auto_generated|cout_actual                         ; |laba7_var1|master_block_4:inst14|lpm_counter0:inst2|lpm_counter:lpm_counter_component|cntr_23k:auto_generated|cout_actual                         ; out0             ;
; |laba7_var1|master_block_4:inst14|lpm_counter0:inst2|lpm_counter:lpm_counter_component|cntr_23k:auto_generated|counter_comb_bita0                  ; |laba7_var1|master_block_4:inst14|lpm_counter0:inst2|lpm_counter:lpm_counter_component|cntr_23k:auto_generated|counter_comb_bita0                  ; sumout           ;
; |laba7_var1|master_block_4:inst14|lpm_counter0:inst2|lpm_counter:lpm_counter_component|cntr_23k:auto_generated|counter_comb_bita0                  ; |laba7_var1|master_block_4:inst14|lpm_counter0:inst2|lpm_counter:lpm_counter_component|cntr_23k:auto_generated|counter_comb_bita0~COUT             ; cout             ;
; |laba7_var1|master_block_4:inst14|lpm_counter0:inst2|lpm_counter:lpm_counter_component|cntr_23k:auto_generated|counter_comb_bita1                  ; |laba7_var1|master_block_4:inst14|lpm_counter0:inst2|lpm_counter:lpm_counter_component|cntr_23k:auto_generated|counter_comb_bita1                  ; sumout           ;
; |laba7_var1|master_block_4:inst14|lpm_counter0:inst2|lpm_counter:lpm_counter_component|cntr_23k:auto_generated|counter_comb_bita1                  ; |laba7_var1|master_block_4:inst14|lpm_counter0:inst2|lpm_counter:lpm_counter_component|cntr_23k:auto_generated|counter_comb_bita1~COUT             ; cout             ;
; |laba7_var1|master_block_4:inst14|lpm_counter0:inst2|lpm_counter:lpm_counter_component|cntr_23k:auto_generated|counter_comb_bita2                  ; |laba7_var1|master_block_4:inst14|lpm_counter0:inst2|lpm_counter:lpm_counter_component|cntr_23k:auto_generated|counter_comb_bita2                  ; sumout           ;
; |laba7_var1|master_block_4:inst14|lpm_counter0:inst2|lpm_counter:lpm_counter_component|cntr_23k:auto_generated|counter_reg_bit1a[1]                ; |laba7_var1|master_block_4:inst14|lpm_counter0:inst2|lpm_counter:lpm_counter_component|cntr_23k:auto_generated|safe_q[1]                           ; regout           ;
; |laba7_var1|master_block_4:inst14|lpm_counter0:inst2|lpm_counter:lpm_counter_component|cntr_23k:auto_generated|counter_reg_bit1a[0]                ; |laba7_var1|master_block_4:inst14|lpm_counter0:inst2|lpm_counter:lpm_counter_component|cntr_23k:auto_generated|safe_q[0]                           ; regout           ;
; |laba7_var1|master_block_4:inst14|lpm_counter0:inst2|lpm_counter:lpm_counter_component|cntr_23k:auto_generated|cmpr_9dc:cmpr2|aneb_result_wire[0]  ; |laba7_var1|master_block_4:inst14|lpm_counter0:inst2|lpm_counter:lpm_counter_component|cntr_23k:auto_generated|cmpr_9dc:cmpr2|aneb_result_wire[0]  ; out0             ;
; |laba7_var1|master_block_4:inst14|lpm_counter0:inst2|lpm_counter:lpm_counter_component|cntr_23k:auto_generated|cmpr_9dc:cmpr2|data_wire[0]         ; |laba7_var1|master_block_4:inst14|lpm_counter0:inst2|lpm_counter:lpm_counter_component|cntr_23k:auto_generated|cmpr_9dc:cmpr2|data_wire[0]         ; out0             ;
; |laba7_var1|master_block_4:inst14|lpm_dff2:inst10|lpm_ff:lpm_ff_component|dffs[0]                                                                  ; |laba7_var1|master_block_4:inst14|lpm_dff2:inst10|lpm_ff:lpm_ff_component|dffs[0]                                                                  ; regout           ;
+----------------------------------------------------------------------------------------------------------------------------------------------------+----------------------------------------------------------------------------------------------------------------------------------------------------+------------------+


The following table displays output ports that do not toggle to 1 during simulation.
+------------------------------------------------------------------------------------------------------------------------------------------------------------------------------------------------------------------------------------------------------------------------------------------------------------------------+
; Missing 1-Value Coverage                                                                                                                                                                                                                                                                                               ;
+--------------------------------------------------------------------------------------------------------------------------------------------------+--------------------------------------------------------------------------------------------------------------------------------------------------+------------------+
; Node Name                                                                                                                                        ; Output Port Name                                                                                                                                 ; Output Port Type ;
+--------------------------------------------------------------------------------------------------------------------------------------------------+--------------------------------------------------------------------------------------------------------------------------------------------------+------------------+
; |laba7_var1|gdfx_temp0[15]                                                                                                                       ; |laba7_var1|gdfx_temp0[15]                                                                                                                       ; out0             ;
; |laba7_var1|gdfx_temp0[14]                                                                                                                       ; |laba7_var1|gdfx_temp0[14]                                                                                                                       ; out0             ;
; |laba7_var1|gdfx_temp0[13]                                                                                                                       ; |laba7_var1|gdfx_temp0[13]                                                                                                                       ; out0             ;
; |laba7_var1|gdfx_temp0[12]                                                                                                                       ; |laba7_var1|gdfx_temp0[12]                                                                                                                       ; out0             ;
; |laba7_var1|gdfx_temp0[11]                                                                                                                       ; |laba7_var1|gdfx_temp0[11]                                                                                                                       ; out0             ;
; |laba7_var1|gdfx_temp0[10]                                                                                                                       ; |laba7_var1|gdfx_temp0[10]                                                                                                                       ; out0             ;
; |laba7_var1|gdfx_temp0[9]                                                                                                                        ; |laba7_var1|gdfx_temp0[9]                                                                                                                        ; out0             ;
; |laba7_var1|gdfx_temp0[8]                                                                                                                        ; |laba7_var1|gdfx_temp0[8]                                                                                                                        ; out0             ;
; |laba7_var1|gdfx_temp0[7]                                                                                                                        ; |laba7_var1|gdfx_temp0[7]                                                                                                                        ; out0             ;
; |laba7_var1|gdfx_temp0[6]                                                                                                                        ; |laba7_var1|gdfx_temp0[6]                                                                                                                        ; out0             ;
; |laba7_var1|gdfx_temp0[5]                                                                                                                        ; |laba7_var1|gdfx_temp0[5]                                                                                                                        ; out0             ;
; |laba7_var1|gdfx_temp0[4]                                                                                                                        ; |laba7_var1|gdfx_temp0[4]                                                                                                                        ; out0             ;
; |laba7_var1|ack                                                                                                                                  ; |laba7_var1|ack                                                                                                                                  ; pin_out          ;
; |laba7_var1|data_out_1[15]                                                                                                                       ; |laba7_var1|data_out_1[15]                                                                                                                       ; pin_out          ;
; |laba7_var1|data_out_1[14]                                                                                                                       ; |laba7_var1|data_out_1[14]                                                                                                                       ; pin_out          ;
; |laba7_var1|data_out_1[13]                                                                                                                       ; |laba7_var1|data_out_1[13]                                                                                                                       ; pin_out          ;
; |laba7_var1|data_out_1[12]                                                                                                                       ; |laba7_var1|data_out_1[12]                                                                                                                       ; pin_out          ;
; |laba7_var1|data_out_1[11]                                                                                                                       ; |laba7_var1|data_out_1[11]                                                                                                                       ; pin_out          ;
; |laba7_var1|data_out_1[10]                                                                                                                       ; |laba7_var1|data_out_1[10]                                                                                                                       ; pin_out          ;
; |laba7_var1|data_out_1[9]                                                                                                                        ; |laba7_var1|data_out_1[9]                                                                                                                        ; pin_out          ;
; |laba7_var1|data_out_1[8]                                                                                                                        ; |laba7_var1|data_out_1[8]                                                                                                                        ; pin_out          ;
; |laba7_var1|data_out_1[7]                                                                                                                        ; |laba7_var1|data_out_1[7]                                                                                                                        ; pin_out          ;
; |laba7_var1|data_out_1[6]                                                                                                                        ; |laba7_var1|data_out_1[6]                                                                                                                        ; pin_out          ;
; |laba7_var1|data_out_1[5]                                                                                                                        ; |laba7_var1|data_out_1[5]                                                                                                                        ; pin_out          ;
; |laba7_var1|data_out_1[4]                                                                                                                        ; |laba7_var1|data_out_1[4]                                                                                                                        ; pin_out          ;
; |laba7_var1|data_out_2[15]                                                                                                                       ; |laba7_var1|data_out_2[15]                                                                                                                       ; pin_out          ;
; |laba7_var1|data_out_2[14]                                                                                                                       ; |laba7_var1|data_out_2[14]                                                                                                                       ; pin_out          ;
; |laba7_var1|data_out_2[13]                                                                                                                       ; |laba7_var1|data_out_2[13]                                                                                                                       ; pin_out          ;
; |laba7_var1|data_out_2[12]                                                                                                                       ; |laba7_var1|data_out_2[12]                                                                                                                       ; pin_out          ;
; |laba7_var1|data_out_2[11]                                                                                                                       ; |laba7_var1|data_out_2[11]                                                                                                                       ; pin_out          ;
; |laba7_var1|data_out_2[10]                                                                                                                       ; |laba7_var1|data_out_2[10]                                                                                                                       ; pin_out          ;
; |laba7_var1|data_out_2[9]                                                                                                                        ; |laba7_var1|data_out_2[9]                                                                                                                        ; pin_out          ;
; |laba7_var1|data_out_2[8]                                                                                                                        ; |laba7_var1|data_out_2[8]                                                                                                                        ; pin_out          ;
; |laba7_var1|data_out_2[7]                                                                                                                        ; |laba7_var1|data_out_2[7]                                                                                                                        ; pin_out          ;
; |laba7_var1|data_out_2[6]                                                                                                                        ; |laba7_var1|data_out_2[6]                                                                                                                        ; pin_out          ;
; |laba7_var1|data_out_2[5]                                                                                                                        ; |laba7_var1|data_out_2[5]                                                                                                                        ; pin_out          ;
; |laba7_var1|data_out_2[4]                                                                                                                        ; |laba7_var1|data_out_2[4]                                                                                                                        ; pin_out          ;
; |laba7_var1|data_out_2[3]                                                                                                                        ; |laba7_var1|data_out_2[3]                                                                                                                        ; pin_out          ;
; |laba7_var1|data_out_2[2]                                                                                                                        ; |laba7_var1|data_out_2[2]                                                                                                                        ; pin_out          ;
; |laba7_var1|data_out_2[1]                                                                                                                        ; |laba7_var1|data_out_2[1]                                                                                                                        ; pin_out          ;
; |laba7_var1|data_out_2[0]                                                                                                                        ; |laba7_var1|data_out_2[0]                                                                                                                        ; pin_out          ;
; |laba7_var1|slave_block_1:inst4|lpm_ff0:inst16|lpm_ff:lpm_ff_component|dffs[15]                                                                  ; |laba7_var1|slave_block_1:inst4|lpm_ff0:inst16|lpm_ff:lpm_ff_component|dffs[15]                                                                  ; regout           ;
; |laba7_var1|slave_block_1:inst4|lpm_ff0:inst16|lpm_ff:lpm_ff_component|dffs[14]                                                                  ; |laba7_var1|slave_block_1:inst4|lpm_ff0:inst16|lpm_ff:lpm_ff_component|dffs[14]                                                                  ; regout           ;
; |laba7_var1|slave_block_1:inst4|lpm_ff0:inst16|lpm_ff:lpm_ff_component|dffs[13]                                                                  ; |laba7_var1|slave_block_1:inst4|lpm_ff0:inst16|lpm_ff:lpm_ff_component|dffs[13]                                                                  ; regout           ;
; |laba7_var1|slave_block_1:inst4|lpm_ff0:inst16|lpm_ff:lpm_ff_component|dffs[12]                                                                  ; |laba7_var1|slave_block_1:inst4|lpm_ff0:inst16|lpm_ff:lpm_ff_component|dffs[12]                                                                  ; regout           ;
; |laba7_var1|slave_block_1:inst4|lpm_ff0:inst16|lpm_ff:lpm_ff_component|dffs[11]                                                                  ; |laba7_var1|slave_block_1:inst4|lpm_ff0:inst16|lpm_ff:lpm_ff_component|dffs[11]                                                                  ; regout           ;
; |laba7_var1|slave_block_1:inst4|lpm_ff0:inst16|lpm_ff:lpm_ff_component|dffs[10]                                                                  ; |laba7_var1|slave_block_1:inst4|lpm_ff0:inst16|lpm_ff:lpm_ff_component|dffs[10]                                                                  ; regout           ;
; |laba7_var1|slave_block_1:inst4|lpm_ff0:inst16|lpm_ff:lpm_ff_component|dffs[9]                                                                   ; |laba7_var1|slave_block_1:inst4|lpm_ff0:inst16|lpm_ff:lpm_ff_component|dffs[9]                                                                   ; regout           ;
; |laba7_var1|slave_block_1:inst4|lpm_ff0:inst16|lpm_ff:lpm_ff_component|dffs[8]                                                                   ; |laba7_var1|slave_block_1:inst4|lpm_ff0:inst16|lpm_ff:lpm_ff_component|dffs[8]                                                                   ; regout           ;
; |laba7_var1|slave_block_1:inst4|lpm_ff0:inst16|lpm_ff:lpm_ff_component|dffs[7]                                                                   ; |laba7_var1|slave_block_1:inst4|lpm_ff0:inst16|lpm_ff:lpm_ff_component|dffs[7]                                                                   ; regout           ;
; |laba7_var1|slave_block_1:inst4|lpm_ff0:inst16|lpm_ff:lpm_ff_component|dffs[6]                                                                   ; |laba7_var1|slave_block_1:inst4|lpm_ff0:inst16|lpm_ff:lpm_ff_component|dffs[6]                                                                   ; regout           ;
; |laba7_var1|slave_block_1:inst4|lpm_ff0:inst16|lpm_ff:lpm_ff_component|dffs[5]                                                                   ; |laba7_var1|slave_block_1:inst4|lpm_ff0:inst16|lpm_ff:lpm_ff_component|dffs[5]                                                                   ; regout           ;
; |laba7_var1|slave_block_1:inst4|lpm_ff0:inst16|lpm_ff:lpm_ff_component|dffs[4]                                                                   ; |laba7_var1|slave_block_1:inst4|lpm_ff0:inst16|lpm_ff:lpm_ff_component|dffs[4]                                                                   ; regout           ;
; |laba7_var1|slave_block_1:inst4|lpm_ff0:inst16|lpm_ff:lpm_ff_component|dffs[3]                                                                   ; |laba7_var1|slave_block_1:inst4|lpm_ff0:inst16|lpm_ff:lpm_ff_component|dffs[3]                                                                   ; regout           ;
; |laba7_var1|slave_block_1:inst4|lpm_ff0:inst16|lpm_ff:lpm_ff_component|dffs[2]                                                                   ; |laba7_var1|slave_block_1:inst4|lpm_ff0:inst16|lpm_ff:lpm_ff_component|dffs[2]                                                                   ; regout           ;
; |laba7_var1|slave_block_1:inst4|lpm_ff0:inst16|lpm_ff:lpm_ff_component|dffs[1]                                                                   ; |laba7_var1|slave_block_1:inst4|lpm_ff0:inst16|lpm_ff:lpm_ff_component|dffs[1]                                                                   ; regout           ;
; |laba7_var1|slave_block_1:inst4|lpm_ff0:inst16|lpm_ff:lpm_ff_component|dffs[0]                                                                   ; |laba7_var1|slave_block_1:inst4|lpm_ff0:inst16|lpm_ff:lpm_ff_component|dffs[0]                                                                   ; regout           ;
; |laba7_var1|slave_block_1:inst4|lpm_counter4:inst15|lpm_counter:lpm_counter_component|cntr_4hk:auto_generated|cout_actual                        ; |laba7_var1|slave_block_1:inst4|lpm_counter4:inst15|lpm_counter:lpm_counter_component|cntr_4hk:auto_generated|cout_actual                        ; out0             ;
; |laba7_var1|slave_block_1:inst4|lpm_counter4:inst15|lpm_counter:lpm_counter_component|cntr_4hk:auto_generated|counter_comb_bita1                 ; |laba7_var1|slave_block_1:inst4|lpm_counter4:inst15|lpm_counter:lpm_counter_component|cntr_4hk:auto_generated|counter_comb_bita1~COUT            ; cout             ;
; |laba7_var1|slave_block_1:inst4|lpm_counter4:inst15|lpm_counter:lpm_counter_component|cntr_4hk:auto_generated|counter_comb_bita2                 ; |laba7_var1|slave_block_1:inst4|lpm_counter4:inst15|lpm_counter:lpm_counter_component|cntr_4hk:auto_generated|counter_comb_bita2                 ; sumout           ;
; |laba7_var1|slave_block_1:inst4|lpm_counter4:inst15|lpm_counter:lpm_counter_component|cntr_4hk:auto_generated|counter_comb_bita2                 ; |laba7_var1|slave_block_1:inst4|lpm_counter4:inst15|lpm_counter:lpm_counter_component|cntr_4hk:auto_generated|counter_comb_bita2~COUT            ; cout             ;
; |laba7_var1|slave_block_1:inst4|lpm_counter4:inst15|lpm_counter:lpm_counter_component|cntr_4hk:auto_generated|counter_comb_bita3                 ; |laba7_var1|slave_block_1:inst4|lpm_counter4:inst15|lpm_counter:lpm_counter_component|cntr_4hk:auto_generated|counter_comb_bita3                 ; sumout           ;
; |laba7_var1|slave_block_1:inst4|lpm_counter4:inst15|lpm_counter:lpm_counter_component|cntr_4hk:auto_generated|counter_comb_bita3                 ; |laba7_var1|slave_block_1:inst4|lpm_counter4:inst15|lpm_counter:lpm_counter_component|cntr_4hk:auto_generated|counter_comb_bita3~COUT            ; cout             ;
; |laba7_var1|slave_block_1:inst4|lpm_counter4:inst15|lpm_counter:lpm_counter_component|cntr_4hk:auto_generated|counter_reg_bit1a[3]               ; |laba7_var1|slave_block_1:inst4|lpm_counter4:inst15|lpm_counter:lpm_counter_component|cntr_4hk:auto_generated|safe_q[3]                          ; regout           ;
; |laba7_var1|slave_block_1:inst4|lpm_counter4:inst15|lpm_counter:lpm_counter_component|cntr_4hk:auto_generated|counter_reg_bit1a[2]               ; |laba7_var1|slave_block_1:inst4|lpm_counter4:inst15|lpm_counter:lpm_counter_component|cntr_4hk:auto_generated|safe_q[2]                          ; regout           ;
; |laba7_var1|slave_block_1:inst4|lpm_counter4:inst15|lpm_counter:lpm_counter_component|cntr_4hk:auto_generated|counter_reg_bit1a[1]               ; |laba7_var1|slave_block_1:inst4|lpm_counter4:inst15|lpm_counter:lpm_counter_component|cntr_4hk:auto_generated|safe_q[1]                          ; regout           ;
; |laba7_var1|slave_block_1:inst4|lpm_counter4:inst15|lpm_counter:lpm_counter_component|cntr_4hk:auto_generated|cmpr_adc:cmpr2|aneb_result_wire[0] ; |laba7_var1|slave_block_1:inst4|lpm_counter4:inst15|lpm_counter:lpm_counter_component|cntr_4hk:auto_generated|cmpr_adc:cmpr2|aneb_result_wire[0] ; out0             ;
; |laba7_var1|slave_block_1:inst4|lpm_counter4:inst15|lpm_counter:lpm_counter_component|cntr_4hk:auto_generated|cmpr_adc:cmpr2|data_wire[1]        ; |laba7_var1|slave_block_1:inst4|lpm_counter4:inst15|lpm_counter:lpm_counter_component|cntr_4hk:auto_generated|cmpr_adc:cmpr2|data_wire[1]        ; out0             ;
; |laba7_var1|slave_block_1:inst4|lpm_counter4:inst15|lpm_counter:lpm_counter_component|cntr_4hk:auto_generated|cmpr_adc:cmpr2|data_wire[0]        ; |laba7_var1|slave_block_1:inst4|lpm_counter4:inst15|lpm_counter:lpm_counter_component|cntr_4hk:auto_generated|cmpr_adc:cmpr2|data_wire[0]        ; out0             ;
; |laba7_var1|slave_block_1:inst4|lpm_dff3:inst19|lpm_ff:lpm_ff_component|dffs[0]                                                                  ; |laba7_var1|slave_block_1:inst4|lpm_dff3:inst19|lpm_ff:lpm_ff_component|dffs[0]                                                                  ; regout           ;
; |laba7_var1|master_block_1:inst|inst7                                                                                                            ; |laba7_var1|master_block_1:inst|inst7                                                                                                            ; out0             ;
; |laba7_var1|master_block_1:inst|lpm_bustri0:inst4|lpm_bustri:lpm_bustri_component|dout[15]                                                       ; |laba7_var1|master_block_1:inst|lpm_bustri0:inst4|lpm_bustri:lpm_bustri_component|dout[15]                                                       ; out              ;
; |laba7_var1|master_block_1:inst|lpm_bustri0:inst4|lpm_bustri:lpm_bustri_component|dout[14]                                                       ; |laba7_var1|master_block_1:inst|lpm_bustri0:inst4|lpm_bustri:lpm_bustri_component|dout[14]                                                       ; out              ;
; |laba7_var1|master_block_1:inst|lpm_bustri0:inst4|lpm_bustri:lpm_bustri_component|dout[13]                                                       ; |laba7_var1|master_block_1:inst|lpm_bustri0:inst4|lpm_bustri:lpm_bustri_component|dout[13]                                                       ; out              ;
; |laba7_var1|master_block_1:inst|lpm_bustri0:inst4|lpm_bustri:lpm_bustri_component|dout[12]                                                       ; |laba7_var1|master_block_1:inst|lpm_bustri0:inst4|lpm_bustri:lpm_bustri_component|dout[12]                                                       ; out              ;
; |laba7_var1|master_block_1:inst|lpm_bustri0:inst4|lpm_bustri:lpm_bustri_component|dout[11]                                                       ; |laba7_var1|master_block_1:inst|lpm_bustri0:inst4|lpm_bustri:lpm_bustri_component|dout[11]                                                       ; out              ;
; |laba7_var1|master_block_1:inst|lpm_bustri0:inst4|lpm_bustri:lpm_bustri_component|dout[10]                                                       ; |laba7_var1|master_block_1:inst|lpm_bustri0:inst4|lpm_bustri:lpm_bustri_component|dout[10]                                                       ; out              ;
; |laba7_var1|master_block_1:inst|lpm_bustri0:inst4|lpm_bustri:lpm_bustri_component|dout[9]                                                        ; |laba7_var1|master_block_1:inst|lpm_bustri0:inst4|lpm_bustri:lpm_bustri_component|dout[9]                                                        ; out              ;
; |laba7_var1|master_block_1:inst|lpm_bustri0:inst4|lpm_bustri:lpm_bustri_component|dout[8]                                                        ; |laba7_var1|master_block_1:inst|lpm_bustri0:inst4|lpm_bustri:lpm_bustri_component|dout[8]                                                        ; out              ;
; |laba7_var1|master_block_1:inst|lpm_bustri0:inst4|lpm_bustri:lpm_bustri_component|dout[7]                                                        ; |laba7_var1|master_block_1:inst|lpm_bustri0:inst4|lpm_bustri:lpm_bustri_component|dout[7]                                                        ; out              ;
; |laba7_var1|master_block_1:inst|lpm_bustri0:inst4|lpm_bustri:lpm_bustri_component|dout[6]                                                        ; |laba7_var1|master_block_1:inst|lpm_bustri0:inst4|lpm_bustri:lpm_bustri_component|dout[6]                                                        ; out              ;
; |laba7_var1|master_block_1:inst|lpm_bustri0:inst4|lpm_bustri:lpm_bustri_component|dout[5]                                                        ; |laba7_var1|master_block_1:inst|lpm_bustri0:inst4|lpm_bustri:lpm_bustri_component|dout[5]                                                        ; out              ;
; |laba7_var1|master_block_1:inst|lpm_bustri0:inst4|lpm_bustri:lpm_bustri_component|dout[4]                                                        ; |laba7_var1|master_block_1:inst|lpm_bustri0:inst4|lpm_bustri:lpm_bustri_component|dout[4]                                                        ; out              ;
; |laba7_var1|master_block_1:inst|lpm_bustri0:inst4|lpm_bustri:lpm_bustri_component|dout[3]                                                        ; |laba7_var1|master_block_1:inst|lpm_bustri0:inst4|lpm_bustri:lpm_bustri_component|dout[3]                                                        ; out              ;
; |laba7_var1|master_block_1:inst|lpm_bustri0:inst4|lpm_bustri:lpm_bustri_component|dout[2]                                                        ; |laba7_var1|master_block_1:inst|lpm_bustri0:inst4|lpm_bustri:lpm_bustri_component|dout[2]                                                        ; out              ;
; |laba7_var1|master_block_1:inst|lpm_bustri0:inst4|lpm_bustri:lpm_bustri_component|dout[1]                                                        ; |laba7_var1|master_block_1:inst|lpm_bustri0:inst4|lpm_bustri:lpm_bustri_component|dout[1]                                                        ; out              ;
; |laba7_var1|master_block_1:inst|lpm_bustri0:inst4|lpm_bustri:lpm_bustri_component|dout[0]                                                        ; |laba7_var1|master_block_1:inst|lpm_bustri0:inst4|lpm_bustri:lpm_bustri_component|dout[0]                                                        ; out              ;
; |laba7_var1|master_block_1:inst|lpm_dff1:inst|lpm_ff:lpm_ff_component|dffs[0]                                                                    ; |laba7_var1|master_block_1:inst|lpm_dff1:inst|lpm_ff:lpm_ff_component|dffs[0]                                                                    ; regout           ;
; |laba7_var1|master_block_2:inst12|lpm_bustri0:inst4|lpm_bustri:lpm_bustri_component|dout[15]                                                     ; |laba7_var1|master_block_2:inst12|lpm_bustri0:inst4|lpm_bustri:lpm_bustri_component|dout[15]                                                     ; out              ;
; |laba7_var1|master_block_2:inst12|lpm_bustri0:inst4|lpm_bustri:lpm_bustri_component|dout[14]                                                     ; |laba7_var1|master_block_2:inst12|lpm_bustri0:inst4|lpm_bustri:lpm_bustri_component|dout[14]                                                     ; out              ;
; |laba7_var1|master_block_2:inst12|lpm_bustri0:inst4|lpm_bustri:lpm_bustri_component|dout[13]                                                     ; |laba7_var1|master_block_2:inst12|lpm_bustri0:inst4|lpm_bustri:lpm_bustri_component|dout[13]                                                     ; out              ;
; |laba7_var1|master_block_2:inst12|lpm_bustri0:inst4|lpm_bustri:lpm_bustri_component|dout[12]                                                     ; |laba7_var1|master_block_2:inst12|lpm_bustri0:inst4|lpm_bustri:lpm_bustri_component|dout[12]                                                     ; out              ;
; |laba7_var1|master_block_2:inst12|lpm_bustri0:inst4|lpm_bustri:lpm_bustri_component|dout[11]                                                     ; |laba7_var1|master_block_2:inst12|lpm_bustri0:inst4|lpm_bustri:lpm_bustri_component|dout[11]                                                     ; out              ;
; |laba7_var1|master_block_2:inst12|lpm_bustri0:inst4|lpm_bustri:lpm_bustri_component|dout[10]                                                     ; |laba7_var1|master_block_2:inst12|lpm_bustri0:inst4|lpm_bustri:lpm_bustri_component|dout[10]                                                     ; out              ;
; |laba7_var1|master_block_2:inst12|lpm_bustri0:inst4|lpm_bustri:lpm_bustri_component|dout[9]                                                      ; |laba7_var1|master_block_2:inst12|lpm_bustri0:inst4|lpm_bustri:lpm_bustri_component|dout[9]                                                      ; out              ;
; |laba7_var1|master_block_2:inst12|lpm_bustri0:inst4|lpm_bustri:lpm_bustri_component|dout[8]                                                      ; |laba7_var1|master_block_2:inst12|lpm_bustri0:inst4|lpm_bustri:lpm_bustri_component|dout[8]                                                      ; out              ;
; |laba7_var1|master_block_2:inst12|lpm_bustri0:inst4|lpm_bustri:lpm_bustri_component|dout[7]                                                      ; |laba7_var1|master_block_2:inst12|lpm_bustri0:inst4|lpm_bustri:lpm_bustri_component|dout[7]                                                      ; out              ;
; |laba7_var1|master_block_2:inst12|lpm_bustri0:inst4|lpm_bustri:lpm_bustri_component|dout[6]                                                      ; |laba7_var1|master_block_2:inst12|lpm_bustri0:inst4|lpm_bustri:lpm_bustri_component|dout[6]                                                      ; out              ;
; |laba7_var1|master_block_2:inst12|lpm_bustri0:inst4|lpm_bustri:lpm_bustri_component|dout[5]                                                      ; |laba7_var1|master_block_2:inst12|lpm_bustri0:inst4|lpm_bustri:lpm_bustri_component|dout[5]                                                      ; out              ;
; |laba7_var1|master_block_2:inst12|lpm_bustri0:inst4|lpm_bustri:lpm_bustri_component|dout[4]                                                      ; |laba7_var1|master_block_2:inst12|lpm_bustri0:inst4|lpm_bustri:lpm_bustri_component|dout[4]                                                      ; out              ;
; |laba7_var1|master_block_2:inst12|lpm_bustri0:inst4|lpm_bustri:lpm_bustri_component|dout[3]                                                      ; |laba7_var1|master_block_2:inst12|lpm_bustri0:inst4|lpm_bustri:lpm_bustri_component|dout[3]                                                      ; out              ;
; |laba7_var1|master_block_2:inst12|lpm_bustri0:inst4|lpm_bustri:lpm_bustri_component|dout[2]                                                      ; |laba7_var1|master_block_2:inst12|lpm_bustri0:inst4|lpm_bustri:lpm_bustri_component|dout[2]                                                      ; out              ;
; |laba7_var1|master_block_2:inst12|lpm_bustri0:inst4|lpm_bustri:lpm_bustri_component|dout[1]                                                      ; |laba7_var1|master_block_2:inst12|lpm_bustri0:inst4|lpm_bustri:lpm_bustri_component|dout[1]                                                      ; out              ;
; |laba7_var1|master_block_2:inst12|lpm_bustri0:inst4|lpm_bustri:lpm_bustri_component|dout[0]                                                      ; |laba7_var1|master_block_2:inst12|lpm_bustri0:inst4|lpm_bustri:lpm_bustri_component|dout[0]                                                      ; out              ;
; |laba7_var1|master_block_2:inst12|lpm_dff1:inst|lpm_ff:lpm_ff_component|dffs[0]                                                                  ; |laba7_var1|master_block_2:inst12|lpm_dff1:inst|lpm_ff:lpm_ff_component|dffs[0]                                                                  ; regout           ;
; |laba7_var1|master_block_3:inst13|inst7                                                                                                          ; |laba7_var1|master_block_3:inst13|inst7                                                                                                          ; out0             ;
; |laba7_var1|master_block_3:inst13|lpm_bustri0:inst4|lpm_bustri:lpm_bustri_component|dout[15]                                                     ; |laba7_var1|master_block_3:inst13|lpm_bustri0:inst4|lpm_bustri:lpm_bustri_component|dout[15]                                                     ; out              ;
; |laba7_var1|master_block_3:inst13|lpm_bustri0:inst4|lpm_bustri:lpm_bustri_component|dout[14]                                                     ; |laba7_var1|master_block_3:inst13|lpm_bustri0:inst4|lpm_bustri:lpm_bustri_component|dout[14]                                                     ; out              ;
; |laba7_var1|master_block_3:inst13|lpm_bustri0:inst4|lpm_bustri:lpm_bustri_component|dout[13]                                                     ; |laba7_var1|master_block_3:inst13|lpm_bustri0:inst4|lpm_bustri:lpm_bustri_component|dout[13]                                                     ; out              ;
; |laba7_var1|master_block_3:inst13|lpm_bustri0:inst4|lpm_bustri:lpm_bustri_component|dout[12]                                                     ; |laba7_var1|master_block_3:inst13|lpm_bustri0:inst4|lpm_bustri:lpm_bustri_component|dout[12]                                                     ; out              ;
; |laba7_var1|master_block_3:inst13|lpm_bustri0:inst4|lpm_bustri:lpm_bustri_component|dout[11]                                                     ; |laba7_var1|master_block_3:inst13|lpm_bustri0:inst4|lpm_bustri:lpm_bustri_component|dout[11]                                                     ; out              ;
; |laba7_var1|master_block_3:inst13|lpm_bustri0:inst4|lpm_bustri:lpm_bustri_component|dout[10]                                                     ; |laba7_var1|master_block_3:inst13|lpm_bustri0:inst4|lpm_bustri:lpm_bustri_component|dout[10]                                                     ; out              ;
; |laba7_var1|master_block_3:inst13|lpm_bustri0:inst4|lpm_bustri:lpm_bustri_component|dout[9]                                                      ; |laba7_var1|master_block_3:inst13|lpm_bustri0:inst4|lpm_bustri:lpm_bustri_component|dout[9]                                                      ; out              ;
; |laba7_var1|master_block_3:inst13|lpm_bustri0:inst4|lpm_bustri:lpm_bustri_component|dout[8]                                                      ; |laba7_var1|master_block_3:inst13|lpm_bustri0:inst4|lpm_bustri:lpm_bustri_component|dout[8]                                                      ; out              ;
; |laba7_var1|master_block_3:inst13|lpm_bustri0:inst4|lpm_bustri:lpm_bustri_component|dout[7]                                                      ; |laba7_var1|master_block_3:inst13|lpm_bustri0:inst4|lpm_bustri:lpm_bustri_component|dout[7]                                                      ; out              ;
; |laba7_var1|master_block_3:inst13|lpm_bustri0:inst4|lpm_bustri:lpm_bustri_component|dout[6]                                                      ; |laba7_var1|master_block_3:inst13|lpm_bustri0:inst4|lpm_bustri:lpm_bustri_component|dout[6]                                                      ; out              ;
; |laba7_var1|master_block_3:inst13|lpm_bustri0:inst4|lpm_bustri:lpm_bustri_component|dout[5]                                                      ; |laba7_var1|master_block_3:inst13|lpm_bustri0:inst4|lpm_bustri:lpm_bustri_component|dout[5]                                                      ; out              ;
; |laba7_var1|master_block_3:inst13|lpm_bustri0:inst4|lpm_bustri:lpm_bustri_component|dout[4]                                                      ; |laba7_var1|master_block_3:inst13|lpm_bustri0:inst4|lpm_bustri:lpm_bustri_component|dout[4]                                                      ; out              ;
; |laba7_var1|master_block_3:inst13|lpm_bustri0:inst4|lpm_bustri:lpm_bustri_component|dout[3]                                                      ; |laba7_var1|master_block_3:inst13|lpm_bustri0:inst4|lpm_bustri:lpm_bustri_component|dout[3]                                                      ; out              ;
; |laba7_var1|master_block_3:inst13|lpm_bustri0:inst4|lpm_bustri:lpm_bustri_component|dout[2]                                                      ; |laba7_var1|master_block_3:inst13|lpm_bustri0:inst4|lpm_bustri:lpm_bustri_component|dout[2]                                                      ; out              ;
; |laba7_var1|master_block_3:inst13|lpm_bustri0:inst4|lpm_bustri:lpm_bustri_component|dout[1]                                                      ; |laba7_var1|master_block_3:inst13|lpm_bustri0:inst4|lpm_bustri:lpm_bustri_component|dout[1]                                                      ; out              ;
; |laba7_var1|master_block_3:inst13|lpm_bustri0:inst4|lpm_bustri:lpm_bustri_component|dout[0]                                                      ; |laba7_var1|master_block_3:inst13|lpm_bustri0:inst4|lpm_bustri:lpm_bustri_component|dout[0]                                                      ; out              ;
; |laba7_var1|master_block_3:inst13|lpm_dff1:inst|lpm_ff:lpm_ff_component|dffs[0]                                                                  ; |laba7_var1|master_block_3:inst13|lpm_dff1:inst|lpm_ff:lpm_ff_component|dffs[0]                                                                  ; regout           ;
; |laba7_var1|master_block_4:inst14|lpm_bustri0:inst4|lpm_bustri:lpm_bustri_component|dout[15]                                                     ; |laba7_var1|master_block_4:inst14|lpm_bustri0:inst4|lpm_bustri:lpm_bustri_component|dout[15]                                                     ; out              ;
; |laba7_var1|master_block_4:inst14|lpm_bustri0:inst4|lpm_bustri:lpm_bustri_component|dout[14]                                                     ; |laba7_var1|master_block_4:inst14|lpm_bustri0:inst4|lpm_bustri:lpm_bustri_component|dout[14]                                                     ; out              ;
; |laba7_var1|master_block_4:inst14|lpm_bustri0:inst4|lpm_bustri:lpm_bustri_component|dout[13]                                                     ; |laba7_var1|master_block_4:inst14|lpm_bustri0:inst4|lpm_bustri:lpm_bustri_component|dout[13]                                                     ; out              ;
; |laba7_var1|master_block_4:inst14|lpm_bustri0:inst4|lpm_bustri:lpm_bustri_component|dout[12]                                                     ; |laba7_var1|master_block_4:inst14|lpm_bustri0:inst4|lpm_bustri:lpm_bustri_component|dout[12]                                                     ; out              ;
; |laba7_var1|master_block_4:inst14|lpm_bustri0:inst4|lpm_bustri:lpm_bustri_component|dout[11]                                                     ; |laba7_var1|master_block_4:inst14|lpm_bustri0:inst4|lpm_bustri:lpm_bustri_component|dout[11]                                                     ; out              ;
; |laba7_var1|master_block_4:inst14|lpm_bustri0:inst4|lpm_bustri:lpm_bustri_component|dout[10]                                                     ; |laba7_var1|master_block_4:inst14|lpm_bustri0:inst4|lpm_bustri:lpm_bustri_component|dout[10]                                                     ; out              ;
; |laba7_var1|master_block_4:inst14|lpm_bustri0:inst4|lpm_bustri:lpm_bustri_component|dout[9]                                                      ; |laba7_var1|master_block_4:inst14|lpm_bustri0:inst4|lpm_bustri:lpm_bustri_component|dout[9]                                                      ; out              ;
; |laba7_var1|master_block_4:inst14|lpm_bustri0:inst4|lpm_bustri:lpm_bustri_component|dout[8]                                                      ; |laba7_var1|master_block_4:inst14|lpm_bustri0:inst4|lpm_bustri:lpm_bustri_component|dout[8]                                                      ; out              ;
; |laba7_var1|master_block_4:inst14|lpm_bustri0:inst4|lpm_bustri:lpm_bustri_component|dout[7]                                                      ; |laba7_var1|master_block_4:inst14|lpm_bustri0:inst4|lpm_bustri:lpm_bustri_component|dout[7]                                                      ; out              ;
; |laba7_var1|master_block_4:inst14|lpm_bustri0:inst4|lpm_bustri:lpm_bustri_component|dout[6]                                                      ; |laba7_var1|master_block_4:inst14|lpm_bustri0:inst4|lpm_bustri:lpm_bustri_component|dout[6]                                                      ; out              ;
; |laba7_var1|master_block_4:inst14|lpm_bustri0:inst4|lpm_bustri:lpm_bustri_component|dout[5]                                                      ; |laba7_var1|master_block_4:inst14|lpm_bustri0:inst4|lpm_bustri:lpm_bustri_component|dout[5]                                                      ; out              ;
; |laba7_var1|master_block_4:inst14|lpm_bustri0:inst4|lpm_bustri:lpm_bustri_component|dout[4]                                                      ; |laba7_var1|master_block_4:inst14|lpm_bustri0:inst4|lpm_bustri:lpm_bustri_component|dout[4]                                                      ; out              ;
; |laba7_var1|master_block_4:inst14|lpm_counter0:inst2|lpm_counter:lpm_counter_component|cntr_23k:auto_generated|counter_comb_bita2                ; |laba7_var1|master_block_4:inst14|lpm_counter0:inst2|lpm_counter:lpm_counter_component|cntr_23k:auto_generated|counter_comb_bita2~COUT           ; cout             ;
; |laba7_var1|master_block_4:inst14|lpm_counter0:inst2|lpm_counter:lpm_counter_component|cntr_23k:auto_generated|counter_reg_bit1a[2]              ; |laba7_var1|master_block_4:inst14|lpm_counter0:inst2|lpm_counter:lpm_counter_component|cntr_23k:auto_generated|safe_q[2]                         ; regout           ;
+--------------------------------------------------------------------------------------------------------------------------------------------------+--------------------------------------------------------------------------------------------------------------------------------------------------+------------------+


The following table displays output ports that do not toggle to 0 during simulation.
+------------------------------------------------------------------------------------------------------------------------------------------------------------------------------------------------------------------------------------------------------------------------------------------------------------------------+
; Missing 0-Value Coverage                                                                                                                                                                                                                                                                                               ;
+--------------------------------------------------------------------------------------------------------------------------------------------------+--------------------------------------------------------------------------------------------------------------------------------------------------+------------------+
; Node Name                                                                                                                                        ; Output Port Name                                                                                                                                 ; Output Port Type ;
+--------------------------------------------------------------------------------------------------------------------------------------------------+--------------------------------------------------------------------------------------------------------------------------------------------------+------------------+
; |laba7_var1|gdfx_temp0[3]                                                                                                                        ; |laba7_var1|gdfx_temp0[3]                                                                                                                        ; out0             ;
; |laba7_var1|gdfx_temp0[2]                                                                                                                        ; |laba7_var1|gdfx_temp0[2]                                                                                                                        ; out0             ;
; |laba7_var1|gdfx_temp0[1]                                                                                                                        ; |laba7_var1|gdfx_temp0[1]                                                                                                                        ; out0             ;
; |laba7_var1|gdfx_temp0[0]                                                                                                                        ; |laba7_var1|gdfx_temp0[0]                                                                                                                        ; out0             ;
; |laba7_var1|ack                                                                                                                                  ; |laba7_var1|ack                                                                                                                                  ; pin_out          ;
; |laba7_var1|data_out_1[3]                                                                                                                        ; |laba7_var1|data_out_1[3]                                                                                                                        ; pin_out          ;
; |laba7_var1|data_out_1[2]                                                                                                                        ; |laba7_var1|data_out_1[2]                                                                                                                        ; pin_out          ;
; |laba7_var1|data_out_1[1]                                                                                                                        ; |laba7_var1|data_out_1[1]                                                                                                                        ; pin_out          ;
; |laba7_var1|data_out_1[0]                                                                                                                        ; |laba7_var1|data_out_1[0]                                                                                                                        ; pin_out          ;
; |laba7_var1|data_out_2[15]                                                                                                                       ; |laba7_var1|data_out_2[15]                                                                                                                       ; pin_out          ;
; |laba7_var1|data_out_2[14]                                                                                                                       ; |laba7_var1|data_out_2[14]                                                                                                                       ; pin_out          ;
; |laba7_var1|data_out_2[13]                                                                                                                       ; |laba7_var1|data_out_2[13]                                                                                                                       ; pin_out          ;
; |laba7_var1|data_out_2[12]                                                                                                                       ; |laba7_var1|data_out_2[12]                                                                                                                       ; pin_out          ;
; |laba7_var1|data_out_2[11]                                                                                                                       ; |laba7_var1|data_out_2[11]                                                                                                                       ; pin_out          ;
; |laba7_var1|data_out_2[10]                                                                                                                       ; |laba7_var1|data_out_2[10]                                                                                                                       ; pin_out          ;
; |laba7_var1|data_out_2[9]                                                                                                                        ; |laba7_var1|data_out_2[9]                                                                                                                        ; pin_out          ;
; |laba7_var1|data_out_2[8]                                                                                                                        ; |laba7_var1|data_out_2[8]                                                                                                                        ; pin_out          ;
; |laba7_var1|data_out_2[7]                                                                                                                        ; |laba7_var1|data_out_2[7]                                                                                                                        ; pin_out          ;
; |laba7_var1|data_out_2[6]                                                                                                                        ; |laba7_var1|data_out_2[6]                                                                                                                        ; pin_out          ;
; |laba7_var1|data_out_2[5]                                                                                                                        ; |laba7_var1|data_out_2[5]                                                                                                                        ; pin_out          ;
; |laba7_var1|data_out_2[4]                                                                                                                        ; |laba7_var1|data_out_2[4]                                                                                                                        ; pin_out          ;
; |laba7_var1|data_out_2[3]                                                                                                                        ; |laba7_var1|data_out_2[3]                                                                                                                        ; pin_out          ;
; |laba7_var1|data_out_2[2]                                                                                                                        ; |laba7_var1|data_out_2[2]                                                                                                                        ; pin_out          ;
; |laba7_var1|data_out_2[1]                                                                                                                        ; |laba7_var1|data_out_2[1]                                                                                                                        ; pin_out          ;
; |laba7_var1|data_out_2[0]                                                                                                                        ; |laba7_var1|data_out_2[0]                                                                                                                        ; pin_out          ;
; |laba7_var1|slave_block_1:inst4|lpm_ff0:inst16|lpm_ff:lpm_ff_component|dffs[15]                                                                  ; |laba7_var1|slave_block_1:inst4|lpm_ff0:inst16|lpm_ff:lpm_ff_component|dffs[15]                                                                  ; regout           ;
; |laba7_var1|slave_block_1:inst4|lpm_ff0:inst16|lpm_ff:lpm_ff_component|dffs[14]                                                                  ; |laba7_var1|slave_block_1:inst4|lpm_ff0:inst16|lpm_ff:lpm_ff_component|dffs[14]                                                                  ; regout           ;
; |laba7_var1|slave_block_1:inst4|lpm_ff0:inst16|lpm_ff:lpm_ff_component|dffs[13]                                                                  ; |laba7_var1|slave_block_1:inst4|lpm_ff0:inst16|lpm_ff:lpm_ff_component|dffs[13]                                                                  ; regout           ;
; |laba7_var1|slave_block_1:inst4|lpm_ff0:inst16|lpm_ff:lpm_ff_component|dffs[12]                                                                  ; |laba7_var1|slave_block_1:inst4|lpm_ff0:inst16|lpm_ff:lpm_ff_component|dffs[12]                                                                  ; regout           ;
; |laba7_var1|slave_block_1:inst4|lpm_ff0:inst16|lpm_ff:lpm_ff_component|dffs[11]                                                                  ; |laba7_var1|slave_block_1:inst4|lpm_ff0:inst16|lpm_ff:lpm_ff_component|dffs[11]                                                                  ; regout           ;
; |laba7_var1|slave_block_1:inst4|lpm_ff0:inst16|lpm_ff:lpm_ff_component|dffs[10]                                                                  ; |laba7_var1|slave_block_1:inst4|lpm_ff0:inst16|lpm_ff:lpm_ff_component|dffs[10]                                                                  ; regout           ;
; |laba7_var1|slave_block_1:inst4|lpm_ff0:inst16|lpm_ff:lpm_ff_component|dffs[9]                                                                   ; |laba7_var1|slave_block_1:inst4|lpm_ff0:inst16|lpm_ff:lpm_ff_component|dffs[9]                                                                   ; regout           ;
; |laba7_var1|slave_block_1:inst4|lpm_ff0:inst16|lpm_ff:lpm_ff_component|dffs[8]                                                                   ; |laba7_var1|slave_block_1:inst4|lpm_ff0:inst16|lpm_ff:lpm_ff_component|dffs[8]                                                                   ; regout           ;
; |laba7_var1|slave_block_1:inst4|lpm_ff0:inst16|lpm_ff:lpm_ff_component|dffs[7]                                                                   ; |laba7_var1|slave_block_1:inst4|lpm_ff0:inst16|lpm_ff:lpm_ff_component|dffs[7]                                                                   ; regout           ;
; |laba7_var1|slave_block_1:inst4|lpm_ff0:inst16|lpm_ff:lpm_ff_component|dffs[6]                                                                   ; |laba7_var1|slave_block_1:inst4|lpm_ff0:inst16|lpm_ff:lpm_ff_component|dffs[6]                                                                   ; regout           ;
; |laba7_var1|slave_block_1:inst4|lpm_ff0:inst16|lpm_ff:lpm_ff_component|dffs[5]                                                                   ; |laba7_var1|slave_block_1:inst4|lpm_ff0:inst16|lpm_ff:lpm_ff_component|dffs[5]                                                                   ; regout           ;
; |laba7_var1|slave_block_1:inst4|lpm_ff0:inst16|lpm_ff:lpm_ff_component|dffs[4]                                                                   ; |laba7_var1|slave_block_1:inst4|lpm_ff0:inst16|lpm_ff:lpm_ff_component|dffs[4]                                                                   ; regout           ;
; |laba7_var1|slave_block_1:inst4|lpm_ff0:inst16|lpm_ff:lpm_ff_component|dffs[3]                                                                   ; |laba7_var1|slave_block_1:inst4|lpm_ff0:inst16|lpm_ff:lpm_ff_component|dffs[3]                                                                   ; regout           ;
; |laba7_var1|slave_block_1:inst4|lpm_ff0:inst16|lpm_ff:lpm_ff_component|dffs[2]                                                                   ; |laba7_var1|slave_block_1:inst4|lpm_ff0:inst16|lpm_ff:lpm_ff_component|dffs[2]                                                                   ; regout           ;
; |laba7_var1|slave_block_1:inst4|lpm_ff0:inst16|lpm_ff:lpm_ff_component|dffs[1]                                                                   ; |laba7_var1|slave_block_1:inst4|lpm_ff0:inst16|lpm_ff:lpm_ff_component|dffs[1]                                                                   ; regout           ;
; |laba7_var1|slave_block_1:inst4|lpm_ff0:inst16|lpm_ff:lpm_ff_component|dffs[0]                                                                   ; |laba7_var1|slave_block_1:inst4|lpm_ff0:inst16|lpm_ff:lpm_ff_component|dffs[0]                                                                   ; regout           ;
; |laba7_var1|slave_block_1:inst4|lpm_counter4:inst15|lpm_counter:lpm_counter_component|cntr_4hk:auto_generated|cout_actual                        ; |laba7_var1|slave_block_1:inst4|lpm_counter4:inst15|lpm_counter:lpm_counter_component|cntr_4hk:auto_generated|cout_actual                        ; out0             ;
; |laba7_var1|slave_block_1:inst4|lpm_counter4:inst15|lpm_counter:lpm_counter_component|cntr_4hk:auto_generated|counter_comb_bita1                 ; |laba7_var1|slave_block_1:inst4|lpm_counter4:inst15|lpm_counter:lpm_counter_component|cntr_4hk:auto_generated|counter_comb_bita1~COUT            ; cout             ;
; |laba7_var1|slave_block_1:inst4|lpm_counter4:inst15|lpm_counter:lpm_counter_component|cntr_4hk:auto_generated|counter_comb_bita2                 ; |laba7_var1|slave_block_1:inst4|lpm_counter4:inst15|lpm_counter:lpm_counter_component|cntr_4hk:auto_generated|counter_comb_bita2                 ; sumout           ;
; |laba7_var1|slave_block_1:inst4|lpm_counter4:inst15|lpm_counter:lpm_counter_component|cntr_4hk:auto_generated|counter_comb_bita2                 ; |laba7_var1|slave_block_1:inst4|lpm_counter4:inst15|lpm_counter:lpm_counter_component|cntr_4hk:auto_generated|counter_comb_bita2~COUT            ; cout             ;
; |laba7_var1|slave_block_1:inst4|lpm_counter4:inst15|lpm_counter:lpm_counter_component|cntr_4hk:auto_generated|counter_comb_bita3                 ; |laba7_var1|slave_block_1:inst4|lpm_counter4:inst15|lpm_counter:lpm_counter_component|cntr_4hk:auto_generated|counter_comb_bita3                 ; sumout           ;
; |laba7_var1|slave_block_1:inst4|lpm_counter4:inst15|lpm_counter:lpm_counter_component|cntr_4hk:auto_generated|counter_comb_bita3                 ; |laba7_var1|slave_block_1:inst4|lpm_counter4:inst15|lpm_counter:lpm_counter_component|cntr_4hk:auto_generated|counter_comb_bita3~COUT            ; cout             ;
; |laba7_var1|slave_block_1:inst4|lpm_counter4:inst15|lpm_counter:lpm_counter_component|cntr_4hk:auto_generated|counter_reg_bit1a[3]               ; |laba7_var1|slave_block_1:inst4|lpm_counter4:inst15|lpm_counter:lpm_counter_component|cntr_4hk:auto_generated|safe_q[3]                          ; regout           ;
; |laba7_var1|slave_block_1:inst4|lpm_counter4:inst15|lpm_counter:lpm_counter_component|cntr_4hk:auto_generated|counter_reg_bit1a[2]               ; |laba7_var1|slave_block_1:inst4|lpm_counter4:inst15|lpm_counter:lpm_counter_component|cntr_4hk:auto_generated|safe_q[2]                          ; regout           ;
; |laba7_var1|slave_block_1:inst4|lpm_counter4:inst15|lpm_counter:lpm_counter_component|cntr_4hk:auto_generated|counter_reg_bit1a[1]               ; |laba7_var1|slave_block_1:inst4|lpm_counter4:inst15|lpm_counter:lpm_counter_component|cntr_4hk:auto_generated|safe_q[1]                          ; regout           ;
; |laba7_var1|slave_block_1:inst4|lpm_counter4:inst15|lpm_counter:lpm_counter_component|cntr_4hk:auto_generated|cmpr_adc:cmpr2|aneb_result_wire[0] ; |laba7_var1|slave_block_1:inst4|lpm_counter4:inst15|lpm_counter:lpm_counter_component|cntr_4hk:auto_generated|cmpr_adc:cmpr2|aneb_result_wire[0] ; out0             ;
; |laba7_var1|slave_block_1:inst4|lpm_counter4:inst15|lpm_counter:lpm_counter_component|cntr_4hk:auto_generated|cmpr_adc:cmpr2|data_wire[1]        ; |laba7_var1|slave_block_1:inst4|lpm_counter4:inst15|lpm_counter:lpm_counter_component|cntr_4hk:auto_generated|cmpr_adc:cmpr2|data_wire[1]        ; out0             ;
; |laba7_var1|slave_block_1:inst4|lpm_counter4:inst15|lpm_counter:lpm_counter_component|cntr_4hk:auto_generated|cmpr_adc:cmpr2|data_wire[0]        ; |laba7_var1|slave_block_1:inst4|lpm_counter4:inst15|lpm_counter:lpm_counter_component|cntr_4hk:auto_generated|cmpr_adc:cmpr2|data_wire[0]        ; out0             ;
; |laba7_var1|slave_block_1:inst4|lpm_dff3:inst19|lpm_ff:lpm_ff_component|dffs[0]                                                                  ; |laba7_var1|slave_block_1:inst4|lpm_dff3:inst19|lpm_ff:lpm_ff_component|dffs[0]                                                                  ; regout           ;
; |laba7_var1|master_block_1:inst|inst7                                                                                                            ; |laba7_var1|master_block_1:inst|inst7                                                                                                            ; out0             ;
; |laba7_var1|master_block_1:inst|lpm_bustri0:inst4|lpm_bustri:lpm_bustri_component|dout[15]                                                       ; |laba7_var1|master_block_1:inst|lpm_bustri0:inst4|lpm_bustri:lpm_bustri_component|dout[15]                                                       ; out              ;
; |laba7_var1|master_block_1:inst|lpm_bustri0:inst4|lpm_bustri:lpm_bustri_component|dout[14]                                                       ; |laba7_var1|master_block_1:inst|lpm_bustri0:inst4|lpm_bustri:lpm_bustri_component|dout[14]                                                       ; out              ;
; |laba7_var1|master_block_1:inst|lpm_bustri0:inst4|lpm_bustri:lpm_bustri_component|dout[13]                                                       ; |laba7_var1|master_block_1:inst|lpm_bustri0:inst4|lpm_bustri:lpm_bustri_component|dout[13]                                                       ; out              ;
; |laba7_var1|master_block_1:inst|lpm_bustri0:inst4|lpm_bustri:lpm_bustri_component|dout[12]                                                       ; |laba7_var1|master_block_1:inst|lpm_bustri0:inst4|lpm_bustri:lpm_bustri_component|dout[12]                                                       ; out              ;
; |laba7_var1|master_block_1:inst|lpm_bustri0:inst4|lpm_bustri:lpm_bustri_component|dout[11]                                                       ; |laba7_var1|master_block_1:inst|lpm_bustri0:inst4|lpm_bustri:lpm_bustri_component|dout[11]                                                       ; out              ;
; |laba7_var1|master_block_1:inst|lpm_bustri0:inst4|lpm_bustri:lpm_bustri_component|dout[10]                                                       ; |laba7_var1|master_block_1:inst|lpm_bustri0:inst4|lpm_bustri:lpm_bustri_component|dout[10]                                                       ; out              ;
; |laba7_var1|master_block_1:inst|lpm_bustri0:inst4|lpm_bustri:lpm_bustri_component|dout[9]                                                        ; |laba7_var1|master_block_1:inst|lpm_bustri0:inst4|lpm_bustri:lpm_bustri_component|dout[9]                                                        ; out              ;
; |laba7_var1|master_block_1:inst|lpm_bustri0:inst4|lpm_bustri:lpm_bustri_component|dout[8]                                                        ; |laba7_var1|master_block_1:inst|lpm_bustri0:inst4|lpm_bustri:lpm_bustri_component|dout[8]                                                        ; out              ;
; |laba7_var1|master_block_1:inst|lpm_bustri0:inst4|lpm_bustri:lpm_bustri_component|dout[7]                                                        ; |laba7_var1|master_block_1:inst|lpm_bustri0:inst4|lpm_bustri:lpm_bustri_component|dout[7]                                                        ; out              ;
; |laba7_var1|master_block_1:inst|lpm_bustri0:inst4|lpm_bustri:lpm_bustri_component|dout[6]                                                        ; |laba7_var1|master_block_1:inst|lpm_bustri0:inst4|lpm_bustri:lpm_bustri_component|dout[6]                                                        ; out              ;
; |laba7_var1|master_block_1:inst|lpm_bustri0:inst4|lpm_bustri:lpm_bustri_component|dout[5]                                                        ; |laba7_var1|master_block_1:inst|lpm_bustri0:inst4|lpm_bustri:lpm_bustri_component|dout[5]                                                        ; out              ;
; |laba7_var1|master_block_1:inst|lpm_bustri0:inst4|lpm_bustri:lpm_bustri_component|dout[4]                                                        ; |laba7_var1|master_block_1:inst|lpm_bustri0:inst4|lpm_bustri:lpm_bustri_component|dout[4]                                                        ; out              ;
; |laba7_var1|master_block_1:inst|lpm_bustri0:inst4|lpm_bustri:lpm_bustri_component|dout[3]                                                        ; |laba7_var1|master_block_1:inst|lpm_bustri0:inst4|lpm_bustri:lpm_bustri_component|dout[3]                                                        ; out              ;
; |laba7_var1|master_block_1:inst|lpm_bustri0:inst4|lpm_bustri:lpm_bustri_component|dout[2]                                                        ; |laba7_var1|master_block_1:inst|lpm_bustri0:inst4|lpm_bustri:lpm_bustri_component|dout[2]                                                        ; out              ;
; |laba7_var1|master_block_1:inst|lpm_bustri0:inst4|lpm_bustri:lpm_bustri_component|dout[1]                                                        ; |laba7_var1|master_block_1:inst|lpm_bustri0:inst4|lpm_bustri:lpm_bustri_component|dout[1]                                                        ; out              ;
; |laba7_var1|master_block_1:inst|lpm_bustri0:inst4|lpm_bustri:lpm_bustri_component|dout[0]                                                        ; |laba7_var1|master_block_1:inst|lpm_bustri0:inst4|lpm_bustri:lpm_bustri_component|dout[0]                                                        ; out              ;
; |laba7_var1|master_block_1:inst|lpm_dff2:inst10|lpm_ff:lpm_ff_component|dffs[0]                                                                  ; |laba7_var1|master_block_1:inst|lpm_dff2:inst10|lpm_ff:lpm_ff_component|dffs[0]                                                                  ; regout           ;
; |laba7_var1|master_block_1:inst|lpm_dff1:inst|lpm_ff:lpm_ff_component|dffs[0]                                                                    ; |laba7_var1|master_block_1:inst|lpm_dff1:inst|lpm_ff:lpm_ff_component|dffs[0]                                                                    ; regout           ;
; |laba7_var1|master_block_2:inst12|lpm_bustri0:inst4|lpm_bustri:lpm_bustri_component|dout[15]                                                     ; |laba7_var1|master_block_2:inst12|lpm_bustri0:inst4|lpm_bustri:lpm_bustri_component|dout[15]                                                     ; out              ;
; |laba7_var1|master_block_2:inst12|lpm_bustri0:inst4|lpm_bustri:lpm_bustri_component|dout[14]                                                     ; |laba7_var1|master_block_2:inst12|lpm_bustri0:inst4|lpm_bustri:lpm_bustri_component|dout[14]                                                     ; out              ;
; |laba7_var1|master_block_2:inst12|lpm_bustri0:inst4|lpm_bustri:lpm_bustri_component|dout[13]                                                     ; |laba7_var1|master_block_2:inst12|lpm_bustri0:inst4|lpm_bustri:lpm_bustri_component|dout[13]                                                     ; out              ;
; |laba7_var1|master_block_2:inst12|lpm_bustri0:inst4|lpm_bustri:lpm_bustri_component|dout[12]                                                     ; |laba7_var1|master_block_2:inst12|lpm_bustri0:inst4|lpm_bustri:lpm_bustri_component|dout[12]                                                     ; out              ;
; |laba7_var1|master_block_2:inst12|lpm_bustri0:inst4|lpm_bustri:lpm_bustri_component|dout[11]                                                     ; |laba7_var1|master_block_2:inst12|lpm_bustri0:inst4|lpm_bustri:lpm_bustri_component|dout[11]                                                     ; out              ;
; |laba7_var1|master_block_2:inst12|lpm_bustri0:inst4|lpm_bustri:lpm_bustri_component|dout[10]                                                     ; |laba7_var1|master_block_2:inst12|lpm_bustri0:inst4|lpm_bustri:lpm_bustri_component|dout[10]                                                     ; out              ;
; |laba7_var1|master_block_2:inst12|lpm_bustri0:inst4|lpm_bustri:lpm_bustri_component|dout[9]                                                      ; |laba7_var1|master_block_2:inst12|lpm_bustri0:inst4|lpm_bustri:lpm_bustri_component|dout[9]                                                      ; out              ;
; |laba7_var1|master_block_2:inst12|lpm_bustri0:inst4|lpm_bustri:lpm_bustri_component|dout[8]                                                      ; |laba7_var1|master_block_2:inst12|lpm_bustri0:inst4|lpm_bustri:lpm_bustri_component|dout[8]                                                      ; out              ;
; |laba7_var1|master_block_2:inst12|lpm_bustri0:inst4|lpm_bustri:lpm_bustri_component|dout[7]                                                      ; |laba7_var1|master_block_2:inst12|lpm_bustri0:inst4|lpm_bustri:lpm_bustri_component|dout[7]                                                      ; out              ;
; |laba7_var1|master_block_2:inst12|lpm_bustri0:inst4|lpm_bustri:lpm_bustri_component|dout[6]                                                      ; |laba7_var1|master_block_2:inst12|lpm_bustri0:inst4|lpm_bustri:lpm_bustri_component|dout[6]                                                      ; out              ;
; |laba7_var1|master_block_2:inst12|lpm_bustri0:inst4|lpm_bustri:lpm_bustri_component|dout[5]                                                      ; |laba7_var1|master_block_2:inst12|lpm_bustri0:inst4|lpm_bustri:lpm_bustri_component|dout[5]                                                      ; out              ;
; |laba7_var1|master_block_2:inst12|lpm_bustri0:inst4|lpm_bustri:lpm_bustri_component|dout[4]                                                      ; |laba7_var1|master_block_2:inst12|lpm_bustri0:inst4|lpm_bustri:lpm_bustri_component|dout[4]                                                      ; out              ;
; |laba7_var1|master_block_2:inst12|lpm_bustri0:inst4|lpm_bustri:lpm_bustri_component|dout[3]                                                      ; |laba7_var1|master_block_2:inst12|lpm_bustri0:inst4|lpm_bustri:lpm_bustri_component|dout[3]                                                      ; out              ;
; |laba7_var1|master_block_2:inst12|lpm_bustri0:inst4|lpm_bustri:lpm_bustri_component|dout[2]                                                      ; |laba7_var1|master_block_2:inst12|lpm_bustri0:inst4|lpm_bustri:lpm_bustri_component|dout[2]                                                      ; out              ;
; |laba7_var1|master_block_2:inst12|lpm_bustri0:inst4|lpm_bustri:lpm_bustri_component|dout[1]                                                      ; |laba7_var1|master_block_2:inst12|lpm_bustri0:inst4|lpm_bustri:lpm_bustri_component|dout[1]                                                      ; out              ;
; |laba7_var1|master_block_2:inst12|lpm_bustri0:inst4|lpm_bustri:lpm_bustri_component|dout[0]                                                      ; |laba7_var1|master_block_2:inst12|lpm_bustri0:inst4|lpm_bustri:lpm_bustri_component|dout[0]                                                      ; out              ;
; |laba7_var1|master_block_2:inst12|lpm_dff2:inst10|lpm_ff:lpm_ff_component|dffs[0]                                                                ; |laba7_var1|master_block_2:inst12|lpm_dff2:inst10|lpm_ff:lpm_ff_component|dffs[0]                                                                ; regout           ;
; |laba7_var1|master_block_2:inst12|lpm_dff1:inst|lpm_ff:lpm_ff_component|dffs[0]                                                                  ; |laba7_var1|master_block_2:inst12|lpm_dff1:inst|lpm_ff:lpm_ff_component|dffs[0]                                                                  ; regout           ;
; |laba7_var1|master_block_3:inst13|inst7                                                                                                          ; |laba7_var1|master_block_3:inst13|inst7                                                                                                          ; out0             ;
; |laba7_var1|master_block_3:inst13|lpm_bustri0:inst4|lpm_bustri:lpm_bustri_component|dout[15]                                                     ; |laba7_var1|master_block_3:inst13|lpm_bustri0:inst4|lpm_bustri:lpm_bustri_component|dout[15]                                                     ; out              ;
; |laba7_var1|master_block_3:inst13|lpm_bustri0:inst4|lpm_bustri:lpm_bustri_component|dout[14]                                                     ; |laba7_var1|master_block_3:inst13|lpm_bustri0:inst4|lpm_bustri:lpm_bustri_component|dout[14]                                                     ; out              ;
; |laba7_var1|master_block_3:inst13|lpm_bustri0:inst4|lpm_bustri:lpm_bustri_component|dout[13]                                                     ; |laba7_var1|master_block_3:inst13|lpm_bustri0:inst4|lpm_bustri:lpm_bustri_component|dout[13]                                                     ; out              ;
; |laba7_var1|master_block_3:inst13|lpm_bustri0:inst4|lpm_bustri:lpm_bustri_component|dout[12]                                                     ; |laba7_var1|master_block_3:inst13|lpm_bustri0:inst4|lpm_bustri:lpm_bustri_component|dout[12]                                                     ; out              ;
; |laba7_var1|master_block_3:inst13|lpm_bustri0:inst4|lpm_bustri:lpm_bustri_component|dout[11]                                                     ; |laba7_var1|master_block_3:inst13|lpm_bustri0:inst4|lpm_bustri:lpm_bustri_component|dout[11]                                                     ; out              ;
; |laba7_var1|master_block_3:inst13|lpm_bustri0:inst4|lpm_bustri:lpm_bustri_component|dout[10]                                                     ; |laba7_var1|master_block_3:inst13|lpm_bustri0:inst4|lpm_bustri:lpm_bustri_component|dout[10]                                                     ; out              ;
; |laba7_var1|master_block_3:inst13|lpm_bustri0:inst4|lpm_bustri:lpm_bustri_component|dout[9]                                                      ; |laba7_var1|master_block_3:inst13|lpm_bustri0:inst4|lpm_bustri:lpm_bustri_component|dout[9]                                                      ; out              ;
; |laba7_var1|master_block_3:inst13|lpm_bustri0:inst4|lpm_bustri:lpm_bustri_component|dout[8]                                                      ; |laba7_var1|master_block_3:inst13|lpm_bustri0:inst4|lpm_bustri:lpm_bustri_component|dout[8]                                                      ; out              ;
; |laba7_var1|master_block_3:inst13|lpm_bustri0:inst4|lpm_bustri:lpm_bustri_component|dout[7]                                                      ; |laba7_var1|master_block_3:inst13|lpm_bustri0:inst4|lpm_bustri:lpm_bustri_component|dout[7]                                                      ; out              ;
; |laba7_var1|master_block_3:inst13|lpm_bustri0:inst4|lpm_bustri:lpm_bustri_component|dout[6]                                                      ; |laba7_var1|master_block_3:inst13|lpm_bustri0:inst4|lpm_bustri:lpm_bustri_component|dout[6]                                                      ; out              ;
; |laba7_var1|master_block_3:inst13|lpm_bustri0:inst4|lpm_bustri:lpm_bustri_component|dout[5]                                                      ; |laba7_var1|master_block_3:inst13|lpm_bustri0:inst4|lpm_bustri:lpm_bustri_component|dout[5]                                                      ; out              ;
; |laba7_var1|master_block_3:inst13|lpm_bustri0:inst4|lpm_bustri:lpm_bustri_component|dout[4]                                                      ; |laba7_var1|master_block_3:inst13|lpm_bustri0:inst4|lpm_bustri:lpm_bustri_component|dout[4]                                                      ; out              ;
; |laba7_var1|master_block_3:inst13|lpm_bustri0:inst4|lpm_bustri:lpm_bustri_component|dout[3]                                                      ; |laba7_var1|master_block_3:inst13|lpm_bustri0:inst4|lpm_bustri:lpm_bustri_component|dout[3]                                                      ; out              ;
; |laba7_var1|master_block_3:inst13|lpm_bustri0:inst4|lpm_bustri:lpm_bustri_component|dout[2]                                                      ; |laba7_var1|master_block_3:inst13|lpm_bustri0:inst4|lpm_bustri:lpm_bustri_component|dout[2]                                                      ; out              ;
; |laba7_var1|master_block_3:inst13|lpm_bustri0:inst4|lpm_bustri:lpm_bustri_component|dout[1]                                                      ; |laba7_var1|master_block_3:inst13|lpm_bustri0:inst4|lpm_bustri:lpm_bustri_component|dout[1]                                                      ; out              ;
; |laba7_var1|master_block_3:inst13|lpm_bustri0:inst4|lpm_bustri:lpm_bustri_component|dout[0]                                                      ; |laba7_var1|master_block_3:inst13|lpm_bustri0:inst4|lpm_bustri:lpm_bustri_component|dout[0]                                                      ; out              ;
; |laba7_var1|master_block_3:inst13|lpm_dff2:inst10|lpm_ff:lpm_ff_component|dffs[0]                                                                ; |laba7_var1|master_block_3:inst13|lpm_dff2:inst10|lpm_ff:lpm_ff_component|dffs[0]                                                                ; regout           ;
; |laba7_var1|master_block_3:inst13|lpm_dff1:inst|lpm_ff:lpm_ff_component|dffs[0]                                                                  ; |laba7_var1|master_block_3:inst13|lpm_dff1:inst|lpm_ff:lpm_ff_component|dffs[0]                                                                  ; regout           ;
; |laba7_var1|master_block_4:inst14|lpm_bustri0:inst4|lpm_bustri:lpm_bustri_component|dout[3]                                                      ; |laba7_var1|master_block_4:inst14|lpm_bustri0:inst4|lpm_bustri:lpm_bustri_component|dout[3]                                                      ; out              ;
; |laba7_var1|master_block_4:inst14|lpm_bustri0:inst4|lpm_bustri:lpm_bustri_component|dout[2]                                                      ; |laba7_var1|master_block_4:inst14|lpm_bustri0:inst4|lpm_bustri:lpm_bustri_component|dout[2]                                                      ; out              ;
; |laba7_var1|master_block_4:inst14|lpm_bustri0:inst4|lpm_bustri:lpm_bustri_component|dout[1]                                                      ; |laba7_var1|master_block_4:inst14|lpm_bustri0:inst4|lpm_bustri:lpm_bustri_component|dout[1]                                                      ; out              ;
; |laba7_var1|master_block_4:inst14|lpm_bustri0:inst4|lpm_bustri:lpm_bustri_component|dout[0]                                                      ; |laba7_var1|master_block_4:inst14|lpm_bustri0:inst4|lpm_bustri:lpm_bustri_component|dout[0]                                                      ; out              ;
; |laba7_var1|master_block_4:inst14|lpm_counter0:inst2|lpm_counter:lpm_counter_component|cntr_23k:auto_generated|counter_comb_bita2                ; |laba7_var1|master_block_4:inst14|lpm_counter0:inst2|lpm_counter:lpm_counter_component|cntr_23k:auto_generated|counter_comb_bita2~COUT           ; cout             ;
; |laba7_var1|master_block_4:inst14|lpm_counter0:inst2|lpm_counter:lpm_counter_component|cntr_23k:auto_generated|counter_reg_bit1a[2]              ; |laba7_var1|master_block_4:inst14|lpm_counter0:inst2|lpm_counter:lpm_counter_component|cntr_23k:auto_generated|safe_q[2]                         ; regout           ;
; |laba7_var1|master_block_4:inst14|lpm_dff1:inst|lpm_ff:lpm_ff_component|dffs[0]                                                                  ; |laba7_var1|master_block_4:inst14|lpm_dff1:inst|lpm_ff:lpm_ff_component|dffs[0]                                                                  ; regout           ;
+--------------------------------------------------------------------------------------------------------------------------------------------------+--------------------------------------------------------------------------------------------------------------------------------------------------+------------------+


+---------------------+
; Simulator INI Usage ;
+--------+------------+
; Option ; Usage      ;
+--------+------------+


+--------------------+
; Simulator Messages ;
+--------------------+
Info: *******************************************************************
Info: Running Quartus II Simulator
    Info: Version 9.1 Build 222 10/21/2009 SJ Web Edition
    Info: Processing started: Mon May 04 00:29:20 2026
Info: Command: quartus_sim --read_settings_files=on --write_settings_files=off laba7_var1 -c laba7_var1
Info: Using vector source file "C:/Users/lapshet/Desktop/labs/Laba 7/lab7_var12_v1/laba7_var1.vwf"
Info: Option to preserve fewer signal transitions to reduce memory requirements is enabled
    Info: Simulation has been partitioned into sub-simulations according to the maximum transition count determined by the engine. Transitions from memory will be flushed out to disk at the end of each sub-simulation to reduce memory requirements.
Info: Simulation partitioned into 1 sub-simulations
Info: Simulation coverage is      31.70 %
Info: Number of transitions in simulation is 18897
Info: Quartus II Simulator was successful. 0 errors, 0 warnings
    Info: Peak virtual memory: 165 megabytes
    Info: Processing ended: Mon May 04 00:29:20 2026
    Info: Elapsed time: 00:00:00
    Info: Total CPU time (on all processors): 00:00:01


