Simulator report for laba8_var1
Tue Apr 28 20:12:42 2026
Quartus II Version 9.1 Build 222 10/21/2009 SJ Web Edition


---------------------
; Table of Contents ;
---------------------
  1. Legal Notice
  2. Simulator Summary
  3. Simulator Settings
  4. Simulation Waveforms
  5. Coverage Summary
  6. Complete 1/0-Value Coverage
  7. Missing 1-Value Coverage
  8. Missing 0-Value Coverage
  9. Simulator INI Usage
 10. Simulator Messages



----------------
; Legal Notice ;
----------------
Copyright (C) 1991-2009 Altera Corporation
Your use of Altera Corporation's design tools, logic functions 
and other software and tools, and its AMPP partner logic 
functions, and any output files from any of the foregoing 
(including device programming or simulation files), and any 
associated documentation or information are expressly subject 
to the terms and conditions of the Altera Program License 
Subscription Agreement, Altera MegaCore Function License 
Agreement, or other applicable license agreement, including, 
without limitation, that your use is for the sole purpose of 
programming logic devices manufactured by Altera and sold by 
Altera or its authorized distributors.  Please refer to the 
applicable agreement for further details.



+--------------------------------------------+
; Simulator Summary                          ;
+-----------------------------+--------------+
; Type                        ; Value        ;
+-----------------------------+--------------+
; Simulation Start Time       ; 0 ps         ;
; Simulation End Time         ; 1.0 us       ;
; Simulation Netlist Size     ; 677 nodes    ;
; Simulation Coverage         ;      30.58 % ;
; Total Number of Transitions ; 1487         ;
; Simulation Breakpoints      ; 0            ;
; Family                      ; Stratix II   ;
+-----------------------------+--------------+


+-----------------------------------------------------------------------------------------------------------------------------+
; Simulator Settings                                                                                                          ;
+--------------------------------------------------------------------------------------------+----------------+---------------+
; Option                                                                                     ; Setting        ; Default Value ;
+--------------------------------------------------------------------------------------------+----------------+---------------+
; Simulation mode                                                                            ; Functional     ; Timing        ;
; Start time                                                                                 ; 0 ns           ; 0 ns          ;
; End time                                                                                   ; 10 us          ;               ;
; Simulation results format                                                                  ; CVWF           ;               ;
; Vector input source                                                                        ; laba8_var1.vwf ;               ;
; Add pins automatically to simulation output waveforms                                      ; On             ; On            ;
; Check outputs                                                                              ; Off            ; Off           ;
; Report simulation coverage                                                                 ; On             ; On            ;
; Display complete 1/0 value coverage report                                                 ; On             ; On            ;
; Display missing 1-value coverage report                                                    ; On             ; On            ;
; Display missing 0-value coverage report                                                    ; On             ; On            ;
; Detect setup and hold time violations                                                      ; Off            ; Off           ;
; Detect glitches                                                                            ; Off            ; Off           ;
; Disable timing delays in Timing Simulation                                                 ; Off            ; Off           ;
; Generate Signal Activity File                                                              ; Off            ; Off           ;
; Generate VCD File for PowerPlay Power Analyzer                                             ; Off            ; Off           ;
; Group bus channels in simulation results                                                   ; Off            ; Off           ;
; Preserve fewer signal transitions to reduce memory requirements                            ; On             ; On            ;
; Trigger vector comparison with the specified mode                                          ; INPUT_EDGE     ; INPUT_EDGE    ;
; Disable setup and hold time violations detection in input registers of bi-directional pins ; Off            ; Off           ;
; Overwrite Waveform Inputs With Simulation Outputs                                          ; Off            ;               ;
; Perform Glitch Filtering in Timing Simulation                                              ; Auto           ; Auto          ;
+--------------------------------------------------------------------------------------------+----------------+---------------+


+----------------------+
; Simulation Waveforms ;
+----------------------+
Waveform report data cannot be output to ASCII.
Please use Quartus II to view the waveform report data.


+--------------------------------------------------------------------+
; Coverage Summary                                                   ;
+-----------------------------------------------------+--------------+
; Type                                                ; Value        ;
+-----------------------------------------------------+--------------+
; Total coverage as a percentage                      ;      30.58 % ;
; Total nodes checked                                 ; 677          ;
; Total output ports checked                          ; 677          ;
; Total output ports with complete 1/0-value coverage ; 207          ;
; Total output ports with no 1/0-value coverage       ; 420          ;
; Total output ports with no 1-value coverage         ; 421          ;
; Total output ports with no 0-value coverage         ; 469          ;
+-----------------------------------------------------+--------------+


The following table displays output ports that toggle between 1 and 0 during simulation.
+--------------------------------------------------------------------------------------------------------------------------------------------------------------------------------------------------------------------------------------------------------------------------------------------------------------------------+
; Complete 1/0-Value Coverage                                                                                                                                                                                                                                                                                              ;
+---------------------------------------------------------------------------------------------------------------------------------------------------+---------------------------------------------------------------------------------------------------------------------------------------------------+------------------+
; Node Name                                                                                                                                         ; Output Port Name                                                                                                                                  ; Output Port Type ;
+---------------------------------------------------------------------------------------------------------------------------------------------------+---------------------------------------------------------------------------------------------------------------------------------------------------+------------------+
; |laba8_var1|cache_hit                                                                                                                             ; |laba8_var1|cache_hit                                                                                                                             ; pin_out          ;
; |laba8_var1|inst13                                                                                                                                ; |laba8_var1|inst13                                                                                                                                ; out0             ;
; |laba8_var1|clk                                                                                                                                   ; |laba8_var1|clk                                                                                                                                   ; out              ;
; |laba8_var1|offset                                                                                                                                ; |laba8_var1|offset                                                                                                                                ; out              ;
; |laba8_var1|write_set                                                                                                                             ; |laba8_var1|write_set                                                                                                                             ; out              ;
; |laba8_var1|addr_indext[1]                                                                                                                        ; |laba8_var1|addr_indext[1]                                                                                                                        ; out              ;
; |laba8_var1|addr_indext[0]                                                                                                                        ; |laba8_var1|addr_indext[0]                                                                                                                        ; out              ;
; |laba8_var1|data_word0[4]                                                                                                                         ; |laba8_var1|data_word0[4]                                                                                                                         ; out              ;
; |laba8_var1|data_word0[3]                                                                                                                         ; |laba8_var1|data_word0[3]                                                                                                                         ; out              ;
; |laba8_var1|data_word0[2]                                                                                                                         ; |laba8_var1|data_word0[2]                                                                                                                         ; out              ;
; |laba8_var1|data_word0[1]                                                                                                                         ; |laba8_var1|data_word0[1]                                                                                                                         ; out              ;
; |laba8_var1|data_word0[0]                                                                                                                         ; |laba8_var1|data_word0[0]                                                                                                                         ; out              ;
; |laba8_var1|data_word1[5]                                                                                                                         ; |laba8_var1|data_word1[5]                                                                                                                         ; out              ;
; |laba8_var1|data_word1[4]                                                                                                                         ; |laba8_var1|data_word1[4]                                                                                                                         ; out              ;
; |laba8_var1|data_word1[3]                                                                                                                         ; |laba8_var1|data_word1[3]                                                                                                                         ; out              ;
; |laba8_var1|data_word1[2]                                                                                                                         ; |laba8_var1|data_word1[2]                                                                                                                         ; out              ;
; |laba8_var1|data_word1[1]                                                                                                                         ; |laba8_var1|data_word1[1]                                                                                                                         ; out              ;
; |laba8_var1|data_word1[0]                                                                                                                         ; |laba8_var1|data_word1[0]                                                                                                                         ; out              ;
; |laba8_var1|input_tag[3]                                                                                                                          ; |laba8_var1|input_tag[3]                                                                                                                          ; out              ;
; |laba8_var1|input_tag[2]                                                                                                                          ; |laba8_var1|input_tag[2]                                                                                                                          ; out              ;
; |laba8_var1|input_tag[1]                                                                                                                          ; |laba8_var1|input_tag[1]                                                                                                                          ; out              ;
; |laba8_var1|input_tag[0]                                                                                                                          ; |laba8_var1|input_tag[0]                                                                                                                          ; out              ;
; |laba8_var1|result[5]                                                                                                                             ; |laba8_var1|result[5]                                                                                                                             ; pin_out          ;
; |laba8_var1|result[4]                                                                                                                             ; |laba8_var1|result[4]                                                                                                                             ; pin_out          ;
; |laba8_var1|result[3]                                                                                                                             ; |laba8_var1|result[3]                                                                                                                             ; pin_out          ;
; |laba8_var1|result[2]                                                                                                                             ; |laba8_var1|result[2]                                                                                                                             ; pin_out          ;
; |laba8_var1|result[1]                                                                                                                             ; |laba8_var1|result[1]                                                                                                                             ; pin_out          ;
; |laba8_var1|result[0]                                                                                                                             ; |laba8_var1|result[0]                                                                                                                             ; pin_out          ;
; |laba8_var1|lpm_mux2:inst12|lpm_mux:lpm_mux_component|mux_c4e:auto_generated|l1_w0_n0_mux_dataout~0                                               ; |laba8_var1|lpm_mux2:inst12|lpm_mux:lpm_mux_component|mux_c4e:auto_generated|l1_w0_n0_mux_dataout~0                                               ; out0             ;
; |laba8_var1|lpm_mux2:inst12|lpm_mux:lpm_mux_component|mux_c4e:auto_generated|l1_w0_n0_mux_dataout~1                                               ; |laba8_var1|lpm_mux2:inst12|lpm_mux:lpm_mux_component|mux_c4e:auto_generated|l1_w0_n0_mux_dataout~1                                               ; out0             ;
; |laba8_var1|lpm_mux2:inst12|lpm_mux:lpm_mux_component|mux_c4e:auto_generated|l1_w0_n0_mux_dataout                                                 ; |laba8_var1|lpm_mux2:inst12|lpm_mux:lpm_mux_component|mux_c4e:auto_generated|l1_w0_n0_mux_dataout                                                 ; out0             ;
; |laba8_var1|lpm_mux2:inst12|lpm_mux:lpm_mux_component|mux_c4e:auto_generated|l1_w0_n1_mux_dataout~0                                               ; |laba8_var1|lpm_mux2:inst12|lpm_mux:lpm_mux_component|mux_c4e:auto_generated|l1_w0_n1_mux_dataout~0                                               ; out0             ;
; |laba8_var1|lpm_mux2:inst12|lpm_mux:lpm_mux_component|mux_c4e:auto_generated|l1_w0_n1_mux_dataout~1                                               ; |laba8_var1|lpm_mux2:inst12|lpm_mux:lpm_mux_component|mux_c4e:auto_generated|l1_w0_n1_mux_dataout~1                                               ; out0             ;
; |laba8_var1|lpm_mux2:inst12|lpm_mux:lpm_mux_component|mux_c4e:auto_generated|l1_w0_n1_mux_dataout                                                 ; |laba8_var1|lpm_mux2:inst12|lpm_mux:lpm_mux_component|mux_c4e:auto_generated|l1_w0_n1_mux_dataout                                                 ; out0             ;
; |laba8_var1|lpm_mux2:inst12|lpm_mux:lpm_mux_component|mux_c4e:auto_generated|l1_w1_n0_mux_dataout~0                                               ; |laba8_var1|lpm_mux2:inst12|lpm_mux:lpm_mux_component|mux_c4e:auto_generated|l1_w1_n0_mux_dataout~0                                               ; out0             ;
; |laba8_var1|lpm_mux2:inst12|lpm_mux:lpm_mux_component|mux_c4e:auto_generated|l1_w1_n0_mux_dataout~1                                               ; |laba8_var1|lpm_mux2:inst12|lpm_mux:lpm_mux_component|mux_c4e:auto_generated|l1_w1_n0_mux_dataout~1                                               ; out0             ;
; |laba8_var1|lpm_mux2:inst12|lpm_mux:lpm_mux_component|mux_c4e:auto_generated|l1_w1_n0_mux_dataout                                                 ; |laba8_var1|lpm_mux2:inst12|lpm_mux:lpm_mux_component|mux_c4e:auto_generated|l1_w1_n0_mux_dataout                                                 ; out0             ;
; |laba8_var1|lpm_mux2:inst12|lpm_mux:lpm_mux_component|mux_c4e:auto_generated|l1_w1_n1_mux_dataout~1                                               ; |laba8_var1|lpm_mux2:inst12|lpm_mux:lpm_mux_component|mux_c4e:auto_generated|l1_w1_n1_mux_dataout~1                                               ; out0             ;
; |laba8_var1|lpm_mux2:inst12|lpm_mux:lpm_mux_component|mux_c4e:auto_generated|l1_w1_n1_mux_dataout                                                 ; |laba8_var1|lpm_mux2:inst12|lpm_mux:lpm_mux_component|mux_c4e:auto_generated|l1_w1_n1_mux_dataout                                                 ; out0             ;
; |laba8_var1|lpm_mux2:inst12|lpm_mux:lpm_mux_component|mux_c4e:auto_generated|l1_w2_n0_mux_dataout~0                                               ; |laba8_var1|lpm_mux2:inst12|lpm_mux:lpm_mux_component|mux_c4e:auto_generated|l1_w2_n0_mux_dataout~0                                               ; out0             ;
; |laba8_var1|lpm_mux2:inst12|lpm_mux:lpm_mux_component|mux_c4e:auto_generated|l1_w2_n0_mux_dataout                                                 ; |laba8_var1|lpm_mux2:inst12|lpm_mux:lpm_mux_component|mux_c4e:auto_generated|l1_w2_n0_mux_dataout                                                 ; out0             ;
; |laba8_var1|lpm_mux2:inst12|lpm_mux:lpm_mux_component|mux_c4e:auto_generated|l1_w2_n1_mux_dataout~1                                               ; |laba8_var1|lpm_mux2:inst12|lpm_mux:lpm_mux_component|mux_c4e:auto_generated|l1_w2_n1_mux_dataout~1                                               ; out0             ;
; |laba8_var1|lpm_mux2:inst12|lpm_mux:lpm_mux_component|mux_c4e:auto_generated|l1_w2_n1_mux_dataout                                                 ; |laba8_var1|lpm_mux2:inst12|lpm_mux:lpm_mux_component|mux_c4e:auto_generated|l1_w2_n1_mux_dataout                                                 ; out0             ;
; |laba8_var1|lpm_mux2:inst12|lpm_mux:lpm_mux_component|mux_c4e:auto_generated|l1_w3_n1_mux_dataout~0                                               ; |laba8_var1|lpm_mux2:inst12|lpm_mux:lpm_mux_component|mux_c4e:auto_generated|l1_w3_n1_mux_dataout~0                                               ; out0             ;
; |laba8_var1|lpm_mux2:inst12|lpm_mux:lpm_mux_component|mux_c4e:auto_generated|l1_w3_n1_mux_dataout                                                 ; |laba8_var1|lpm_mux2:inst12|lpm_mux:lpm_mux_component|mux_c4e:auto_generated|l1_w3_n1_mux_dataout                                                 ; out0             ;
; |laba8_var1|lpm_mux2:inst12|lpm_mux:lpm_mux_component|mux_c4e:auto_generated|l1_w4_n1_mux_dataout~1                                               ; |laba8_var1|lpm_mux2:inst12|lpm_mux:lpm_mux_component|mux_c4e:auto_generated|l1_w4_n1_mux_dataout~1                                               ; out0             ;
; |laba8_var1|lpm_mux2:inst12|lpm_mux:lpm_mux_component|mux_c4e:auto_generated|l1_w4_n1_mux_dataout                                                 ; |laba8_var1|lpm_mux2:inst12|lpm_mux:lpm_mux_component|mux_c4e:auto_generated|l1_w4_n1_mux_dataout                                                 ; out0             ;
; |laba8_var1|lpm_mux2:inst12|lpm_mux:lpm_mux_component|mux_c4e:auto_generated|l1_w5_n1_mux_dataout~1                                               ; |laba8_var1|lpm_mux2:inst12|lpm_mux:lpm_mux_component|mux_c4e:auto_generated|l1_w5_n1_mux_dataout~1                                               ; out0             ;
; |laba8_var1|lpm_mux2:inst12|lpm_mux:lpm_mux_component|mux_c4e:auto_generated|l1_w5_n1_mux_dataout                                                 ; |laba8_var1|lpm_mux2:inst12|lpm_mux:lpm_mux_component|mux_c4e:auto_generated|l1_w5_n1_mux_dataout                                                 ; out0             ;
; |laba8_var1|lpm_mux2:inst12|lpm_mux:lpm_mux_component|mux_c4e:auto_generated|l2_w0_n0_mux_dataout~0                                               ; |laba8_var1|lpm_mux2:inst12|lpm_mux:lpm_mux_component|mux_c4e:auto_generated|l2_w0_n0_mux_dataout~0                                               ; out0             ;
; |laba8_var1|lpm_mux2:inst12|lpm_mux:lpm_mux_component|mux_c4e:auto_generated|l2_w0_n0_mux_dataout~1                                               ; |laba8_var1|lpm_mux2:inst12|lpm_mux:lpm_mux_component|mux_c4e:auto_generated|l2_w0_n0_mux_dataout~1                                               ; out0             ;
; |laba8_var1|lpm_mux2:inst12|lpm_mux:lpm_mux_component|mux_c4e:auto_generated|l2_w0_n0_mux_dataout                                                 ; |laba8_var1|lpm_mux2:inst12|lpm_mux:lpm_mux_component|mux_c4e:auto_generated|l2_w0_n0_mux_dataout                                                 ; out0             ;
; |laba8_var1|lpm_mux2:inst12|lpm_mux:lpm_mux_component|mux_c4e:auto_generated|l2_w1_n0_mux_dataout~0                                               ; |laba8_var1|lpm_mux2:inst12|lpm_mux:lpm_mux_component|mux_c4e:auto_generated|l2_w1_n0_mux_dataout~0                                               ; out0             ;
; |laba8_var1|lpm_mux2:inst12|lpm_mux:lpm_mux_component|mux_c4e:auto_generated|l2_w1_n0_mux_dataout~1                                               ; |laba8_var1|lpm_mux2:inst12|lpm_mux:lpm_mux_component|mux_c4e:auto_generated|l2_w1_n0_mux_dataout~1                                               ; out0             ;
; |laba8_var1|lpm_mux2:inst12|lpm_mux:lpm_mux_component|mux_c4e:auto_generated|l2_w1_n0_mux_dataout                                                 ; |laba8_var1|lpm_mux2:inst12|lpm_mux:lpm_mux_component|mux_c4e:auto_generated|l2_w1_n0_mux_dataout                                                 ; out0             ;
; |laba8_var1|lpm_mux2:inst12|lpm_mux:lpm_mux_component|mux_c4e:auto_generated|l2_w2_n0_mux_dataout~0                                               ; |laba8_var1|lpm_mux2:inst12|lpm_mux:lpm_mux_component|mux_c4e:auto_generated|l2_w2_n0_mux_dataout~0                                               ; out0             ;
; |laba8_var1|lpm_mux2:inst12|lpm_mux:lpm_mux_component|mux_c4e:auto_generated|l2_w2_n0_mux_dataout~1                                               ; |laba8_var1|lpm_mux2:inst12|lpm_mux:lpm_mux_component|mux_c4e:auto_generated|l2_w2_n0_mux_dataout~1                                               ; out0             ;
; |laba8_var1|lpm_mux2:inst12|lpm_mux:lpm_mux_component|mux_c4e:auto_generated|l2_w2_n0_mux_dataout                                                 ; |laba8_var1|lpm_mux2:inst12|lpm_mux:lpm_mux_component|mux_c4e:auto_generated|l2_w2_n0_mux_dataout                                                 ; out0             ;
; |laba8_var1|lpm_mux2:inst12|lpm_mux:lpm_mux_component|mux_c4e:auto_generated|l2_w3_n0_mux_dataout~0                                               ; |laba8_var1|lpm_mux2:inst12|lpm_mux:lpm_mux_component|mux_c4e:auto_generated|l2_w3_n0_mux_dataout~0                                               ; out0             ;
; |laba8_var1|lpm_mux2:inst12|lpm_mux:lpm_mux_component|mux_c4e:auto_generated|l2_w3_n0_mux_dataout                                                 ; |laba8_var1|lpm_mux2:inst12|lpm_mux:lpm_mux_component|mux_c4e:auto_generated|l2_w3_n0_mux_dataout                                                 ; out0             ;
; |laba8_var1|lpm_mux2:inst12|lpm_mux:lpm_mux_component|mux_c4e:auto_generated|l2_w4_n0_mux_dataout~0                                               ; |laba8_var1|lpm_mux2:inst12|lpm_mux:lpm_mux_component|mux_c4e:auto_generated|l2_w4_n0_mux_dataout~0                                               ; out0             ;
; |laba8_var1|lpm_mux2:inst12|lpm_mux:lpm_mux_component|mux_c4e:auto_generated|l2_w4_n0_mux_dataout                                                 ; |laba8_var1|lpm_mux2:inst12|lpm_mux:lpm_mux_component|mux_c4e:auto_generated|l2_w4_n0_mux_dataout                                                 ; out0             ;
; |laba8_var1|lpm_mux2:inst12|lpm_mux:lpm_mux_component|mux_c4e:auto_generated|l2_w5_n0_mux_dataout~0                                               ; |laba8_var1|lpm_mux2:inst12|lpm_mux:lpm_mux_component|mux_c4e:auto_generated|l2_w5_n0_mux_dataout~0                                               ; out0             ;
; |laba8_var1|lpm_mux2:inst12|lpm_mux:lpm_mux_component|mux_c4e:auto_generated|l2_w5_n0_mux_dataout                                                 ; |laba8_var1|lpm_mux2:inst12|lpm_mux:lpm_mux_component|mux_c4e:auto_generated|l2_w5_n0_mux_dataout                                                 ; out0             ;
; |laba8_var1|cache_final:inst1|inst7                                                                                                               ; |laba8_var1|cache_final:inst1|inst7                                                                                                               ; out0             ;
; |laba8_var1|cache_final:inst1|inst14                                                                                                              ; |laba8_var1|cache_final:inst1|inst14                                                                                                              ; out0             ;
; |laba8_var1|cache_final:inst1|inst13                                                                                                              ; |laba8_var1|cache_final:inst1|inst13                                                                                                              ; out0             ;
; |laba8_var1|cache_final:inst1|lpm_mux1:inst9|lpm_mux:lpm_mux_component|mux_94e:auto_generated|l1_w0_n0_mux_dataout~0                              ; |laba8_var1|cache_final:inst1|lpm_mux1:inst9|lpm_mux:lpm_mux_component|mux_94e:auto_generated|l1_w0_n0_mux_dataout~0                              ; out0             ;
; |laba8_var1|cache_final:inst1|lpm_mux1:inst9|lpm_mux:lpm_mux_component|mux_94e:auto_generated|l1_w0_n0_mux_dataout                                ; |laba8_var1|cache_final:inst1|lpm_mux1:inst9|lpm_mux:lpm_mux_component|mux_94e:auto_generated|l1_w0_n0_mux_dataout                                ; out0             ;
; |laba8_var1|cache_final:inst1|lpm_mux1:inst9|lpm_mux:lpm_mux_component|mux_94e:auto_generated|l1_w1_n0_mux_dataout~0                              ; |laba8_var1|cache_final:inst1|lpm_mux1:inst9|lpm_mux:lpm_mux_component|mux_94e:auto_generated|l1_w1_n0_mux_dataout~0                              ; out0             ;
; |laba8_var1|cache_final:inst1|lpm_mux1:inst9|lpm_mux:lpm_mux_component|mux_94e:auto_generated|l1_w1_n0_mux_dataout                                ; |laba8_var1|cache_final:inst1|lpm_mux1:inst9|lpm_mux:lpm_mux_component|mux_94e:auto_generated|l1_w1_n0_mux_dataout                                ; out0             ;
; |laba8_var1|cache_final:inst1|lpm_mux1:inst9|lpm_mux:lpm_mux_component|mux_94e:auto_generated|l1_w2_n0_mux_dataout~0                              ; |laba8_var1|cache_final:inst1|lpm_mux1:inst9|lpm_mux:lpm_mux_component|mux_94e:auto_generated|l1_w2_n0_mux_dataout~0                              ; out0             ;
; |laba8_var1|cache_final:inst1|lpm_mux1:inst9|lpm_mux:lpm_mux_component|mux_94e:auto_generated|l1_w2_n0_mux_dataout                                ; |laba8_var1|cache_final:inst1|lpm_mux1:inst9|lpm_mux:lpm_mux_component|mux_94e:auto_generated|l1_w2_n0_mux_dataout                                ; out0             ;
; |laba8_var1|cache_final:inst1|cache_line:inst|inst4                                                                                               ; |laba8_var1|cache_final:inst1|cache_line:inst|inst4                                                                                               ; out0             ;
; |laba8_var1|cache_final:inst1|cache_line:inst|lpm_mux0:inst6|lpm_mux:lpm_mux_component|mux_94e:auto_generated|l1_w0_n0_mux_dataout~1              ; |laba8_var1|cache_final:inst1|cache_line:inst|lpm_mux0:inst6|lpm_mux:lpm_mux_component|mux_94e:auto_generated|l1_w0_n0_mux_dataout~1              ; out0             ;
; |laba8_var1|cache_final:inst1|cache_line:inst|lpm_mux0:inst6|lpm_mux:lpm_mux_component|mux_94e:auto_generated|l1_w0_n0_mux_dataout                ; |laba8_var1|cache_final:inst1|cache_line:inst|lpm_mux0:inst6|lpm_mux:lpm_mux_component|mux_94e:auto_generated|l1_w0_n0_mux_dataout                ; out0             ;
; |laba8_var1|cache_final:inst1|cache_line:inst|lpm_mux0:inst6|lpm_mux:lpm_mux_component|mux_94e:auto_generated|l1_w1_n0_mux_dataout~1              ; |laba8_var1|cache_final:inst1|cache_line:inst|lpm_mux0:inst6|lpm_mux:lpm_mux_component|mux_94e:auto_generated|l1_w1_n0_mux_dataout~1              ; out0             ;
; |laba8_var1|cache_final:inst1|cache_line:inst|lpm_mux0:inst6|lpm_mux:lpm_mux_component|mux_94e:auto_generated|l1_w1_n0_mux_dataout                ; |laba8_var1|cache_final:inst1|cache_line:inst|lpm_mux0:inst6|lpm_mux:lpm_mux_component|mux_94e:auto_generated|l1_w1_n0_mux_dataout                ; out0             ;
; |laba8_var1|cache_final:inst1|cache_line:inst|lpm_mux0:inst6|lpm_mux:lpm_mux_component|mux_94e:auto_generated|l1_w2_n0_mux_dataout~0              ; |laba8_var1|cache_final:inst1|cache_line:inst|lpm_mux0:inst6|lpm_mux:lpm_mux_component|mux_94e:auto_generated|l1_w2_n0_mux_dataout~0              ; out0             ;
; |laba8_var1|cache_final:inst1|cache_line:inst|lpm_mux0:inst6|lpm_mux:lpm_mux_component|mux_94e:auto_generated|l1_w2_n0_mux_dataout                ; |laba8_var1|cache_final:inst1|cache_line:inst|lpm_mux0:inst6|lpm_mux:lpm_mux_component|mux_94e:auto_generated|l1_w2_n0_mux_dataout                ; out0             ;
; |laba8_var1|cache_final:inst1|cache_line:inst|lpm_compare0:inst8|lpm_compare:lpm_compare_component|cmpr_cig:auto_generated|aneb_result_wire[0]~0  ; |laba8_var1|cache_final:inst1|cache_line:inst|lpm_compare0:inst8|lpm_compare:lpm_compare_component|cmpr_cig:auto_generated|aneb_result_wire[0]~0  ; out0             ;
; |laba8_var1|cache_final:inst1|cache_line:inst|lpm_compare0:inst8|lpm_compare:lpm_compare_component|cmpr_cig:auto_generated|aneb_result_wire[0]    ; |laba8_var1|cache_final:inst1|cache_line:inst|lpm_compare0:inst8|lpm_compare:lpm_compare_component|cmpr_cig:auto_generated|aneb_result_wire[0]    ; out0             ;
; |laba8_var1|cache_final:inst1|cache_line:inst|lpm_compare0:inst8|lpm_compare:lpm_compare_component|cmpr_cig:auto_generated|data_wire[1]~0         ; |laba8_var1|cache_final:inst1|cache_line:inst|lpm_compare0:inst8|lpm_compare:lpm_compare_component|cmpr_cig:auto_generated|data_wire[1]~0         ; out0             ;
; |laba8_var1|cache_final:inst1|cache_line:inst|lpm_compare0:inst8|lpm_compare:lpm_compare_component|cmpr_cig:auto_generated|data_wire[1]~1         ; |laba8_var1|cache_final:inst1|cache_line:inst|lpm_compare0:inst8|lpm_compare:lpm_compare_component|cmpr_cig:auto_generated|data_wire[1]~1         ; out0             ;
; |laba8_var1|cache_final:inst1|cache_line:inst|lpm_compare0:inst8|lpm_compare:lpm_compare_component|cmpr_cig:auto_generated|data_wire[1]           ; |laba8_var1|cache_final:inst1|cache_line:inst|lpm_compare0:inst8|lpm_compare:lpm_compare_component|cmpr_cig:auto_generated|data_wire[1]           ; out0             ;
; |laba8_var1|cache_final:inst1|cache_line:inst|lpm_compare0:inst8|lpm_compare:lpm_compare_component|cmpr_cig:auto_generated|data_wire[0]~2         ; |laba8_var1|cache_final:inst1|cache_line:inst|lpm_compare0:inst8|lpm_compare:lpm_compare_component|cmpr_cig:auto_generated|data_wire[0]~2         ; out0             ;
; |laba8_var1|cache_final:inst1|cache_line:inst|lpm_compare0:inst8|lpm_compare:lpm_compare_component|cmpr_cig:auto_generated|data_wire[0]~3         ; |laba8_var1|cache_final:inst1|cache_line:inst|lpm_compare0:inst8|lpm_compare:lpm_compare_component|cmpr_cig:auto_generated|data_wire[0]~3         ; out0             ;
; |laba8_var1|cache_final:inst1|cache_line:inst|lpm_compare0:inst8|lpm_compare:lpm_compare_component|cmpr_cig:auto_generated|data_wire[0]           ; |laba8_var1|cache_final:inst1|cache_line:inst|lpm_compare0:inst8|lpm_compare:lpm_compare_component|cmpr_cig:auto_generated|data_wire[0]           ; out0             ;
; |laba8_var1|cache_final:inst1|cache_line:inst2|lpm_compare0:inst8|lpm_compare:lpm_compare_component|cmpr_cig:auto_generated|aneb_result_wire[0]~0 ; |laba8_var1|cache_final:inst1|cache_line:inst2|lpm_compare0:inst8|lpm_compare:lpm_compare_component|cmpr_cig:auto_generated|aneb_result_wire[0]~0 ; out0             ;
; |laba8_var1|cache_final:inst1|cache_line:inst2|lpm_compare0:inst8|lpm_compare:lpm_compare_component|cmpr_cig:auto_generated|aneb_result_wire[0]   ; |laba8_var1|cache_final:inst1|cache_line:inst2|lpm_compare0:inst8|lpm_compare:lpm_compare_component|cmpr_cig:auto_generated|aneb_result_wire[0]   ; out0             ;
; |laba8_var1|cache_final:inst1|cache_line:inst2|lpm_compare0:inst8|lpm_compare:lpm_compare_component|cmpr_cig:auto_generated|data_wire[1]~0        ; |laba8_var1|cache_final:inst1|cache_line:inst2|lpm_compare0:inst8|lpm_compare:lpm_compare_component|cmpr_cig:auto_generated|data_wire[1]~0        ; out0             ;
; |laba8_var1|cache_final:inst1|cache_line:inst2|lpm_compare0:inst8|lpm_compare:lpm_compare_component|cmpr_cig:auto_generated|data_wire[1]~1        ; |laba8_var1|cache_final:inst1|cache_line:inst2|lpm_compare0:inst8|lpm_compare:lpm_compare_component|cmpr_cig:auto_generated|data_wire[1]~1        ; out0             ;
; |laba8_var1|cache_final:inst1|cache_line:inst2|lpm_compare0:inst8|lpm_compare:lpm_compare_component|cmpr_cig:auto_generated|data_wire[1]          ; |laba8_var1|cache_final:inst1|cache_line:inst2|lpm_compare0:inst8|lpm_compare:lpm_compare_component|cmpr_cig:auto_generated|data_wire[1]          ; out0             ;
; |laba8_var1|cache_final:inst1|cache_line:inst2|lpm_compare0:inst8|lpm_compare:lpm_compare_component|cmpr_cig:auto_generated|data_wire[0]~2        ; |laba8_var1|cache_final:inst1|cache_line:inst2|lpm_compare0:inst8|lpm_compare:lpm_compare_component|cmpr_cig:auto_generated|data_wire[0]~2        ; out0             ;
; |laba8_var1|cache_final:inst1|cache_line:inst2|lpm_compare0:inst8|lpm_compare:lpm_compare_component|cmpr_cig:auto_generated|data_wire[0]~3        ; |laba8_var1|cache_final:inst1|cache_line:inst2|lpm_compare0:inst8|lpm_compare:lpm_compare_component|cmpr_cig:auto_generated|data_wire[0]~3        ; out0             ;
; |laba8_var1|cache_final:inst1|cache_line:inst2|lpm_compare0:inst8|lpm_compare:lpm_compare_component|cmpr_cig:auto_generated|data_wire[0]          ; |laba8_var1|cache_final:inst1|cache_line:inst2|lpm_compare0:inst8|lpm_compare:lpm_compare_component|cmpr_cig:auto_generated|data_wire[0]          ; out0             ;
; |laba8_var1|cache_final:inst3|inst7                                                                                                               ; |laba8_var1|cache_final:inst3|inst7                                                                                                               ; out0             ;
; |laba8_var1|cache_final:inst3|inst14                                                                                                              ; |laba8_var1|cache_final:inst3|inst14                                                                                                              ; out0             ;
; |laba8_var1|cache_final:inst3|inst13                                                                                                              ; |laba8_var1|cache_final:inst3|inst13                                                                                                              ; out0             ;
; |laba8_var1|cache_final:inst3|lpm_mux1:inst9|lpm_mux:lpm_mux_component|mux_94e:auto_generated|l1_w0_n0_mux_dataout~0                              ; |laba8_var1|cache_final:inst3|lpm_mux1:inst9|lpm_mux:lpm_mux_component|mux_94e:auto_generated|l1_w0_n0_mux_dataout~0                              ; out0             ;
; |laba8_var1|cache_final:inst3|lpm_mux1:inst9|lpm_mux:lpm_mux_component|mux_94e:auto_generated|l1_w0_n0_mux_dataout                                ; |laba8_var1|cache_final:inst3|lpm_mux1:inst9|lpm_mux:lpm_mux_component|mux_94e:auto_generated|l1_w0_n0_mux_dataout                                ; out0             ;
; |laba8_var1|cache_final:inst3|lpm_mux1:inst9|lpm_mux:lpm_mux_component|mux_94e:auto_generated|l1_w3_n0_mux_dataout~0                              ; |laba8_var1|cache_final:inst3|lpm_mux1:inst9|lpm_mux:lpm_mux_component|mux_94e:auto_generated|l1_w3_n0_mux_dataout~0                              ; out0             ;
; |laba8_var1|cache_final:inst3|lpm_mux1:inst9|lpm_mux:lpm_mux_component|mux_94e:auto_generated|l1_w3_n0_mux_dataout                                ; |laba8_var1|cache_final:inst3|lpm_mux1:inst9|lpm_mux:lpm_mux_component|mux_94e:auto_generated|l1_w3_n0_mux_dataout                                ; out0             ;
; |laba8_var1|cache_final:inst3|cache_line:inst|inst4                                                                                               ; |laba8_var1|cache_final:inst3|cache_line:inst|inst4                                                                                               ; out0             ;
; |laba8_var1|cache_final:inst3|cache_line:inst|lpm_mux0:inst6|lpm_mux:lpm_mux_component|mux_94e:auto_generated|l1_w0_n0_mux_dataout~1              ; |laba8_var1|cache_final:inst3|cache_line:inst|lpm_mux0:inst6|lpm_mux:lpm_mux_component|mux_94e:auto_generated|l1_w0_n0_mux_dataout~1              ; out0             ;
; |laba8_var1|cache_final:inst3|cache_line:inst|lpm_mux0:inst6|lpm_mux:lpm_mux_component|mux_94e:auto_generated|l1_w0_n0_mux_dataout                ; |laba8_var1|cache_final:inst3|cache_line:inst|lpm_mux0:inst6|lpm_mux:lpm_mux_component|mux_94e:auto_generated|l1_w0_n0_mux_dataout                ; out0             ;
; |laba8_var1|cache_final:inst3|cache_line:inst|lpm_mux0:inst6|lpm_mux:lpm_mux_component|mux_94e:auto_generated|l1_w3_n0_mux_dataout~0              ; |laba8_var1|cache_final:inst3|cache_line:inst|lpm_mux0:inst6|lpm_mux:lpm_mux_component|mux_94e:auto_generated|l1_w3_n0_mux_dataout~0              ; out0             ;
; |laba8_var1|cache_final:inst3|cache_line:inst|lpm_mux0:inst6|lpm_mux:lpm_mux_component|mux_94e:auto_generated|l1_w3_n0_mux_dataout~1              ; |laba8_var1|cache_final:inst3|cache_line:inst|lpm_mux0:inst6|lpm_mux:lpm_mux_component|mux_94e:auto_generated|l1_w3_n0_mux_dataout~1              ; out0             ;
; |laba8_var1|cache_final:inst3|cache_line:inst|lpm_compare0:inst8|lpm_compare:lpm_compare_component|cmpr_cig:auto_generated|aneb_result_wire[0]~0  ; |laba8_var1|cache_final:inst3|cache_line:inst|lpm_compare0:inst8|lpm_compare:lpm_compare_component|cmpr_cig:auto_generated|aneb_result_wire[0]~0  ; out0             ;
; |laba8_var1|cache_final:inst3|cache_line:inst|lpm_compare0:inst8|lpm_compare:lpm_compare_component|cmpr_cig:auto_generated|aneb_result_wire[0]    ; |laba8_var1|cache_final:inst3|cache_line:inst|lpm_compare0:inst8|lpm_compare:lpm_compare_component|cmpr_cig:auto_generated|aneb_result_wire[0]    ; out0             ;
; |laba8_var1|cache_final:inst3|cache_line:inst|lpm_compare0:inst8|lpm_compare:lpm_compare_component|cmpr_cig:auto_generated|data_wire[1]~0         ; |laba8_var1|cache_final:inst3|cache_line:inst|lpm_compare0:inst8|lpm_compare:lpm_compare_component|cmpr_cig:auto_generated|data_wire[1]~0         ; out0             ;
; |laba8_var1|cache_final:inst3|cache_line:inst|lpm_compare0:inst8|lpm_compare:lpm_compare_component|cmpr_cig:auto_generated|data_wire[1]~1         ; |laba8_var1|cache_final:inst3|cache_line:inst|lpm_compare0:inst8|lpm_compare:lpm_compare_component|cmpr_cig:auto_generated|data_wire[1]~1         ; out0             ;
; |laba8_var1|cache_final:inst3|cache_line:inst|lpm_compare0:inst8|lpm_compare:lpm_compare_component|cmpr_cig:auto_generated|data_wire[1]           ; |laba8_var1|cache_final:inst3|cache_line:inst|lpm_compare0:inst8|lpm_compare:lpm_compare_component|cmpr_cig:auto_generated|data_wire[1]           ; out0             ;
; |laba8_var1|cache_final:inst3|cache_line:inst|lpm_compare0:inst8|lpm_compare:lpm_compare_component|cmpr_cig:auto_generated|data_wire[0]~2         ; |laba8_var1|cache_final:inst3|cache_line:inst|lpm_compare0:inst8|lpm_compare:lpm_compare_component|cmpr_cig:auto_generated|data_wire[0]~2         ; out0             ;
; |laba8_var1|cache_final:inst3|cache_line:inst|lpm_compare0:inst8|lpm_compare:lpm_compare_component|cmpr_cig:auto_generated|data_wire[0]~3         ; |laba8_var1|cache_final:inst3|cache_line:inst|lpm_compare0:inst8|lpm_compare:lpm_compare_component|cmpr_cig:auto_generated|data_wire[0]~3         ; out0             ;
; |laba8_var1|cache_final:inst3|cache_line:inst|lpm_compare0:inst8|lpm_compare:lpm_compare_component|cmpr_cig:auto_generated|data_wire[0]           ; |laba8_var1|cache_final:inst3|cache_line:inst|lpm_compare0:inst8|lpm_compare:lpm_compare_component|cmpr_cig:auto_generated|data_wire[0]           ; out0             ;
; |laba8_var1|cache_final:inst3|cache_line:inst2|lpm_compare0:inst8|lpm_compare:lpm_compare_component|cmpr_cig:auto_generated|aneb_result_wire[0]~0 ; |laba8_var1|cache_final:inst3|cache_line:inst2|lpm_compare0:inst8|lpm_compare:lpm_compare_component|cmpr_cig:auto_generated|aneb_result_wire[0]~0 ; out0             ;
; |laba8_var1|cache_final:inst3|cache_line:inst2|lpm_compare0:inst8|lpm_compare:lpm_compare_component|cmpr_cig:auto_generated|aneb_result_wire[0]   ; |laba8_var1|cache_final:inst3|cache_line:inst2|lpm_compare0:inst8|lpm_compare:lpm_compare_component|cmpr_cig:auto_generated|aneb_result_wire[0]   ; out0             ;
; |laba8_var1|cache_final:inst3|cache_line:inst2|lpm_compare0:inst8|lpm_compare:lpm_compare_component|cmpr_cig:auto_generated|data_wire[1]~0        ; |laba8_var1|cache_final:inst3|cache_line:inst2|lpm_compare0:inst8|lpm_compare:lpm_compare_component|cmpr_cig:auto_generated|data_wire[1]~0        ; out0             ;
; |laba8_var1|cache_final:inst3|cache_line:inst2|lpm_compare0:inst8|lpm_compare:lpm_compare_component|cmpr_cig:auto_generated|data_wire[1]~1        ; |laba8_var1|cache_final:inst3|cache_line:inst2|lpm_compare0:inst8|lpm_compare:lpm_compare_component|cmpr_cig:auto_generated|data_wire[1]~1        ; out0             ;
; |laba8_var1|cache_final:inst3|cache_line:inst2|lpm_compare0:inst8|lpm_compare:lpm_compare_component|cmpr_cig:auto_generated|data_wire[1]          ; |laba8_var1|cache_final:inst3|cache_line:inst2|lpm_compare0:inst8|lpm_compare:lpm_compare_component|cmpr_cig:auto_generated|data_wire[1]          ; out0             ;
; |laba8_var1|cache_final:inst3|cache_line:inst2|lpm_compare0:inst8|lpm_compare:lpm_compare_component|cmpr_cig:auto_generated|data_wire[0]~2        ; |laba8_var1|cache_final:inst3|cache_line:inst2|lpm_compare0:inst8|lpm_compare:lpm_compare_component|cmpr_cig:auto_generated|data_wire[0]~2        ; out0             ;
; |laba8_var1|cache_final:inst3|cache_line:inst2|lpm_compare0:inst8|lpm_compare:lpm_compare_component|cmpr_cig:auto_generated|data_wire[0]~3        ; |laba8_var1|cache_final:inst3|cache_line:inst2|lpm_compare0:inst8|lpm_compare:lpm_compare_component|cmpr_cig:auto_generated|data_wire[0]~3        ; out0             ;
; |laba8_var1|cache_final:inst3|cache_line:inst2|lpm_compare0:inst8|lpm_compare:lpm_compare_component|cmpr_cig:auto_generated|data_wire[0]          ; |laba8_var1|cache_final:inst3|cache_line:inst2|lpm_compare0:inst8|lpm_compare:lpm_compare_component|cmpr_cig:auto_generated|data_wire[0]          ; out0             ;
; |laba8_var1|cache_final:inst2|inst7                                                                                                               ; |laba8_var1|cache_final:inst2|inst7                                                                                                               ; out0             ;
; |laba8_var1|cache_final:inst2|inst14                                                                                                              ; |laba8_var1|cache_final:inst2|inst14                                                                                                              ; out0             ;
; |laba8_var1|cache_final:inst2|inst13                                                                                                              ; |laba8_var1|cache_final:inst2|inst13                                                                                                              ; out0             ;
; |laba8_var1|cache_final:inst2|lpm_mux1:inst9|lpm_mux:lpm_mux_component|mux_94e:auto_generated|l1_w0_n0_mux_dataout~0                              ; |laba8_var1|cache_final:inst2|lpm_mux1:inst9|lpm_mux:lpm_mux_component|mux_94e:auto_generated|l1_w0_n0_mux_dataout~0                              ; out0             ;
; |laba8_var1|cache_final:inst2|lpm_mux1:inst9|lpm_mux:lpm_mux_component|mux_94e:auto_generated|l1_w0_n0_mux_dataout~1                              ; |laba8_var1|cache_final:inst2|lpm_mux1:inst9|lpm_mux:lpm_mux_component|mux_94e:auto_generated|l1_w0_n0_mux_dataout~1                              ; out0             ;
; |laba8_var1|cache_final:inst2|lpm_mux1:inst9|lpm_mux:lpm_mux_component|mux_94e:auto_generated|l1_w0_n0_mux_dataout                                ; |laba8_var1|cache_final:inst2|lpm_mux1:inst9|lpm_mux:lpm_mux_component|mux_94e:auto_generated|l1_w0_n0_mux_dataout                                ; out0             ;
; |laba8_var1|cache_final:inst2|lpm_mux1:inst9|lpm_mux:lpm_mux_component|mux_94e:auto_generated|l1_w1_n0_mux_dataout~0                              ; |laba8_var1|cache_final:inst2|lpm_mux1:inst9|lpm_mux:lpm_mux_component|mux_94e:auto_generated|l1_w1_n0_mux_dataout~0                              ; out0             ;
; |laba8_var1|cache_final:inst2|lpm_mux1:inst9|lpm_mux:lpm_mux_component|mux_94e:auto_generated|l1_w1_n0_mux_dataout                                ; |laba8_var1|cache_final:inst2|lpm_mux1:inst9|lpm_mux:lpm_mux_component|mux_94e:auto_generated|l1_w1_n0_mux_dataout                                ; out0             ;
; |laba8_var1|cache_final:inst2|lpm_mux1:inst9|lpm_mux:lpm_mux_component|mux_94e:auto_generated|l1_w2_n0_mux_dataout~0                              ; |laba8_var1|cache_final:inst2|lpm_mux1:inst9|lpm_mux:lpm_mux_component|mux_94e:auto_generated|l1_w2_n0_mux_dataout~0                              ; out0             ;
; |laba8_var1|cache_final:inst2|lpm_mux1:inst9|lpm_mux:lpm_mux_component|mux_94e:auto_generated|l1_w2_n0_mux_dataout                                ; |laba8_var1|cache_final:inst2|lpm_mux1:inst9|lpm_mux:lpm_mux_component|mux_94e:auto_generated|l1_w2_n0_mux_dataout                                ; out0             ;
; |laba8_var1|cache_final:inst2|lpm_mux1:inst9|lpm_mux:lpm_mux_component|mux_94e:auto_generated|l1_w5_n0_mux_dataout~1                              ; |laba8_var1|cache_final:inst2|lpm_mux1:inst9|lpm_mux:lpm_mux_component|mux_94e:auto_generated|l1_w5_n0_mux_dataout~1                              ; out0             ;
; |laba8_var1|cache_final:inst2|lpm_mux1:inst9|lpm_mux:lpm_mux_component|mux_94e:auto_generated|l1_w5_n0_mux_dataout                                ; |laba8_var1|cache_final:inst2|lpm_mux1:inst9|lpm_mux:lpm_mux_component|mux_94e:auto_generated|l1_w5_n0_mux_dataout                                ; out0             ;
; |laba8_var1|cache_final:inst2|cache_line:inst|inst4                                                                                               ; |laba8_var1|cache_final:inst2|cache_line:inst|inst4                                                                                               ; out0             ;
; |laba8_var1|cache_final:inst2|cache_line:inst|lpm_mux0:inst6|lpm_mux:lpm_mux_component|mux_94e:auto_generated|l1_w0_n0_mux_dataout~0              ; |laba8_var1|cache_final:inst2|cache_line:inst|lpm_mux0:inst6|lpm_mux:lpm_mux_component|mux_94e:auto_generated|l1_w0_n0_mux_dataout~0              ; out0             ;
; |laba8_var1|cache_final:inst2|cache_line:inst|lpm_mux0:inst6|lpm_mux:lpm_mux_component|mux_94e:auto_generated|l1_w0_n0_mux_dataout                ; |laba8_var1|cache_final:inst2|cache_line:inst|lpm_mux0:inst6|lpm_mux:lpm_mux_component|mux_94e:auto_generated|l1_w0_n0_mux_dataout                ; out0             ;
; |laba8_var1|cache_final:inst2|cache_line:inst|lpm_mux0:inst6|lpm_mux:lpm_mux_component|mux_94e:auto_generated|l1_w1_n0_mux_dataout~0              ; |laba8_var1|cache_final:inst2|cache_line:inst|lpm_mux0:inst6|lpm_mux:lpm_mux_component|mux_94e:auto_generated|l1_w1_n0_mux_dataout~0              ; out0             ;
; |laba8_var1|cache_final:inst2|cache_line:inst|lpm_mux0:inst6|lpm_mux:lpm_mux_component|mux_94e:auto_generated|l1_w1_n0_mux_dataout~1              ; |laba8_var1|cache_final:inst2|cache_line:inst|lpm_mux0:inst6|lpm_mux:lpm_mux_component|mux_94e:auto_generated|l1_w1_n0_mux_dataout~1              ; out0             ;
; |laba8_var1|cache_final:inst2|cache_line:inst|lpm_mux0:inst6|lpm_mux:lpm_mux_component|mux_94e:auto_generated|l1_w2_n0_mux_dataout~0              ; |laba8_var1|cache_final:inst2|cache_line:inst|lpm_mux0:inst6|lpm_mux:lpm_mux_component|mux_94e:auto_generated|l1_w2_n0_mux_dataout~0              ; out0             ;
; |laba8_var1|cache_final:inst2|cache_line:inst|lpm_mux0:inst6|lpm_mux:lpm_mux_component|mux_94e:auto_generated|l1_w2_n0_mux_dataout~1              ; |laba8_var1|cache_final:inst2|cache_line:inst|lpm_mux0:inst6|lpm_mux:lpm_mux_component|mux_94e:auto_generated|l1_w2_n0_mux_dataout~1              ; out0             ;
; |laba8_var1|cache_final:inst2|cache_line:inst|lpm_compare0:inst8|lpm_compare:lpm_compare_component|cmpr_cig:auto_generated|aneb_result_wire[0]~0  ; |laba8_var1|cache_final:inst2|cache_line:inst|lpm_compare0:inst8|lpm_compare:lpm_compare_component|cmpr_cig:auto_generated|aneb_result_wire[0]~0  ; out0             ;
; |laba8_var1|cache_final:inst2|cache_line:inst|lpm_compare0:inst8|lpm_compare:lpm_compare_component|cmpr_cig:auto_generated|aneb_result_wire[0]    ; |laba8_var1|cache_final:inst2|cache_line:inst|lpm_compare0:inst8|lpm_compare:lpm_compare_component|cmpr_cig:auto_generated|aneb_result_wire[0]    ; out0             ;
; |laba8_var1|cache_final:inst2|cache_line:inst|lpm_compare0:inst8|lpm_compare:lpm_compare_component|cmpr_cig:auto_generated|data_wire[1]~0         ; |laba8_var1|cache_final:inst2|cache_line:inst|lpm_compare0:inst8|lpm_compare:lpm_compare_component|cmpr_cig:auto_generated|data_wire[1]~0         ; out0             ;
; |laba8_var1|cache_final:inst2|cache_line:inst|lpm_compare0:inst8|lpm_compare:lpm_compare_component|cmpr_cig:auto_generated|data_wire[1]~1         ; |laba8_var1|cache_final:inst2|cache_line:inst|lpm_compare0:inst8|lpm_compare:lpm_compare_component|cmpr_cig:auto_generated|data_wire[1]~1         ; out0             ;
; |laba8_var1|cache_final:inst2|cache_line:inst|lpm_compare0:inst8|lpm_compare:lpm_compare_component|cmpr_cig:auto_generated|data_wire[1]           ; |laba8_var1|cache_final:inst2|cache_line:inst|lpm_compare0:inst8|lpm_compare:lpm_compare_component|cmpr_cig:auto_generated|data_wire[1]           ; out0             ;
; |laba8_var1|cache_final:inst2|cache_line:inst|lpm_compare0:inst8|lpm_compare:lpm_compare_component|cmpr_cig:auto_generated|data_wire[0]~2         ; |laba8_var1|cache_final:inst2|cache_line:inst|lpm_compare0:inst8|lpm_compare:lpm_compare_component|cmpr_cig:auto_generated|data_wire[0]~2         ; out0             ;
; |laba8_var1|cache_final:inst2|cache_line:inst|lpm_compare0:inst8|lpm_compare:lpm_compare_component|cmpr_cig:auto_generated|data_wire[0]~3         ; |laba8_var1|cache_final:inst2|cache_line:inst|lpm_compare0:inst8|lpm_compare:lpm_compare_component|cmpr_cig:auto_generated|data_wire[0]~3         ; out0             ;
; |laba8_var1|cache_final:inst2|cache_line:inst|lpm_compare0:inst8|lpm_compare:lpm_compare_component|cmpr_cig:auto_generated|data_wire[0]           ; |laba8_var1|cache_final:inst2|cache_line:inst|lpm_compare0:inst8|lpm_compare:lpm_compare_component|cmpr_cig:auto_generated|data_wire[0]           ; out0             ;
; |laba8_var1|cache_final:inst2|lpm_dff4:inst10|lpm_ff:lpm_ff_component|dffs[0]                                                                     ; |laba8_var1|cache_final:inst2|lpm_dff4:inst10|lpm_ff:lpm_ff_component|dffs[0]                                                                     ; regout           ;
; |laba8_var1|cache_final:inst2|cache_line:inst2|inst4                                                                                              ; |laba8_var1|cache_final:inst2|cache_line:inst2|inst4                                                                                              ; out0             ;
; |laba8_var1|cache_final:inst2|cache_line:inst2|lpm_mux0:inst6|lpm_mux:lpm_mux_component|mux_94e:auto_generated|l1_w0_n0_mux_dataout~0             ; |laba8_var1|cache_final:inst2|cache_line:inst2|lpm_mux0:inst6|lpm_mux:lpm_mux_component|mux_94e:auto_generated|l1_w0_n0_mux_dataout~0             ; out0             ;
; |laba8_var1|cache_final:inst2|cache_line:inst2|lpm_mux0:inst6|lpm_mux:lpm_mux_component|mux_94e:auto_generated|l1_w0_n0_mux_dataout               ; |laba8_var1|cache_final:inst2|cache_line:inst2|lpm_mux0:inst6|lpm_mux:lpm_mux_component|mux_94e:auto_generated|l1_w0_n0_mux_dataout               ; out0             ;
; |laba8_var1|cache_final:inst2|cache_line:inst2|lpm_mux0:inst6|lpm_mux:lpm_mux_component|mux_94e:auto_generated|l1_w1_n0_mux_dataout~0             ; |laba8_var1|cache_final:inst2|cache_line:inst2|lpm_mux0:inst6|lpm_mux:lpm_mux_component|mux_94e:auto_generated|l1_w1_n0_mux_dataout~0             ; out0             ;
; |laba8_var1|cache_final:inst2|cache_line:inst2|lpm_mux0:inst6|lpm_mux:lpm_mux_component|mux_94e:auto_generated|l1_w1_n0_mux_dataout~1             ; |laba8_var1|cache_final:inst2|cache_line:inst2|lpm_mux0:inst6|lpm_mux:lpm_mux_component|mux_94e:auto_generated|l1_w1_n0_mux_dataout~1             ; out0             ;
; |laba8_var1|cache_final:inst2|cache_line:inst2|lpm_mux0:inst6|lpm_mux:lpm_mux_component|mux_94e:auto_generated|l1_w2_n0_mux_dataout~0             ; |laba8_var1|cache_final:inst2|cache_line:inst2|lpm_mux0:inst6|lpm_mux:lpm_mux_component|mux_94e:auto_generated|l1_w2_n0_mux_dataout~0             ; out0             ;
; |laba8_var1|cache_final:inst2|cache_line:inst2|lpm_mux0:inst6|lpm_mux:lpm_mux_component|mux_94e:auto_generated|l1_w2_n0_mux_dataout~1             ; |laba8_var1|cache_final:inst2|cache_line:inst2|lpm_mux0:inst6|lpm_mux:lpm_mux_component|mux_94e:auto_generated|l1_w2_n0_mux_dataout~1             ; out0             ;
; |laba8_var1|cache_final:inst2|cache_line:inst2|lpm_mux0:inst6|lpm_mux:lpm_mux_component|mux_94e:auto_generated|l1_w4_n0_mux_dataout~0             ; |laba8_var1|cache_final:inst2|cache_line:inst2|lpm_mux0:inst6|lpm_mux:lpm_mux_component|mux_94e:auto_generated|l1_w4_n0_mux_dataout~0             ; out0             ;
; |laba8_var1|cache_final:inst2|cache_line:inst2|lpm_mux0:inst6|lpm_mux:lpm_mux_component|mux_94e:auto_generated|l1_w4_n0_mux_dataout~1             ; |laba8_var1|cache_final:inst2|cache_line:inst2|lpm_mux0:inst6|lpm_mux:lpm_mux_component|mux_94e:auto_generated|l1_w4_n0_mux_dataout~1             ; out0             ;
; |laba8_var1|cache_final:inst2|cache_line:inst2|lpm_mux0:inst6|lpm_mux:lpm_mux_component|mux_94e:auto_generated|l1_w5_n0_mux_dataout~0             ; |laba8_var1|cache_final:inst2|cache_line:inst2|lpm_mux0:inst6|lpm_mux:lpm_mux_component|mux_94e:auto_generated|l1_w5_n0_mux_dataout~0             ; out0             ;
; |laba8_var1|cache_final:inst2|cache_line:inst2|lpm_mux0:inst6|lpm_mux:lpm_mux_component|mux_94e:auto_generated|l1_w5_n0_mux_dataout               ; |laba8_var1|cache_final:inst2|cache_line:inst2|lpm_mux0:inst6|lpm_mux:lpm_mux_component|mux_94e:auto_generated|l1_w5_n0_mux_dataout               ; out0             ;
; |laba8_var1|cache_final:inst2|cache_line:inst2|lpm_compare0:inst8|lpm_compare:lpm_compare_component|cmpr_cig:auto_generated|aneb_result_wire[0]~0 ; |laba8_var1|cache_final:inst2|cache_line:inst2|lpm_compare0:inst8|lpm_compare:lpm_compare_component|cmpr_cig:auto_generated|aneb_result_wire[0]~0 ; out0             ;
; |laba8_var1|cache_final:inst2|cache_line:inst2|lpm_compare0:inst8|lpm_compare:lpm_compare_component|cmpr_cig:auto_generated|aneb_result_wire[0]   ; |laba8_var1|cache_final:inst2|cache_line:inst2|lpm_compare0:inst8|lpm_compare:lpm_compare_component|cmpr_cig:auto_generated|aneb_result_wire[0]   ; out0             ;
; |laba8_var1|cache_final:inst2|cache_line:inst2|lpm_compare0:inst8|lpm_compare:lpm_compare_component|cmpr_cig:auto_generated|data_wire[1]~0        ; |laba8_var1|cache_final:inst2|cache_line:inst2|lpm_compare0:inst8|lpm_compare:lpm_compare_component|cmpr_cig:auto_generated|data_wire[1]~0        ; out0             ;
; |laba8_var1|cache_final:inst2|cache_line:inst2|lpm_compare0:inst8|lpm_compare:lpm_compare_component|cmpr_cig:auto_generated|data_wire[1]~1        ; |laba8_var1|cache_final:inst2|cache_line:inst2|lpm_compare0:inst8|lpm_compare:lpm_compare_component|cmpr_cig:auto_generated|data_wire[1]~1        ; out0             ;
; |laba8_var1|cache_final:inst2|cache_line:inst2|lpm_compare0:inst8|lpm_compare:lpm_compare_component|cmpr_cig:auto_generated|data_wire[1]          ; |laba8_var1|cache_final:inst2|cache_line:inst2|lpm_compare0:inst8|lpm_compare:lpm_compare_component|cmpr_cig:auto_generated|data_wire[1]          ; out0             ;
; |laba8_var1|cache_final:inst2|cache_line:inst2|lpm_compare0:inst8|lpm_compare:lpm_compare_component|cmpr_cig:auto_generated|data_wire[0]~2        ; |laba8_var1|cache_final:inst2|cache_line:inst2|lpm_compare0:inst8|lpm_compare:lpm_compare_component|cmpr_cig:auto_generated|data_wire[0]~2        ; out0             ;
; |laba8_var1|cache_final:inst2|cache_line:inst2|lpm_compare0:inst8|lpm_compare:lpm_compare_component|cmpr_cig:auto_generated|data_wire[0]~3        ; |laba8_var1|cache_final:inst2|cache_line:inst2|lpm_compare0:inst8|lpm_compare:lpm_compare_component|cmpr_cig:auto_generated|data_wire[0]~3        ; out0             ;
; |laba8_var1|cache_final:inst2|cache_line:inst2|lpm_compare0:inst8|lpm_compare:lpm_compare_component|cmpr_cig:auto_generated|data_wire[0]          ; |laba8_var1|cache_final:inst2|cache_line:inst2|lpm_compare0:inst8|lpm_compare:lpm_compare_component|cmpr_cig:auto_generated|data_wire[0]          ; out0             ;
; |laba8_var1|lpm_decode0:inst10|lpm_decode:lpm_decode_component|decode_0sf:auto_generated|w_anode14w[2]                                            ; |laba8_var1|lpm_decode0:inst10|lpm_decode:lpm_decode_component|decode_0sf:auto_generated|w_anode14w[2]                                            ; out0             ;
; |laba8_var1|lpm_decode0:inst10|lpm_decode:lpm_decode_component|decode_0sf:auto_generated|w_anode14w[1]                                            ; |laba8_var1|lpm_decode0:inst10|lpm_decode:lpm_decode_component|decode_0sf:auto_generated|w_anode14w[1]                                            ; out0             ;
; |laba8_var1|lpm_decode0:inst10|lpm_decode:lpm_decode_component|decode_0sf:auto_generated|w_anode1w[2]                                             ; |laba8_var1|lpm_decode0:inst10|lpm_decode:lpm_decode_component|decode_0sf:auto_generated|w_anode1w[2]                                             ; out0             ;
; |laba8_var1|lpm_decode0:inst10|lpm_decode:lpm_decode_component|decode_0sf:auto_generated|w_anode1w[1]                                             ; |laba8_var1|lpm_decode0:inst10|lpm_decode:lpm_decode_component|decode_0sf:auto_generated|w_anode1w[1]                                             ; out0             ;
; |laba8_var1|lpm_decode0:inst10|lpm_decode:lpm_decode_component|decode_0sf:auto_generated|w_anode22w[2]                                            ; |laba8_var1|lpm_decode0:inst10|lpm_decode:lpm_decode_component|decode_0sf:auto_generated|w_anode22w[2]                                            ; out0             ;
; |laba8_var1|lpm_decode0:inst10|lpm_decode:lpm_decode_component|decode_0sf:auto_generated|w_anode22w[1]                                            ; |laba8_var1|lpm_decode0:inst10|lpm_decode:lpm_decode_component|decode_0sf:auto_generated|w_anode22w[1]                                            ; out0             ;
; |laba8_var1|lpm_decode0:inst10|lpm_decode:lpm_decode_component|decode_0sf:auto_generated|w_anode30w[2]                                            ; |laba8_var1|lpm_decode0:inst10|lpm_decode:lpm_decode_component|decode_0sf:auto_generated|w_anode30w[2]                                            ; out0             ;
; |laba8_var1|lpm_decode0:inst10|lpm_decode:lpm_decode_component|decode_0sf:auto_generated|w_anode30w[1]                                            ; |laba8_var1|lpm_decode0:inst10|lpm_decode:lpm_decode_component|decode_0sf:auto_generated|w_anode30w[1]                                            ; out0             ;
; |laba8_var1|cache_final:inst|inst7                                                                                                                ; |laba8_var1|cache_final:inst|inst7                                                                                                                ; out0             ;
; |laba8_var1|cache_final:inst|inst14                                                                                                               ; |laba8_var1|cache_final:inst|inst14                                                                                                               ; out0             ;
; |laba8_var1|cache_final:inst|inst13                                                                                                               ; |laba8_var1|cache_final:inst|inst13                                                                                                               ; out0             ;
; |laba8_var1|cache_final:inst|lpm_mux1:inst9|lpm_mux:lpm_mux_component|mux_94e:auto_generated|l1_w0_n0_mux_dataout~0                               ; |laba8_var1|cache_final:inst|lpm_mux1:inst9|lpm_mux:lpm_mux_component|mux_94e:auto_generated|l1_w0_n0_mux_dataout~0                               ; out0             ;
; |laba8_var1|cache_final:inst|lpm_mux1:inst9|lpm_mux:lpm_mux_component|mux_94e:auto_generated|l1_w0_n0_mux_dataout                                 ; |laba8_var1|cache_final:inst|lpm_mux1:inst9|lpm_mux:lpm_mux_component|mux_94e:auto_generated|l1_w0_n0_mux_dataout                                 ; out0             ;
; |laba8_var1|cache_final:inst|lpm_mux1:inst9|lpm_mux:lpm_mux_component|mux_94e:auto_generated|l1_w1_n0_mux_dataout~0                               ; |laba8_var1|cache_final:inst|lpm_mux1:inst9|lpm_mux:lpm_mux_component|mux_94e:auto_generated|l1_w1_n0_mux_dataout~0                               ; out0             ;
; |laba8_var1|cache_final:inst|lpm_mux1:inst9|lpm_mux:lpm_mux_component|mux_94e:auto_generated|l1_w1_n0_mux_dataout                                 ; |laba8_var1|cache_final:inst|lpm_mux1:inst9|lpm_mux:lpm_mux_component|mux_94e:auto_generated|l1_w1_n0_mux_dataout                                 ; out0             ;
; |laba8_var1|cache_final:inst|cache_line:inst|inst4                                                                                                ; |laba8_var1|cache_final:inst|cache_line:inst|inst4                                                                                                ; out0             ;
; |laba8_var1|cache_final:inst|cache_line:inst|lpm_mux0:inst6|lpm_mux:lpm_mux_component|mux_94e:auto_generated|l1_w0_n0_mux_dataout~1               ; |laba8_var1|cache_final:inst|cache_line:inst|lpm_mux0:inst6|lpm_mux:lpm_mux_component|mux_94e:auto_generated|l1_w0_n0_mux_dataout~1               ; out0             ;
; |laba8_var1|cache_final:inst|cache_line:inst|lpm_mux0:inst6|lpm_mux:lpm_mux_component|mux_94e:auto_generated|l1_w0_n0_mux_dataout                 ; |laba8_var1|cache_final:inst|cache_line:inst|lpm_mux0:inst6|lpm_mux:lpm_mux_component|mux_94e:auto_generated|l1_w0_n0_mux_dataout                 ; out0             ;
; |laba8_var1|cache_final:inst|cache_line:inst|lpm_mux0:inst6|lpm_mux:lpm_mux_component|mux_94e:auto_generated|l1_w1_n0_mux_dataout~0               ; |laba8_var1|cache_final:inst|cache_line:inst|lpm_mux0:inst6|lpm_mux:lpm_mux_component|mux_94e:auto_generated|l1_w1_n0_mux_dataout~0               ; out0             ;
; |laba8_var1|cache_final:inst|cache_line:inst|lpm_mux0:inst6|lpm_mux:lpm_mux_component|mux_94e:auto_generated|l1_w1_n0_mux_dataout                 ; |laba8_var1|cache_final:inst|cache_line:inst|lpm_mux0:inst6|lpm_mux:lpm_mux_component|mux_94e:auto_generated|l1_w1_n0_mux_dataout                 ; out0             ;
; |laba8_var1|cache_final:inst|cache_line:inst|lpm_compare0:inst8|lpm_compare:lpm_compare_component|cmpr_cig:auto_generated|aneb_result_wire[0]~0   ; |laba8_var1|cache_final:inst|cache_line:inst|lpm_compare0:inst8|lpm_compare:lpm_compare_component|cmpr_cig:auto_generated|aneb_result_wire[0]~0   ; out0             ;
; |laba8_var1|cache_final:inst|cache_line:inst|lpm_compare0:inst8|lpm_compare:lpm_compare_component|cmpr_cig:auto_generated|aneb_result_wire[0]     ; |laba8_var1|cache_final:inst|cache_line:inst|lpm_compare0:inst8|lpm_compare:lpm_compare_component|cmpr_cig:auto_generated|aneb_result_wire[0]     ; out0             ;
; |laba8_var1|cache_final:inst|cache_line:inst|lpm_compare0:inst8|lpm_compare:lpm_compare_component|cmpr_cig:auto_generated|data_wire[1]~0          ; |laba8_var1|cache_final:inst|cache_line:inst|lpm_compare0:inst8|lpm_compare:lpm_compare_component|cmpr_cig:auto_generated|data_wire[1]~0          ; out0             ;
; |laba8_var1|cache_final:inst|cache_line:inst|lpm_compare0:inst8|lpm_compare:lpm_compare_component|cmpr_cig:auto_generated|data_wire[1]~1          ; |laba8_var1|cache_final:inst|cache_line:inst|lpm_compare0:inst8|lpm_compare:lpm_compare_component|cmpr_cig:auto_generated|data_wire[1]~1          ; out0             ;
; |laba8_var1|cache_final:inst|cache_line:inst|lpm_compare0:inst8|lpm_compare:lpm_compare_component|cmpr_cig:auto_generated|data_wire[1]            ; |laba8_var1|cache_final:inst|cache_line:inst|lpm_compare0:inst8|lpm_compare:lpm_compare_component|cmpr_cig:auto_generated|data_wire[1]            ; out0             ;
; |laba8_var1|cache_final:inst|cache_line:inst|lpm_compare0:inst8|lpm_compare:lpm_compare_component|cmpr_cig:auto_generated|data_wire[0]~2          ; |laba8_var1|cache_final:inst|cache_line:inst|lpm_compare0:inst8|lpm_compare:lpm_compare_component|cmpr_cig:auto_generated|data_wire[0]~2          ; out0             ;
; |laba8_var1|cache_final:inst|cache_line:inst|lpm_compare0:inst8|lpm_compare:lpm_compare_component|cmpr_cig:auto_generated|data_wire[0]~3          ; |laba8_var1|cache_final:inst|cache_line:inst|lpm_compare0:inst8|lpm_compare:lpm_compare_component|cmpr_cig:auto_generated|data_wire[0]~3          ; out0             ;
; |laba8_var1|cache_final:inst|cache_line:inst|lpm_compare0:inst8|lpm_compare:lpm_compare_component|cmpr_cig:auto_generated|data_wire[0]            ; |laba8_var1|cache_final:inst|cache_line:inst|lpm_compare0:inst8|lpm_compare:lpm_compare_component|cmpr_cig:auto_generated|data_wire[0]            ; out0             ;
; |laba8_var1|cache_final:inst|cache_line:inst2|lpm_compare0:inst8|lpm_compare:lpm_compare_component|cmpr_cig:auto_generated|aneb_result_wire[0]~0  ; |laba8_var1|cache_final:inst|cache_line:inst2|lpm_compare0:inst8|lpm_compare:lpm_compare_component|cmpr_cig:auto_generated|aneb_result_wire[0]~0  ; out0             ;
; |laba8_var1|cache_final:inst|cache_line:inst2|lpm_compare0:inst8|lpm_compare:lpm_compare_component|cmpr_cig:auto_generated|aneb_result_wire[0]    ; |laba8_var1|cache_final:inst|cache_line:inst2|lpm_compare0:inst8|lpm_compare:lpm_compare_component|cmpr_cig:auto_generated|aneb_result_wire[0]    ; out0             ;
; |laba8_var1|cache_final:inst|cache_line:inst2|lpm_compare0:inst8|lpm_compare:lpm_compare_component|cmpr_cig:auto_generated|data_wire[1]~0         ; |laba8_var1|cache_final:inst|cache_line:inst2|lpm_compare0:inst8|lpm_compare:lpm_compare_component|cmpr_cig:auto_generated|data_wire[1]~0         ; out0             ;
; |laba8_var1|cache_final:inst|cache_line:inst2|lpm_compare0:inst8|lpm_compare:lpm_compare_component|cmpr_cig:auto_generated|data_wire[1]~1         ; |laba8_var1|cache_final:inst|cache_line:inst2|lpm_compare0:inst8|lpm_compare:lpm_compare_component|cmpr_cig:auto_generated|data_wire[1]~1         ; out0             ;
; |laba8_var1|cache_final:inst|cache_line:inst2|lpm_compare0:inst8|lpm_compare:lpm_compare_component|cmpr_cig:auto_generated|data_wire[1]           ; |laba8_var1|cache_final:inst|cache_line:inst2|lpm_compare0:inst8|lpm_compare:lpm_compare_component|cmpr_cig:auto_generated|data_wire[1]           ; out0             ;
; |laba8_var1|cache_final:inst|cache_line:inst2|lpm_compare0:inst8|lpm_compare:lpm_compare_component|cmpr_cig:auto_generated|data_wire[0]~2         ; |laba8_var1|cache_final:inst|cache_line:inst2|lpm_compare0:inst8|lpm_compare:lpm_compare_component|cmpr_cig:auto_generated|data_wire[0]~2         ; out0             ;
; |laba8_var1|cache_final:inst|cache_line:inst2|lpm_compare0:inst8|lpm_compare:lpm_compare_component|cmpr_cig:auto_generated|data_wire[0]~3         ; |laba8_var1|cache_final:inst|cache_line:inst2|lpm_compare0:inst8|lpm_compare:lpm_compare_component|cmpr_cig:auto_generated|data_wire[0]~3         ; out0             ;
; |laba8_var1|cache_final:inst|cache_line:inst2|lpm_compare0:inst8|lpm_compare:lpm_compare_component|cmpr_cig:auto_generated|data_wire[0]           ; |laba8_var1|cache_final:inst|cache_line:inst2|lpm_compare0:inst8|lpm_compare:lpm_compare_component|cmpr_cig:auto_generated|data_wire[0]           ; out0             ;
+---------------------------------------------------------------------------------------------------------------------------------------------------+---------------------------------------------------------------------------------------------------------------------------------------------------+------------------+


The following table displays output ports that do not toggle to 1 during simulation.
+--------------------------------------------------------------------------------------------------------------------------------------------------------------------------------------------------------------------------------------------------------------------------------------------------------+
; Missing 1-Value Coverage                                                                                                                                                                                                                                                                               ;
+------------------------------------------------------------------------------------------------------------------------------------------+------------------------------------------------------------------------------------------------------------------------------------------+------------------+
; Node Name                                                                                                                                ; Output Port Name                                                                                                                         ; Output Port Type ;
+------------------------------------------------------------------------------------------------------------------------------------------+------------------------------------------------------------------------------------------------------------------------------------------+------------------+
; |laba8_var1|reset                                                                                                                        ; |laba8_var1|reset                                                                                                                        ; out              ;
; |laba8_var1|data_word0[7]                                                                                                                ; |laba8_var1|data_word0[7]                                                                                                                ; out              ;
; |laba8_var1|data_word0[6]                                                                                                                ; |laba8_var1|data_word0[6]                                                                                                                ; out              ;
; |laba8_var1|data_word0[5]                                                                                                                ; |laba8_var1|data_word0[5]                                                                                                                ; out              ;
; |laba8_var1|data_word1[7]                                                                                                                ; |laba8_var1|data_word1[7]                                                                                                                ; out              ;
; |laba8_var1|data_word1[6]                                                                                                                ; |laba8_var1|data_word1[6]                                                                                                                ; out              ;
; |laba8_var1|input_tag[4]                                                                                                                 ; |laba8_var1|input_tag[4]                                                                                                                 ; out              ;
; |laba8_var1|result[7]                                                                                                                    ; |laba8_var1|result[7]                                                                                                                    ; pin_out          ;
; |laba8_var1|result[6]                                                                                                                    ; |laba8_var1|result[6]                                                                                                                    ; pin_out          ;
; |laba8_var1|lpm_mux2:inst12|lpm_mux:lpm_mux_component|mux_c4e:auto_generated|l1_w1_n1_mux_dataout~0                                      ; |laba8_var1|lpm_mux2:inst12|lpm_mux:lpm_mux_component|mux_c4e:auto_generated|l1_w1_n1_mux_dataout~0                                      ; out0             ;
; |laba8_var1|lpm_mux2:inst12|lpm_mux:lpm_mux_component|mux_c4e:auto_generated|l1_w2_n0_mux_dataout~1                                      ; |laba8_var1|lpm_mux2:inst12|lpm_mux:lpm_mux_component|mux_c4e:auto_generated|l1_w2_n0_mux_dataout~1                                      ; out0             ;
; |laba8_var1|lpm_mux2:inst12|lpm_mux:lpm_mux_component|mux_c4e:auto_generated|l1_w2_n1_mux_dataout~0                                      ; |laba8_var1|lpm_mux2:inst12|lpm_mux:lpm_mux_component|mux_c4e:auto_generated|l1_w2_n1_mux_dataout~0                                      ; out0             ;
; |laba8_var1|lpm_mux2:inst12|lpm_mux:lpm_mux_component|mux_c4e:auto_generated|l1_w3_n0_mux_dataout~0                                      ; |laba8_var1|lpm_mux2:inst12|lpm_mux:lpm_mux_component|mux_c4e:auto_generated|l1_w3_n0_mux_dataout~0                                      ; out0             ;
; |laba8_var1|lpm_mux2:inst12|lpm_mux:lpm_mux_component|mux_c4e:auto_generated|l1_w3_n0_mux_dataout~1                                      ; |laba8_var1|lpm_mux2:inst12|lpm_mux:lpm_mux_component|mux_c4e:auto_generated|l1_w3_n0_mux_dataout~1                                      ; out0             ;
; |laba8_var1|lpm_mux2:inst12|lpm_mux:lpm_mux_component|mux_c4e:auto_generated|l1_w3_n0_mux_dataout                                        ; |laba8_var1|lpm_mux2:inst12|lpm_mux:lpm_mux_component|mux_c4e:auto_generated|l1_w3_n0_mux_dataout                                        ; out0             ;
; |laba8_var1|lpm_mux2:inst12|lpm_mux:lpm_mux_component|mux_c4e:auto_generated|l1_w3_n1_mux_dataout~1                                      ; |laba8_var1|lpm_mux2:inst12|lpm_mux:lpm_mux_component|mux_c4e:auto_generated|l1_w3_n1_mux_dataout~1                                      ; out0             ;
; |laba8_var1|lpm_mux2:inst12|lpm_mux:lpm_mux_component|mux_c4e:auto_generated|l1_w4_n0_mux_dataout~0                                      ; |laba8_var1|lpm_mux2:inst12|lpm_mux:lpm_mux_component|mux_c4e:auto_generated|l1_w4_n0_mux_dataout~0                                      ; out0             ;
; |laba8_var1|lpm_mux2:inst12|lpm_mux:lpm_mux_component|mux_c4e:auto_generated|l1_w4_n0_mux_dataout~1                                      ; |laba8_var1|lpm_mux2:inst12|lpm_mux:lpm_mux_component|mux_c4e:auto_generated|l1_w4_n0_mux_dataout~1                                      ; out0             ;
; |laba8_var1|lpm_mux2:inst12|lpm_mux:lpm_mux_component|mux_c4e:auto_generated|l1_w4_n0_mux_dataout                                        ; |laba8_var1|lpm_mux2:inst12|lpm_mux:lpm_mux_component|mux_c4e:auto_generated|l1_w4_n0_mux_dataout                                        ; out0             ;
; |laba8_var1|lpm_mux2:inst12|lpm_mux:lpm_mux_component|mux_c4e:auto_generated|l1_w4_n1_mux_dataout~0                                      ; |laba8_var1|lpm_mux2:inst12|lpm_mux:lpm_mux_component|mux_c4e:auto_generated|l1_w4_n1_mux_dataout~0                                      ; out0             ;
; |laba8_var1|lpm_mux2:inst12|lpm_mux:lpm_mux_component|mux_c4e:auto_generated|l1_w5_n0_mux_dataout~0                                      ; |laba8_var1|lpm_mux2:inst12|lpm_mux:lpm_mux_component|mux_c4e:auto_generated|l1_w5_n0_mux_dataout~0                                      ; out0             ;
; |laba8_var1|lpm_mux2:inst12|lpm_mux:lpm_mux_component|mux_c4e:auto_generated|l1_w5_n0_mux_dataout~1                                      ; |laba8_var1|lpm_mux2:inst12|lpm_mux:lpm_mux_component|mux_c4e:auto_generated|l1_w5_n0_mux_dataout~1                                      ; out0             ;
; |laba8_var1|lpm_mux2:inst12|lpm_mux:lpm_mux_component|mux_c4e:auto_generated|l1_w5_n0_mux_dataout                                        ; |laba8_var1|lpm_mux2:inst12|lpm_mux:lpm_mux_component|mux_c4e:auto_generated|l1_w5_n0_mux_dataout                                        ; out0             ;
; |laba8_var1|lpm_mux2:inst12|lpm_mux:lpm_mux_component|mux_c4e:auto_generated|l1_w5_n1_mux_dataout~0                                      ; |laba8_var1|lpm_mux2:inst12|lpm_mux:lpm_mux_component|mux_c4e:auto_generated|l1_w5_n1_mux_dataout~0                                      ; out0             ;
; |laba8_var1|lpm_mux2:inst12|lpm_mux:lpm_mux_component|mux_c4e:auto_generated|l1_w6_n0_mux_dataout~0                                      ; |laba8_var1|lpm_mux2:inst12|lpm_mux:lpm_mux_component|mux_c4e:auto_generated|l1_w6_n0_mux_dataout~0                                      ; out0             ;
; |laba8_var1|lpm_mux2:inst12|lpm_mux:lpm_mux_component|mux_c4e:auto_generated|l1_w6_n0_mux_dataout~1                                      ; |laba8_var1|lpm_mux2:inst12|lpm_mux:lpm_mux_component|mux_c4e:auto_generated|l1_w6_n0_mux_dataout~1                                      ; out0             ;
; |laba8_var1|lpm_mux2:inst12|lpm_mux:lpm_mux_component|mux_c4e:auto_generated|l1_w6_n0_mux_dataout                                        ; |laba8_var1|lpm_mux2:inst12|lpm_mux:lpm_mux_component|mux_c4e:auto_generated|l1_w6_n0_mux_dataout                                        ; out0             ;
; |laba8_var1|lpm_mux2:inst12|lpm_mux:lpm_mux_component|mux_c4e:auto_generated|l1_w6_n1_mux_dataout~0                                      ; |laba8_var1|lpm_mux2:inst12|lpm_mux:lpm_mux_component|mux_c4e:auto_generated|l1_w6_n1_mux_dataout~0                                      ; out0             ;
; |laba8_var1|lpm_mux2:inst12|lpm_mux:lpm_mux_component|mux_c4e:auto_generated|l1_w6_n1_mux_dataout~1                                      ; |laba8_var1|lpm_mux2:inst12|lpm_mux:lpm_mux_component|mux_c4e:auto_generated|l1_w6_n1_mux_dataout~1                                      ; out0             ;
; |laba8_var1|lpm_mux2:inst12|lpm_mux:lpm_mux_component|mux_c4e:auto_generated|l1_w6_n1_mux_dataout                                        ; |laba8_var1|lpm_mux2:inst12|lpm_mux:lpm_mux_component|mux_c4e:auto_generated|l1_w6_n1_mux_dataout                                        ; out0             ;
; |laba8_var1|lpm_mux2:inst12|lpm_mux:lpm_mux_component|mux_c4e:auto_generated|l1_w7_n0_mux_dataout~0                                      ; |laba8_var1|lpm_mux2:inst12|lpm_mux:lpm_mux_component|mux_c4e:auto_generated|l1_w7_n0_mux_dataout~0                                      ; out0             ;
; |laba8_var1|lpm_mux2:inst12|lpm_mux:lpm_mux_component|mux_c4e:auto_generated|l1_w7_n0_mux_dataout~1                                      ; |laba8_var1|lpm_mux2:inst12|lpm_mux:lpm_mux_component|mux_c4e:auto_generated|l1_w7_n0_mux_dataout~1                                      ; out0             ;
; |laba8_var1|lpm_mux2:inst12|lpm_mux:lpm_mux_component|mux_c4e:auto_generated|l1_w7_n0_mux_dataout                                        ; |laba8_var1|lpm_mux2:inst12|lpm_mux:lpm_mux_component|mux_c4e:auto_generated|l1_w7_n0_mux_dataout                                        ; out0             ;
; |laba8_var1|lpm_mux2:inst12|lpm_mux:lpm_mux_component|mux_c4e:auto_generated|l1_w7_n1_mux_dataout~0                                      ; |laba8_var1|lpm_mux2:inst12|lpm_mux:lpm_mux_component|mux_c4e:auto_generated|l1_w7_n1_mux_dataout~0                                      ; out0             ;
; |laba8_var1|lpm_mux2:inst12|lpm_mux:lpm_mux_component|mux_c4e:auto_generated|l1_w7_n1_mux_dataout~1                                      ; |laba8_var1|lpm_mux2:inst12|lpm_mux:lpm_mux_component|mux_c4e:auto_generated|l1_w7_n1_mux_dataout~1                                      ; out0             ;
; |laba8_var1|lpm_mux2:inst12|lpm_mux:lpm_mux_component|mux_c4e:auto_generated|l1_w7_n1_mux_dataout                                        ; |laba8_var1|lpm_mux2:inst12|lpm_mux:lpm_mux_component|mux_c4e:auto_generated|l1_w7_n1_mux_dataout                                        ; out0             ;
; |laba8_var1|lpm_mux2:inst12|lpm_mux:lpm_mux_component|mux_c4e:auto_generated|l2_w3_n0_mux_dataout~1                                      ; |laba8_var1|lpm_mux2:inst12|lpm_mux:lpm_mux_component|mux_c4e:auto_generated|l2_w3_n0_mux_dataout~1                                      ; out0             ;
; |laba8_var1|lpm_mux2:inst12|lpm_mux:lpm_mux_component|mux_c4e:auto_generated|l2_w4_n0_mux_dataout~1                                      ; |laba8_var1|lpm_mux2:inst12|lpm_mux:lpm_mux_component|mux_c4e:auto_generated|l2_w4_n0_mux_dataout~1                                      ; out0             ;
; |laba8_var1|lpm_mux2:inst12|lpm_mux:lpm_mux_component|mux_c4e:auto_generated|l2_w5_n0_mux_dataout~1                                      ; |laba8_var1|lpm_mux2:inst12|lpm_mux:lpm_mux_component|mux_c4e:auto_generated|l2_w5_n0_mux_dataout~1                                      ; out0             ;
; |laba8_var1|lpm_mux2:inst12|lpm_mux:lpm_mux_component|mux_c4e:auto_generated|l2_w6_n0_mux_dataout~0                                      ; |laba8_var1|lpm_mux2:inst12|lpm_mux:lpm_mux_component|mux_c4e:auto_generated|l2_w6_n0_mux_dataout~0                                      ; out0             ;
; |laba8_var1|lpm_mux2:inst12|lpm_mux:lpm_mux_component|mux_c4e:auto_generated|l2_w6_n0_mux_dataout~1                                      ; |laba8_var1|lpm_mux2:inst12|lpm_mux:lpm_mux_component|mux_c4e:auto_generated|l2_w6_n0_mux_dataout~1                                      ; out0             ;
; |laba8_var1|lpm_mux2:inst12|lpm_mux:lpm_mux_component|mux_c4e:auto_generated|l2_w6_n0_mux_dataout                                        ; |laba8_var1|lpm_mux2:inst12|lpm_mux:lpm_mux_component|mux_c4e:auto_generated|l2_w6_n0_mux_dataout                                        ; out0             ;
; |laba8_var1|lpm_mux2:inst12|lpm_mux:lpm_mux_component|mux_c4e:auto_generated|l2_w7_n0_mux_dataout~0                                      ; |laba8_var1|lpm_mux2:inst12|lpm_mux:lpm_mux_component|mux_c4e:auto_generated|l2_w7_n0_mux_dataout~0                                      ; out0             ;
; |laba8_var1|lpm_mux2:inst12|lpm_mux:lpm_mux_component|mux_c4e:auto_generated|l2_w7_n0_mux_dataout~1                                      ; |laba8_var1|lpm_mux2:inst12|lpm_mux:lpm_mux_component|mux_c4e:auto_generated|l2_w7_n0_mux_dataout~1                                      ; out0             ;
; |laba8_var1|lpm_mux2:inst12|lpm_mux:lpm_mux_component|mux_c4e:auto_generated|l2_w7_n0_mux_dataout                                        ; |laba8_var1|lpm_mux2:inst12|lpm_mux:lpm_mux_component|mux_c4e:auto_generated|l2_w7_n0_mux_dataout                                        ; out0             ;
; |laba8_var1|cache_final:inst1|lpm_mux1:inst9|lpm_mux:lpm_mux_component|mux_94e:auto_generated|l1_w0_n0_mux_dataout~1                     ; |laba8_var1|cache_final:inst1|lpm_mux1:inst9|lpm_mux:lpm_mux_component|mux_94e:auto_generated|l1_w0_n0_mux_dataout~1                     ; out0             ;
; |laba8_var1|cache_final:inst1|lpm_mux1:inst9|lpm_mux:lpm_mux_component|mux_94e:auto_generated|l1_w1_n0_mux_dataout~1                     ; |laba8_var1|cache_final:inst1|lpm_mux1:inst9|lpm_mux:lpm_mux_component|mux_94e:auto_generated|l1_w1_n0_mux_dataout~1                     ; out0             ;
; |laba8_var1|cache_final:inst1|lpm_mux1:inst9|lpm_mux:lpm_mux_component|mux_94e:auto_generated|l1_w2_n0_mux_dataout~1                     ; |laba8_var1|cache_final:inst1|lpm_mux1:inst9|lpm_mux:lpm_mux_component|mux_94e:auto_generated|l1_w2_n0_mux_dataout~1                     ; out0             ;
; |laba8_var1|cache_final:inst1|lpm_mux1:inst9|lpm_mux:lpm_mux_component|mux_94e:auto_generated|l1_w3_n0_mux_dataout~0                     ; |laba8_var1|cache_final:inst1|lpm_mux1:inst9|lpm_mux:lpm_mux_component|mux_94e:auto_generated|l1_w3_n0_mux_dataout~0                     ; out0             ;
; |laba8_var1|cache_final:inst1|lpm_mux1:inst9|lpm_mux:lpm_mux_component|mux_94e:auto_generated|l1_w3_n0_mux_dataout~1                     ; |laba8_var1|cache_final:inst1|lpm_mux1:inst9|lpm_mux:lpm_mux_component|mux_94e:auto_generated|l1_w3_n0_mux_dataout~1                     ; out0             ;
; |laba8_var1|cache_final:inst1|lpm_mux1:inst9|lpm_mux:lpm_mux_component|mux_94e:auto_generated|l1_w3_n0_mux_dataout                       ; |laba8_var1|cache_final:inst1|lpm_mux1:inst9|lpm_mux:lpm_mux_component|mux_94e:auto_generated|l1_w3_n0_mux_dataout                       ; out0             ;
; |laba8_var1|cache_final:inst1|lpm_mux1:inst9|lpm_mux:lpm_mux_component|mux_94e:auto_generated|l1_w4_n0_mux_dataout~0                     ; |laba8_var1|cache_final:inst1|lpm_mux1:inst9|lpm_mux:lpm_mux_component|mux_94e:auto_generated|l1_w4_n0_mux_dataout~0                     ; out0             ;
; |laba8_var1|cache_final:inst1|lpm_mux1:inst9|lpm_mux:lpm_mux_component|mux_94e:auto_generated|l1_w4_n0_mux_dataout~1                     ; |laba8_var1|cache_final:inst1|lpm_mux1:inst9|lpm_mux:lpm_mux_component|mux_94e:auto_generated|l1_w4_n0_mux_dataout~1                     ; out0             ;
; |laba8_var1|cache_final:inst1|lpm_mux1:inst9|lpm_mux:lpm_mux_component|mux_94e:auto_generated|l1_w4_n0_mux_dataout                       ; |laba8_var1|cache_final:inst1|lpm_mux1:inst9|lpm_mux:lpm_mux_component|mux_94e:auto_generated|l1_w4_n0_mux_dataout                       ; out0             ;
; |laba8_var1|cache_final:inst1|lpm_mux1:inst9|lpm_mux:lpm_mux_component|mux_94e:auto_generated|l1_w5_n0_mux_dataout~0                     ; |laba8_var1|cache_final:inst1|lpm_mux1:inst9|lpm_mux:lpm_mux_component|mux_94e:auto_generated|l1_w5_n0_mux_dataout~0                     ; out0             ;
; |laba8_var1|cache_final:inst1|lpm_mux1:inst9|lpm_mux:lpm_mux_component|mux_94e:auto_generated|l1_w5_n0_mux_dataout~1                     ; |laba8_var1|cache_final:inst1|lpm_mux1:inst9|lpm_mux:lpm_mux_component|mux_94e:auto_generated|l1_w5_n0_mux_dataout~1                     ; out0             ;
; |laba8_var1|cache_final:inst1|lpm_mux1:inst9|lpm_mux:lpm_mux_component|mux_94e:auto_generated|l1_w5_n0_mux_dataout                       ; |laba8_var1|cache_final:inst1|lpm_mux1:inst9|lpm_mux:lpm_mux_component|mux_94e:auto_generated|l1_w5_n0_mux_dataout                       ; out0             ;
; |laba8_var1|cache_final:inst1|lpm_mux1:inst9|lpm_mux:lpm_mux_component|mux_94e:auto_generated|l1_w6_n0_mux_dataout~0                     ; |laba8_var1|cache_final:inst1|lpm_mux1:inst9|lpm_mux:lpm_mux_component|mux_94e:auto_generated|l1_w6_n0_mux_dataout~0                     ; out0             ;
; |laba8_var1|cache_final:inst1|lpm_mux1:inst9|lpm_mux:lpm_mux_component|mux_94e:auto_generated|l1_w6_n0_mux_dataout~1                     ; |laba8_var1|cache_final:inst1|lpm_mux1:inst9|lpm_mux:lpm_mux_component|mux_94e:auto_generated|l1_w6_n0_mux_dataout~1                     ; out0             ;
; |laba8_var1|cache_final:inst1|lpm_mux1:inst9|lpm_mux:lpm_mux_component|mux_94e:auto_generated|l1_w6_n0_mux_dataout                       ; |laba8_var1|cache_final:inst1|lpm_mux1:inst9|lpm_mux:lpm_mux_component|mux_94e:auto_generated|l1_w6_n0_mux_dataout                       ; out0             ;
; |laba8_var1|cache_final:inst1|lpm_mux1:inst9|lpm_mux:lpm_mux_component|mux_94e:auto_generated|l1_w7_n0_mux_dataout~0                     ; |laba8_var1|cache_final:inst1|lpm_mux1:inst9|lpm_mux:lpm_mux_component|mux_94e:auto_generated|l1_w7_n0_mux_dataout~0                     ; out0             ;
; |laba8_var1|cache_final:inst1|lpm_mux1:inst9|lpm_mux:lpm_mux_component|mux_94e:auto_generated|l1_w7_n0_mux_dataout~1                     ; |laba8_var1|cache_final:inst1|lpm_mux1:inst9|lpm_mux:lpm_mux_component|mux_94e:auto_generated|l1_w7_n0_mux_dataout~1                     ; out0             ;
; |laba8_var1|cache_final:inst1|lpm_mux1:inst9|lpm_mux:lpm_mux_component|mux_94e:auto_generated|l1_w7_n0_mux_dataout                       ; |laba8_var1|cache_final:inst1|lpm_mux1:inst9|lpm_mux:lpm_mux_component|mux_94e:auto_generated|l1_w7_n0_mux_dataout                       ; out0             ;
; |laba8_var1|cache_final:inst1|cache_line:inst|lpm_dff1:inst2|lpm_ff:lpm_ff_component|dffs[7]                                             ; |laba8_var1|cache_final:inst1|cache_line:inst|lpm_dff1:inst2|lpm_ff:lpm_ff_component|dffs[7]                                             ; regout           ;
; |laba8_var1|cache_final:inst1|cache_line:inst|lpm_dff1:inst2|lpm_ff:lpm_ff_component|dffs[6]                                             ; |laba8_var1|cache_final:inst1|cache_line:inst|lpm_dff1:inst2|lpm_ff:lpm_ff_component|dffs[6]                                             ; regout           ;
; |laba8_var1|cache_final:inst1|cache_line:inst|lpm_dff1:inst2|lpm_ff:lpm_ff_component|dffs[5]                                             ; |laba8_var1|cache_final:inst1|cache_line:inst|lpm_dff1:inst2|lpm_ff:lpm_ff_component|dffs[5]                                             ; regout           ;
; |laba8_var1|cache_final:inst1|cache_line:inst|lpm_dff1:inst2|lpm_ff:lpm_ff_component|dffs[4]                                             ; |laba8_var1|cache_final:inst1|cache_line:inst|lpm_dff1:inst2|lpm_ff:lpm_ff_component|dffs[4]                                             ; regout           ;
; |laba8_var1|cache_final:inst1|cache_line:inst|lpm_dff1:inst2|lpm_ff:lpm_ff_component|dffs[3]                                             ; |laba8_var1|cache_final:inst1|cache_line:inst|lpm_dff1:inst2|lpm_ff:lpm_ff_component|dffs[3]                                             ; regout           ;
; |laba8_var1|cache_final:inst1|cache_line:inst|lpm_dff1:inst2|lpm_ff:lpm_ff_component|dffs[1]                                             ; |laba8_var1|cache_final:inst1|cache_line:inst|lpm_dff1:inst2|lpm_ff:lpm_ff_component|dffs[1]                                             ; regout           ;
; |laba8_var1|cache_final:inst1|cache_line:inst|lpm_dff1:inst2|lpm_ff:lpm_ff_component|dffs[0]                                             ; |laba8_var1|cache_final:inst1|cache_line:inst|lpm_dff1:inst2|lpm_ff:lpm_ff_component|dffs[0]                                             ; regout           ;
; |laba8_var1|cache_final:inst1|cache_line:inst|lpm_dff2:inst3|lpm_ff:lpm_ff_component|dffs[7]                                             ; |laba8_var1|cache_final:inst1|cache_line:inst|lpm_dff2:inst3|lpm_ff:lpm_ff_component|dffs[7]                                             ; regout           ;
; |laba8_var1|cache_final:inst1|cache_line:inst|lpm_dff2:inst3|lpm_ff:lpm_ff_component|dffs[6]                                             ; |laba8_var1|cache_final:inst1|cache_line:inst|lpm_dff2:inst3|lpm_ff:lpm_ff_component|dffs[6]                                             ; regout           ;
; |laba8_var1|cache_final:inst1|cache_line:inst|lpm_dff2:inst3|lpm_ff:lpm_ff_component|dffs[5]                                             ; |laba8_var1|cache_final:inst1|cache_line:inst|lpm_dff2:inst3|lpm_ff:lpm_ff_component|dffs[5]                                             ; regout           ;
; |laba8_var1|cache_final:inst1|cache_line:inst|lpm_dff2:inst3|lpm_ff:lpm_ff_component|dffs[4]                                             ; |laba8_var1|cache_final:inst1|cache_line:inst|lpm_dff2:inst3|lpm_ff:lpm_ff_component|dffs[4]                                             ; regout           ;
; |laba8_var1|cache_final:inst1|cache_line:inst|lpm_dff2:inst3|lpm_ff:lpm_ff_component|dffs[3]                                             ; |laba8_var1|cache_final:inst1|cache_line:inst|lpm_dff2:inst3|lpm_ff:lpm_ff_component|dffs[3]                                             ; regout           ;
; |laba8_var1|cache_final:inst1|cache_line:inst|lpm_dff2:inst3|lpm_ff:lpm_ff_component|dffs[2]                                             ; |laba8_var1|cache_final:inst1|cache_line:inst|lpm_dff2:inst3|lpm_ff:lpm_ff_component|dffs[2]                                             ; regout           ;
; |laba8_var1|cache_final:inst1|cache_line:inst|lpm_mux0:inst6|lpm_mux:lpm_mux_component|mux_94e:auto_generated|l1_w0_n0_mux_dataout~0     ; |laba8_var1|cache_final:inst1|cache_line:inst|lpm_mux0:inst6|lpm_mux:lpm_mux_component|mux_94e:auto_generated|l1_w0_n0_mux_dataout~0     ; out0             ;
; |laba8_var1|cache_final:inst1|cache_line:inst|lpm_mux0:inst6|lpm_mux:lpm_mux_component|mux_94e:auto_generated|l1_w1_n0_mux_dataout~0     ; |laba8_var1|cache_final:inst1|cache_line:inst|lpm_mux0:inst6|lpm_mux:lpm_mux_component|mux_94e:auto_generated|l1_w1_n0_mux_dataout~0     ; out0             ;
; |laba8_var1|cache_final:inst1|cache_line:inst|lpm_mux0:inst6|lpm_mux:lpm_mux_component|mux_94e:auto_generated|l1_w2_n0_mux_dataout~1     ; |laba8_var1|cache_final:inst1|cache_line:inst|lpm_mux0:inst6|lpm_mux:lpm_mux_component|mux_94e:auto_generated|l1_w2_n0_mux_dataout~1     ; out0             ;
; |laba8_var1|cache_final:inst1|cache_line:inst|lpm_mux0:inst6|lpm_mux:lpm_mux_component|mux_94e:auto_generated|l1_w3_n0_mux_dataout~0     ; |laba8_var1|cache_final:inst1|cache_line:inst|lpm_mux0:inst6|lpm_mux:lpm_mux_component|mux_94e:auto_generated|l1_w3_n0_mux_dataout~0     ; out0             ;
; |laba8_var1|cache_final:inst1|cache_line:inst|lpm_mux0:inst6|lpm_mux:lpm_mux_component|mux_94e:auto_generated|l1_w3_n0_mux_dataout~1     ; |laba8_var1|cache_final:inst1|cache_line:inst|lpm_mux0:inst6|lpm_mux:lpm_mux_component|mux_94e:auto_generated|l1_w3_n0_mux_dataout~1     ; out0             ;
; |laba8_var1|cache_final:inst1|cache_line:inst|lpm_mux0:inst6|lpm_mux:lpm_mux_component|mux_94e:auto_generated|l1_w3_n0_mux_dataout       ; |laba8_var1|cache_final:inst1|cache_line:inst|lpm_mux0:inst6|lpm_mux:lpm_mux_component|mux_94e:auto_generated|l1_w3_n0_mux_dataout       ; out0             ;
; |laba8_var1|cache_final:inst1|cache_line:inst|lpm_mux0:inst6|lpm_mux:lpm_mux_component|mux_94e:auto_generated|l1_w4_n0_mux_dataout~0     ; |laba8_var1|cache_final:inst1|cache_line:inst|lpm_mux0:inst6|lpm_mux:lpm_mux_component|mux_94e:auto_generated|l1_w4_n0_mux_dataout~0     ; out0             ;
; |laba8_var1|cache_final:inst1|cache_line:inst|lpm_mux0:inst6|lpm_mux:lpm_mux_component|mux_94e:auto_generated|l1_w4_n0_mux_dataout~1     ; |laba8_var1|cache_final:inst1|cache_line:inst|lpm_mux0:inst6|lpm_mux:lpm_mux_component|mux_94e:auto_generated|l1_w4_n0_mux_dataout~1     ; out0             ;
; |laba8_var1|cache_final:inst1|cache_line:inst|lpm_mux0:inst6|lpm_mux:lpm_mux_component|mux_94e:auto_generated|l1_w4_n0_mux_dataout       ; |laba8_var1|cache_final:inst1|cache_line:inst|lpm_mux0:inst6|lpm_mux:lpm_mux_component|mux_94e:auto_generated|l1_w4_n0_mux_dataout       ; out0             ;
; |laba8_var1|cache_final:inst1|cache_line:inst|lpm_mux0:inst6|lpm_mux:lpm_mux_component|mux_94e:auto_generated|l1_w5_n0_mux_dataout~0     ; |laba8_var1|cache_final:inst1|cache_line:inst|lpm_mux0:inst6|lpm_mux:lpm_mux_component|mux_94e:auto_generated|l1_w5_n0_mux_dataout~0     ; out0             ;
; |laba8_var1|cache_final:inst1|cache_line:inst|lpm_mux0:inst6|lpm_mux:lpm_mux_component|mux_94e:auto_generated|l1_w5_n0_mux_dataout~1     ; |laba8_var1|cache_final:inst1|cache_line:inst|lpm_mux0:inst6|lpm_mux:lpm_mux_component|mux_94e:auto_generated|l1_w5_n0_mux_dataout~1     ; out0             ;
; |laba8_var1|cache_final:inst1|cache_line:inst|lpm_mux0:inst6|lpm_mux:lpm_mux_component|mux_94e:auto_generated|l1_w5_n0_mux_dataout       ; |laba8_var1|cache_final:inst1|cache_line:inst|lpm_mux0:inst6|lpm_mux:lpm_mux_component|mux_94e:auto_generated|l1_w5_n0_mux_dataout       ; out0             ;
; |laba8_var1|cache_final:inst1|cache_line:inst|lpm_mux0:inst6|lpm_mux:lpm_mux_component|mux_94e:auto_generated|l1_w6_n0_mux_dataout~0     ; |laba8_var1|cache_final:inst1|cache_line:inst|lpm_mux0:inst6|lpm_mux:lpm_mux_component|mux_94e:auto_generated|l1_w6_n0_mux_dataout~0     ; out0             ;
; |laba8_var1|cache_final:inst1|cache_line:inst|lpm_mux0:inst6|lpm_mux:lpm_mux_component|mux_94e:auto_generated|l1_w6_n0_mux_dataout~1     ; |laba8_var1|cache_final:inst1|cache_line:inst|lpm_mux0:inst6|lpm_mux:lpm_mux_component|mux_94e:auto_generated|l1_w6_n0_mux_dataout~1     ; out0             ;
; |laba8_var1|cache_final:inst1|cache_line:inst|lpm_mux0:inst6|lpm_mux:lpm_mux_component|mux_94e:auto_generated|l1_w6_n0_mux_dataout       ; |laba8_var1|cache_final:inst1|cache_line:inst|lpm_mux0:inst6|lpm_mux:lpm_mux_component|mux_94e:auto_generated|l1_w6_n0_mux_dataout       ; out0             ;
; |laba8_var1|cache_final:inst1|cache_line:inst|lpm_mux0:inst6|lpm_mux:lpm_mux_component|mux_94e:auto_generated|l1_w7_n0_mux_dataout~0     ; |laba8_var1|cache_final:inst1|cache_line:inst|lpm_mux0:inst6|lpm_mux:lpm_mux_component|mux_94e:auto_generated|l1_w7_n0_mux_dataout~0     ; out0             ;
; |laba8_var1|cache_final:inst1|cache_line:inst|lpm_mux0:inst6|lpm_mux:lpm_mux_component|mux_94e:auto_generated|l1_w7_n0_mux_dataout~1     ; |laba8_var1|cache_final:inst1|cache_line:inst|lpm_mux0:inst6|lpm_mux:lpm_mux_component|mux_94e:auto_generated|l1_w7_n0_mux_dataout~1     ; out0             ;
; |laba8_var1|cache_final:inst1|cache_line:inst|lpm_mux0:inst6|lpm_mux:lpm_mux_component|mux_94e:auto_generated|l1_w7_n0_mux_dataout       ; |laba8_var1|cache_final:inst1|cache_line:inst|lpm_mux0:inst6|lpm_mux:lpm_mux_component|mux_94e:auto_generated|l1_w7_n0_mux_dataout       ; out0             ;
; |laba8_var1|cache_final:inst1|cache_line:inst|lpm_dff0:inst|lpm_ff:lpm_ff_component|dffs[4]                                              ; |laba8_var1|cache_final:inst1|cache_line:inst|lpm_dff0:inst|lpm_ff:lpm_ff_component|dffs[4]                                              ; regout           ;
; |laba8_var1|cache_final:inst1|cache_line:inst|lpm_dff0:inst|lpm_ff:lpm_ff_component|dffs[3]                                              ; |laba8_var1|cache_final:inst1|cache_line:inst|lpm_dff0:inst|lpm_ff:lpm_ff_component|dffs[3]                                              ; regout           ;
; |laba8_var1|cache_final:inst1|cache_line:inst|lpm_dff0:inst|lpm_ff:lpm_ff_component|dffs[1]                                              ; |laba8_var1|cache_final:inst1|cache_line:inst|lpm_dff0:inst|lpm_ff:lpm_ff_component|dffs[1]                                              ; regout           ;
; |laba8_var1|cache_final:inst1|cache_line:inst|lpm_compare0:inst8|lpm_compare:lpm_compare_component|cmpr_cig:auto_generated|data_wire[2]  ; |laba8_var1|cache_final:inst1|cache_line:inst|lpm_compare0:inst8|lpm_compare:lpm_compare_component|cmpr_cig:auto_generated|data_wire[2]  ; out0             ;
; |laba8_var1|cache_final:inst1|cache_line:inst2|inst4                                                                                     ; |laba8_var1|cache_final:inst1|cache_line:inst2|inst4                                                                                     ; out0             ;
; |laba8_var1|cache_final:inst1|cache_line:inst2|lpm_dff1:inst2|lpm_ff:lpm_ff_component|dffs[7]                                            ; |laba8_var1|cache_final:inst1|cache_line:inst2|lpm_dff1:inst2|lpm_ff:lpm_ff_component|dffs[7]                                            ; regout           ;
; |laba8_var1|cache_final:inst1|cache_line:inst2|lpm_dff1:inst2|lpm_ff:lpm_ff_component|dffs[6]                                            ; |laba8_var1|cache_final:inst1|cache_line:inst2|lpm_dff1:inst2|lpm_ff:lpm_ff_component|dffs[6]                                            ; regout           ;
; |laba8_var1|cache_final:inst1|cache_line:inst2|lpm_dff1:inst2|lpm_ff:lpm_ff_component|dffs[5]                                            ; |laba8_var1|cache_final:inst1|cache_line:inst2|lpm_dff1:inst2|lpm_ff:lpm_ff_component|dffs[5]                                            ; regout           ;
; |laba8_var1|cache_final:inst1|cache_line:inst2|lpm_dff1:inst2|lpm_ff:lpm_ff_component|dffs[4]                                            ; |laba8_var1|cache_final:inst1|cache_line:inst2|lpm_dff1:inst2|lpm_ff:lpm_ff_component|dffs[4]                                            ; regout           ;
; |laba8_var1|cache_final:inst1|cache_line:inst2|lpm_dff1:inst2|lpm_ff:lpm_ff_component|dffs[3]                                            ; |laba8_var1|cache_final:inst1|cache_line:inst2|lpm_dff1:inst2|lpm_ff:lpm_ff_component|dffs[3]                                            ; regout           ;
; |laba8_var1|cache_final:inst1|cache_line:inst2|lpm_dff1:inst2|lpm_ff:lpm_ff_component|dffs[2]                                            ; |laba8_var1|cache_final:inst1|cache_line:inst2|lpm_dff1:inst2|lpm_ff:lpm_ff_component|dffs[2]                                            ; regout           ;
; |laba8_var1|cache_final:inst1|cache_line:inst2|lpm_dff1:inst2|lpm_ff:lpm_ff_component|dffs[1]                                            ; |laba8_var1|cache_final:inst1|cache_line:inst2|lpm_dff1:inst2|lpm_ff:lpm_ff_component|dffs[1]                                            ; regout           ;
; |laba8_var1|cache_final:inst1|cache_line:inst2|lpm_dff1:inst2|lpm_ff:lpm_ff_component|dffs[0]                                            ; |laba8_var1|cache_final:inst1|cache_line:inst2|lpm_dff1:inst2|lpm_ff:lpm_ff_component|dffs[0]                                            ; regout           ;
; |laba8_var1|cache_final:inst1|cache_line:inst2|lpm_dff2:inst3|lpm_ff:lpm_ff_component|dffs[7]                                            ; |laba8_var1|cache_final:inst1|cache_line:inst2|lpm_dff2:inst3|lpm_ff:lpm_ff_component|dffs[7]                                            ; regout           ;
; |laba8_var1|cache_final:inst1|cache_line:inst2|lpm_dff2:inst3|lpm_ff:lpm_ff_component|dffs[6]                                            ; |laba8_var1|cache_final:inst1|cache_line:inst2|lpm_dff2:inst3|lpm_ff:lpm_ff_component|dffs[6]                                            ; regout           ;
; |laba8_var1|cache_final:inst1|cache_line:inst2|lpm_dff2:inst3|lpm_ff:lpm_ff_component|dffs[5]                                            ; |laba8_var1|cache_final:inst1|cache_line:inst2|lpm_dff2:inst3|lpm_ff:lpm_ff_component|dffs[5]                                            ; regout           ;
; |laba8_var1|cache_final:inst1|cache_line:inst2|lpm_dff2:inst3|lpm_ff:lpm_ff_component|dffs[4]                                            ; |laba8_var1|cache_final:inst1|cache_line:inst2|lpm_dff2:inst3|lpm_ff:lpm_ff_component|dffs[4]                                            ; regout           ;
; |laba8_var1|cache_final:inst1|cache_line:inst2|lpm_dff2:inst3|lpm_ff:lpm_ff_component|dffs[3]                                            ; |laba8_var1|cache_final:inst1|cache_line:inst2|lpm_dff2:inst3|lpm_ff:lpm_ff_component|dffs[3]                                            ; regout           ;
; |laba8_var1|cache_final:inst1|cache_line:inst2|lpm_dff2:inst3|lpm_ff:lpm_ff_component|dffs[2]                                            ; |laba8_var1|cache_final:inst1|cache_line:inst2|lpm_dff2:inst3|lpm_ff:lpm_ff_component|dffs[2]                                            ; regout           ;
; |laba8_var1|cache_final:inst1|cache_line:inst2|lpm_dff2:inst3|lpm_ff:lpm_ff_component|dffs[1]                                            ; |laba8_var1|cache_final:inst1|cache_line:inst2|lpm_dff2:inst3|lpm_ff:lpm_ff_component|dffs[1]                                            ; regout           ;
; |laba8_var1|cache_final:inst1|cache_line:inst2|lpm_dff2:inst3|lpm_ff:lpm_ff_component|dffs[0]                                            ; |laba8_var1|cache_final:inst1|cache_line:inst2|lpm_dff2:inst3|lpm_ff:lpm_ff_component|dffs[0]                                            ; regout           ;
; |laba8_var1|cache_final:inst1|cache_line:inst2|lpm_mux0:inst6|lpm_mux:lpm_mux_component|mux_94e:auto_generated|l1_w0_n0_mux_dataout~0    ; |laba8_var1|cache_final:inst1|cache_line:inst2|lpm_mux0:inst6|lpm_mux:lpm_mux_component|mux_94e:auto_generated|l1_w0_n0_mux_dataout~0    ; out0             ;
; |laba8_var1|cache_final:inst1|cache_line:inst2|lpm_mux0:inst6|lpm_mux:lpm_mux_component|mux_94e:auto_generated|l1_w0_n0_mux_dataout~1    ; |laba8_var1|cache_final:inst1|cache_line:inst2|lpm_mux0:inst6|lpm_mux:lpm_mux_component|mux_94e:auto_generated|l1_w0_n0_mux_dataout~1    ; out0             ;
; |laba8_var1|cache_final:inst1|cache_line:inst2|lpm_mux0:inst6|lpm_mux:lpm_mux_component|mux_94e:auto_generated|l1_w0_n0_mux_dataout      ; |laba8_var1|cache_final:inst1|cache_line:inst2|lpm_mux0:inst6|lpm_mux:lpm_mux_component|mux_94e:auto_generated|l1_w0_n0_mux_dataout      ; out0             ;
; |laba8_var1|cache_final:inst1|cache_line:inst2|lpm_mux0:inst6|lpm_mux:lpm_mux_component|mux_94e:auto_generated|l1_w1_n0_mux_dataout~0    ; |laba8_var1|cache_final:inst1|cache_line:inst2|lpm_mux0:inst6|lpm_mux:lpm_mux_component|mux_94e:auto_generated|l1_w1_n0_mux_dataout~0    ; out0             ;
; |laba8_var1|cache_final:inst1|cache_line:inst2|lpm_mux0:inst6|lpm_mux:lpm_mux_component|mux_94e:auto_generated|l1_w1_n0_mux_dataout~1    ; |laba8_var1|cache_final:inst1|cache_line:inst2|lpm_mux0:inst6|lpm_mux:lpm_mux_component|mux_94e:auto_generated|l1_w1_n0_mux_dataout~1    ; out0             ;
; |laba8_var1|cache_final:inst1|cache_line:inst2|lpm_mux0:inst6|lpm_mux:lpm_mux_component|mux_94e:auto_generated|l1_w1_n0_mux_dataout      ; |laba8_var1|cache_final:inst1|cache_line:inst2|lpm_mux0:inst6|lpm_mux:lpm_mux_component|mux_94e:auto_generated|l1_w1_n0_mux_dataout      ; out0             ;
; |laba8_var1|cache_final:inst1|cache_line:inst2|lpm_mux0:inst6|lpm_mux:lpm_mux_component|mux_94e:auto_generated|l1_w2_n0_mux_dataout~0    ; |laba8_var1|cache_final:inst1|cache_line:inst2|lpm_mux0:inst6|lpm_mux:lpm_mux_component|mux_94e:auto_generated|l1_w2_n0_mux_dataout~0    ; out0             ;
; |laba8_var1|cache_final:inst1|cache_line:inst2|lpm_mux0:inst6|lpm_mux:lpm_mux_component|mux_94e:auto_generated|l1_w2_n0_mux_dataout~1    ; |laba8_var1|cache_final:inst1|cache_line:inst2|lpm_mux0:inst6|lpm_mux:lpm_mux_component|mux_94e:auto_generated|l1_w2_n0_mux_dataout~1    ; out0             ;
; |laba8_var1|cache_final:inst1|cache_line:inst2|lpm_mux0:inst6|lpm_mux:lpm_mux_component|mux_94e:auto_generated|l1_w2_n0_mux_dataout      ; |laba8_var1|cache_final:inst1|cache_line:inst2|lpm_mux0:inst6|lpm_mux:lpm_mux_component|mux_94e:auto_generated|l1_w2_n0_mux_dataout      ; out0             ;
; |laba8_var1|cache_final:inst1|cache_line:inst2|lpm_mux0:inst6|lpm_mux:lpm_mux_component|mux_94e:auto_generated|l1_w3_n0_mux_dataout~0    ; |laba8_var1|cache_final:inst1|cache_line:inst2|lpm_mux0:inst6|lpm_mux:lpm_mux_component|mux_94e:auto_generated|l1_w3_n0_mux_dataout~0    ; out0             ;
; |laba8_var1|cache_final:inst1|cache_line:inst2|lpm_mux0:inst6|lpm_mux:lpm_mux_component|mux_94e:auto_generated|l1_w3_n0_mux_dataout~1    ; |laba8_var1|cache_final:inst1|cache_line:inst2|lpm_mux0:inst6|lpm_mux:lpm_mux_component|mux_94e:auto_generated|l1_w3_n0_mux_dataout~1    ; out0             ;
; |laba8_var1|cache_final:inst1|cache_line:inst2|lpm_mux0:inst6|lpm_mux:lpm_mux_component|mux_94e:auto_generated|l1_w3_n0_mux_dataout      ; |laba8_var1|cache_final:inst1|cache_line:inst2|lpm_mux0:inst6|lpm_mux:lpm_mux_component|mux_94e:auto_generated|l1_w3_n0_mux_dataout      ; out0             ;
; |laba8_var1|cache_final:inst1|cache_line:inst2|lpm_mux0:inst6|lpm_mux:lpm_mux_component|mux_94e:auto_generated|l1_w4_n0_mux_dataout~0    ; |laba8_var1|cache_final:inst1|cache_line:inst2|lpm_mux0:inst6|lpm_mux:lpm_mux_component|mux_94e:auto_generated|l1_w4_n0_mux_dataout~0    ; out0             ;
; |laba8_var1|cache_final:inst1|cache_line:inst2|lpm_mux0:inst6|lpm_mux:lpm_mux_component|mux_94e:auto_generated|l1_w4_n0_mux_dataout~1    ; |laba8_var1|cache_final:inst1|cache_line:inst2|lpm_mux0:inst6|lpm_mux:lpm_mux_component|mux_94e:auto_generated|l1_w4_n0_mux_dataout~1    ; out0             ;
; |laba8_var1|cache_final:inst1|cache_line:inst2|lpm_mux0:inst6|lpm_mux:lpm_mux_component|mux_94e:auto_generated|l1_w4_n0_mux_dataout      ; |laba8_var1|cache_final:inst1|cache_line:inst2|lpm_mux0:inst6|lpm_mux:lpm_mux_component|mux_94e:auto_generated|l1_w4_n0_mux_dataout      ; out0             ;
; |laba8_var1|cache_final:inst1|cache_line:inst2|lpm_mux0:inst6|lpm_mux:lpm_mux_component|mux_94e:auto_generated|l1_w5_n0_mux_dataout~0    ; |laba8_var1|cache_final:inst1|cache_line:inst2|lpm_mux0:inst6|lpm_mux:lpm_mux_component|mux_94e:auto_generated|l1_w5_n0_mux_dataout~0    ; out0             ;
; |laba8_var1|cache_final:inst1|cache_line:inst2|lpm_mux0:inst6|lpm_mux:lpm_mux_component|mux_94e:auto_generated|l1_w5_n0_mux_dataout~1    ; |laba8_var1|cache_final:inst1|cache_line:inst2|lpm_mux0:inst6|lpm_mux:lpm_mux_component|mux_94e:auto_generated|l1_w5_n0_mux_dataout~1    ; out0             ;
; |laba8_var1|cache_final:inst1|cache_line:inst2|lpm_mux0:inst6|lpm_mux:lpm_mux_component|mux_94e:auto_generated|l1_w5_n0_mux_dataout      ; |laba8_var1|cache_final:inst1|cache_line:inst2|lpm_mux0:inst6|lpm_mux:lpm_mux_component|mux_94e:auto_generated|l1_w5_n0_mux_dataout      ; out0             ;
; |laba8_var1|cache_final:inst1|cache_line:inst2|lpm_mux0:inst6|lpm_mux:lpm_mux_component|mux_94e:auto_generated|l1_w6_n0_mux_dataout~0    ; |laba8_var1|cache_final:inst1|cache_line:inst2|lpm_mux0:inst6|lpm_mux:lpm_mux_component|mux_94e:auto_generated|l1_w6_n0_mux_dataout~0    ; out0             ;
; |laba8_var1|cache_final:inst1|cache_line:inst2|lpm_mux0:inst6|lpm_mux:lpm_mux_component|mux_94e:auto_generated|l1_w6_n0_mux_dataout~1    ; |laba8_var1|cache_final:inst1|cache_line:inst2|lpm_mux0:inst6|lpm_mux:lpm_mux_component|mux_94e:auto_generated|l1_w6_n0_mux_dataout~1    ; out0             ;
; |laba8_var1|cache_final:inst1|cache_line:inst2|lpm_mux0:inst6|lpm_mux:lpm_mux_component|mux_94e:auto_generated|l1_w6_n0_mux_dataout      ; |laba8_var1|cache_final:inst1|cache_line:inst2|lpm_mux0:inst6|lpm_mux:lpm_mux_component|mux_94e:auto_generated|l1_w6_n0_mux_dataout      ; out0             ;
; |laba8_var1|cache_final:inst1|cache_line:inst2|lpm_mux0:inst6|lpm_mux:lpm_mux_component|mux_94e:auto_generated|l1_w7_n0_mux_dataout~0    ; |laba8_var1|cache_final:inst1|cache_line:inst2|lpm_mux0:inst6|lpm_mux:lpm_mux_component|mux_94e:auto_generated|l1_w7_n0_mux_dataout~0    ; out0             ;
; |laba8_var1|cache_final:inst1|cache_line:inst2|lpm_mux0:inst6|lpm_mux:lpm_mux_component|mux_94e:auto_generated|l1_w7_n0_mux_dataout~1    ; |laba8_var1|cache_final:inst1|cache_line:inst2|lpm_mux0:inst6|lpm_mux:lpm_mux_component|mux_94e:auto_generated|l1_w7_n0_mux_dataout~1    ; out0             ;
; |laba8_var1|cache_final:inst1|cache_line:inst2|lpm_mux0:inst6|lpm_mux:lpm_mux_component|mux_94e:auto_generated|l1_w7_n0_mux_dataout      ; |laba8_var1|cache_final:inst1|cache_line:inst2|lpm_mux0:inst6|lpm_mux:lpm_mux_component|mux_94e:auto_generated|l1_w7_n0_mux_dataout      ; out0             ;
; |laba8_var1|cache_final:inst1|cache_line:inst2|lpm_dff0:inst|lpm_ff:lpm_ff_component|dffs[4]                                             ; |laba8_var1|cache_final:inst1|cache_line:inst2|lpm_dff0:inst|lpm_ff:lpm_ff_component|dffs[4]                                             ; regout           ;
; |laba8_var1|cache_final:inst1|cache_line:inst2|lpm_dff0:inst|lpm_ff:lpm_ff_component|dffs[3]                                             ; |laba8_var1|cache_final:inst1|cache_line:inst2|lpm_dff0:inst|lpm_ff:lpm_ff_component|dffs[3]                                             ; regout           ;
; |laba8_var1|cache_final:inst1|cache_line:inst2|lpm_dff0:inst|lpm_ff:lpm_ff_component|dffs[2]                                             ; |laba8_var1|cache_final:inst1|cache_line:inst2|lpm_dff0:inst|lpm_ff:lpm_ff_component|dffs[2]                                             ; regout           ;
; |laba8_var1|cache_final:inst1|cache_line:inst2|lpm_dff0:inst|lpm_ff:lpm_ff_component|dffs[1]                                             ; |laba8_var1|cache_final:inst1|cache_line:inst2|lpm_dff0:inst|lpm_ff:lpm_ff_component|dffs[1]                                             ; regout           ;
; |laba8_var1|cache_final:inst1|cache_line:inst2|lpm_dff0:inst|lpm_ff:lpm_ff_component|dffs[0]                                             ; |laba8_var1|cache_final:inst1|cache_line:inst2|lpm_dff0:inst|lpm_ff:lpm_ff_component|dffs[0]                                             ; regout           ;
; |laba8_var1|cache_final:inst1|cache_line:inst2|lpm_compare0:inst8|lpm_compare:lpm_compare_component|cmpr_cig:auto_generated|data_wire[2] ; |laba8_var1|cache_final:inst1|cache_line:inst2|lpm_compare0:inst8|lpm_compare:lpm_compare_component|cmpr_cig:auto_generated|data_wire[2] ; out0             ;
; |laba8_var1|cache_final:inst1|cache_line:inst2|lpm_dff3:inst1|lpm_ff:lpm_ff_component|dffs[0]                                            ; |laba8_var1|cache_final:inst1|cache_line:inst2|lpm_dff3:inst1|lpm_ff:lpm_ff_component|dffs[0]                                            ; regout           ;
; |laba8_var1|cache_final:inst3|lpm_mux1:inst9|lpm_mux:lpm_mux_component|mux_94e:auto_generated|l1_w0_n0_mux_dataout~1                     ; |laba8_var1|cache_final:inst3|lpm_mux1:inst9|lpm_mux:lpm_mux_component|mux_94e:auto_generated|l1_w0_n0_mux_dataout~1                     ; out0             ;
; |laba8_var1|cache_final:inst3|lpm_mux1:inst9|lpm_mux:lpm_mux_component|mux_94e:auto_generated|l1_w1_n0_mux_dataout~0                     ; |laba8_var1|cache_final:inst3|lpm_mux1:inst9|lpm_mux:lpm_mux_component|mux_94e:auto_generated|l1_w1_n0_mux_dataout~0                     ; out0             ;
; |laba8_var1|cache_final:inst3|lpm_mux1:inst9|lpm_mux:lpm_mux_component|mux_94e:auto_generated|l1_w1_n0_mux_dataout~1                     ; |laba8_var1|cache_final:inst3|lpm_mux1:inst9|lpm_mux:lpm_mux_component|mux_94e:auto_generated|l1_w1_n0_mux_dataout~1                     ; out0             ;
; |laba8_var1|cache_final:inst3|lpm_mux1:inst9|lpm_mux:lpm_mux_component|mux_94e:auto_generated|l1_w1_n0_mux_dataout                       ; |laba8_var1|cache_final:inst3|lpm_mux1:inst9|lpm_mux:lpm_mux_component|mux_94e:auto_generated|l1_w1_n0_mux_dataout                       ; out0             ;
; |laba8_var1|cache_final:inst3|lpm_mux1:inst9|lpm_mux:lpm_mux_component|mux_94e:auto_generated|l1_w2_n0_mux_dataout~0                     ; |laba8_var1|cache_final:inst3|lpm_mux1:inst9|lpm_mux:lpm_mux_component|mux_94e:auto_generated|l1_w2_n0_mux_dataout~0                     ; out0             ;
; |laba8_var1|cache_final:inst3|lpm_mux1:inst9|lpm_mux:lpm_mux_component|mux_94e:auto_generated|l1_w2_n0_mux_dataout~1                     ; |laba8_var1|cache_final:inst3|lpm_mux1:inst9|lpm_mux:lpm_mux_component|mux_94e:auto_generated|l1_w2_n0_mux_dataout~1                     ; out0             ;
; |laba8_var1|cache_final:inst3|lpm_mux1:inst9|lpm_mux:lpm_mux_component|mux_94e:auto_generated|l1_w2_n0_mux_dataout                       ; |laba8_var1|cache_final:inst3|lpm_mux1:inst9|lpm_mux:lpm_mux_component|mux_94e:auto_generated|l1_w2_n0_mux_dataout                       ; out0             ;
; |laba8_var1|cache_final:inst3|lpm_mux1:inst9|lpm_mux:lpm_mux_component|mux_94e:auto_generated|l1_w3_n0_mux_dataout~1                     ; |laba8_var1|cache_final:inst3|lpm_mux1:inst9|lpm_mux:lpm_mux_component|mux_94e:auto_generated|l1_w3_n0_mux_dataout~1                     ; out0             ;
; |laba8_var1|cache_final:inst3|lpm_mux1:inst9|lpm_mux:lpm_mux_component|mux_94e:auto_generated|l1_w4_n0_mux_dataout~0                     ; |laba8_var1|cache_final:inst3|lpm_mux1:inst9|lpm_mux:lpm_mux_component|mux_94e:auto_generated|l1_w4_n0_mux_dataout~0                     ; out0             ;
; |laba8_var1|cache_final:inst3|lpm_mux1:inst9|lpm_mux:lpm_mux_component|mux_94e:auto_generated|l1_w4_n0_mux_dataout~1                     ; |laba8_var1|cache_final:inst3|lpm_mux1:inst9|lpm_mux:lpm_mux_component|mux_94e:auto_generated|l1_w4_n0_mux_dataout~1                     ; out0             ;
; |laba8_var1|cache_final:inst3|lpm_mux1:inst9|lpm_mux:lpm_mux_component|mux_94e:auto_generated|l1_w4_n0_mux_dataout                       ; |laba8_var1|cache_final:inst3|lpm_mux1:inst9|lpm_mux:lpm_mux_component|mux_94e:auto_generated|l1_w4_n0_mux_dataout                       ; out0             ;
; |laba8_var1|cache_final:inst3|lpm_mux1:inst9|lpm_mux:lpm_mux_component|mux_94e:auto_generated|l1_w5_n0_mux_dataout~0                     ; |laba8_var1|cache_final:inst3|lpm_mux1:inst9|lpm_mux:lpm_mux_component|mux_94e:auto_generated|l1_w5_n0_mux_dataout~0                     ; out0             ;
; |laba8_var1|cache_final:inst3|lpm_mux1:inst9|lpm_mux:lpm_mux_component|mux_94e:auto_generated|l1_w5_n0_mux_dataout~1                     ; |laba8_var1|cache_final:inst3|lpm_mux1:inst9|lpm_mux:lpm_mux_component|mux_94e:auto_generated|l1_w5_n0_mux_dataout~1                     ; out0             ;
; |laba8_var1|cache_final:inst3|lpm_mux1:inst9|lpm_mux:lpm_mux_component|mux_94e:auto_generated|l1_w5_n0_mux_dataout                       ; |laba8_var1|cache_final:inst3|lpm_mux1:inst9|lpm_mux:lpm_mux_component|mux_94e:auto_generated|l1_w5_n0_mux_dataout                       ; out0             ;
; |laba8_var1|cache_final:inst3|lpm_mux1:inst9|lpm_mux:lpm_mux_component|mux_94e:auto_generated|l1_w6_n0_mux_dataout~0                     ; |laba8_var1|cache_final:inst3|lpm_mux1:inst9|lpm_mux:lpm_mux_component|mux_94e:auto_generated|l1_w6_n0_mux_dataout~0                     ; out0             ;
; |laba8_var1|cache_final:inst3|lpm_mux1:inst9|lpm_mux:lpm_mux_component|mux_94e:auto_generated|l1_w6_n0_mux_dataout~1                     ; |laba8_var1|cache_final:inst3|lpm_mux1:inst9|lpm_mux:lpm_mux_component|mux_94e:auto_generated|l1_w6_n0_mux_dataout~1                     ; out0             ;
; |laba8_var1|cache_final:inst3|lpm_mux1:inst9|lpm_mux:lpm_mux_component|mux_94e:auto_generated|l1_w6_n0_mux_dataout                       ; |laba8_var1|cache_final:inst3|lpm_mux1:inst9|lpm_mux:lpm_mux_component|mux_94e:auto_generated|l1_w6_n0_mux_dataout                       ; out0             ;
; |laba8_var1|cache_final:inst3|lpm_mux1:inst9|lpm_mux:lpm_mux_component|mux_94e:auto_generated|l1_w7_n0_mux_dataout~0                     ; |laba8_var1|cache_final:inst3|lpm_mux1:inst9|lpm_mux:lpm_mux_component|mux_94e:auto_generated|l1_w7_n0_mux_dataout~0                     ; out0             ;
; |laba8_var1|cache_final:inst3|lpm_mux1:inst9|lpm_mux:lpm_mux_component|mux_94e:auto_generated|l1_w7_n0_mux_dataout~1                     ; |laba8_var1|cache_final:inst3|lpm_mux1:inst9|lpm_mux:lpm_mux_component|mux_94e:auto_generated|l1_w7_n0_mux_dataout~1                     ; out0             ;
; |laba8_var1|cache_final:inst3|lpm_mux1:inst9|lpm_mux:lpm_mux_component|mux_94e:auto_generated|l1_w7_n0_mux_dataout                       ; |laba8_var1|cache_final:inst3|lpm_mux1:inst9|lpm_mux:lpm_mux_component|mux_94e:auto_generated|l1_w7_n0_mux_dataout                       ; out0             ;
; |laba8_var1|cache_final:inst3|cache_line:inst|lpm_dff1:inst2|lpm_ff:lpm_ff_component|dffs[7]                                             ; |laba8_var1|cache_final:inst3|cache_line:inst|lpm_dff1:inst2|lpm_ff:lpm_ff_component|dffs[7]                                             ; regout           ;
; |laba8_var1|cache_final:inst3|cache_line:inst|lpm_dff1:inst2|lpm_ff:lpm_ff_component|dffs[6]                                             ; |laba8_var1|cache_final:inst3|cache_line:inst|lpm_dff1:inst2|lpm_ff:lpm_ff_component|dffs[6]                                             ; regout           ;
; |laba8_var1|cache_final:inst3|cache_line:inst|lpm_dff1:inst2|lpm_ff:lpm_ff_component|dffs[5]                                             ; |laba8_var1|cache_final:inst3|cache_line:inst|lpm_dff1:inst2|lpm_ff:lpm_ff_component|dffs[5]                                             ; regout           ;
; |laba8_var1|cache_final:inst3|cache_line:inst|lpm_dff1:inst2|lpm_ff:lpm_ff_component|dffs[4]                                             ; |laba8_var1|cache_final:inst3|cache_line:inst|lpm_dff1:inst2|lpm_ff:lpm_ff_component|dffs[4]                                             ; regout           ;
; |laba8_var1|cache_final:inst3|cache_line:inst|lpm_dff1:inst2|lpm_ff:lpm_ff_component|dffs[2]                                             ; |laba8_var1|cache_final:inst3|cache_line:inst|lpm_dff1:inst2|lpm_ff:lpm_ff_component|dffs[2]                                             ; regout           ;
; |laba8_var1|cache_final:inst3|cache_line:inst|lpm_dff1:inst2|lpm_ff:lpm_ff_component|dffs[1]                                             ; |laba8_var1|cache_final:inst3|cache_line:inst|lpm_dff1:inst2|lpm_ff:lpm_ff_component|dffs[1]                                             ; regout           ;
; |laba8_var1|cache_final:inst3|cache_line:inst|lpm_dff1:inst2|lpm_ff:lpm_ff_component|dffs[0]                                             ; |laba8_var1|cache_final:inst3|cache_line:inst|lpm_dff1:inst2|lpm_ff:lpm_ff_component|dffs[0]                                             ; regout           ;
; |laba8_var1|cache_final:inst3|cache_line:inst|lpm_dff2:inst3|lpm_ff:lpm_ff_component|dffs[7]                                             ; |laba8_var1|cache_final:inst3|cache_line:inst|lpm_dff2:inst3|lpm_ff:lpm_ff_component|dffs[7]                                             ; regout           ;
; |laba8_var1|cache_final:inst3|cache_line:inst|lpm_dff2:inst3|lpm_ff:lpm_ff_component|dffs[6]                                             ; |laba8_var1|cache_final:inst3|cache_line:inst|lpm_dff2:inst3|lpm_ff:lpm_ff_component|dffs[6]                                             ; regout           ;
; |laba8_var1|cache_final:inst3|cache_line:inst|lpm_dff2:inst3|lpm_ff:lpm_ff_component|dffs[5]                                             ; |laba8_var1|cache_final:inst3|cache_line:inst|lpm_dff2:inst3|lpm_ff:lpm_ff_component|dffs[5]                                             ; regout           ;
; |laba8_var1|cache_final:inst3|cache_line:inst|lpm_dff2:inst3|lpm_ff:lpm_ff_component|dffs[4]                                             ; |laba8_var1|cache_final:inst3|cache_line:inst|lpm_dff2:inst3|lpm_ff:lpm_ff_component|dffs[4]                                             ; regout           ;
; |laba8_var1|cache_final:inst3|cache_line:inst|lpm_dff2:inst3|lpm_ff:lpm_ff_component|dffs[2]                                             ; |laba8_var1|cache_final:inst3|cache_line:inst|lpm_dff2:inst3|lpm_ff:lpm_ff_component|dffs[2]                                             ; regout           ;
; |laba8_var1|cache_final:inst3|cache_line:inst|lpm_dff2:inst3|lpm_ff:lpm_ff_component|dffs[1]                                             ; |laba8_var1|cache_final:inst3|cache_line:inst|lpm_dff2:inst3|lpm_ff:lpm_ff_component|dffs[1]                                             ; regout           ;
; |laba8_var1|cache_final:inst3|cache_line:inst|lpm_mux0:inst6|lpm_mux:lpm_mux_component|mux_94e:auto_generated|l1_w0_n0_mux_dataout~0     ; |laba8_var1|cache_final:inst3|cache_line:inst|lpm_mux0:inst6|lpm_mux:lpm_mux_component|mux_94e:auto_generated|l1_w0_n0_mux_dataout~0     ; out0             ;
; |laba8_var1|cache_final:inst3|cache_line:inst|lpm_mux0:inst6|lpm_mux:lpm_mux_component|mux_94e:auto_generated|l1_w1_n0_mux_dataout~0     ; |laba8_var1|cache_final:inst3|cache_line:inst|lpm_mux0:inst6|lpm_mux:lpm_mux_component|mux_94e:auto_generated|l1_w1_n0_mux_dataout~0     ; out0             ;
; |laba8_var1|cache_final:inst3|cache_line:inst|lpm_mux0:inst6|lpm_mux:lpm_mux_component|mux_94e:auto_generated|l1_w1_n0_mux_dataout~1     ; |laba8_var1|cache_final:inst3|cache_line:inst|lpm_mux0:inst6|lpm_mux:lpm_mux_component|mux_94e:auto_generated|l1_w1_n0_mux_dataout~1     ; out0             ;
; |laba8_var1|cache_final:inst3|cache_line:inst|lpm_mux0:inst6|lpm_mux:lpm_mux_component|mux_94e:auto_generated|l1_w1_n0_mux_dataout       ; |laba8_var1|cache_final:inst3|cache_line:inst|lpm_mux0:inst6|lpm_mux:lpm_mux_component|mux_94e:auto_generated|l1_w1_n0_mux_dataout       ; out0             ;
; |laba8_var1|cache_final:inst3|cache_line:inst|lpm_mux0:inst6|lpm_mux:lpm_mux_component|mux_94e:auto_generated|l1_w2_n0_mux_dataout~0     ; |laba8_var1|cache_final:inst3|cache_line:inst|lpm_mux0:inst6|lpm_mux:lpm_mux_component|mux_94e:auto_generated|l1_w2_n0_mux_dataout~0     ; out0             ;
; |laba8_var1|cache_final:inst3|cache_line:inst|lpm_mux0:inst6|lpm_mux:lpm_mux_component|mux_94e:auto_generated|l1_w2_n0_mux_dataout~1     ; |laba8_var1|cache_final:inst3|cache_line:inst|lpm_mux0:inst6|lpm_mux:lpm_mux_component|mux_94e:auto_generated|l1_w2_n0_mux_dataout~1     ; out0             ;
; |laba8_var1|cache_final:inst3|cache_line:inst|lpm_mux0:inst6|lpm_mux:lpm_mux_component|mux_94e:auto_generated|l1_w2_n0_mux_dataout       ; |laba8_var1|cache_final:inst3|cache_line:inst|lpm_mux0:inst6|lpm_mux:lpm_mux_component|mux_94e:auto_generated|l1_w2_n0_mux_dataout       ; out0             ;
; |laba8_var1|cache_final:inst3|cache_line:inst|lpm_mux0:inst6|lpm_mux:lpm_mux_component|mux_94e:auto_generated|l1_w4_n0_mux_dataout~0     ; |laba8_var1|cache_final:inst3|cache_line:inst|lpm_mux0:inst6|lpm_mux:lpm_mux_component|mux_94e:auto_generated|l1_w4_n0_mux_dataout~0     ; out0             ;
; |laba8_var1|cache_final:inst3|cache_line:inst|lpm_mux0:inst6|lpm_mux:lpm_mux_component|mux_94e:auto_generated|l1_w4_n0_mux_dataout~1     ; |laba8_var1|cache_final:inst3|cache_line:inst|lpm_mux0:inst6|lpm_mux:lpm_mux_component|mux_94e:auto_generated|l1_w4_n0_mux_dataout~1     ; out0             ;
; |laba8_var1|cache_final:inst3|cache_line:inst|lpm_mux0:inst6|lpm_mux:lpm_mux_component|mux_94e:auto_generated|l1_w4_n0_mux_dataout       ; |laba8_var1|cache_final:inst3|cache_line:inst|lpm_mux0:inst6|lpm_mux:lpm_mux_component|mux_94e:auto_generated|l1_w4_n0_mux_dataout       ; out0             ;
; |laba8_var1|cache_final:inst3|cache_line:inst|lpm_mux0:inst6|lpm_mux:lpm_mux_component|mux_94e:auto_generated|l1_w5_n0_mux_dataout~0     ; |laba8_var1|cache_final:inst3|cache_line:inst|lpm_mux0:inst6|lpm_mux:lpm_mux_component|mux_94e:auto_generated|l1_w5_n0_mux_dataout~0     ; out0             ;
; |laba8_var1|cache_final:inst3|cache_line:inst|lpm_mux0:inst6|lpm_mux:lpm_mux_component|mux_94e:auto_generated|l1_w5_n0_mux_dataout~1     ; |laba8_var1|cache_final:inst3|cache_line:inst|lpm_mux0:inst6|lpm_mux:lpm_mux_component|mux_94e:auto_generated|l1_w5_n0_mux_dataout~1     ; out0             ;
; |laba8_var1|cache_final:inst3|cache_line:inst|lpm_mux0:inst6|lpm_mux:lpm_mux_component|mux_94e:auto_generated|l1_w5_n0_mux_dataout       ; |laba8_var1|cache_final:inst3|cache_line:inst|lpm_mux0:inst6|lpm_mux:lpm_mux_component|mux_94e:auto_generated|l1_w5_n0_mux_dataout       ; out0             ;
; |laba8_var1|cache_final:inst3|cache_line:inst|lpm_mux0:inst6|lpm_mux:lpm_mux_component|mux_94e:auto_generated|l1_w6_n0_mux_dataout~0     ; |laba8_var1|cache_final:inst3|cache_line:inst|lpm_mux0:inst6|lpm_mux:lpm_mux_component|mux_94e:auto_generated|l1_w6_n0_mux_dataout~0     ; out0             ;
; |laba8_var1|cache_final:inst3|cache_line:inst|lpm_mux0:inst6|lpm_mux:lpm_mux_component|mux_94e:auto_generated|l1_w6_n0_mux_dataout~1     ; |laba8_var1|cache_final:inst3|cache_line:inst|lpm_mux0:inst6|lpm_mux:lpm_mux_component|mux_94e:auto_generated|l1_w6_n0_mux_dataout~1     ; out0             ;
; |laba8_var1|cache_final:inst3|cache_line:inst|lpm_mux0:inst6|lpm_mux:lpm_mux_component|mux_94e:auto_generated|l1_w6_n0_mux_dataout       ; |laba8_var1|cache_final:inst3|cache_line:inst|lpm_mux0:inst6|lpm_mux:lpm_mux_component|mux_94e:auto_generated|l1_w6_n0_mux_dataout       ; out0             ;
; |laba8_var1|cache_final:inst3|cache_line:inst|lpm_mux0:inst6|lpm_mux:lpm_mux_component|mux_94e:auto_generated|l1_w7_n0_mux_dataout~0     ; |laba8_var1|cache_final:inst3|cache_line:inst|lpm_mux0:inst6|lpm_mux:lpm_mux_component|mux_94e:auto_generated|l1_w7_n0_mux_dataout~0     ; out0             ;
; |laba8_var1|cache_final:inst3|cache_line:inst|lpm_mux0:inst6|lpm_mux:lpm_mux_component|mux_94e:auto_generated|l1_w7_n0_mux_dataout~1     ; |laba8_var1|cache_final:inst3|cache_line:inst|lpm_mux0:inst6|lpm_mux:lpm_mux_component|mux_94e:auto_generated|l1_w7_n0_mux_dataout~1     ; out0             ;
; |laba8_var1|cache_final:inst3|cache_line:inst|lpm_mux0:inst6|lpm_mux:lpm_mux_component|mux_94e:auto_generated|l1_w7_n0_mux_dataout       ; |laba8_var1|cache_final:inst3|cache_line:inst|lpm_mux0:inst6|lpm_mux:lpm_mux_component|mux_94e:auto_generated|l1_w7_n0_mux_dataout       ; out0             ;
; |laba8_var1|cache_final:inst3|cache_line:inst|lpm_dff0:inst|lpm_ff:lpm_ff_component|dffs[4]                                              ; |laba8_var1|cache_final:inst3|cache_line:inst|lpm_dff0:inst|lpm_ff:lpm_ff_component|dffs[4]                                              ; regout           ;
; |laba8_var1|cache_final:inst3|cache_line:inst|lpm_dff0:inst|lpm_ff:lpm_ff_component|dffs[3]                                              ; |laba8_var1|cache_final:inst3|cache_line:inst|lpm_dff0:inst|lpm_ff:lpm_ff_component|dffs[3]                                              ; regout           ;
; |laba8_var1|cache_final:inst3|cache_line:inst|lpm_compare0:inst8|lpm_compare:lpm_compare_component|cmpr_cig:auto_generated|data_wire[2]  ; |laba8_var1|cache_final:inst3|cache_line:inst|lpm_compare0:inst8|lpm_compare:lpm_compare_component|cmpr_cig:auto_generated|data_wire[2]  ; out0             ;
; |laba8_var1|cache_final:inst3|cache_line:inst2|inst4                                                                                     ; |laba8_var1|cache_final:inst3|cache_line:inst2|inst4                                                                                     ; out0             ;
; |laba8_var1|cache_final:inst3|cache_line:inst2|lpm_dff1:inst2|lpm_ff:lpm_ff_component|dffs[7]                                            ; |laba8_var1|cache_final:inst3|cache_line:inst2|lpm_dff1:inst2|lpm_ff:lpm_ff_component|dffs[7]                                            ; regout           ;
; |laba8_var1|cache_final:inst3|cache_line:inst2|lpm_dff1:inst2|lpm_ff:lpm_ff_component|dffs[6]                                            ; |laba8_var1|cache_final:inst3|cache_line:inst2|lpm_dff1:inst2|lpm_ff:lpm_ff_component|dffs[6]                                            ; regout           ;
; |laba8_var1|cache_final:inst3|cache_line:inst2|lpm_dff1:inst2|lpm_ff:lpm_ff_component|dffs[5]                                            ; |laba8_var1|cache_final:inst3|cache_line:inst2|lpm_dff1:inst2|lpm_ff:lpm_ff_component|dffs[5]                                            ; regout           ;
; |laba8_var1|cache_final:inst3|cache_line:inst2|lpm_dff1:inst2|lpm_ff:lpm_ff_component|dffs[4]                                            ; |laba8_var1|cache_final:inst3|cache_line:inst2|lpm_dff1:inst2|lpm_ff:lpm_ff_component|dffs[4]                                            ; regout           ;
; |laba8_var1|cache_final:inst3|cache_line:inst2|lpm_dff1:inst2|lpm_ff:lpm_ff_component|dffs[3]                                            ; |laba8_var1|cache_final:inst3|cache_line:inst2|lpm_dff1:inst2|lpm_ff:lpm_ff_component|dffs[3]                                            ; regout           ;
; |laba8_var1|cache_final:inst3|cache_line:inst2|lpm_dff1:inst2|lpm_ff:lpm_ff_component|dffs[2]                                            ; |laba8_var1|cache_final:inst3|cache_line:inst2|lpm_dff1:inst2|lpm_ff:lpm_ff_component|dffs[2]                                            ; regout           ;
; |laba8_var1|cache_final:inst3|cache_line:inst2|lpm_dff1:inst2|lpm_ff:lpm_ff_component|dffs[1]                                            ; |laba8_var1|cache_final:inst3|cache_line:inst2|lpm_dff1:inst2|lpm_ff:lpm_ff_component|dffs[1]                                            ; regout           ;
; |laba8_var1|cache_final:inst3|cache_line:inst2|lpm_dff1:inst2|lpm_ff:lpm_ff_component|dffs[0]                                            ; |laba8_var1|cache_final:inst3|cache_line:inst2|lpm_dff1:inst2|lpm_ff:lpm_ff_component|dffs[0]                                            ; regout           ;
; |laba8_var1|cache_final:inst3|cache_line:inst2|lpm_dff2:inst3|lpm_ff:lpm_ff_component|dffs[7]                                            ; |laba8_var1|cache_final:inst3|cache_line:inst2|lpm_dff2:inst3|lpm_ff:lpm_ff_component|dffs[7]                                            ; regout           ;
; |laba8_var1|cache_final:inst3|cache_line:inst2|lpm_dff2:inst3|lpm_ff:lpm_ff_component|dffs[6]                                            ; |laba8_var1|cache_final:inst3|cache_line:inst2|lpm_dff2:inst3|lpm_ff:lpm_ff_component|dffs[6]                                            ; regout           ;
; |laba8_var1|cache_final:inst3|cache_line:inst2|lpm_dff2:inst3|lpm_ff:lpm_ff_component|dffs[5]                                            ; |laba8_var1|cache_final:inst3|cache_line:inst2|lpm_dff2:inst3|lpm_ff:lpm_ff_component|dffs[5]                                            ; regout           ;
; |laba8_var1|cache_final:inst3|cache_line:inst2|lpm_dff2:inst3|lpm_ff:lpm_ff_component|dffs[4]                                            ; |laba8_var1|cache_final:inst3|cache_line:inst2|lpm_dff2:inst3|lpm_ff:lpm_ff_component|dffs[4]                                            ; regout           ;
; |laba8_var1|cache_final:inst3|cache_line:inst2|lpm_dff2:inst3|lpm_ff:lpm_ff_component|dffs[3]                                            ; |laba8_var1|cache_final:inst3|cache_line:inst2|lpm_dff2:inst3|lpm_ff:lpm_ff_component|dffs[3]                                            ; regout           ;
; |laba8_var1|cache_final:inst3|cache_line:inst2|lpm_dff2:inst3|lpm_ff:lpm_ff_component|dffs[2]                                            ; |laba8_var1|cache_final:inst3|cache_line:inst2|lpm_dff2:inst3|lpm_ff:lpm_ff_component|dffs[2]                                            ; regout           ;
; |laba8_var1|cache_final:inst3|cache_line:inst2|lpm_dff2:inst3|lpm_ff:lpm_ff_component|dffs[1]                                            ; |laba8_var1|cache_final:inst3|cache_line:inst2|lpm_dff2:inst3|lpm_ff:lpm_ff_component|dffs[1]                                            ; regout           ;
; |laba8_var1|cache_final:inst3|cache_line:inst2|lpm_dff2:inst3|lpm_ff:lpm_ff_component|dffs[0]                                            ; |laba8_var1|cache_final:inst3|cache_line:inst2|lpm_dff2:inst3|lpm_ff:lpm_ff_component|dffs[0]                                            ; regout           ;
; |laba8_var1|cache_final:inst3|cache_line:inst2|lpm_mux0:inst6|lpm_mux:lpm_mux_component|mux_94e:auto_generated|l1_w0_n0_mux_dataout~0    ; |laba8_var1|cache_final:inst3|cache_line:inst2|lpm_mux0:inst6|lpm_mux:lpm_mux_component|mux_94e:auto_generated|l1_w0_n0_mux_dataout~0    ; out0             ;
; |laba8_var1|cache_final:inst3|cache_line:inst2|lpm_mux0:inst6|lpm_mux:lpm_mux_component|mux_94e:auto_generated|l1_w0_n0_mux_dataout~1    ; |laba8_var1|cache_final:inst3|cache_line:inst2|lpm_mux0:inst6|lpm_mux:lpm_mux_component|mux_94e:auto_generated|l1_w0_n0_mux_dataout~1    ; out0             ;
; |laba8_var1|cache_final:inst3|cache_line:inst2|lpm_mux0:inst6|lpm_mux:lpm_mux_component|mux_94e:auto_generated|l1_w0_n0_mux_dataout      ; |laba8_var1|cache_final:inst3|cache_line:inst2|lpm_mux0:inst6|lpm_mux:lpm_mux_component|mux_94e:auto_generated|l1_w0_n0_mux_dataout      ; out0             ;
; |laba8_var1|cache_final:inst3|cache_line:inst2|lpm_mux0:inst6|lpm_mux:lpm_mux_component|mux_94e:auto_generated|l1_w1_n0_mux_dataout~0    ; |laba8_var1|cache_final:inst3|cache_line:inst2|lpm_mux0:inst6|lpm_mux:lpm_mux_component|mux_94e:auto_generated|l1_w1_n0_mux_dataout~0    ; out0             ;
; |laba8_var1|cache_final:inst3|cache_line:inst2|lpm_mux0:inst6|lpm_mux:lpm_mux_component|mux_94e:auto_generated|l1_w1_n0_mux_dataout~1    ; |laba8_var1|cache_final:inst3|cache_line:inst2|lpm_mux0:inst6|lpm_mux:lpm_mux_component|mux_94e:auto_generated|l1_w1_n0_mux_dataout~1    ; out0             ;
; |laba8_var1|cache_final:inst3|cache_line:inst2|lpm_mux0:inst6|lpm_mux:lpm_mux_component|mux_94e:auto_generated|l1_w1_n0_mux_dataout      ; |laba8_var1|cache_final:inst3|cache_line:inst2|lpm_mux0:inst6|lpm_mux:lpm_mux_component|mux_94e:auto_generated|l1_w1_n0_mux_dataout      ; out0             ;
; |laba8_var1|cache_final:inst3|cache_line:inst2|lpm_mux0:inst6|lpm_mux:lpm_mux_component|mux_94e:auto_generated|l1_w2_n0_mux_dataout~0    ; |laba8_var1|cache_final:inst3|cache_line:inst2|lpm_mux0:inst6|lpm_mux:lpm_mux_component|mux_94e:auto_generated|l1_w2_n0_mux_dataout~0    ; out0             ;
; |laba8_var1|cache_final:inst3|cache_line:inst2|lpm_mux0:inst6|lpm_mux:lpm_mux_component|mux_94e:auto_generated|l1_w2_n0_mux_dataout~1    ; |laba8_var1|cache_final:inst3|cache_line:inst2|lpm_mux0:inst6|lpm_mux:lpm_mux_component|mux_94e:auto_generated|l1_w2_n0_mux_dataout~1    ; out0             ;
; |laba8_var1|cache_final:inst3|cache_line:inst2|lpm_mux0:inst6|lpm_mux:lpm_mux_component|mux_94e:auto_generated|l1_w2_n0_mux_dataout      ; |laba8_var1|cache_final:inst3|cache_line:inst2|lpm_mux0:inst6|lpm_mux:lpm_mux_component|mux_94e:auto_generated|l1_w2_n0_mux_dataout      ; out0             ;
; |laba8_var1|cache_final:inst3|cache_line:inst2|lpm_mux0:inst6|lpm_mux:lpm_mux_component|mux_94e:auto_generated|l1_w3_n0_mux_dataout~0    ; |laba8_var1|cache_final:inst3|cache_line:inst2|lpm_mux0:inst6|lpm_mux:lpm_mux_component|mux_94e:auto_generated|l1_w3_n0_mux_dataout~0    ; out0             ;
; |laba8_var1|cache_final:inst3|cache_line:inst2|lpm_mux0:inst6|lpm_mux:lpm_mux_component|mux_94e:auto_generated|l1_w3_n0_mux_dataout~1    ; |laba8_var1|cache_final:inst3|cache_line:inst2|lpm_mux0:inst6|lpm_mux:lpm_mux_component|mux_94e:auto_generated|l1_w3_n0_mux_dataout~1    ; out0             ;
; |laba8_var1|cache_final:inst3|cache_line:inst2|lpm_mux0:inst6|lpm_mux:lpm_mux_component|mux_94e:auto_generated|l1_w3_n0_mux_dataout      ; |laba8_var1|cache_final:inst3|cache_line:inst2|lpm_mux0:inst6|lpm_mux:lpm_mux_component|mux_94e:auto_generated|l1_w3_n0_mux_dataout      ; out0             ;
; |laba8_var1|cache_final:inst3|cache_line:inst2|lpm_mux0:inst6|lpm_mux:lpm_mux_component|mux_94e:auto_generated|l1_w4_n0_mux_dataout~0    ; |laba8_var1|cache_final:inst3|cache_line:inst2|lpm_mux0:inst6|lpm_mux:lpm_mux_component|mux_94e:auto_generated|l1_w4_n0_mux_dataout~0    ; out0             ;
; |laba8_var1|cache_final:inst3|cache_line:inst2|lpm_mux0:inst6|lpm_mux:lpm_mux_component|mux_94e:auto_generated|l1_w4_n0_mux_dataout~1    ; |laba8_var1|cache_final:inst3|cache_line:inst2|lpm_mux0:inst6|lpm_mux:lpm_mux_component|mux_94e:auto_generated|l1_w4_n0_mux_dataout~1    ; out0             ;
; |laba8_var1|cache_final:inst3|cache_line:inst2|lpm_mux0:inst6|lpm_mux:lpm_mux_component|mux_94e:auto_generated|l1_w4_n0_mux_dataout      ; |laba8_var1|cache_final:inst3|cache_line:inst2|lpm_mux0:inst6|lpm_mux:lpm_mux_component|mux_94e:auto_generated|l1_w4_n0_mux_dataout      ; out0             ;
; |laba8_var1|cache_final:inst3|cache_line:inst2|lpm_mux0:inst6|lpm_mux:lpm_mux_component|mux_94e:auto_generated|l1_w5_n0_mux_dataout~0    ; |laba8_var1|cache_final:inst3|cache_line:inst2|lpm_mux0:inst6|lpm_mux:lpm_mux_component|mux_94e:auto_generated|l1_w5_n0_mux_dataout~0    ; out0             ;
; |laba8_var1|cache_final:inst3|cache_line:inst2|lpm_mux0:inst6|lpm_mux:lpm_mux_component|mux_94e:auto_generated|l1_w5_n0_mux_dataout~1    ; |laba8_var1|cache_final:inst3|cache_line:inst2|lpm_mux0:inst6|lpm_mux:lpm_mux_component|mux_94e:auto_generated|l1_w5_n0_mux_dataout~1    ; out0             ;
; |laba8_var1|cache_final:inst3|cache_line:inst2|lpm_mux0:inst6|lpm_mux:lpm_mux_component|mux_94e:auto_generated|l1_w5_n0_mux_dataout      ; |laba8_var1|cache_final:inst3|cache_line:inst2|lpm_mux0:inst6|lpm_mux:lpm_mux_component|mux_94e:auto_generated|l1_w5_n0_mux_dataout      ; out0             ;
; |laba8_var1|cache_final:inst3|cache_line:inst2|lpm_mux0:inst6|lpm_mux:lpm_mux_component|mux_94e:auto_generated|l1_w6_n0_mux_dataout~0    ; |laba8_var1|cache_final:inst3|cache_line:inst2|lpm_mux0:inst6|lpm_mux:lpm_mux_component|mux_94e:auto_generated|l1_w6_n0_mux_dataout~0    ; out0             ;
; |laba8_var1|cache_final:inst3|cache_line:inst2|lpm_mux0:inst6|lpm_mux:lpm_mux_component|mux_94e:auto_generated|l1_w6_n0_mux_dataout~1    ; |laba8_var1|cache_final:inst3|cache_line:inst2|lpm_mux0:inst6|lpm_mux:lpm_mux_component|mux_94e:auto_generated|l1_w6_n0_mux_dataout~1    ; out0             ;
; |laba8_var1|cache_final:inst3|cache_line:inst2|lpm_mux0:inst6|lpm_mux:lpm_mux_component|mux_94e:auto_generated|l1_w6_n0_mux_dataout      ; |laba8_var1|cache_final:inst3|cache_line:inst2|lpm_mux0:inst6|lpm_mux:lpm_mux_component|mux_94e:auto_generated|l1_w6_n0_mux_dataout      ; out0             ;
; |laba8_var1|cache_final:inst3|cache_line:inst2|lpm_mux0:inst6|lpm_mux:lpm_mux_component|mux_94e:auto_generated|l1_w7_n0_mux_dataout~0    ; |laba8_var1|cache_final:inst3|cache_line:inst2|lpm_mux0:inst6|lpm_mux:lpm_mux_component|mux_94e:auto_generated|l1_w7_n0_mux_dataout~0    ; out0             ;
; |laba8_var1|cache_final:inst3|cache_line:inst2|lpm_mux0:inst6|lpm_mux:lpm_mux_component|mux_94e:auto_generated|l1_w7_n0_mux_dataout~1    ; |laba8_var1|cache_final:inst3|cache_line:inst2|lpm_mux0:inst6|lpm_mux:lpm_mux_component|mux_94e:auto_generated|l1_w7_n0_mux_dataout~1    ; out0             ;
; |laba8_var1|cache_final:inst3|cache_line:inst2|lpm_mux0:inst6|lpm_mux:lpm_mux_component|mux_94e:auto_generated|l1_w7_n0_mux_dataout      ; |laba8_var1|cache_final:inst3|cache_line:inst2|lpm_mux0:inst6|lpm_mux:lpm_mux_component|mux_94e:auto_generated|l1_w7_n0_mux_dataout      ; out0             ;
; |laba8_var1|cache_final:inst3|cache_line:inst2|lpm_dff0:inst|lpm_ff:lpm_ff_component|dffs[4]                                             ; |laba8_var1|cache_final:inst3|cache_line:inst2|lpm_dff0:inst|lpm_ff:lpm_ff_component|dffs[4]                                             ; regout           ;
; |laba8_var1|cache_final:inst3|cache_line:inst2|lpm_dff0:inst|lpm_ff:lpm_ff_component|dffs[3]                                             ; |laba8_var1|cache_final:inst3|cache_line:inst2|lpm_dff0:inst|lpm_ff:lpm_ff_component|dffs[3]                                             ; regout           ;
; |laba8_var1|cache_final:inst3|cache_line:inst2|lpm_dff0:inst|lpm_ff:lpm_ff_component|dffs[2]                                             ; |laba8_var1|cache_final:inst3|cache_line:inst2|lpm_dff0:inst|lpm_ff:lpm_ff_component|dffs[2]                                             ; regout           ;
; |laba8_var1|cache_final:inst3|cache_line:inst2|lpm_dff0:inst|lpm_ff:lpm_ff_component|dffs[1]                                             ; |laba8_var1|cache_final:inst3|cache_line:inst2|lpm_dff0:inst|lpm_ff:lpm_ff_component|dffs[1]                                             ; regout           ;
; |laba8_var1|cache_final:inst3|cache_line:inst2|lpm_dff0:inst|lpm_ff:lpm_ff_component|dffs[0]                                             ; |laba8_var1|cache_final:inst3|cache_line:inst2|lpm_dff0:inst|lpm_ff:lpm_ff_component|dffs[0]                                             ; regout           ;
; |laba8_var1|cache_final:inst3|cache_line:inst2|lpm_compare0:inst8|lpm_compare:lpm_compare_component|cmpr_cig:auto_generated|data_wire[2] ; |laba8_var1|cache_final:inst3|cache_line:inst2|lpm_compare0:inst8|lpm_compare:lpm_compare_component|cmpr_cig:auto_generated|data_wire[2] ; out0             ;
; |laba8_var1|cache_final:inst3|cache_line:inst2|lpm_dff3:inst1|lpm_ff:lpm_ff_component|dffs[0]                                            ; |laba8_var1|cache_final:inst3|cache_line:inst2|lpm_dff3:inst1|lpm_ff:lpm_ff_component|dffs[0]                                            ; regout           ;
; |laba8_var1|cache_final:inst2|lpm_mux1:inst9|lpm_mux:lpm_mux_component|mux_94e:auto_generated|l1_w3_n0_mux_dataout~0                     ; |laba8_var1|cache_final:inst2|lpm_mux1:inst9|lpm_mux:lpm_mux_component|mux_94e:auto_generated|l1_w3_n0_mux_dataout~0                     ; out0             ;
; |laba8_var1|cache_final:inst2|lpm_mux1:inst9|lpm_mux:lpm_mux_component|mux_94e:auto_generated|l1_w3_n0_mux_dataout~1                     ; |laba8_var1|cache_final:inst2|lpm_mux1:inst9|lpm_mux:lpm_mux_component|mux_94e:auto_generated|l1_w3_n0_mux_dataout~1                     ; out0             ;
; |laba8_var1|cache_final:inst2|lpm_mux1:inst9|lpm_mux:lpm_mux_component|mux_94e:auto_generated|l1_w3_n0_mux_dataout                       ; |laba8_var1|cache_final:inst2|lpm_mux1:inst9|lpm_mux:lpm_mux_component|mux_94e:auto_generated|l1_w3_n0_mux_dataout                       ; out0             ;
; |laba8_var1|cache_final:inst2|lpm_mux1:inst9|lpm_mux:lpm_mux_component|mux_94e:auto_generated|l1_w4_n0_mux_dataout~0                     ; |laba8_var1|cache_final:inst2|lpm_mux1:inst9|lpm_mux:lpm_mux_component|mux_94e:auto_generated|l1_w4_n0_mux_dataout~0                     ; out0             ;
; |laba8_var1|cache_final:inst2|lpm_mux1:inst9|lpm_mux:lpm_mux_component|mux_94e:auto_generated|l1_w5_n0_mux_dataout~0                     ; |laba8_var1|cache_final:inst2|lpm_mux1:inst9|lpm_mux:lpm_mux_component|mux_94e:auto_generated|l1_w5_n0_mux_dataout~0                     ; out0             ;
; |laba8_var1|cache_final:inst2|lpm_mux1:inst9|lpm_mux:lpm_mux_component|mux_94e:auto_generated|l1_w6_n0_mux_dataout~0                     ; |laba8_var1|cache_final:inst2|lpm_mux1:inst9|lpm_mux:lpm_mux_component|mux_94e:auto_generated|l1_w6_n0_mux_dataout~0                     ; out0             ;
; |laba8_var1|cache_final:inst2|lpm_mux1:inst9|lpm_mux:lpm_mux_component|mux_94e:auto_generated|l1_w6_n0_mux_dataout~1                     ; |laba8_var1|cache_final:inst2|lpm_mux1:inst9|lpm_mux:lpm_mux_component|mux_94e:auto_generated|l1_w6_n0_mux_dataout~1                     ; out0             ;
; |laba8_var1|cache_final:inst2|lpm_mux1:inst9|lpm_mux:lpm_mux_component|mux_94e:auto_generated|l1_w6_n0_mux_dataout                       ; |laba8_var1|cache_final:inst2|lpm_mux1:inst9|lpm_mux:lpm_mux_component|mux_94e:auto_generated|l1_w6_n0_mux_dataout                       ; out0             ;
; |laba8_var1|cache_final:inst2|lpm_mux1:inst9|lpm_mux:lpm_mux_component|mux_94e:auto_generated|l1_w7_n0_mux_dataout~0                     ; |laba8_var1|cache_final:inst2|lpm_mux1:inst9|lpm_mux:lpm_mux_component|mux_94e:auto_generated|l1_w7_n0_mux_dataout~0                     ; out0             ;
; |laba8_var1|cache_final:inst2|lpm_mux1:inst9|lpm_mux:lpm_mux_component|mux_94e:auto_generated|l1_w7_n0_mux_dataout~1                     ; |laba8_var1|cache_final:inst2|lpm_mux1:inst9|lpm_mux:lpm_mux_component|mux_94e:auto_generated|l1_w7_n0_mux_dataout~1                     ; out0             ;
; |laba8_var1|cache_final:inst2|lpm_mux1:inst9|lpm_mux:lpm_mux_component|mux_94e:auto_generated|l1_w7_n0_mux_dataout                       ; |laba8_var1|cache_final:inst2|lpm_mux1:inst9|lpm_mux:lpm_mux_component|mux_94e:auto_generated|l1_w7_n0_mux_dataout                       ; out0             ;
; |laba8_var1|cache_final:inst2|cache_line:inst|lpm_dff1:inst2|lpm_ff:lpm_ff_component|dffs[7]                                             ; |laba8_var1|cache_final:inst2|cache_line:inst|lpm_dff1:inst2|lpm_ff:lpm_ff_component|dffs[7]                                             ; regout           ;
; |laba8_var1|cache_final:inst2|cache_line:inst|lpm_dff1:inst2|lpm_ff:lpm_ff_component|dffs[6]                                             ; |laba8_var1|cache_final:inst2|cache_line:inst|lpm_dff1:inst2|lpm_ff:lpm_ff_component|dffs[6]                                             ; regout           ;
; |laba8_var1|cache_final:inst2|cache_line:inst|lpm_dff1:inst2|lpm_ff:lpm_ff_component|dffs[5]                                             ; |laba8_var1|cache_final:inst2|cache_line:inst|lpm_dff1:inst2|lpm_ff:lpm_ff_component|dffs[5]                                             ; regout           ;
; |laba8_var1|cache_final:inst2|cache_line:inst|lpm_dff1:inst2|lpm_ff:lpm_ff_component|dffs[4]                                             ; |laba8_var1|cache_final:inst2|cache_line:inst|lpm_dff1:inst2|lpm_ff:lpm_ff_component|dffs[4]                                             ; regout           ;
; |laba8_var1|cache_final:inst2|cache_line:inst|lpm_dff1:inst2|lpm_ff:lpm_ff_component|dffs[3]                                             ; |laba8_var1|cache_final:inst2|cache_line:inst|lpm_dff1:inst2|lpm_ff:lpm_ff_component|dffs[3]                                             ; regout           ;
; |laba8_var1|cache_final:inst2|cache_line:inst|lpm_dff2:inst3|lpm_ff:lpm_ff_component|dffs[7]                                             ; |laba8_var1|cache_final:inst2|cache_line:inst|lpm_dff2:inst3|lpm_ff:lpm_ff_component|dffs[7]                                             ; regout           ;
; |laba8_var1|cache_final:inst2|cache_line:inst|lpm_dff2:inst3|lpm_ff:lpm_ff_component|dffs[6]                                             ; |laba8_var1|cache_final:inst2|cache_line:inst|lpm_dff2:inst3|lpm_ff:lpm_ff_component|dffs[6]                                             ; regout           ;
; |laba8_var1|cache_final:inst2|cache_line:inst|lpm_dff2:inst3|lpm_ff:lpm_ff_component|dffs[5]                                             ; |laba8_var1|cache_final:inst2|cache_line:inst|lpm_dff2:inst3|lpm_ff:lpm_ff_component|dffs[5]                                             ; regout           ;
; |laba8_var1|cache_final:inst2|cache_line:inst|lpm_dff2:inst3|lpm_ff:lpm_ff_component|dffs[4]                                             ; |laba8_var1|cache_final:inst2|cache_line:inst|lpm_dff2:inst3|lpm_ff:lpm_ff_component|dffs[4]                                             ; regout           ;
; |laba8_var1|cache_final:inst2|cache_line:inst|lpm_dff2:inst3|lpm_ff:lpm_ff_component|dffs[3]                                             ; |laba8_var1|cache_final:inst2|cache_line:inst|lpm_dff2:inst3|lpm_ff:lpm_ff_component|dffs[3]                                             ; regout           ;
; |laba8_var1|cache_final:inst2|cache_line:inst|lpm_dff2:inst3|lpm_ff:lpm_ff_component|dffs[0]                                             ; |laba8_var1|cache_final:inst2|cache_line:inst|lpm_dff2:inst3|lpm_ff:lpm_ff_component|dffs[0]                                             ; regout           ;
; |laba8_var1|cache_final:inst2|cache_line:inst|lpm_mux0:inst6|lpm_mux:lpm_mux_component|mux_94e:auto_generated|l1_w0_n0_mux_dataout~1     ; |laba8_var1|cache_final:inst2|cache_line:inst|lpm_mux0:inst6|lpm_mux:lpm_mux_component|mux_94e:auto_generated|l1_w0_n0_mux_dataout~1     ; out0             ;
; |laba8_var1|cache_final:inst2|cache_line:inst|lpm_mux0:inst6|lpm_mux:lpm_mux_component|mux_94e:auto_generated|l1_w3_n0_mux_dataout~0     ; |laba8_var1|cache_final:inst2|cache_line:inst|lpm_mux0:inst6|lpm_mux:lpm_mux_component|mux_94e:auto_generated|l1_w3_n0_mux_dataout~0     ; out0             ;
; |laba8_var1|cache_final:inst2|cache_line:inst|lpm_mux0:inst6|lpm_mux:lpm_mux_component|mux_94e:auto_generated|l1_w3_n0_mux_dataout~1     ; |laba8_var1|cache_final:inst2|cache_line:inst|lpm_mux0:inst6|lpm_mux:lpm_mux_component|mux_94e:auto_generated|l1_w3_n0_mux_dataout~1     ; out0             ;
; |laba8_var1|cache_final:inst2|cache_line:inst|lpm_mux0:inst6|lpm_mux:lpm_mux_component|mux_94e:auto_generated|l1_w3_n0_mux_dataout       ; |laba8_var1|cache_final:inst2|cache_line:inst|lpm_mux0:inst6|lpm_mux:lpm_mux_component|mux_94e:auto_generated|l1_w3_n0_mux_dataout       ; out0             ;
; |laba8_var1|cache_final:inst2|cache_line:inst|lpm_mux0:inst6|lpm_mux:lpm_mux_component|mux_94e:auto_generated|l1_w4_n0_mux_dataout~0     ; |laba8_var1|cache_final:inst2|cache_line:inst|lpm_mux0:inst6|lpm_mux:lpm_mux_component|mux_94e:auto_generated|l1_w4_n0_mux_dataout~0     ; out0             ;
; |laba8_var1|cache_final:inst2|cache_line:inst|lpm_mux0:inst6|lpm_mux:lpm_mux_component|mux_94e:auto_generated|l1_w4_n0_mux_dataout~1     ; |laba8_var1|cache_final:inst2|cache_line:inst|lpm_mux0:inst6|lpm_mux:lpm_mux_component|mux_94e:auto_generated|l1_w4_n0_mux_dataout~1     ; out0             ;
; |laba8_var1|cache_final:inst2|cache_line:inst|lpm_mux0:inst6|lpm_mux:lpm_mux_component|mux_94e:auto_generated|l1_w4_n0_mux_dataout       ; |laba8_var1|cache_final:inst2|cache_line:inst|lpm_mux0:inst6|lpm_mux:lpm_mux_component|mux_94e:auto_generated|l1_w4_n0_mux_dataout       ; out0             ;
; |laba8_var1|cache_final:inst2|cache_line:inst|lpm_mux0:inst6|lpm_mux:lpm_mux_component|mux_94e:auto_generated|l1_w5_n0_mux_dataout~0     ; |laba8_var1|cache_final:inst2|cache_line:inst|lpm_mux0:inst6|lpm_mux:lpm_mux_component|mux_94e:auto_generated|l1_w5_n0_mux_dataout~0     ; out0             ;
; |laba8_var1|cache_final:inst2|cache_line:inst|lpm_mux0:inst6|lpm_mux:lpm_mux_component|mux_94e:auto_generated|l1_w5_n0_mux_dataout~1     ; |laba8_var1|cache_final:inst2|cache_line:inst|lpm_mux0:inst6|lpm_mux:lpm_mux_component|mux_94e:auto_generated|l1_w5_n0_mux_dataout~1     ; out0             ;
; |laba8_var1|cache_final:inst2|cache_line:inst|lpm_mux0:inst6|lpm_mux:lpm_mux_component|mux_94e:auto_generated|l1_w5_n0_mux_dataout       ; |laba8_var1|cache_final:inst2|cache_line:inst|lpm_mux0:inst6|lpm_mux:lpm_mux_component|mux_94e:auto_generated|l1_w5_n0_mux_dataout       ; out0             ;
; |laba8_var1|cache_final:inst2|cache_line:inst|lpm_mux0:inst6|lpm_mux:lpm_mux_component|mux_94e:auto_generated|l1_w6_n0_mux_dataout~0     ; |laba8_var1|cache_final:inst2|cache_line:inst|lpm_mux0:inst6|lpm_mux:lpm_mux_component|mux_94e:auto_generated|l1_w6_n0_mux_dataout~0     ; out0             ;
; |laba8_var1|cache_final:inst2|cache_line:inst|lpm_mux0:inst6|lpm_mux:lpm_mux_component|mux_94e:auto_generated|l1_w6_n0_mux_dataout~1     ; |laba8_var1|cache_final:inst2|cache_line:inst|lpm_mux0:inst6|lpm_mux:lpm_mux_component|mux_94e:auto_generated|l1_w6_n0_mux_dataout~1     ; out0             ;
; |laba8_var1|cache_final:inst2|cache_line:inst|lpm_mux0:inst6|lpm_mux:lpm_mux_component|mux_94e:auto_generated|l1_w6_n0_mux_dataout       ; |laba8_var1|cache_final:inst2|cache_line:inst|lpm_mux0:inst6|lpm_mux:lpm_mux_component|mux_94e:auto_generated|l1_w6_n0_mux_dataout       ; out0             ;
; |laba8_var1|cache_final:inst2|cache_line:inst|lpm_mux0:inst6|lpm_mux:lpm_mux_component|mux_94e:auto_generated|l1_w7_n0_mux_dataout~0     ; |laba8_var1|cache_final:inst2|cache_line:inst|lpm_mux0:inst6|lpm_mux:lpm_mux_component|mux_94e:auto_generated|l1_w7_n0_mux_dataout~0     ; out0             ;
; |laba8_var1|cache_final:inst2|cache_line:inst|lpm_mux0:inst6|lpm_mux:lpm_mux_component|mux_94e:auto_generated|l1_w7_n0_mux_dataout~1     ; |laba8_var1|cache_final:inst2|cache_line:inst|lpm_mux0:inst6|lpm_mux:lpm_mux_component|mux_94e:auto_generated|l1_w7_n0_mux_dataout~1     ; out0             ;
; |laba8_var1|cache_final:inst2|cache_line:inst|lpm_mux0:inst6|lpm_mux:lpm_mux_component|mux_94e:auto_generated|l1_w7_n0_mux_dataout       ; |laba8_var1|cache_final:inst2|cache_line:inst|lpm_mux0:inst6|lpm_mux:lpm_mux_component|mux_94e:auto_generated|l1_w7_n0_mux_dataout       ; out0             ;
; |laba8_var1|cache_final:inst2|cache_line:inst|lpm_dff0:inst|lpm_ff:lpm_ff_component|dffs[4]                                              ; |laba8_var1|cache_final:inst2|cache_line:inst|lpm_dff0:inst|lpm_ff:lpm_ff_component|dffs[4]                                              ; regout           ;
; |laba8_var1|cache_final:inst2|cache_line:inst|lpm_dff0:inst|lpm_ff:lpm_ff_component|dffs[2]                                              ; |laba8_var1|cache_final:inst2|cache_line:inst|lpm_dff0:inst|lpm_ff:lpm_ff_component|dffs[2]                                              ; regout           ;
; |laba8_var1|cache_final:inst2|cache_line:inst|lpm_dff0:inst|lpm_ff:lpm_ff_component|dffs[1]                                              ; |laba8_var1|cache_final:inst2|cache_line:inst|lpm_dff0:inst|lpm_ff:lpm_ff_component|dffs[1]                                              ; regout           ;
; |laba8_var1|cache_final:inst2|cache_line:inst|lpm_compare0:inst8|lpm_compare:lpm_compare_component|cmpr_cig:auto_generated|data_wire[2]  ; |laba8_var1|cache_final:inst2|cache_line:inst|lpm_compare0:inst8|lpm_compare:lpm_compare_component|cmpr_cig:auto_generated|data_wire[2]  ; out0             ;
; |laba8_var1|cache_final:inst2|cache_line:inst2|lpm_dff1:inst2|lpm_ff:lpm_ff_component|dffs[7]                                            ; |laba8_var1|cache_final:inst2|cache_line:inst2|lpm_dff1:inst2|lpm_ff:lpm_ff_component|dffs[7]                                            ; regout           ;
; |laba8_var1|cache_final:inst2|cache_line:inst2|lpm_dff1:inst2|lpm_ff:lpm_ff_component|dffs[6]                                            ; |laba8_var1|cache_final:inst2|cache_line:inst2|lpm_dff1:inst2|lpm_ff:lpm_ff_component|dffs[6]                                            ; regout           ;
; |laba8_var1|cache_final:inst2|cache_line:inst2|lpm_dff1:inst2|lpm_ff:lpm_ff_component|dffs[3]                                            ; |laba8_var1|cache_final:inst2|cache_line:inst2|lpm_dff1:inst2|lpm_ff:lpm_ff_component|dffs[3]                                            ; regout           ;
; |laba8_var1|cache_final:inst2|cache_line:inst2|lpm_dff2:inst3|lpm_ff:lpm_ff_component|dffs[7]                                            ; |laba8_var1|cache_final:inst2|cache_line:inst2|lpm_dff2:inst3|lpm_ff:lpm_ff_component|dffs[7]                                            ; regout           ;
; |laba8_var1|cache_final:inst2|cache_line:inst2|lpm_dff2:inst3|lpm_ff:lpm_ff_component|dffs[6]                                            ; |laba8_var1|cache_final:inst2|cache_line:inst2|lpm_dff2:inst3|lpm_ff:lpm_ff_component|dffs[6]                                            ; regout           ;
; |laba8_var1|cache_final:inst2|cache_line:inst2|lpm_dff2:inst3|lpm_ff:lpm_ff_component|dffs[5]                                            ; |laba8_var1|cache_final:inst2|cache_line:inst2|lpm_dff2:inst3|lpm_ff:lpm_ff_component|dffs[5]                                            ; regout           ;
; |laba8_var1|cache_final:inst2|cache_line:inst2|lpm_dff2:inst3|lpm_ff:lpm_ff_component|dffs[3]                                            ; |laba8_var1|cache_final:inst2|cache_line:inst2|lpm_dff2:inst3|lpm_ff:lpm_ff_component|dffs[3]                                            ; regout           ;
; |laba8_var1|cache_final:inst2|cache_line:inst2|lpm_dff2:inst3|lpm_ff:lpm_ff_component|dffs[0]                                            ; |laba8_var1|cache_final:inst2|cache_line:inst2|lpm_dff2:inst3|lpm_ff:lpm_ff_component|dffs[0]                                            ; regout           ;
; |laba8_var1|cache_final:inst2|cache_line:inst2|lpm_mux0:inst6|lpm_mux:lpm_mux_component|mux_94e:auto_generated|l1_w0_n0_mux_dataout~1    ; |laba8_var1|cache_final:inst2|cache_line:inst2|lpm_mux0:inst6|lpm_mux:lpm_mux_component|mux_94e:auto_generated|l1_w0_n0_mux_dataout~1    ; out0             ;
; |laba8_var1|cache_final:inst2|cache_line:inst2|lpm_mux0:inst6|lpm_mux:lpm_mux_component|mux_94e:auto_generated|l1_w3_n0_mux_dataout~0    ; |laba8_var1|cache_final:inst2|cache_line:inst2|lpm_mux0:inst6|lpm_mux:lpm_mux_component|mux_94e:auto_generated|l1_w3_n0_mux_dataout~0    ; out0             ;
; |laba8_var1|cache_final:inst2|cache_line:inst2|lpm_mux0:inst6|lpm_mux:lpm_mux_component|mux_94e:auto_generated|l1_w3_n0_mux_dataout~1    ; |laba8_var1|cache_final:inst2|cache_line:inst2|lpm_mux0:inst6|lpm_mux:lpm_mux_component|mux_94e:auto_generated|l1_w3_n0_mux_dataout~1    ; out0             ;
; |laba8_var1|cache_final:inst2|cache_line:inst2|lpm_mux0:inst6|lpm_mux:lpm_mux_component|mux_94e:auto_generated|l1_w3_n0_mux_dataout      ; |laba8_var1|cache_final:inst2|cache_line:inst2|lpm_mux0:inst6|lpm_mux:lpm_mux_component|mux_94e:auto_generated|l1_w3_n0_mux_dataout      ; out0             ;
; |laba8_var1|cache_final:inst2|cache_line:inst2|lpm_mux0:inst6|lpm_mux:lpm_mux_component|mux_94e:auto_generated|l1_w5_n0_mux_dataout~1    ; |laba8_var1|cache_final:inst2|cache_line:inst2|lpm_mux0:inst6|lpm_mux:lpm_mux_component|mux_94e:auto_generated|l1_w5_n0_mux_dataout~1    ; out0             ;
; |laba8_var1|cache_final:inst2|cache_line:inst2|lpm_mux0:inst6|lpm_mux:lpm_mux_component|mux_94e:auto_generated|l1_w6_n0_mux_dataout~0    ; |laba8_var1|cache_final:inst2|cache_line:inst2|lpm_mux0:inst6|lpm_mux:lpm_mux_component|mux_94e:auto_generated|l1_w6_n0_mux_dataout~0    ; out0             ;
; |laba8_var1|cache_final:inst2|cache_line:inst2|lpm_mux0:inst6|lpm_mux:lpm_mux_component|mux_94e:auto_generated|l1_w6_n0_mux_dataout~1    ; |laba8_var1|cache_final:inst2|cache_line:inst2|lpm_mux0:inst6|lpm_mux:lpm_mux_component|mux_94e:auto_generated|l1_w6_n0_mux_dataout~1    ; out0             ;
; |laba8_var1|cache_final:inst2|cache_line:inst2|lpm_mux0:inst6|lpm_mux:lpm_mux_component|mux_94e:auto_generated|l1_w6_n0_mux_dataout      ; |laba8_var1|cache_final:inst2|cache_line:inst2|lpm_mux0:inst6|lpm_mux:lpm_mux_component|mux_94e:auto_generated|l1_w6_n0_mux_dataout      ; out0             ;
; |laba8_var1|cache_final:inst2|cache_line:inst2|lpm_mux0:inst6|lpm_mux:lpm_mux_component|mux_94e:auto_generated|l1_w7_n0_mux_dataout~0    ; |laba8_var1|cache_final:inst2|cache_line:inst2|lpm_mux0:inst6|lpm_mux:lpm_mux_component|mux_94e:auto_generated|l1_w7_n0_mux_dataout~0    ; out0             ;
; |laba8_var1|cache_final:inst2|cache_line:inst2|lpm_mux0:inst6|lpm_mux:lpm_mux_component|mux_94e:auto_generated|l1_w7_n0_mux_dataout~1    ; |laba8_var1|cache_final:inst2|cache_line:inst2|lpm_mux0:inst6|lpm_mux:lpm_mux_component|mux_94e:auto_generated|l1_w7_n0_mux_dataout~1    ; out0             ;
; |laba8_var1|cache_final:inst2|cache_line:inst2|lpm_mux0:inst6|lpm_mux:lpm_mux_component|mux_94e:auto_generated|l1_w7_n0_mux_dataout      ; |laba8_var1|cache_final:inst2|cache_line:inst2|lpm_mux0:inst6|lpm_mux:lpm_mux_component|mux_94e:auto_generated|l1_w7_n0_mux_dataout      ; out0             ;
; |laba8_var1|cache_final:inst2|cache_line:inst2|lpm_dff0:inst|lpm_ff:lpm_ff_component|dffs[4]                                             ; |laba8_var1|cache_final:inst2|cache_line:inst2|lpm_dff0:inst|lpm_ff:lpm_ff_component|dffs[4]                                             ; regout           ;
; |laba8_var1|cache_final:inst2|cache_line:inst2|lpm_dff0:inst|lpm_ff:lpm_ff_component|dffs[3]                                             ; |laba8_var1|cache_final:inst2|cache_line:inst2|lpm_dff0:inst|lpm_ff:lpm_ff_component|dffs[3]                                             ; regout           ;
; |laba8_var1|cache_final:inst2|cache_line:inst2|lpm_dff0:inst|lpm_ff:lpm_ff_component|dffs[2]                                             ; |laba8_var1|cache_final:inst2|cache_line:inst2|lpm_dff0:inst|lpm_ff:lpm_ff_component|dffs[2]                                             ; regout           ;
; |laba8_var1|cache_final:inst2|cache_line:inst2|lpm_dff0:inst|lpm_ff:lpm_ff_component|dffs[1]                                             ; |laba8_var1|cache_final:inst2|cache_line:inst2|lpm_dff0:inst|lpm_ff:lpm_ff_component|dffs[1]                                             ; regout           ;
; |laba8_var1|cache_final:inst2|cache_line:inst2|lpm_compare0:inst8|lpm_compare:lpm_compare_component|cmpr_cig:auto_generated|data_wire[2] ; |laba8_var1|cache_final:inst2|cache_line:inst2|lpm_compare0:inst8|lpm_compare:lpm_compare_component|cmpr_cig:auto_generated|data_wire[2] ; out0             ;
; |laba8_var1|cache_final:inst|lpm_mux1:inst9|lpm_mux:lpm_mux_component|mux_94e:auto_generated|l1_w0_n0_mux_dataout~1                      ; |laba8_var1|cache_final:inst|lpm_mux1:inst9|lpm_mux:lpm_mux_component|mux_94e:auto_generated|l1_w0_n0_mux_dataout~1                      ; out0             ;
; |laba8_var1|cache_final:inst|lpm_mux1:inst9|lpm_mux:lpm_mux_component|mux_94e:auto_generated|l1_w1_n0_mux_dataout~1                      ; |laba8_var1|cache_final:inst|lpm_mux1:inst9|lpm_mux:lpm_mux_component|mux_94e:auto_generated|l1_w1_n0_mux_dataout~1                      ; out0             ;
; |laba8_var1|cache_final:inst|lpm_mux1:inst9|lpm_mux:lpm_mux_component|mux_94e:auto_generated|l1_w2_n0_mux_dataout~0                      ; |laba8_var1|cache_final:inst|lpm_mux1:inst9|lpm_mux:lpm_mux_component|mux_94e:auto_generated|l1_w2_n0_mux_dataout~0                      ; out0             ;
; |laba8_var1|cache_final:inst|lpm_mux1:inst9|lpm_mux:lpm_mux_component|mux_94e:auto_generated|l1_w2_n0_mux_dataout~1                      ; |laba8_var1|cache_final:inst|lpm_mux1:inst9|lpm_mux:lpm_mux_component|mux_94e:auto_generated|l1_w2_n0_mux_dataout~1                      ; out0             ;
; |laba8_var1|cache_final:inst|lpm_mux1:inst9|lpm_mux:lpm_mux_component|mux_94e:auto_generated|l1_w2_n0_mux_dataout                        ; |laba8_var1|cache_final:inst|lpm_mux1:inst9|lpm_mux:lpm_mux_component|mux_94e:auto_generated|l1_w2_n0_mux_dataout                        ; out0             ;
; |laba8_var1|cache_final:inst|lpm_mux1:inst9|lpm_mux:lpm_mux_component|mux_94e:auto_generated|l1_w3_n0_mux_dataout~0                      ; |laba8_var1|cache_final:inst|lpm_mux1:inst9|lpm_mux:lpm_mux_component|mux_94e:auto_generated|l1_w3_n0_mux_dataout~0                      ; out0             ;
; |laba8_var1|cache_final:inst|lpm_mux1:inst9|lpm_mux:lpm_mux_component|mux_94e:auto_generated|l1_w3_n0_mux_dataout~1                      ; |laba8_var1|cache_final:inst|lpm_mux1:inst9|lpm_mux:lpm_mux_component|mux_94e:auto_generated|l1_w3_n0_mux_dataout~1                      ; out0             ;
; |laba8_var1|cache_final:inst|lpm_mux1:inst9|lpm_mux:lpm_mux_component|mux_94e:auto_generated|l1_w3_n0_mux_dataout                        ; |laba8_var1|cache_final:inst|lpm_mux1:inst9|lpm_mux:lpm_mux_component|mux_94e:auto_generated|l1_w3_n0_mux_dataout                        ; out0             ;
; |laba8_var1|cache_final:inst|lpm_mux1:inst9|lpm_mux:lpm_mux_component|mux_94e:auto_generated|l1_w4_n0_mux_dataout~0                      ; |laba8_var1|cache_final:inst|lpm_mux1:inst9|lpm_mux:lpm_mux_component|mux_94e:auto_generated|l1_w4_n0_mux_dataout~0                      ; out0             ;
; |laba8_var1|cache_final:inst|lpm_mux1:inst9|lpm_mux:lpm_mux_component|mux_94e:auto_generated|l1_w4_n0_mux_dataout~1                      ; |laba8_var1|cache_final:inst|lpm_mux1:inst9|lpm_mux:lpm_mux_component|mux_94e:auto_generated|l1_w4_n0_mux_dataout~1                      ; out0             ;
; |laba8_var1|cache_final:inst|lpm_mux1:inst9|lpm_mux:lpm_mux_component|mux_94e:auto_generated|l1_w4_n0_mux_dataout                        ; |laba8_var1|cache_final:inst|lpm_mux1:inst9|lpm_mux:lpm_mux_component|mux_94e:auto_generated|l1_w4_n0_mux_dataout                        ; out0             ;
; |laba8_var1|cache_final:inst|lpm_mux1:inst9|lpm_mux:lpm_mux_component|mux_94e:auto_generated|l1_w5_n0_mux_dataout~0                      ; |laba8_var1|cache_final:inst|lpm_mux1:inst9|lpm_mux:lpm_mux_component|mux_94e:auto_generated|l1_w5_n0_mux_dataout~0                      ; out0             ;
; |laba8_var1|cache_final:inst|lpm_mux1:inst9|lpm_mux:lpm_mux_component|mux_94e:auto_generated|l1_w5_n0_mux_dataout~1                      ; |laba8_var1|cache_final:inst|lpm_mux1:inst9|lpm_mux:lpm_mux_component|mux_94e:auto_generated|l1_w5_n0_mux_dataout~1                      ; out0             ;
; |laba8_var1|cache_final:inst|lpm_mux1:inst9|lpm_mux:lpm_mux_component|mux_94e:auto_generated|l1_w5_n0_mux_dataout                        ; |laba8_var1|cache_final:inst|lpm_mux1:inst9|lpm_mux:lpm_mux_component|mux_94e:auto_generated|l1_w5_n0_mux_dataout                        ; out0             ;
; |laba8_var1|cache_final:inst|lpm_mux1:inst9|lpm_mux:lpm_mux_component|mux_94e:auto_generated|l1_w6_n0_mux_dataout~0                      ; |laba8_var1|cache_final:inst|lpm_mux1:inst9|lpm_mux:lpm_mux_component|mux_94e:auto_generated|l1_w6_n0_mux_dataout~0                      ; out0             ;
; |laba8_var1|cache_final:inst|lpm_mux1:inst9|lpm_mux:lpm_mux_component|mux_94e:auto_generated|l1_w6_n0_mux_dataout~1                      ; |laba8_var1|cache_final:inst|lpm_mux1:inst9|lpm_mux:lpm_mux_component|mux_94e:auto_generated|l1_w6_n0_mux_dataout~1                      ; out0             ;
; |laba8_var1|cache_final:inst|lpm_mux1:inst9|lpm_mux:lpm_mux_component|mux_94e:auto_generated|l1_w6_n0_mux_dataout                        ; |laba8_var1|cache_final:inst|lpm_mux1:inst9|lpm_mux:lpm_mux_component|mux_94e:auto_generated|l1_w6_n0_mux_dataout                        ; out0             ;
; |laba8_var1|cache_final:inst|lpm_mux1:inst9|lpm_mux:lpm_mux_component|mux_94e:auto_generated|l1_w7_n0_mux_dataout~0                      ; |laba8_var1|cache_final:inst|lpm_mux1:inst9|lpm_mux:lpm_mux_component|mux_94e:auto_generated|l1_w7_n0_mux_dataout~0                      ; out0             ;
; |laba8_var1|cache_final:inst|lpm_mux1:inst9|lpm_mux:lpm_mux_component|mux_94e:auto_generated|l1_w7_n0_mux_dataout~1                      ; |laba8_var1|cache_final:inst|lpm_mux1:inst9|lpm_mux:lpm_mux_component|mux_94e:auto_generated|l1_w7_n0_mux_dataout~1                      ; out0             ;
; |laba8_var1|cache_final:inst|lpm_mux1:inst9|lpm_mux:lpm_mux_component|mux_94e:auto_generated|l1_w7_n0_mux_dataout                        ; |laba8_var1|cache_final:inst|lpm_mux1:inst9|lpm_mux:lpm_mux_component|mux_94e:auto_generated|l1_w7_n0_mux_dataout                        ; out0             ;
; |laba8_var1|cache_final:inst|cache_line:inst|lpm_dff1:inst2|lpm_ff:lpm_ff_component|dffs[7]                                              ; |laba8_var1|cache_final:inst|cache_line:inst|lpm_dff1:inst2|lpm_ff:lpm_ff_component|dffs[7]                                              ; regout           ;
; |laba8_var1|cache_final:inst|cache_line:inst|lpm_dff1:inst2|lpm_ff:lpm_ff_component|dffs[6]                                              ; |laba8_var1|cache_final:inst|cache_line:inst|lpm_dff1:inst2|lpm_ff:lpm_ff_component|dffs[6]                                              ; regout           ;
; |laba8_var1|cache_final:inst|cache_line:inst|lpm_dff1:inst2|lpm_ff:lpm_ff_component|dffs[5]                                              ; |laba8_var1|cache_final:inst|cache_line:inst|lpm_dff1:inst2|lpm_ff:lpm_ff_component|dffs[5]                                              ; regout           ;
; |laba8_var1|cache_final:inst|cache_line:inst|lpm_dff1:inst2|lpm_ff:lpm_ff_component|dffs[4]                                              ; |laba8_var1|cache_final:inst|cache_line:inst|lpm_dff1:inst2|lpm_ff:lpm_ff_component|dffs[4]                                              ; regout           ;
; |laba8_var1|cache_final:inst|cache_line:inst|lpm_dff1:inst2|lpm_ff:lpm_ff_component|dffs[3]                                              ; |laba8_var1|cache_final:inst|cache_line:inst|lpm_dff1:inst2|lpm_ff:lpm_ff_component|dffs[3]                                              ; regout           ;
; |laba8_var1|cache_final:inst|cache_line:inst|lpm_dff1:inst2|lpm_ff:lpm_ff_component|dffs[2]                                              ; |laba8_var1|cache_final:inst|cache_line:inst|lpm_dff1:inst2|lpm_ff:lpm_ff_component|dffs[2]                                              ; regout           ;
; |laba8_var1|cache_final:inst|cache_line:inst|lpm_dff1:inst2|lpm_ff:lpm_ff_component|dffs[0]                                              ; |laba8_var1|cache_final:inst|cache_line:inst|lpm_dff1:inst2|lpm_ff:lpm_ff_component|dffs[0]                                              ; regout           ;
; |laba8_var1|cache_final:inst|cache_line:inst|lpm_dff2:inst3|lpm_ff:lpm_ff_component|dffs[7]                                              ; |laba8_var1|cache_final:inst|cache_line:inst|lpm_dff2:inst3|lpm_ff:lpm_ff_component|dffs[7]                                              ; regout           ;
; |laba8_var1|cache_final:inst|cache_line:inst|lpm_dff2:inst3|lpm_ff:lpm_ff_component|dffs[6]                                              ; |laba8_var1|cache_final:inst|cache_line:inst|lpm_dff2:inst3|lpm_ff:lpm_ff_component|dffs[6]                                              ; regout           ;
; |laba8_var1|cache_final:inst|cache_line:inst|lpm_dff2:inst3|lpm_ff:lpm_ff_component|dffs[5]                                              ; |laba8_var1|cache_final:inst|cache_line:inst|lpm_dff2:inst3|lpm_ff:lpm_ff_component|dffs[5]                                              ; regout           ;
; |laba8_var1|cache_final:inst|cache_line:inst|lpm_dff2:inst3|lpm_ff:lpm_ff_component|dffs[4]                                              ; |laba8_var1|cache_final:inst|cache_line:inst|lpm_dff2:inst3|lpm_ff:lpm_ff_component|dffs[4]                                              ; regout           ;
; |laba8_var1|cache_final:inst|cache_line:inst|lpm_dff2:inst3|lpm_ff:lpm_ff_component|dffs[3]                                              ; |laba8_var1|cache_final:inst|cache_line:inst|lpm_dff2:inst3|lpm_ff:lpm_ff_component|dffs[3]                                              ; regout           ;
; |laba8_var1|cache_final:inst|cache_line:inst|lpm_dff2:inst3|lpm_ff:lpm_ff_component|dffs[2]                                              ; |laba8_var1|cache_final:inst|cache_line:inst|lpm_dff2:inst3|lpm_ff:lpm_ff_component|dffs[2]                                              ; regout           ;
; |laba8_var1|cache_final:inst|cache_line:inst|lpm_dff2:inst3|lpm_ff:lpm_ff_component|dffs[1]                                              ; |laba8_var1|cache_final:inst|cache_line:inst|lpm_dff2:inst3|lpm_ff:lpm_ff_component|dffs[1]                                              ; regout           ;
; |laba8_var1|cache_final:inst|cache_line:inst|lpm_mux0:inst6|lpm_mux:lpm_mux_component|mux_94e:auto_generated|l1_w0_n0_mux_dataout~0      ; |laba8_var1|cache_final:inst|cache_line:inst|lpm_mux0:inst6|lpm_mux:lpm_mux_component|mux_94e:auto_generated|l1_w0_n0_mux_dataout~0      ; out0             ;
; |laba8_var1|cache_final:inst|cache_line:inst|lpm_mux0:inst6|lpm_mux:lpm_mux_component|mux_94e:auto_generated|l1_w1_n0_mux_dataout~1      ; |laba8_var1|cache_final:inst|cache_line:inst|lpm_mux0:inst6|lpm_mux:lpm_mux_component|mux_94e:auto_generated|l1_w1_n0_mux_dataout~1      ; out0             ;
; |laba8_var1|cache_final:inst|cache_line:inst|lpm_mux0:inst6|lpm_mux:lpm_mux_component|mux_94e:auto_generated|l1_w2_n0_mux_dataout~0      ; |laba8_var1|cache_final:inst|cache_line:inst|lpm_mux0:inst6|lpm_mux:lpm_mux_component|mux_94e:auto_generated|l1_w2_n0_mux_dataout~0      ; out0             ;
; |laba8_var1|cache_final:inst|cache_line:inst|lpm_mux0:inst6|lpm_mux:lpm_mux_component|mux_94e:auto_generated|l1_w2_n0_mux_dataout~1      ; |laba8_var1|cache_final:inst|cache_line:inst|lpm_mux0:inst6|lpm_mux:lpm_mux_component|mux_94e:auto_generated|l1_w2_n0_mux_dataout~1      ; out0             ;
; |laba8_var1|cache_final:inst|cache_line:inst|lpm_mux0:inst6|lpm_mux:lpm_mux_component|mux_94e:auto_generated|l1_w2_n0_mux_dataout        ; |laba8_var1|cache_final:inst|cache_line:inst|lpm_mux0:inst6|lpm_mux:lpm_mux_component|mux_94e:auto_generated|l1_w2_n0_mux_dataout        ; out0             ;
; |laba8_var1|cache_final:inst|cache_line:inst|lpm_mux0:inst6|lpm_mux:lpm_mux_component|mux_94e:auto_generated|l1_w3_n0_mux_dataout~0      ; |laba8_var1|cache_final:inst|cache_line:inst|lpm_mux0:inst6|lpm_mux:lpm_mux_component|mux_94e:auto_generated|l1_w3_n0_mux_dataout~0      ; out0             ;
; |laba8_var1|cache_final:inst|cache_line:inst|lpm_mux0:inst6|lpm_mux:lpm_mux_component|mux_94e:auto_generated|l1_w3_n0_mux_dataout~1      ; |laba8_var1|cache_final:inst|cache_line:inst|lpm_mux0:inst6|lpm_mux:lpm_mux_component|mux_94e:auto_generated|l1_w3_n0_mux_dataout~1      ; out0             ;
; |laba8_var1|cache_final:inst|cache_line:inst|lpm_mux0:inst6|lpm_mux:lpm_mux_component|mux_94e:auto_generated|l1_w3_n0_mux_dataout        ; |laba8_var1|cache_final:inst|cache_line:inst|lpm_mux0:inst6|lpm_mux:lpm_mux_component|mux_94e:auto_generated|l1_w3_n0_mux_dataout        ; out0             ;
; |laba8_var1|cache_final:inst|cache_line:inst|lpm_mux0:inst6|lpm_mux:lpm_mux_component|mux_94e:auto_generated|l1_w4_n0_mux_dataout~0      ; |laba8_var1|cache_final:inst|cache_line:inst|lpm_mux0:inst6|lpm_mux:lpm_mux_component|mux_94e:auto_generated|l1_w4_n0_mux_dataout~0      ; out0             ;
; |laba8_var1|cache_final:inst|cache_line:inst|lpm_mux0:inst6|lpm_mux:lpm_mux_component|mux_94e:auto_generated|l1_w4_n0_mux_dataout~1      ; |laba8_var1|cache_final:inst|cache_line:inst|lpm_mux0:inst6|lpm_mux:lpm_mux_component|mux_94e:auto_generated|l1_w4_n0_mux_dataout~1      ; out0             ;
; |laba8_var1|cache_final:inst|cache_line:inst|lpm_mux0:inst6|lpm_mux:lpm_mux_component|mux_94e:auto_generated|l1_w4_n0_mux_dataout        ; |laba8_var1|cache_final:inst|cache_line:inst|lpm_mux0:inst6|lpm_mux:lpm_mux_component|mux_94e:auto_generated|l1_w4_n0_mux_dataout        ; out0             ;
; |laba8_var1|cache_final:inst|cache_line:inst|lpm_mux0:inst6|lpm_mux:lpm_mux_component|mux_94e:auto_generated|l1_w5_n0_mux_dataout~0      ; |laba8_var1|cache_final:inst|cache_line:inst|lpm_mux0:inst6|lpm_mux:lpm_mux_component|mux_94e:auto_generated|l1_w5_n0_mux_dataout~0      ; out0             ;
; |laba8_var1|cache_final:inst|cache_line:inst|lpm_mux0:inst6|lpm_mux:lpm_mux_component|mux_94e:auto_generated|l1_w5_n0_mux_dataout~1      ; |laba8_var1|cache_final:inst|cache_line:inst|lpm_mux0:inst6|lpm_mux:lpm_mux_component|mux_94e:auto_generated|l1_w5_n0_mux_dataout~1      ; out0             ;
; |laba8_var1|cache_final:inst|cache_line:inst|lpm_mux0:inst6|lpm_mux:lpm_mux_component|mux_94e:auto_generated|l1_w5_n0_mux_dataout        ; |laba8_var1|cache_final:inst|cache_line:inst|lpm_mux0:inst6|lpm_mux:lpm_mux_component|mux_94e:auto_generated|l1_w5_n0_mux_dataout        ; out0             ;
; |laba8_var1|cache_final:inst|cache_line:inst|lpm_mux0:inst6|lpm_mux:lpm_mux_component|mux_94e:auto_generated|l1_w6_n0_mux_dataout~0      ; |laba8_var1|cache_final:inst|cache_line:inst|lpm_mux0:inst6|lpm_mux:lpm_mux_component|mux_94e:auto_generated|l1_w6_n0_mux_dataout~0      ; out0             ;
; |laba8_var1|cache_final:inst|cache_line:inst|lpm_mux0:inst6|lpm_mux:lpm_mux_component|mux_94e:auto_generated|l1_w6_n0_mux_dataout~1      ; |laba8_var1|cache_final:inst|cache_line:inst|lpm_mux0:inst6|lpm_mux:lpm_mux_component|mux_94e:auto_generated|l1_w6_n0_mux_dataout~1      ; out0             ;
; |laba8_var1|cache_final:inst|cache_line:inst|lpm_mux0:inst6|lpm_mux:lpm_mux_component|mux_94e:auto_generated|l1_w6_n0_mux_dataout        ; |laba8_var1|cache_final:inst|cache_line:inst|lpm_mux0:inst6|lpm_mux:lpm_mux_component|mux_94e:auto_generated|l1_w6_n0_mux_dataout        ; out0             ;
; |laba8_var1|cache_final:inst|cache_line:inst|lpm_mux0:inst6|lpm_mux:lpm_mux_component|mux_94e:auto_generated|l1_w7_n0_mux_dataout~0      ; |laba8_var1|cache_final:inst|cache_line:inst|lpm_mux0:inst6|lpm_mux:lpm_mux_component|mux_94e:auto_generated|l1_w7_n0_mux_dataout~0      ; out0             ;
; |laba8_var1|cache_final:inst|cache_line:inst|lpm_mux0:inst6|lpm_mux:lpm_mux_component|mux_94e:auto_generated|l1_w7_n0_mux_dataout~1      ; |laba8_var1|cache_final:inst|cache_line:inst|lpm_mux0:inst6|lpm_mux:lpm_mux_component|mux_94e:auto_generated|l1_w7_n0_mux_dataout~1      ; out0             ;
; |laba8_var1|cache_final:inst|cache_line:inst|lpm_mux0:inst6|lpm_mux:lpm_mux_component|mux_94e:auto_generated|l1_w7_n0_mux_dataout        ; |laba8_var1|cache_final:inst|cache_line:inst|lpm_mux0:inst6|lpm_mux:lpm_mux_component|mux_94e:auto_generated|l1_w7_n0_mux_dataout        ; out0             ;
; |laba8_var1|cache_final:inst|cache_line:inst|lpm_dff0:inst|lpm_ff:lpm_ff_component|dffs[4]                                               ; |laba8_var1|cache_final:inst|cache_line:inst|lpm_dff0:inst|lpm_ff:lpm_ff_component|dffs[4]                                               ; regout           ;
; |laba8_var1|cache_final:inst|cache_line:inst|lpm_dff0:inst|lpm_ff:lpm_ff_component|dffs[3]                                               ; |laba8_var1|cache_final:inst|cache_line:inst|lpm_dff0:inst|lpm_ff:lpm_ff_component|dffs[3]                                               ; regout           ;
; |laba8_var1|cache_final:inst|cache_line:inst|lpm_dff0:inst|lpm_ff:lpm_ff_component|dffs[2]                                               ; |laba8_var1|cache_final:inst|cache_line:inst|lpm_dff0:inst|lpm_ff:lpm_ff_component|dffs[2]                                               ; regout           ;
; |laba8_var1|cache_final:inst|cache_line:inst|lpm_compare0:inst8|lpm_compare:lpm_compare_component|cmpr_cig:auto_generated|data_wire[2]   ; |laba8_var1|cache_final:inst|cache_line:inst|lpm_compare0:inst8|lpm_compare:lpm_compare_component|cmpr_cig:auto_generated|data_wire[2]   ; out0             ;
; |laba8_var1|cache_final:inst|cache_line:inst2|inst4                                                                                      ; |laba8_var1|cache_final:inst|cache_line:inst2|inst4                                                                                      ; out0             ;
; |laba8_var1|cache_final:inst|cache_line:inst2|lpm_dff1:inst2|lpm_ff:lpm_ff_component|dffs[7]                                             ; |laba8_var1|cache_final:inst|cache_line:inst2|lpm_dff1:inst2|lpm_ff:lpm_ff_component|dffs[7]                                             ; regout           ;
; |laba8_var1|cache_final:inst|cache_line:inst2|lpm_dff1:inst2|lpm_ff:lpm_ff_component|dffs[6]                                             ; |laba8_var1|cache_final:inst|cache_line:inst2|lpm_dff1:inst2|lpm_ff:lpm_ff_component|dffs[6]                                             ; regout           ;
; |laba8_var1|cache_final:inst|cache_line:inst2|lpm_dff1:inst2|lpm_ff:lpm_ff_component|dffs[5]                                             ; |laba8_var1|cache_final:inst|cache_line:inst2|lpm_dff1:inst2|lpm_ff:lpm_ff_component|dffs[5]                                             ; regout           ;
; |laba8_var1|cache_final:inst|cache_line:inst2|lpm_dff1:inst2|lpm_ff:lpm_ff_component|dffs[4]                                             ; |laba8_var1|cache_final:inst|cache_line:inst2|lpm_dff1:inst2|lpm_ff:lpm_ff_component|dffs[4]                                             ; regout           ;
; |laba8_var1|cache_final:inst|cache_line:inst2|lpm_dff1:inst2|lpm_ff:lpm_ff_component|dffs[3]                                             ; |laba8_var1|cache_final:inst|cache_line:inst2|lpm_dff1:inst2|lpm_ff:lpm_ff_component|dffs[3]                                             ; regout           ;
; |laba8_var1|cache_final:inst|cache_line:inst2|lpm_dff1:inst2|lpm_ff:lpm_ff_component|dffs[2]                                             ; |laba8_var1|cache_final:inst|cache_line:inst2|lpm_dff1:inst2|lpm_ff:lpm_ff_component|dffs[2]                                             ; regout           ;
; |laba8_var1|cache_final:inst|cache_line:inst2|lpm_dff1:inst2|lpm_ff:lpm_ff_component|dffs[1]                                             ; |laba8_var1|cache_final:inst|cache_line:inst2|lpm_dff1:inst2|lpm_ff:lpm_ff_component|dffs[1]                                             ; regout           ;
; |laba8_var1|cache_final:inst|cache_line:inst2|lpm_dff1:inst2|lpm_ff:lpm_ff_component|dffs[0]                                             ; |laba8_var1|cache_final:inst|cache_line:inst2|lpm_dff1:inst2|lpm_ff:lpm_ff_component|dffs[0]                                             ; regout           ;
; |laba8_var1|cache_final:inst|cache_line:inst2|lpm_dff2:inst3|lpm_ff:lpm_ff_component|dffs[7]                                             ; |laba8_var1|cache_final:inst|cache_line:inst2|lpm_dff2:inst3|lpm_ff:lpm_ff_component|dffs[7]                                             ; regout           ;
; |laba8_var1|cache_final:inst|cache_line:inst2|lpm_dff2:inst3|lpm_ff:lpm_ff_component|dffs[6]                                             ; |laba8_var1|cache_final:inst|cache_line:inst2|lpm_dff2:inst3|lpm_ff:lpm_ff_component|dffs[6]                                             ; regout           ;
; |laba8_var1|cache_final:inst|cache_line:inst2|lpm_dff2:inst3|lpm_ff:lpm_ff_component|dffs[5]                                             ; |laba8_var1|cache_final:inst|cache_line:inst2|lpm_dff2:inst3|lpm_ff:lpm_ff_component|dffs[5]                                             ; regout           ;
; |laba8_var1|cache_final:inst|cache_line:inst2|lpm_dff2:inst3|lpm_ff:lpm_ff_component|dffs[4]                                             ; |laba8_var1|cache_final:inst|cache_line:inst2|lpm_dff2:inst3|lpm_ff:lpm_ff_component|dffs[4]                                             ; regout           ;
; |laba8_var1|cache_final:inst|cache_line:inst2|lpm_dff2:inst3|lpm_ff:lpm_ff_component|dffs[3]                                             ; |laba8_var1|cache_final:inst|cache_line:inst2|lpm_dff2:inst3|lpm_ff:lpm_ff_component|dffs[3]                                             ; regout           ;
; |laba8_var1|cache_final:inst|cache_line:inst2|lpm_dff2:inst3|lpm_ff:lpm_ff_component|dffs[2]                                             ; |laba8_var1|cache_final:inst|cache_line:inst2|lpm_dff2:inst3|lpm_ff:lpm_ff_component|dffs[2]                                             ; regout           ;
; |laba8_var1|cache_final:inst|cache_line:inst2|lpm_dff2:inst3|lpm_ff:lpm_ff_component|dffs[1]                                             ; |laba8_var1|cache_final:inst|cache_line:inst2|lpm_dff2:inst3|lpm_ff:lpm_ff_component|dffs[1]                                             ; regout           ;
; |laba8_var1|cache_final:inst|cache_line:inst2|lpm_dff2:inst3|lpm_ff:lpm_ff_component|dffs[0]                                             ; |laba8_var1|cache_final:inst|cache_line:inst2|lpm_dff2:inst3|lpm_ff:lpm_ff_component|dffs[0]                                             ; regout           ;
; |laba8_var1|cache_final:inst|cache_line:inst2|lpm_mux0:inst6|lpm_mux:lpm_mux_component|mux_94e:auto_generated|l1_w0_n0_mux_dataout~0     ; |laba8_var1|cache_final:inst|cache_line:inst2|lpm_mux0:inst6|lpm_mux:lpm_mux_component|mux_94e:auto_generated|l1_w0_n0_mux_dataout~0     ; out0             ;
; |laba8_var1|cache_final:inst|cache_line:inst2|lpm_mux0:inst6|lpm_mux:lpm_mux_component|mux_94e:auto_generated|l1_w0_n0_mux_dataout~1     ; |laba8_var1|cache_final:inst|cache_line:inst2|lpm_mux0:inst6|lpm_mux:lpm_mux_component|mux_94e:auto_generated|l1_w0_n0_mux_dataout~1     ; out0             ;
; |laba8_var1|cache_final:inst|cache_line:inst2|lpm_mux0:inst6|lpm_mux:lpm_mux_component|mux_94e:auto_generated|l1_w0_n0_mux_dataout       ; |laba8_var1|cache_final:inst|cache_line:inst2|lpm_mux0:inst6|lpm_mux:lpm_mux_component|mux_94e:auto_generated|l1_w0_n0_mux_dataout       ; out0             ;
; |laba8_var1|cache_final:inst|cache_line:inst2|lpm_mux0:inst6|lpm_mux:lpm_mux_component|mux_94e:auto_generated|l1_w1_n0_mux_dataout~0     ; |laba8_var1|cache_final:inst|cache_line:inst2|lpm_mux0:inst6|lpm_mux:lpm_mux_component|mux_94e:auto_generated|l1_w1_n0_mux_dataout~0     ; out0             ;
; |laba8_var1|cache_final:inst|cache_line:inst2|lpm_mux0:inst6|lpm_mux:lpm_mux_component|mux_94e:auto_generated|l1_w1_n0_mux_dataout~1     ; |laba8_var1|cache_final:inst|cache_line:inst2|lpm_mux0:inst6|lpm_mux:lpm_mux_component|mux_94e:auto_generated|l1_w1_n0_mux_dataout~1     ; out0             ;
; |laba8_var1|cache_final:inst|cache_line:inst2|lpm_mux0:inst6|lpm_mux:lpm_mux_component|mux_94e:auto_generated|l1_w1_n0_mux_dataout       ; |laba8_var1|cache_final:inst|cache_line:inst2|lpm_mux0:inst6|lpm_mux:lpm_mux_component|mux_94e:auto_generated|l1_w1_n0_mux_dataout       ; out0             ;
; |laba8_var1|cache_final:inst|cache_line:inst2|lpm_mux0:inst6|lpm_mux:lpm_mux_component|mux_94e:auto_generated|l1_w2_n0_mux_dataout~0     ; |laba8_var1|cache_final:inst|cache_line:inst2|lpm_mux0:inst6|lpm_mux:lpm_mux_component|mux_94e:auto_generated|l1_w2_n0_mux_dataout~0     ; out0             ;
; |laba8_var1|cache_final:inst|cache_line:inst2|lpm_mux0:inst6|lpm_mux:lpm_mux_component|mux_94e:auto_generated|l1_w2_n0_mux_dataout~1     ; |laba8_var1|cache_final:inst|cache_line:inst2|lpm_mux0:inst6|lpm_mux:lpm_mux_component|mux_94e:auto_generated|l1_w2_n0_mux_dataout~1     ; out0             ;
; |laba8_var1|cache_final:inst|cache_line:inst2|lpm_mux0:inst6|lpm_mux:lpm_mux_component|mux_94e:auto_generated|l1_w2_n0_mux_dataout       ; |laba8_var1|cache_final:inst|cache_line:inst2|lpm_mux0:inst6|lpm_mux:lpm_mux_component|mux_94e:auto_generated|l1_w2_n0_mux_dataout       ; out0             ;
; |laba8_var1|cache_final:inst|cache_line:inst2|lpm_mux0:inst6|lpm_mux:lpm_mux_component|mux_94e:auto_generated|l1_w3_n0_mux_dataout~0     ; |laba8_var1|cache_final:inst|cache_line:inst2|lpm_mux0:inst6|lpm_mux:lpm_mux_component|mux_94e:auto_generated|l1_w3_n0_mux_dataout~0     ; out0             ;
; |laba8_var1|cache_final:inst|cache_line:inst2|lpm_mux0:inst6|lpm_mux:lpm_mux_component|mux_94e:auto_generated|l1_w3_n0_mux_dataout~1     ; |laba8_var1|cache_final:inst|cache_line:inst2|lpm_mux0:inst6|lpm_mux:lpm_mux_component|mux_94e:auto_generated|l1_w3_n0_mux_dataout~1     ; out0             ;
; |laba8_var1|cache_final:inst|cache_line:inst2|lpm_mux0:inst6|lpm_mux:lpm_mux_component|mux_94e:auto_generated|l1_w3_n0_mux_dataout       ; |laba8_var1|cache_final:inst|cache_line:inst2|lpm_mux0:inst6|lpm_mux:lpm_mux_component|mux_94e:auto_generated|l1_w3_n0_mux_dataout       ; out0             ;
; |laba8_var1|cache_final:inst|cache_line:inst2|lpm_mux0:inst6|lpm_mux:lpm_mux_component|mux_94e:auto_generated|l1_w4_n0_mux_dataout~0     ; |laba8_var1|cache_final:inst|cache_line:inst2|lpm_mux0:inst6|lpm_mux:lpm_mux_component|mux_94e:auto_generated|l1_w4_n0_mux_dataout~0     ; out0             ;
; |laba8_var1|cache_final:inst|cache_line:inst2|lpm_mux0:inst6|lpm_mux:lpm_mux_component|mux_94e:auto_generated|l1_w4_n0_mux_dataout~1     ; |laba8_var1|cache_final:inst|cache_line:inst2|lpm_mux0:inst6|lpm_mux:lpm_mux_component|mux_94e:auto_generated|l1_w4_n0_mux_dataout~1     ; out0             ;
; |laba8_var1|cache_final:inst|cache_line:inst2|lpm_mux0:inst6|lpm_mux:lpm_mux_component|mux_94e:auto_generated|l1_w4_n0_mux_dataout       ; |laba8_var1|cache_final:inst|cache_line:inst2|lpm_mux0:inst6|lpm_mux:lpm_mux_component|mux_94e:auto_generated|l1_w4_n0_mux_dataout       ; out0             ;
; |laba8_var1|cache_final:inst|cache_line:inst2|lpm_mux0:inst6|lpm_mux:lpm_mux_component|mux_94e:auto_generated|l1_w5_n0_mux_dataout~0     ; |laba8_var1|cache_final:inst|cache_line:inst2|lpm_mux0:inst6|lpm_mux:lpm_mux_component|mux_94e:auto_generated|l1_w5_n0_mux_dataout~0     ; out0             ;
; |laba8_var1|cache_final:inst|cache_line:inst2|lpm_mux0:inst6|lpm_mux:lpm_mux_component|mux_94e:auto_generated|l1_w5_n0_mux_dataout~1     ; |laba8_var1|cache_final:inst|cache_line:inst2|lpm_mux0:inst6|lpm_mux:lpm_mux_component|mux_94e:auto_generated|l1_w5_n0_mux_dataout~1     ; out0             ;
; |laba8_var1|cache_final:inst|cache_line:inst2|lpm_mux0:inst6|lpm_mux:lpm_mux_component|mux_94e:auto_generated|l1_w5_n0_mux_dataout       ; |laba8_var1|cache_final:inst|cache_line:inst2|lpm_mux0:inst6|lpm_mux:lpm_mux_component|mux_94e:auto_generated|l1_w5_n0_mux_dataout       ; out0             ;
; |laba8_var1|cache_final:inst|cache_line:inst2|lpm_mux0:inst6|lpm_mux:lpm_mux_component|mux_94e:auto_generated|l1_w6_n0_mux_dataout~0     ; |laba8_var1|cache_final:inst|cache_line:inst2|lpm_mux0:inst6|lpm_mux:lpm_mux_component|mux_94e:auto_generated|l1_w6_n0_mux_dataout~0     ; out0             ;
; |laba8_var1|cache_final:inst|cache_line:inst2|lpm_mux0:inst6|lpm_mux:lpm_mux_component|mux_94e:auto_generated|l1_w6_n0_mux_dataout~1     ; |laba8_var1|cache_final:inst|cache_line:inst2|lpm_mux0:inst6|lpm_mux:lpm_mux_component|mux_94e:auto_generated|l1_w6_n0_mux_dataout~1     ; out0             ;
; |laba8_var1|cache_final:inst|cache_line:inst2|lpm_mux0:inst6|lpm_mux:lpm_mux_component|mux_94e:auto_generated|l1_w6_n0_mux_dataout       ; |laba8_var1|cache_final:inst|cache_line:inst2|lpm_mux0:inst6|lpm_mux:lpm_mux_component|mux_94e:auto_generated|l1_w6_n0_mux_dataout       ; out0             ;
; |laba8_var1|cache_final:inst|cache_line:inst2|lpm_mux0:inst6|lpm_mux:lpm_mux_component|mux_94e:auto_generated|l1_w7_n0_mux_dataout~0     ; |laba8_var1|cache_final:inst|cache_line:inst2|lpm_mux0:inst6|lpm_mux:lpm_mux_component|mux_94e:auto_generated|l1_w7_n0_mux_dataout~0     ; out0             ;
; |laba8_var1|cache_final:inst|cache_line:inst2|lpm_mux0:inst6|lpm_mux:lpm_mux_component|mux_94e:auto_generated|l1_w7_n0_mux_dataout~1     ; |laba8_var1|cache_final:inst|cache_line:inst2|lpm_mux0:inst6|lpm_mux:lpm_mux_component|mux_94e:auto_generated|l1_w7_n0_mux_dataout~1     ; out0             ;
; |laba8_var1|cache_final:inst|cache_line:inst2|lpm_mux0:inst6|lpm_mux:lpm_mux_component|mux_94e:auto_generated|l1_w7_n0_mux_dataout       ; |laba8_var1|cache_final:inst|cache_line:inst2|lpm_mux0:inst6|lpm_mux:lpm_mux_component|mux_94e:auto_generated|l1_w7_n0_mux_dataout       ; out0             ;
; |laba8_var1|cache_final:inst|cache_line:inst2|lpm_dff0:inst|lpm_ff:lpm_ff_component|dffs[4]                                              ; |laba8_var1|cache_final:inst|cache_line:inst2|lpm_dff0:inst|lpm_ff:lpm_ff_component|dffs[4]                                              ; regout           ;
; |laba8_var1|cache_final:inst|cache_line:inst2|lpm_dff0:inst|lpm_ff:lpm_ff_component|dffs[3]                                              ; |laba8_var1|cache_final:inst|cache_line:inst2|lpm_dff0:inst|lpm_ff:lpm_ff_component|dffs[3]                                              ; regout           ;
; |laba8_var1|cache_final:inst|cache_line:inst2|lpm_dff0:inst|lpm_ff:lpm_ff_component|dffs[2]                                              ; |laba8_var1|cache_final:inst|cache_line:inst2|lpm_dff0:inst|lpm_ff:lpm_ff_component|dffs[2]                                              ; regout           ;
; |laba8_var1|cache_final:inst|cache_line:inst2|lpm_dff0:inst|lpm_ff:lpm_ff_component|dffs[1]                                              ; |laba8_var1|cache_final:inst|cache_line:inst2|lpm_dff0:inst|lpm_ff:lpm_ff_component|dffs[1]                                              ; regout           ;
; |laba8_var1|cache_final:inst|cache_line:inst2|lpm_dff0:inst|lpm_ff:lpm_ff_component|dffs[0]                                              ; |laba8_var1|cache_final:inst|cache_line:inst2|lpm_dff0:inst|lpm_ff:lpm_ff_component|dffs[0]                                              ; regout           ;
; |laba8_var1|cache_final:inst|cache_line:inst2|lpm_compare0:inst8|lpm_compare:lpm_compare_component|cmpr_cig:auto_generated|data_wire[2]  ; |laba8_var1|cache_final:inst|cache_line:inst2|lpm_compare0:inst8|lpm_compare:lpm_compare_component|cmpr_cig:auto_generated|data_wire[2]  ; out0             ;
; |laba8_var1|cache_final:inst|cache_line:inst2|lpm_dff3:inst1|lpm_ff:lpm_ff_component|dffs[0]                                             ; |laba8_var1|cache_final:inst|cache_line:inst2|lpm_dff3:inst1|lpm_ff:lpm_ff_component|dffs[0]                                             ; regout           ;
+------------------------------------------------------------------------------------------------------------------------------------------+------------------------------------------------------------------------------------------------------------------------------------------+------------------+


The following table displays output ports that do not toggle to 0 during simulation.
+--------------------------------------------------------------------------------------------------------------------------------------------------------------------------------------------------------------------------------------------------------------------------------------------------------+
; Missing 0-Value Coverage                                                                                                                                                                                                                                                                               ;
+------------------------------------------------------------------------------------------------------------------------------------------+------------------------------------------------------------------------------------------------------------------------------------------+------------------+
; Node Name                                                                                                                                ; Output Port Name                                                                                                                         ; Output Port Type ;
+------------------------------------------------------------------------------------------------------------------------------------------+------------------------------------------------------------------------------------------------------------------------------------------+------------------+
; |laba8_var1|data_word0[7]                                                                                                                ; |laba8_var1|data_word0[7]                                                                                                                ; out              ;
; |laba8_var1|data_word0[6]                                                                                                                ; |laba8_var1|data_word0[6]                                                                                                                ; out              ;
; |laba8_var1|data_word0[5]                                                                                                                ; |laba8_var1|data_word0[5]                                                                                                                ; out              ;
; |laba8_var1|data_word1[7]                                                                                                                ; |laba8_var1|data_word1[7]                                                                                                                ; out              ;
; |laba8_var1|data_word1[6]                                                                                                                ; |laba8_var1|data_word1[6]                                                                                                                ; out              ;
; |laba8_var1|input_tag[4]                                                                                                                 ; |laba8_var1|input_tag[4]                                                                                                                 ; out              ;
; |laba8_var1|result[7]                                                                                                                    ; |laba8_var1|result[7]                                                                                                                    ; pin_out          ;
; |laba8_var1|result[6]                                                                                                                    ; |laba8_var1|result[6]                                                                                                                    ; pin_out          ;
; |laba8_var1|lpm_mux2:inst12|lpm_mux:lpm_mux_component|mux_c4e:auto_generated|l1_w1_n1_mux_dataout~0                                      ; |laba8_var1|lpm_mux2:inst12|lpm_mux:lpm_mux_component|mux_c4e:auto_generated|l1_w1_n1_mux_dataout~0                                      ; out0             ;
; |laba8_var1|lpm_mux2:inst12|lpm_mux:lpm_mux_component|mux_c4e:auto_generated|l1_w2_n0_mux_dataout~1                                      ; |laba8_var1|lpm_mux2:inst12|lpm_mux:lpm_mux_component|mux_c4e:auto_generated|l1_w2_n0_mux_dataout~1                                      ; out0             ;
; |laba8_var1|lpm_mux2:inst12|lpm_mux:lpm_mux_component|mux_c4e:auto_generated|l1_w2_n1_mux_dataout~0                                      ; |laba8_var1|lpm_mux2:inst12|lpm_mux:lpm_mux_component|mux_c4e:auto_generated|l1_w2_n1_mux_dataout~0                                      ; out0             ;
; |laba8_var1|lpm_mux2:inst12|lpm_mux:lpm_mux_component|mux_c4e:auto_generated|l1_w3_n0_mux_dataout~0                                      ; |laba8_var1|lpm_mux2:inst12|lpm_mux:lpm_mux_component|mux_c4e:auto_generated|l1_w3_n0_mux_dataout~0                                      ; out0             ;
; |laba8_var1|lpm_mux2:inst12|lpm_mux:lpm_mux_component|mux_c4e:auto_generated|l1_w3_n0_mux_dataout~1                                      ; |laba8_var1|lpm_mux2:inst12|lpm_mux:lpm_mux_component|mux_c4e:auto_generated|l1_w3_n0_mux_dataout~1                                      ; out0             ;
; |laba8_var1|lpm_mux2:inst12|lpm_mux:lpm_mux_component|mux_c4e:auto_generated|l1_w3_n0_mux_dataout                                        ; |laba8_var1|lpm_mux2:inst12|lpm_mux:lpm_mux_component|mux_c4e:auto_generated|l1_w3_n0_mux_dataout                                        ; out0             ;
; |laba8_var1|lpm_mux2:inst12|lpm_mux:lpm_mux_component|mux_c4e:auto_generated|l1_w3_n1_mux_dataout~1                                      ; |laba8_var1|lpm_mux2:inst12|lpm_mux:lpm_mux_component|mux_c4e:auto_generated|l1_w3_n1_mux_dataout~1                                      ; out0             ;
; |laba8_var1|lpm_mux2:inst12|lpm_mux:lpm_mux_component|mux_c4e:auto_generated|l1_w4_n0_mux_dataout~0                                      ; |laba8_var1|lpm_mux2:inst12|lpm_mux:lpm_mux_component|mux_c4e:auto_generated|l1_w4_n0_mux_dataout~0                                      ; out0             ;
; |laba8_var1|lpm_mux2:inst12|lpm_mux:lpm_mux_component|mux_c4e:auto_generated|l1_w4_n0_mux_dataout~1                                      ; |laba8_var1|lpm_mux2:inst12|lpm_mux:lpm_mux_component|mux_c4e:auto_generated|l1_w4_n0_mux_dataout~1                                      ; out0             ;
; |laba8_var1|lpm_mux2:inst12|lpm_mux:lpm_mux_component|mux_c4e:auto_generated|l1_w4_n0_mux_dataout                                        ; |laba8_var1|lpm_mux2:inst12|lpm_mux:lpm_mux_component|mux_c4e:auto_generated|l1_w4_n0_mux_dataout                                        ; out0             ;
; |laba8_var1|lpm_mux2:inst12|lpm_mux:lpm_mux_component|mux_c4e:auto_generated|l1_w4_n1_mux_dataout~0                                      ; |laba8_var1|lpm_mux2:inst12|lpm_mux:lpm_mux_component|mux_c4e:auto_generated|l1_w4_n1_mux_dataout~0                                      ; out0             ;
; |laba8_var1|lpm_mux2:inst12|lpm_mux:lpm_mux_component|mux_c4e:auto_generated|l1_w5_n0_mux_dataout~0                                      ; |laba8_var1|lpm_mux2:inst12|lpm_mux:lpm_mux_component|mux_c4e:auto_generated|l1_w5_n0_mux_dataout~0                                      ; out0             ;
; |laba8_var1|lpm_mux2:inst12|lpm_mux:lpm_mux_component|mux_c4e:auto_generated|l1_w5_n0_mux_dataout~1                                      ; |laba8_var1|lpm_mux2:inst12|lpm_mux:lpm_mux_component|mux_c4e:auto_generated|l1_w5_n0_mux_dataout~1                                      ; out0             ;
; |laba8_var1|lpm_mux2:inst12|lpm_mux:lpm_mux_component|mux_c4e:auto_generated|l1_w5_n0_mux_dataout                                        ; |laba8_var1|lpm_mux2:inst12|lpm_mux:lpm_mux_component|mux_c4e:auto_generated|l1_w5_n0_mux_dataout                                        ; out0             ;
; |laba8_var1|lpm_mux2:inst12|lpm_mux:lpm_mux_component|mux_c4e:auto_generated|l1_w5_n1_mux_dataout~0                                      ; |laba8_var1|lpm_mux2:inst12|lpm_mux:lpm_mux_component|mux_c4e:auto_generated|l1_w5_n1_mux_dataout~0                                      ; out0             ;
; |laba8_var1|lpm_mux2:inst12|lpm_mux:lpm_mux_component|mux_c4e:auto_generated|l1_w6_n0_mux_dataout~0                                      ; |laba8_var1|lpm_mux2:inst12|lpm_mux:lpm_mux_component|mux_c4e:auto_generated|l1_w6_n0_mux_dataout~0                                      ; out0             ;
; |laba8_var1|lpm_mux2:inst12|lpm_mux:lpm_mux_component|mux_c4e:auto_generated|l1_w6_n0_mux_dataout~1                                      ; |laba8_var1|lpm_mux2:inst12|lpm_mux:lpm_mux_component|mux_c4e:auto_generated|l1_w6_n0_mux_dataout~1                                      ; out0             ;
; |laba8_var1|lpm_mux2:inst12|lpm_mux:lpm_mux_component|mux_c4e:auto_generated|l1_w6_n0_mux_dataout                                        ; |laba8_var1|lpm_mux2:inst12|lpm_mux:lpm_mux_component|mux_c4e:auto_generated|l1_w6_n0_mux_dataout                                        ; out0             ;
; |laba8_var1|lpm_mux2:inst12|lpm_mux:lpm_mux_component|mux_c4e:auto_generated|l1_w6_n1_mux_dataout~0                                      ; |laba8_var1|lpm_mux2:inst12|lpm_mux:lpm_mux_component|mux_c4e:auto_generated|l1_w6_n1_mux_dataout~0                                      ; out0             ;
; |laba8_var1|lpm_mux2:inst12|lpm_mux:lpm_mux_component|mux_c4e:auto_generated|l1_w6_n1_mux_dataout~1                                      ; |laba8_var1|lpm_mux2:inst12|lpm_mux:lpm_mux_component|mux_c4e:auto_generated|l1_w6_n1_mux_dataout~1                                      ; out0             ;
; |laba8_var1|lpm_mux2:inst12|lpm_mux:lpm_mux_component|mux_c4e:auto_generated|l1_w6_n1_mux_dataout                                        ; |laba8_var1|lpm_mux2:inst12|lpm_mux:lpm_mux_component|mux_c4e:auto_generated|l1_w6_n1_mux_dataout                                        ; out0             ;
; |laba8_var1|lpm_mux2:inst12|lpm_mux:lpm_mux_component|mux_c4e:auto_generated|l1_w7_n0_mux_dataout~0                                      ; |laba8_var1|lpm_mux2:inst12|lpm_mux:lpm_mux_component|mux_c4e:auto_generated|l1_w7_n0_mux_dataout~0                                      ; out0             ;
; |laba8_var1|lpm_mux2:inst12|lpm_mux:lpm_mux_component|mux_c4e:auto_generated|l1_w7_n0_mux_dataout~1                                      ; |laba8_var1|lpm_mux2:inst12|lpm_mux:lpm_mux_component|mux_c4e:auto_generated|l1_w7_n0_mux_dataout~1                                      ; out0             ;
; |laba8_var1|lpm_mux2:inst12|lpm_mux:lpm_mux_component|mux_c4e:auto_generated|l1_w7_n0_mux_dataout                                        ; |laba8_var1|lpm_mux2:inst12|lpm_mux:lpm_mux_component|mux_c4e:auto_generated|l1_w7_n0_mux_dataout                                        ; out0             ;
; |laba8_var1|lpm_mux2:inst12|lpm_mux:lpm_mux_component|mux_c4e:auto_generated|l1_w7_n1_mux_dataout~0                                      ; |laba8_var1|lpm_mux2:inst12|lpm_mux:lpm_mux_component|mux_c4e:auto_generated|l1_w7_n1_mux_dataout~0                                      ; out0             ;
; |laba8_var1|lpm_mux2:inst12|lpm_mux:lpm_mux_component|mux_c4e:auto_generated|l1_w7_n1_mux_dataout~1                                      ; |laba8_var1|lpm_mux2:inst12|lpm_mux:lpm_mux_component|mux_c4e:auto_generated|l1_w7_n1_mux_dataout~1                                      ; out0             ;
; |laba8_var1|lpm_mux2:inst12|lpm_mux:lpm_mux_component|mux_c4e:auto_generated|l1_w7_n1_mux_dataout                                        ; |laba8_var1|lpm_mux2:inst12|lpm_mux:lpm_mux_component|mux_c4e:auto_generated|l1_w7_n1_mux_dataout                                        ; out0             ;
; |laba8_var1|lpm_mux2:inst12|lpm_mux:lpm_mux_component|mux_c4e:auto_generated|l2_w3_n0_mux_dataout~1                                      ; |laba8_var1|lpm_mux2:inst12|lpm_mux:lpm_mux_component|mux_c4e:auto_generated|l2_w3_n0_mux_dataout~1                                      ; out0             ;
; |laba8_var1|lpm_mux2:inst12|lpm_mux:lpm_mux_component|mux_c4e:auto_generated|l2_w4_n0_mux_dataout~1                                      ; |laba8_var1|lpm_mux2:inst12|lpm_mux:lpm_mux_component|mux_c4e:auto_generated|l2_w4_n0_mux_dataout~1                                      ; out0             ;
; |laba8_var1|lpm_mux2:inst12|lpm_mux:lpm_mux_component|mux_c4e:auto_generated|l2_w5_n0_mux_dataout~1                                      ; |laba8_var1|lpm_mux2:inst12|lpm_mux:lpm_mux_component|mux_c4e:auto_generated|l2_w5_n0_mux_dataout~1                                      ; out0             ;
; |laba8_var1|lpm_mux2:inst12|lpm_mux:lpm_mux_component|mux_c4e:auto_generated|l2_w6_n0_mux_dataout~0                                      ; |laba8_var1|lpm_mux2:inst12|lpm_mux:lpm_mux_component|mux_c4e:auto_generated|l2_w6_n0_mux_dataout~0                                      ; out0             ;
; |laba8_var1|lpm_mux2:inst12|lpm_mux:lpm_mux_component|mux_c4e:auto_generated|l2_w6_n0_mux_dataout~1                                      ; |laba8_var1|lpm_mux2:inst12|lpm_mux:lpm_mux_component|mux_c4e:auto_generated|l2_w6_n0_mux_dataout~1                                      ; out0             ;
; |laba8_var1|lpm_mux2:inst12|lpm_mux:lpm_mux_component|mux_c4e:auto_generated|l2_w6_n0_mux_dataout                                        ; |laba8_var1|lpm_mux2:inst12|lpm_mux:lpm_mux_component|mux_c4e:auto_generated|l2_w6_n0_mux_dataout                                        ; out0             ;
; |laba8_var1|lpm_mux2:inst12|lpm_mux:lpm_mux_component|mux_c4e:auto_generated|l2_w7_n0_mux_dataout~0                                      ; |laba8_var1|lpm_mux2:inst12|lpm_mux:lpm_mux_component|mux_c4e:auto_generated|l2_w7_n0_mux_dataout~0                                      ; out0             ;
; |laba8_var1|lpm_mux2:inst12|lpm_mux:lpm_mux_component|mux_c4e:auto_generated|l2_w7_n0_mux_dataout~1                                      ; |laba8_var1|lpm_mux2:inst12|lpm_mux:lpm_mux_component|mux_c4e:auto_generated|l2_w7_n0_mux_dataout~1                                      ; out0             ;
; |laba8_var1|lpm_mux2:inst12|lpm_mux:lpm_mux_component|mux_c4e:auto_generated|l2_w7_n0_mux_dataout                                        ; |laba8_var1|lpm_mux2:inst12|lpm_mux:lpm_mux_component|mux_c4e:auto_generated|l2_w7_n0_mux_dataout                                        ; out0             ;
; |laba8_var1|cache_final:inst1|lpm_mux1:inst9|lpm_mux:lpm_mux_component|mux_94e:auto_generated|l1_w0_n0_mux_dataout~1                     ; |laba8_var1|cache_final:inst1|lpm_mux1:inst9|lpm_mux:lpm_mux_component|mux_94e:auto_generated|l1_w0_n0_mux_dataout~1                     ; out0             ;
; |laba8_var1|cache_final:inst1|lpm_mux1:inst9|lpm_mux:lpm_mux_component|mux_94e:auto_generated|l1_w1_n0_mux_dataout~1                     ; |laba8_var1|cache_final:inst1|lpm_mux1:inst9|lpm_mux:lpm_mux_component|mux_94e:auto_generated|l1_w1_n0_mux_dataout~1                     ; out0             ;
; |laba8_var1|cache_final:inst1|lpm_mux1:inst9|lpm_mux:lpm_mux_component|mux_94e:auto_generated|l1_w2_n0_mux_dataout~1                     ; |laba8_var1|cache_final:inst1|lpm_mux1:inst9|lpm_mux:lpm_mux_component|mux_94e:auto_generated|l1_w2_n0_mux_dataout~1                     ; out0             ;
; |laba8_var1|cache_final:inst1|lpm_mux1:inst9|lpm_mux:lpm_mux_component|mux_94e:auto_generated|l1_w3_n0_mux_dataout~0                     ; |laba8_var1|cache_final:inst1|lpm_mux1:inst9|lpm_mux:lpm_mux_component|mux_94e:auto_generated|l1_w3_n0_mux_dataout~0                     ; out0             ;
; |laba8_var1|cache_final:inst1|lpm_mux1:inst9|lpm_mux:lpm_mux_component|mux_94e:auto_generated|l1_w3_n0_mux_dataout~1                     ; |laba8_var1|cache_final:inst1|lpm_mux1:inst9|lpm_mux:lpm_mux_component|mux_94e:auto_generated|l1_w3_n0_mux_dataout~1                     ; out0             ;
; |laba8_var1|cache_final:inst1|lpm_mux1:inst9|lpm_mux:lpm_mux_component|mux_94e:auto_generated|l1_w3_n0_mux_dataout                       ; |laba8_var1|cache_final:inst1|lpm_mux1:inst9|lpm_mux:lpm_mux_component|mux_94e:auto_generated|l1_w3_n0_mux_dataout                       ; out0             ;
; |laba8_var1|cache_final:inst1|lpm_mux1:inst9|lpm_mux:lpm_mux_component|mux_94e:auto_generated|l1_w4_n0_mux_dataout~0                     ; |laba8_var1|cache_final:inst1|lpm_mux1:inst9|lpm_mux:lpm_mux_component|mux_94e:auto_generated|l1_w4_n0_mux_dataout~0                     ; out0             ;
; |laba8_var1|cache_final:inst1|lpm_mux1:inst9|lpm_mux:lpm_mux_component|mux_94e:auto_generated|l1_w4_n0_mux_dataout~1                     ; |laba8_var1|cache_final:inst1|lpm_mux1:inst9|lpm_mux:lpm_mux_component|mux_94e:auto_generated|l1_w4_n0_mux_dataout~1                     ; out0             ;
; |laba8_var1|cache_final:inst1|lpm_mux1:inst9|lpm_mux:lpm_mux_component|mux_94e:auto_generated|l1_w4_n0_mux_dataout                       ; |laba8_var1|cache_final:inst1|lpm_mux1:inst9|lpm_mux:lpm_mux_component|mux_94e:auto_generated|l1_w4_n0_mux_dataout                       ; out0             ;
; |laba8_var1|cache_final:inst1|lpm_mux1:inst9|lpm_mux:lpm_mux_component|mux_94e:auto_generated|l1_w5_n0_mux_dataout~0                     ; |laba8_var1|cache_final:inst1|lpm_mux1:inst9|lpm_mux:lpm_mux_component|mux_94e:auto_generated|l1_w5_n0_mux_dataout~0                     ; out0             ;
; |laba8_var1|cache_final:inst1|lpm_mux1:inst9|lpm_mux:lpm_mux_component|mux_94e:auto_generated|l1_w5_n0_mux_dataout~1                     ; |laba8_var1|cache_final:inst1|lpm_mux1:inst9|lpm_mux:lpm_mux_component|mux_94e:auto_generated|l1_w5_n0_mux_dataout~1                     ; out0             ;
; |laba8_var1|cache_final:inst1|lpm_mux1:inst9|lpm_mux:lpm_mux_component|mux_94e:auto_generated|l1_w5_n0_mux_dataout                       ; |laba8_var1|cache_final:inst1|lpm_mux1:inst9|lpm_mux:lpm_mux_component|mux_94e:auto_generated|l1_w5_n0_mux_dataout                       ; out0             ;
; |laba8_var1|cache_final:inst1|lpm_mux1:inst9|lpm_mux:lpm_mux_component|mux_94e:auto_generated|l1_w6_n0_mux_dataout~0                     ; |laba8_var1|cache_final:inst1|lpm_mux1:inst9|lpm_mux:lpm_mux_component|mux_94e:auto_generated|l1_w6_n0_mux_dataout~0                     ; out0             ;
; |laba8_var1|cache_final:inst1|lpm_mux1:inst9|lpm_mux:lpm_mux_component|mux_94e:auto_generated|l1_w6_n0_mux_dataout~1                     ; |laba8_var1|cache_final:inst1|lpm_mux1:inst9|lpm_mux:lpm_mux_component|mux_94e:auto_generated|l1_w6_n0_mux_dataout~1                     ; out0             ;
; |laba8_var1|cache_final:inst1|lpm_mux1:inst9|lpm_mux:lpm_mux_component|mux_94e:auto_generated|l1_w6_n0_mux_dataout                       ; |laba8_var1|cache_final:inst1|lpm_mux1:inst9|lpm_mux:lpm_mux_component|mux_94e:auto_generated|l1_w6_n0_mux_dataout                       ; out0             ;
; |laba8_var1|cache_final:inst1|lpm_mux1:inst9|lpm_mux:lpm_mux_component|mux_94e:auto_generated|l1_w7_n0_mux_dataout~0                     ; |laba8_var1|cache_final:inst1|lpm_mux1:inst9|lpm_mux:lpm_mux_component|mux_94e:auto_generated|l1_w7_n0_mux_dataout~0                     ; out0             ;
; |laba8_var1|cache_final:inst1|lpm_mux1:inst9|lpm_mux:lpm_mux_component|mux_94e:auto_generated|l1_w7_n0_mux_dataout~1                     ; |laba8_var1|cache_final:inst1|lpm_mux1:inst9|lpm_mux:lpm_mux_component|mux_94e:auto_generated|l1_w7_n0_mux_dataout~1                     ; out0             ;
; |laba8_var1|cache_final:inst1|lpm_mux1:inst9|lpm_mux:lpm_mux_component|mux_94e:auto_generated|l1_w7_n0_mux_dataout                       ; |laba8_var1|cache_final:inst1|lpm_mux1:inst9|lpm_mux:lpm_mux_component|mux_94e:auto_generated|l1_w7_n0_mux_dataout                       ; out0             ;
; |laba8_var1|cache_final:inst1|cache_line:inst|lpm_dff1:inst2|lpm_ff:lpm_ff_component|dffs[7]                                             ; |laba8_var1|cache_final:inst1|cache_line:inst|lpm_dff1:inst2|lpm_ff:lpm_ff_component|dffs[7]                                             ; regout           ;
; |laba8_var1|cache_final:inst1|cache_line:inst|lpm_dff1:inst2|lpm_ff:lpm_ff_component|dffs[6]                                             ; |laba8_var1|cache_final:inst1|cache_line:inst|lpm_dff1:inst2|lpm_ff:lpm_ff_component|dffs[6]                                             ; regout           ;
; |laba8_var1|cache_final:inst1|cache_line:inst|lpm_dff1:inst2|lpm_ff:lpm_ff_component|dffs[5]                                             ; |laba8_var1|cache_final:inst1|cache_line:inst|lpm_dff1:inst2|lpm_ff:lpm_ff_component|dffs[5]                                             ; regout           ;
; |laba8_var1|cache_final:inst1|cache_line:inst|lpm_dff1:inst2|lpm_ff:lpm_ff_component|dffs[4]                                             ; |laba8_var1|cache_final:inst1|cache_line:inst|lpm_dff1:inst2|lpm_ff:lpm_ff_component|dffs[4]                                             ; regout           ;
; |laba8_var1|cache_final:inst1|cache_line:inst|lpm_dff1:inst2|lpm_ff:lpm_ff_component|dffs[3]                                             ; |laba8_var1|cache_final:inst1|cache_line:inst|lpm_dff1:inst2|lpm_ff:lpm_ff_component|dffs[3]                                             ; regout           ;
; |laba8_var1|cache_final:inst1|cache_line:inst|lpm_dff1:inst2|lpm_ff:lpm_ff_component|dffs[2]                                             ; |laba8_var1|cache_final:inst1|cache_line:inst|lpm_dff1:inst2|lpm_ff:lpm_ff_component|dffs[2]                                             ; regout           ;
; |laba8_var1|cache_final:inst1|cache_line:inst|lpm_dff1:inst2|lpm_ff:lpm_ff_component|dffs[1]                                             ; |laba8_var1|cache_final:inst1|cache_line:inst|lpm_dff1:inst2|lpm_ff:lpm_ff_component|dffs[1]                                             ; regout           ;
; |laba8_var1|cache_final:inst1|cache_line:inst|lpm_dff1:inst2|lpm_ff:lpm_ff_component|dffs[0]                                             ; |laba8_var1|cache_final:inst1|cache_line:inst|lpm_dff1:inst2|lpm_ff:lpm_ff_component|dffs[0]                                             ; regout           ;
; |laba8_var1|cache_final:inst1|cache_line:inst|lpm_dff2:inst3|lpm_ff:lpm_ff_component|dffs[7]                                             ; |laba8_var1|cache_final:inst1|cache_line:inst|lpm_dff2:inst3|lpm_ff:lpm_ff_component|dffs[7]                                             ; regout           ;
; |laba8_var1|cache_final:inst1|cache_line:inst|lpm_dff2:inst3|lpm_ff:lpm_ff_component|dffs[6]                                             ; |laba8_var1|cache_final:inst1|cache_line:inst|lpm_dff2:inst3|lpm_ff:lpm_ff_component|dffs[6]                                             ; regout           ;
; |laba8_var1|cache_final:inst1|cache_line:inst|lpm_dff2:inst3|lpm_ff:lpm_ff_component|dffs[5]                                             ; |laba8_var1|cache_final:inst1|cache_line:inst|lpm_dff2:inst3|lpm_ff:lpm_ff_component|dffs[5]                                             ; regout           ;
; |laba8_var1|cache_final:inst1|cache_line:inst|lpm_dff2:inst3|lpm_ff:lpm_ff_component|dffs[4]                                             ; |laba8_var1|cache_final:inst1|cache_line:inst|lpm_dff2:inst3|lpm_ff:lpm_ff_component|dffs[4]                                             ; regout           ;
; |laba8_var1|cache_final:inst1|cache_line:inst|lpm_dff2:inst3|lpm_ff:lpm_ff_component|dffs[3]                                             ; |laba8_var1|cache_final:inst1|cache_line:inst|lpm_dff2:inst3|lpm_ff:lpm_ff_component|dffs[3]                                             ; regout           ;
; |laba8_var1|cache_final:inst1|cache_line:inst|lpm_dff2:inst3|lpm_ff:lpm_ff_component|dffs[2]                                             ; |laba8_var1|cache_final:inst1|cache_line:inst|lpm_dff2:inst3|lpm_ff:lpm_ff_component|dffs[2]                                             ; regout           ;
; |laba8_var1|cache_final:inst1|cache_line:inst|lpm_dff2:inst3|lpm_ff:lpm_ff_component|dffs[1]                                             ; |laba8_var1|cache_final:inst1|cache_line:inst|lpm_dff2:inst3|lpm_ff:lpm_ff_component|dffs[1]                                             ; regout           ;
; |laba8_var1|cache_final:inst1|cache_line:inst|lpm_dff2:inst3|lpm_ff:lpm_ff_component|dffs[0]                                             ; |laba8_var1|cache_final:inst1|cache_line:inst|lpm_dff2:inst3|lpm_ff:lpm_ff_component|dffs[0]                                             ; regout           ;
; |laba8_var1|cache_final:inst1|cache_line:inst|lpm_mux0:inst6|lpm_mux:lpm_mux_component|mux_94e:auto_generated|l1_w0_n0_mux_dataout~0     ; |laba8_var1|cache_final:inst1|cache_line:inst|lpm_mux0:inst6|lpm_mux:lpm_mux_component|mux_94e:auto_generated|l1_w0_n0_mux_dataout~0     ; out0             ;
; |laba8_var1|cache_final:inst1|cache_line:inst|lpm_mux0:inst6|lpm_mux:lpm_mux_component|mux_94e:auto_generated|l1_w1_n0_mux_dataout~0     ; |laba8_var1|cache_final:inst1|cache_line:inst|lpm_mux0:inst6|lpm_mux:lpm_mux_component|mux_94e:auto_generated|l1_w1_n0_mux_dataout~0     ; out0             ;
; |laba8_var1|cache_final:inst1|cache_line:inst|lpm_mux0:inst6|lpm_mux:lpm_mux_component|mux_94e:auto_generated|l1_w2_n0_mux_dataout~1     ; |laba8_var1|cache_final:inst1|cache_line:inst|lpm_mux0:inst6|lpm_mux:lpm_mux_component|mux_94e:auto_generated|l1_w2_n0_mux_dataout~1     ; out0             ;
; |laba8_var1|cache_final:inst1|cache_line:inst|lpm_mux0:inst6|lpm_mux:lpm_mux_component|mux_94e:auto_generated|l1_w3_n0_mux_dataout~0     ; |laba8_var1|cache_final:inst1|cache_line:inst|lpm_mux0:inst6|lpm_mux:lpm_mux_component|mux_94e:auto_generated|l1_w3_n0_mux_dataout~0     ; out0             ;
; |laba8_var1|cache_final:inst1|cache_line:inst|lpm_mux0:inst6|lpm_mux:lpm_mux_component|mux_94e:auto_generated|l1_w3_n0_mux_dataout~1     ; |laba8_var1|cache_final:inst1|cache_line:inst|lpm_mux0:inst6|lpm_mux:lpm_mux_component|mux_94e:auto_generated|l1_w3_n0_mux_dataout~1     ; out0             ;
; |laba8_var1|cache_final:inst1|cache_line:inst|lpm_mux0:inst6|lpm_mux:lpm_mux_component|mux_94e:auto_generated|l1_w3_n0_mux_dataout       ; |laba8_var1|cache_final:inst1|cache_line:inst|lpm_mux0:inst6|lpm_mux:lpm_mux_component|mux_94e:auto_generated|l1_w3_n0_mux_dataout       ; out0             ;
; |laba8_var1|cache_final:inst1|cache_line:inst|lpm_mux0:inst6|lpm_mux:lpm_mux_component|mux_94e:auto_generated|l1_w4_n0_mux_dataout~0     ; |laba8_var1|cache_final:inst1|cache_line:inst|lpm_mux0:inst6|lpm_mux:lpm_mux_component|mux_94e:auto_generated|l1_w4_n0_mux_dataout~0     ; out0             ;
; |laba8_var1|cache_final:inst1|cache_line:inst|lpm_mux0:inst6|lpm_mux:lpm_mux_component|mux_94e:auto_generated|l1_w4_n0_mux_dataout~1     ; |laba8_var1|cache_final:inst1|cache_line:inst|lpm_mux0:inst6|lpm_mux:lpm_mux_component|mux_94e:auto_generated|l1_w4_n0_mux_dataout~1     ; out0             ;
; |laba8_var1|cache_final:inst1|cache_line:inst|lpm_mux0:inst6|lpm_mux:lpm_mux_component|mux_94e:auto_generated|l1_w4_n0_mux_dataout       ; |laba8_var1|cache_final:inst1|cache_line:inst|lpm_mux0:inst6|lpm_mux:lpm_mux_component|mux_94e:auto_generated|l1_w4_n0_mux_dataout       ; out0             ;
; |laba8_var1|cache_final:inst1|cache_line:inst|lpm_mux0:inst6|lpm_mux:lpm_mux_component|mux_94e:auto_generated|l1_w5_n0_mux_dataout~0     ; |laba8_var1|cache_final:inst1|cache_line:inst|lpm_mux0:inst6|lpm_mux:lpm_mux_component|mux_94e:auto_generated|l1_w5_n0_mux_dataout~0     ; out0             ;
; |laba8_var1|cache_final:inst1|cache_line:inst|lpm_mux0:inst6|lpm_mux:lpm_mux_component|mux_94e:auto_generated|l1_w5_n0_mux_dataout~1     ; |laba8_var1|cache_final:inst1|cache_line:inst|lpm_mux0:inst6|lpm_mux:lpm_mux_component|mux_94e:auto_generated|l1_w5_n0_mux_dataout~1     ; out0             ;
; |laba8_var1|cache_final:inst1|cache_line:inst|lpm_mux0:inst6|lpm_mux:lpm_mux_component|mux_94e:auto_generated|l1_w5_n0_mux_dataout       ; |laba8_var1|cache_final:inst1|cache_line:inst|lpm_mux0:inst6|lpm_mux:lpm_mux_component|mux_94e:auto_generated|l1_w5_n0_mux_dataout       ; out0             ;
; |laba8_var1|cache_final:inst1|cache_line:inst|lpm_mux0:inst6|lpm_mux:lpm_mux_component|mux_94e:auto_generated|l1_w6_n0_mux_dataout~0     ; |laba8_var1|cache_final:inst1|cache_line:inst|lpm_mux0:inst6|lpm_mux:lpm_mux_component|mux_94e:auto_generated|l1_w6_n0_mux_dataout~0     ; out0             ;
; |laba8_var1|cache_final:inst1|cache_line:inst|lpm_mux0:inst6|lpm_mux:lpm_mux_component|mux_94e:auto_generated|l1_w6_n0_mux_dataout~1     ; |laba8_var1|cache_final:inst1|cache_line:inst|lpm_mux0:inst6|lpm_mux:lpm_mux_component|mux_94e:auto_generated|l1_w6_n0_mux_dataout~1     ; out0             ;
; |laba8_var1|cache_final:inst1|cache_line:inst|lpm_mux0:inst6|lpm_mux:lpm_mux_component|mux_94e:auto_generated|l1_w6_n0_mux_dataout       ; |laba8_var1|cache_final:inst1|cache_line:inst|lpm_mux0:inst6|lpm_mux:lpm_mux_component|mux_94e:auto_generated|l1_w6_n0_mux_dataout       ; out0             ;
; |laba8_var1|cache_final:inst1|cache_line:inst|lpm_mux0:inst6|lpm_mux:lpm_mux_component|mux_94e:auto_generated|l1_w7_n0_mux_dataout~0     ; |laba8_var1|cache_final:inst1|cache_line:inst|lpm_mux0:inst6|lpm_mux:lpm_mux_component|mux_94e:auto_generated|l1_w7_n0_mux_dataout~0     ; out0             ;
; |laba8_var1|cache_final:inst1|cache_line:inst|lpm_mux0:inst6|lpm_mux:lpm_mux_component|mux_94e:auto_generated|l1_w7_n0_mux_dataout~1     ; |laba8_var1|cache_final:inst1|cache_line:inst|lpm_mux0:inst6|lpm_mux:lpm_mux_component|mux_94e:auto_generated|l1_w7_n0_mux_dataout~1     ; out0             ;
; |laba8_var1|cache_final:inst1|cache_line:inst|lpm_mux0:inst6|lpm_mux:lpm_mux_component|mux_94e:auto_generated|l1_w7_n0_mux_dataout       ; |laba8_var1|cache_final:inst1|cache_line:inst|lpm_mux0:inst6|lpm_mux:lpm_mux_component|mux_94e:auto_generated|l1_w7_n0_mux_dataout       ; out0             ;
; |laba8_var1|cache_final:inst1|cache_line:inst|lpm_dff0:inst|lpm_ff:lpm_ff_component|dffs[4]                                              ; |laba8_var1|cache_final:inst1|cache_line:inst|lpm_dff0:inst|lpm_ff:lpm_ff_component|dffs[4]                                              ; regout           ;
; |laba8_var1|cache_final:inst1|cache_line:inst|lpm_dff0:inst|lpm_ff:lpm_ff_component|dffs[3]                                              ; |laba8_var1|cache_final:inst1|cache_line:inst|lpm_dff0:inst|lpm_ff:lpm_ff_component|dffs[3]                                              ; regout           ;
; |laba8_var1|cache_final:inst1|cache_line:inst|lpm_dff0:inst|lpm_ff:lpm_ff_component|dffs[2]                                              ; |laba8_var1|cache_final:inst1|cache_line:inst|lpm_dff0:inst|lpm_ff:lpm_ff_component|dffs[2]                                              ; regout           ;
; |laba8_var1|cache_final:inst1|cache_line:inst|lpm_dff0:inst|lpm_ff:lpm_ff_component|dffs[1]                                              ; |laba8_var1|cache_final:inst1|cache_line:inst|lpm_dff0:inst|lpm_ff:lpm_ff_component|dffs[1]                                              ; regout           ;
; |laba8_var1|cache_final:inst1|cache_line:inst|lpm_dff0:inst|lpm_ff:lpm_ff_component|dffs[0]                                              ; |laba8_var1|cache_final:inst1|cache_line:inst|lpm_dff0:inst|lpm_ff:lpm_ff_component|dffs[0]                                              ; regout           ;
; |laba8_var1|cache_final:inst1|cache_line:inst|lpm_compare0:inst8|lpm_compare:lpm_compare_component|cmpr_cig:auto_generated|data_wire[2]  ; |laba8_var1|cache_final:inst1|cache_line:inst|lpm_compare0:inst8|lpm_compare:lpm_compare_component|cmpr_cig:auto_generated|data_wire[2]  ; out0             ;
; |laba8_var1|cache_final:inst1|cache_line:inst|lpm_dff3:inst1|lpm_ff:lpm_ff_component|dffs[0]                                             ; |laba8_var1|cache_final:inst1|cache_line:inst|lpm_dff3:inst1|lpm_ff:lpm_ff_component|dffs[0]                                             ; regout           ;
; |laba8_var1|cache_final:inst1|lpm_dff4:inst10|lpm_ff:lpm_ff_component|dffs[0]                                                            ; |laba8_var1|cache_final:inst1|lpm_dff4:inst10|lpm_ff:lpm_ff_component|dffs[0]                                                            ; regout           ;
; |laba8_var1|cache_final:inst1|cache_line:inst2|inst4                                                                                     ; |laba8_var1|cache_final:inst1|cache_line:inst2|inst4                                                                                     ; out0             ;
; |laba8_var1|cache_final:inst1|cache_line:inst2|lpm_dff1:inst2|lpm_ff:lpm_ff_component|dffs[7]                                            ; |laba8_var1|cache_final:inst1|cache_line:inst2|lpm_dff1:inst2|lpm_ff:lpm_ff_component|dffs[7]                                            ; regout           ;
; |laba8_var1|cache_final:inst1|cache_line:inst2|lpm_dff1:inst2|lpm_ff:lpm_ff_component|dffs[6]                                            ; |laba8_var1|cache_final:inst1|cache_line:inst2|lpm_dff1:inst2|lpm_ff:lpm_ff_component|dffs[6]                                            ; regout           ;
; |laba8_var1|cache_final:inst1|cache_line:inst2|lpm_dff1:inst2|lpm_ff:lpm_ff_component|dffs[5]                                            ; |laba8_var1|cache_final:inst1|cache_line:inst2|lpm_dff1:inst2|lpm_ff:lpm_ff_component|dffs[5]                                            ; regout           ;
; |laba8_var1|cache_final:inst1|cache_line:inst2|lpm_dff1:inst2|lpm_ff:lpm_ff_component|dffs[4]                                            ; |laba8_var1|cache_final:inst1|cache_line:inst2|lpm_dff1:inst2|lpm_ff:lpm_ff_component|dffs[4]                                            ; regout           ;
; |laba8_var1|cache_final:inst1|cache_line:inst2|lpm_dff1:inst2|lpm_ff:lpm_ff_component|dffs[3]                                            ; |laba8_var1|cache_final:inst1|cache_line:inst2|lpm_dff1:inst2|lpm_ff:lpm_ff_component|dffs[3]                                            ; regout           ;
; |laba8_var1|cache_final:inst1|cache_line:inst2|lpm_dff1:inst2|lpm_ff:lpm_ff_component|dffs[2]                                            ; |laba8_var1|cache_final:inst1|cache_line:inst2|lpm_dff1:inst2|lpm_ff:lpm_ff_component|dffs[2]                                            ; regout           ;
; |laba8_var1|cache_final:inst1|cache_line:inst2|lpm_dff1:inst2|lpm_ff:lpm_ff_component|dffs[1]                                            ; |laba8_var1|cache_final:inst1|cache_line:inst2|lpm_dff1:inst2|lpm_ff:lpm_ff_component|dffs[1]                                            ; regout           ;
; |laba8_var1|cache_final:inst1|cache_line:inst2|lpm_dff1:inst2|lpm_ff:lpm_ff_component|dffs[0]                                            ; |laba8_var1|cache_final:inst1|cache_line:inst2|lpm_dff1:inst2|lpm_ff:lpm_ff_component|dffs[0]                                            ; regout           ;
; |laba8_var1|cache_final:inst1|cache_line:inst2|lpm_dff2:inst3|lpm_ff:lpm_ff_component|dffs[7]                                            ; |laba8_var1|cache_final:inst1|cache_line:inst2|lpm_dff2:inst3|lpm_ff:lpm_ff_component|dffs[7]                                            ; regout           ;
; |laba8_var1|cache_final:inst1|cache_line:inst2|lpm_dff2:inst3|lpm_ff:lpm_ff_component|dffs[6]                                            ; |laba8_var1|cache_final:inst1|cache_line:inst2|lpm_dff2:inst3|lpm_ff:lpm_ff_component|dffs[6]                                            ; regout           ;
; |laba8_var1|cache_final:inst1|cache_line:inst2|lpm_dff2:inst3|lpm_ff:lpm_ff_component|dffs[5]                                            ; |laba8_var1|cache_final:inst1|cache_line:inst2|lpm_dff2:inst3|lpm_ff:lpm_ff_component|dffs[5]                                            ; regout           ;
; |laba8_var1|cache_final:inst1|cache_line:inst2|lpm_dff2:inst3|lpm_ff:lpm_ff_component|dffs[4]                                            ; |laba8_var1|cache_final:inst1|cache_line:inst2|lpm_dff2:inst3|lpm_ff:lpm_ff_component|dffs[4]                                            ; regout           ;
; |laba8_var1|cache_final:inst1|cache_line:inst2|lpm_dff2:inst3|lpm_ff:lpm_ff_component|dffs[3]                                            ; |laba8_var1|cache_final:inst1|cache_line:inst2|lpm_dff2:inst3|lpm_ff:lpm_ff_component|dffs[3]                                            ; regout           ;
; |laba8_var1|cache_final:inst1|cache_line:inst2|lpm_dff2:inst3|lpm_ff:lpm_ff_component|dffs[2]                                            ; |laba8_var1|cache_final:inst1|cache_line:inst2|lpm_dff2:inst3|lpm_ff:lpm_ff_component|dffs[2]                                            ; regout           ;
; |laba8_var1|cache_final:inst1|cache_line:inst2|lpm_dff2:inst3|lpm_ff:lpm_ff_component|dffs[1]                                            ; |laba8_var1|cache_final:inst1|cache_line:inst2|lpm_dff2:inst3|lpm_ff:lpm_ff_component|dffs[1]                                            ; regout           ;
; |laba8_var1|cache_final:inst1|cache_line:inst2|lpm_dff2:inst3|lpm_ff:lpm_ff_component|dffs[0]                                            ; |laba8_var1|cache_final:inst1|cache_line:inst2|lpm_dff2:inst3|lpm_ff:lpm_ff_component|dffs[0]                                            ; regout           ;
; |laba8_var1|cache_final:inst1|cache_line:inst2|lpm_mux0:inst6|lpm_mux:lpm_mux_component|mux_94e:auto_generated|l1_w0_n0_mux_dataout~0    ; |laba8_var1|cache_final:inst1|cache_line:inst2|lpm_mux0:inst6|lpm_mux:lpm_mux_component|mux_94e:auto_generated|l1_w0_n0_mux_dataout~0    ; out0             ;
; |laba8_var1|cache_final:inst1|cache_line:inst2|lpm_mux0:inst6|lpm_mux:lpm_mux_component|mux_94e:auto_generated|l1_w0_n0_mux_dataout~1    ; |laba8_var1|cache_final:inst1|cache_line:inst2|lpm_mux0:inst6|lpm_mux:lpm_mux_component|mux_94e:auto_generated|l1_w0_n0_mux_dataout~1    ; out0             ;
; |laba8_var1|cache_final:inst1|cache_line:inst2|lpm_mux0:inst6|lpm_mux:lpm_mux_component|mux_94e:auto_generated|l1_w0_n0_mux_dataout      ; |laba8_var1|cache_final:inst1|cache_line:inst2|lpm_mux0:inst6|lpm_mux:lpm_mux_component|mux_94e:auto_generated|l1_w0_n0_mux_dataout      ; out0             ;
; |laba8_var1|cache_final:inst1|cache_line:inst2|lpm_mux0:inst6|lpm_mux:lpm_mux_component|mux_94e:auto_generated|l1_w1_n0_mux_dataout~0    ; |laba8_var1|cache_final:inst1|cache_line:inst2|lpm_mux0:inst6|lpm_mux:lpm_mux_component|mux_94e:auto_generated|l1_w1_n0_mux_dataout~0    ; out0             ;
; |laba8_var1|cache_final:inst1|cache_line:inst2|lpm_mux0:inst6|lpm_mux:lpm_mux_component|mux_94e:auto_generated|l1_w1_n0_mux_dataout~1    ; |laba8_var1|cache_final:inst1|cache_line:inst2|lpm_mux0:inst6|lpm_mux:lpm_mux_component|mux_94e:auto_generated|l1_w1_n0_mux_dataout~1    ; out0             ;
; |laba8_var1|cache_final:inst1|cache_line:inst2|lpm_mux0:inst6|lpm_mux:lpm_mux_component|mux_94e:auto_generated|l1_w1_n0_mux_dataout      ; |laba8_var1|cache_final:inst1|cache_line:inst2|lpm_mux0:inst6|lpm_mux:lpm_mux_component|mux_94e:auto_generated|l1_w1_n0_mux_dataout      ; out0             ;
; |laba8_var1|cache_final:inst1|cache_line:inst2|lpm_mux0:inst6|lpm_mux:lpm_mux_component|mux_94e:auto_generated|l1_w2_n0_mux_dataout~0    ; |laba8_var1|cache_final:inst1|cache_line:inst2|lpm_mux0:inst6|lpm_mux:lpm_mux_component|mux_94e:auto_generated|l1_w2_n0_mux_dataout~0    ; out0             ;
; |laba8_var1|cache_final:inst1|cache_line:inst2|lpm_mux0:inst6|lpm_mux:lpm_mux_component|mux_94e:auto_generated|l1_w2_n0_mux_dataout~1    ; |laba8_var1|cache_final:inst1|cache_line:inst2|lpm_mux0:inst6|lpm_mux:lpm_mux_component|mux_94e:auto_generated|l1_w2_n0_mux_dataout~1    ; out0             ;
; |laba8_var1|cache_final:inst1|cache_line:inst2|lpm_mux0:inst6|lpm_mux:lpm_mux_component|mux_94e:auto_generated|l1_w2_n0_mux_dataout      ; |laba8_var1|cache_final:inst1|cache_line:inst2|lpm_mux0:inst6|lpm_mux:lpm_mux_component|mux_94e:auto_generated|l1_w2_n0_mux_dataout      ; out0             ;
; |laba8_var1|cache_final:inst1|cache_line:inst2|lpm_mux0:inst6|lpm_mux:lpm_mux_component|mux_94e:auto_generated|l1_w3_n0_mux_dataout~0    ; |laba8_var1|cache_final:inst1|cache_line:inst2|lpm_mux0:inst6|lpm_mux:lpm_mux_component|mux_94e:auto_generated|l1_w3_n0_mux_dataout~0    ; out0             ;
; |laba8_var1|cache_final:inst1|cache_line:inst2|lpm_mux0:inst6|lpm_mux:lpm_mux_component|mux_94e:auto_generated|l1_w3_n0_mux_dataout~1    ; |laba8_var1|cache_final:inst1|cache_line:inst2|lpm_mux0:inst6|lpm_mux:lpm_mux_component|mux_94e:auto_generated|l1_w3_n0_mux_dataout~1    ; out0             ;
; |laba8_var1|cache_final:inst1|cache_line:inst2|lpm_mux0:inst6|lpm_mux:lpm_mux_component|mux_94e:auto_generated|l1_w3_n0_mux_dataout      ; |laba8_var1|cache_final:inst1|cache_line:inst2|lpm_mux0:inst6|lpm_mux:lpm_mux_component|mux_94e:auto_generated|l1_w3_n0_mux_dataout      ; out0             ;
; |laba8_var1|cache_final:inst1|cache_line:inst2|lpm_mux0:inst6|lpm_mux:lpm_mux_component|mux_94e:auto_generated|l1_w4_n0_mux_dataout~0    ; |laba8_var1|cache_final:inst1|cache_line:inst2|lpm_mux0:inst6|lpm_mux:lpm_mux_component|mux_94e:auto_generated|l1_w4_n0_mux_dataout~0    ; out0             ;
; |laba8_var1|cache_final:inst1|cache_line:inst2|lpm_mux0:inst6|lpm_mux:lpm_mux_component|mux_94e:auto_generated|l1_w4_n0_mux_dataout~1    ; |laba8_var1|cache_final:inst1|cache_line:inst2|lpm_mux0:inst6|lpm_mux:lpm_mux_component|mux_94e:auto_generated|l1_w4_n0_mux_dataout~1    ; out0             ;
; |laba8_var1|cache_final:inst1|cache_line:inst2|lpm_mux0:inst6|lpm_mux:lpm_mux_component|mux_94e:auto_generated|l1_w4_n0_mux_dataout      ; |laba8_var1|cache_final:inst1|cache_line:inst2|lpm_mux0:inst6|lpm_mux:lpm_mux_component|mux_94e:auto_generated|l1_w4_n0_mux_dataout      ; out0             ;
; |laba8_var1|cache_final:inst1|cache_line:inst2|lpm_mux0:inst6|lpm_mux:lpm_mux_component|mux_94e:auto_generated|l1_w5_n0_mux_dataout~0    ; |laba8_var1|cache_final:inst1|cache_line:inst2|lpm_mux0:inst6|lpm_mux:lpm_mux_component|mux_94e:auto_generated|l1_w5_n0_mux_dataout~0    ; out0             ;
; |laba8_var1|cache_final:inst1|cache_line:inst2|lpm_mux0:inst6|lpm_mux:lpm_mux_component|mux_94e:auto_generated|l1_w5_n0_mux_dataout~1    ; |laba8_var1|cache_final:inst1|cache_line:inst2|lpm_mux0:inst6|lpm_mux:lpm_mux_component|mux_94e:auto_generated|l1_w5_n0_mux_dataout~1    ; out0             ;
; |laba8_var1|cache_final:inst1|cache_line:inst2|lpm_mux0:inst6|lpm_mux:lpm_mux_component|mux_94e:auto_generated|l1_w5_n0_mux_dataout      ; |laba8_var1|cache_final:inst1|cache_line:inst2|lpm_mux0:inst6|lpm_mux:lpm_mux_component|mux_94e:auto_generated|l1_w5_n0_mux_dataout      ; out0             ;
; |laba8_var1|cache_final:inst1|cache_line:inst2|lpm_mux0:inst6|lpm_mux:lpm_mux_component|mux_94e:auto_generated|l1_w6_n0_mux_dataout~0    ; |laba8_var1|cache_final:inst1|cache_line:inst2|lpm_mux0:inst6|lpm_mux:lpm_mux_component|mux_94e:auto_generated|l1_w6_n0_mux_dataout~0    ; out0             ;
; |laba8_var1|cache_final:inst1|cache_line:inst2|lpm_mux0:inst6|lpm_mux:lpm_mux_component|mux_94e:auto_generated|l1_w6_n0_mux_dataout~1    ; |laba8_var1|cache_final:inst1|cache_line:inst2|lpm_mux0:inst6|lpm_mux:lpm_mux_component|mux_94e:auto_generated|l1_w6_n0_mux_dataout~1    ; out0             ;
; |laba8_var1|cache_final:inst1|cache_line:inst2|lpm_mux0:inst6|lpm_mux:lpm_mux_component|mux_94e:auto_generated|l1_w6_n0_mux_dataout      ; |laba8_var1|cache_final:inst1|cache_line:inst2|lpm_mux0:inst6|lpm_mux:lpm_mux_component|mux_94e:auto_generated|l1_w6_n0_mux_dataout      ; out0             ;
; |laba8_var1|cache_final:inst1|cache_line:inst2|lpm_mux0:inst6|lpm_mux:lpm_mux_component|mux_94e:auto_generated|l1_w7_n0_mux_dataout~0    ; |laba8_var1|cache_final:inst1|cache_line:inst2|lpm_mux0:inst6|lpm_mux:lpm_mux_component|mux_94e:auto_generated|l1_w7_n0_mux_dataout~0    ; out0             ;
; |laba8_var1|cache_final:inst1|cache_line:inst2|lpm_mux0:inst6|lpm_mux:lpm_mux_component|mux_94e:auto_generated|l1_w7_n0_mux_dataout~1    ; |laba8_var1|cache_final:inst1|cache_line:inst2|lpm_mux0:inst6|lpm_mux:lpm_mux_component|mux_94e:auto_generated|l1_w7_n0_mux_dataout~1    ; out0             ;
; |laba8_var1|cache_final:inst1|cache_line:inst2|lpm_mux0:inst6|lpm_mux:lpm_mux_component|mux_94e:auto_generated|l1_w7_n0_mux_dataout      ; |laba8_var1|cache_final:inst1|cache_line:inst2|lpm_mux0:inst6|lpm_mux:lpm_mux_component|mux_94e:auto_generated|l1_w7_n0_mux_dataout      ; out0             ;
; |laba8_var1|cache_final:inst1|cache_line:inst2|lpm_dff0:inst|lpm_ff:lpm_ff_component|dffs[4]                                             ; |laba8_var1|cache_final:inst1|cache_line:inst2|lpm_dff0:inst|lpm_ff:lpm_ff_component|dffs[4]                                             ; regout           ;
; |laba8_var1|cache_final:inst1|cache_line:inst2|lpm_dff0:inst|lpm_ff:lpm_ff_component|dffs[3]                                             ; |laba8_var1|cache_final:inst1|cache_line:inst2|lpm_dff0:inst|lpm_ff:lpm_ff_component|dffs[3]                                             ; regout           ;
; |laba8_var1|cache_final:inst1|cache_line:inst2|lpm_dff0:inst|lpm_ff:lpm_ff_component|dffs[2]                                             ; |laba8_var1|cache_final:inst1|cache_line:inst2|lpm_dff0:inst|lpm_ff:lpm_ff_component|dffs[2]                                             ; regout           ;
; |laba8_var1|cache_final:inst1|cache_line:inst2|lpm_dff0:inst|lpm_ff:lpm_ff_component|dffs[1]                                             ; |laba8_var1|cache_final:inst1|cache_line:inst2|lpm_dff0:inst|lpm_ff:lpm_ff_component|dffs[1]                                             ; regout           ;
; |laba8_var1|cache_final:inst1|cache_line:inst2|lpm_dff0:inst|lpm_ff:lpm_ff_component|dffs[0]                                             ; |laba8_var1|cache_final:inst1|cache_line:inst2|lpm_dff0:inst|lpm_ff:lpm_ff_component|dffs[0]                                             ; regout           ;
; |laba8_var1|cache_final:inst1|cache_line:inst2|lpm_compare0:inst8|lpm_compare:lpm_compare_component|cmpr_cig:auto_generated|data_wire[2] ; |laba8_var1|cache_final:inst1|cache_line:inst2|lpm_compare0:inst8|lpm_compare:lpm_compare_component|cmpr_cig:auto_generated|data_wire[2] ; out0             ;
; |laba8_var1|cache_final:inst1|cache_line:inst2|lpm_dff3:inst1|lpm_ff:lpm_ff_component|dffs[0]                                            ; |laba8_var1|cache_final:inst1|cache_line:inst2|lpm_dff3:inst1|lpm_ff:lpm_ff_component|dffs[0]                                            ; regout           ;
; |laba8_var1|cache_final:inst3|lpm_mux1:inst9|lpm_mux:lpm_mux_component|mux_94e:auto_generated|l1_w0_n0_mux_dataout~1                     ; |laba8_var1|cache_final:inst3|lpm_mux1:inst9|lpm_mux:lpm_mux_component|mux_94e:auto_generated|l1_w0_n0_mux_dataout~1                     ; out0             ;
; |laba8_var1|cache_final:inst3|lpm_mux1:inst9|lpm_mux:lpm_mux_component|mux_94e:auto_generated|l1_w1_n0_mux_dataout~0                     ; |laba8_var1|cache_final:inst3|lpm_mux1:inst9|lpm_mux:lpm_mux_component|mux_94e:auto_generated|l1_w1_n0_mux_dataout~0                     ; out0             ;
; |laba8_var1|cache_final:inst3|lpm_mux1:inst9|lpm_mux:lpm_mux_component|mux_94e:auto_generated|l1_w1_n0_mux_dataout~1                     ; |laba8_var1|cache_final:inst3|lpm_mux1:inst9|lpm_mux:lpm_mux_component|mux_94e:auto_generated|l1_w1_n0_mux_dataout~1                     ; out0             ;
; |laba8_var1|cache_final:inst3|lpm_mux1:inst9|lpm_mux:lpm_mux_component|mux_94e:auto_generated|l1_w1_n0_mux_dataout                       ; |laba8_var1|cache_final:inst3|lpm_mux1:inst9|lpm_mux:lpm_mux_component|mux_94e:auto_generated|l1_w1_n0_mux_dataout                       ; out0             ;
; |laba8_var1|cache_final:inst3|lpm_mux1:inst9|lpm_mux:lpm_mux_component|mux_94e:auto_generated|l1_w2_n0_mux_dataout~0                     ; |laba8_var1|cache_final:inst3|lpm_mux1:inst9|lpm_mux:lpm_mux_component|mux_94e:auto_generated|l1_w2_n0_mux_dataout~0                     ; out0             ;
; |laba8_var1|cache_final:inst3|lpm_mux1:inst9|lpm_mux:lpm_mux_component|mux_94e:auto_generated|l1_w2_n0_mux_dataout~1                     ; |laba8_var1|cache_final:inst3|lpm_mux1:inst9|lpm_mux:lpm_mux_component|mux_94e:auto_generated|l1_w2_n0_mux_dataout~1                     ; out0             ;
; |laba8_var1|cache_final:inst3|lpm_mux1:inst9|lpm_mux:lpm_mux_component|mux_94e:auto_generated|l1_w2_n0_mux_dataout                       ; |laba8_var1|cache_final:inst3|lpm_mux1:inst9|lpm_mux:lpm_mux_component|mux_94e:auto_generated|l1_w2_n0_mux_dataout                       ; out0             ;
; |laba8_var1|cache_final:inst3|lpm_mux1:inst9|lpm_mux:lpm_mux_component|mux_94e:auto_generated|l1_w3_n0_mux_dataout~1                     ; |laba8_var1|cache_final:inst3|lpm_mux1:inst9|lpm_mux:lpm_mux_component|mux_94e:auto_generated|l1_w3_n0_mux_dataout~1                     ; out0             ;
; |laba8_var1|cache_final:inst3|lpm_mux1:inst9|lpm_mux:lpm_mux_component|mux_94e:auto_generated|l1_w4_n0_mux_dataout~0                     ; |laba8_var1|cache_final:inst3|lpm_mux1:inst9|lpm_mux:lpm_mux_component|mux_94e:auto_generated|l1_w4_n0_mux_dataout~0                     ; out0             ;
; |laba8_var1|cache_final:inst3|lpm_mux1:inst9|lpm_mux:lpm_mux_component|mux_94e:auto_generated|l1_w4_n0_mux_dataout~1                     ; |laba8_var1|cache_final:inst3|lpm_mux1:inst9|lpm_mux:lpm_mux_component|mux_94e:auto_generated|l1_w4_n0_mux_dataout~1                     ; out0             ;
; |laba8_var1|cache_final:inst3|lpm_mux1:inst9|lpm_mux:lpm_mux_component|mux_94e:auto_generated|l1_w4_n0_mux_dataout                       ; |laba8_var1|cache_final:inst3|lpm_mux1:inst9|lpm_mux:lpm_mux_component|mux_94e:auto_generated|l1_w4_n0_mux_dataout                       ; out0             ;
; |laba8_var1|cache_final:inst3|lpm_mux1:inst9|lpm_mux:lpm_mux_component|mux_94e:auto_generated|l1_w5_n0_mux_dataout~0                     ; |laba8_var1|cache_final:inst3|lpm_mux1:inst9|lpm_mux:lpm_mux_component|mux_94e:auto_generated|l1_w5_n0_mux_dataout~0                     ; out0             ;
; |laba8_var1|cache_final:inst3|lpm_mux1:inst9|lpm_mux:lpm_mux_component|mux_94e:auto_generated|l1_w5_n0_mux_dataout~1                     ; |laba8_var1|cache_final:inst3|lpm_mux1:inst9|lpm_mux:lpm_mux_component|mux_94e:auto_generated|l1_w5_n0_mux_dataout~1                     ; out0             ;
; |laba8_var1|cache_final:inst3|lpm_mux1:inst9|lpm_mux:lpm_mux_component|mux_94e:auto_generated|l1_w5_n0_mux_dataout                       ; |laba8_var1|cache_final:inst3|lpm_mux1:inst9|lpm_mux:lpm_mux_component|mux_94e:auto_generated|l1_w5_n0_mux_dataout                       ; out0             ;
; |laba8_var1|cache_final:inst3|lpm_mux1:inst9|lpm_mux:lpm_mux_component|mux_94e:auto_generated|l1_w6_n0_mux_dataout~0                     ; |laba8_var1|cache_final:inst3|lpm_mux1:inst9|lpm_mux:lpm_mux_component|mux_94e:auto_generated|l1_w6_n0_mux_dataout~0                     ; out0             ;
; |laba8_var1|cache_final:inst3|lpm_mux1:inst9|lpm_mux:lpm_mux_component|mux_94e:auto_generated|l1_w6_n0_mux_dataout~1                     ; |laba8_var1|cache_final:inst3|lpm_mux1:inst9|lpm_mux:lpm_mux_component|mux_94e:auto_generated|l1_w6_n0_mux_dataout~1                     ; out0             ;
; |laba8_var1|cache_final:inst3|lpm_mux1:inst9|lpm_mux:lpm_mux_component|mux_94e:auto_generated|l1_w6_n0_mux_dataout                       ; |laba8_var1|cache_final:inst3|lpm_mux1:inst9|lpm_mux:lpm_mux_component|mux_94e:auto_generated|l1_w6_n0_mux_dataout                       ; out0             ;
; |laba8_var1|cache_final:inst3|lpm_mux1:inst9|lpm_mux:lpm_mux_component|mux_94e:auto_generated|l1_w7_n0_mux_dataout~0                     ; |laba8_var1|cache_final:inst3|lpm_mux1:inst9|lpm_mux:lpm_mux_component|mux_94e:auto_generated|l1_w7_n0_mux_dataout~0                     ; out0             ;
; |laba8_var1|cache_final:inst3|lpm_mux1:inst9|lpm_mux:lpm_mux_component|mux_94e:auto_generated|l1_w7_n0_mux_dataout~1                     ; |laba8_var1|cache_final:inst3|lpm_mux1:inst9|lpm_mux:lpm_mux_component|mux_94e:auto_generated|l1_w7_n0_mux_dataout~1                     ; out0             ;
; |laba8_var1|cache_final:inst3|lpm_mux1:inst9|lpm_mux:lpm_mux_component|mux_94e:auto_generated|l1_w7_n0_mux_dataout                       ; |laba8_var1|cache_final:inst3|lpm_mux1:inst9|lpm_mux:lpm_mux_component|mux_94e:auto_generated|l1_w7_n0_mux_dataout                       ; out0             ;
; |laba8_var1|cache_final:inst3|cache_line:inst|lpm_dff1:inst2|lpm_ff:lpm_ff_component|dffs[7]                                             ; |laba8_var1|cache_final:inst3|cache_line:inst|lpm_dff1:inst2|lpm_ff:lpm_ff_component|dffs[7]                                             ; regout           ;
; |laba8_var1|cache_final:inst3|cache_line:inst|lpm_dff1:inst2|lpm_ff:lpm_ff_component|dffs[6]                                             ; |laba8_var1|cache_final:inst3|cache_line:inst|lpm_dff1:inst2|lpm_ff:lpm_ff_component|dffs[6]                                             ; regout           ;
; |laba8_var1|cache_final:inst3|cache_line:inst|lpm_dff1:inst2|lpm_ff:lpm_ff_component|dffs[5]                                             ; |laba8_var1|cache_final:inst3|cache_line:inst|lpm_dff1:inst2|lpm_ff:lpm_ff_component|dffs[5]                                             ; regout           ;
; |laba8_var1|cache_final:inst3|cache_line:inst|lpm_dff1:inst2|lpm_ff:lpm_ff_component|dffs[4]                                             ; |laba8_var1|cache_final:inst3|cache_line:inst|lpm_dff1:inst2|lpm_ff:lpm_ff_component|dffs[4]                                             ; regout           ;
; |laba8_var1|cache_final:inst3|cache_line:inst|lpm_dff1:inst2|lpm_ff:lpm_ff_component|dffs[3]                                             ; |laba8_var1|cache_final:inst3|cache_line:inst|lpm_dff1:inst2|lpm_ff:lpm_ff_component|dffs[3]                                             ; regout           ;
; |laba8_var1|cache_final:inst3|cache_line:inst|lpm_dff1:inst2|lpm_ff:lpm_ff_component|dffs[2]                                             ; |laba8_var1|cache_final:inst3|cache_line:inst|lpm_dff1:inst2|lpm_ff:lpm_ff_component|dffs[2]                                             ; regout           ;
; |laba8_var1|cache_final:inst3|cache_line:inst|lpm_dff1:inst2|lpm_ff:lpm_ff_component|dffs[1]                                             ; |laba8_var1|cache_final:inst3|cache_line:inst|lpm_dff1:inst2|lpm_ff:lpm_ff_component|dffs[1]                                             ; regout           ;
; |laba8_var1|cache_final:inst3|cache_line:inst|lpm_dff1:inst2|lpm_ff:lpm_ff_component|dffs[0]                                             ; |laba8_var1|cache_final:inst3|cache_line:inst|lpm_dff1:inst2|lpm_ff:lpm_ff_component|dffs[0]                                             ; regout           ;
; |laba8_var1|cache_final:inst3|cache_line:inst|lpm_dff2:inst3|lpm_ff:lpm_ff_component|dffs[7]                                             ; |laba8_var1|cache_final:inst3|cache_line:inst|lpm_dff2:inst3|lpm_ff:lpm_ff_component|dffs[7]                                             ; regout           ;
; |laba8_var1|cache_final:inst3|cache_line:inst|lpm_dff2:inst3|lpm_ff:lpm_ff_component|dffs[6]                                             ; |laba8_var1|cache_final:inst3|cache_line:inst|lpm_dff2:inst3|lpm_ff:lpm_ff_component|dffs[6]                                             ; regout           ;
; |laba8_var1|cache_final:inst3|cache_line:inst|lpm_dff2:inst3|lpm_ff:lpm_ff_component|dffs[5]                                             ; |laba8_var1|cache_final:inst3|cache_line:inst|lpm_dff2:inst3|lpm_ff:lpm_ff_component|dffs[5]                                             ; regout           ;
; |laba8_var1|cache_final:inst3|cache_line:inst|lpm_dff2:inst3|lpm_ff:lpm_ff_component|dffs[4]                                             ; |laba8_var1|cache_final:inst3|cache_line:inst|lpm_dff2:inst3|lpm_ff:lpm_ff_component|dffs[4]                                             ; regout           ;
; |laba8_var1|cache_final:inst3|cache_line:inst|lpm_dff2:inst3|lpm_ff:lpm_ff_component|dffs[3]                                             ; |laba8_var1|cache_final:inst3|cache_line:inst|lpm_dff2:inst3|lpm_ff:lpm_ff_component|dffs[3]                                             ; regout           ;
; |laba8_var1|cache_final:inst3|cache_line:inst|lpm_dff2:inst3|lpm_ff:lpm_ff_component|dffs[2]                                             ; |laba8_var1|cache_final:inst3|cache_line:inst|lpm_dff2:inst3|lpm_ff:lpm_ff_component|dffs[2]                                             ; regout           ;
; |laba8_var1|cache_final:inst3|cache_line:inst|lpm_dff2:inst3|lpm_ff:lpm_ff_component|dffs[1]                                             ; |laba8_var1|cache_final:inst3|cache_line:inst|lpm_dff2:inst3|lpm_ff:lpm_ff_component|dffs[1]                                             ; regout           ;
; |laba8_var1|cache_final:inst3|cache_line:inst|lpm_dff2:inst3|lpm_ff:lpm_ff_component|dffs[0]                                             ; |laba8_var1|cache_final:inst3|cache_line:inst|lpm_dff2:inst3|lpm_ff:lpm_ff_component|dffs[0]                                             ; regout           ;
; |laba8_var1|cache_final:inst3|cache_line:inst|lpm_mux0:inst6|lpm_mux:lpm_mux_component|mux_94e:auto_generated|l1_w0_n0_mux_dataout~0     ; |laba8_var1|cache_final:inst3|cache_line:inst|lpm_mux0:inst6|lpm_mux:lpm_mux_component|mux_94e:auto_generated|l1_w0_n0_mux_dataout~0     ; out0             ;
; |laba8_var1|cache_final:inst3|cache_line:inst|lpm_mux0:inst6|lpm_mux:lpm_mux_component|mux_94e:auto_generated|l1_w1_n0_mux_dataout~0     ; |laba8_var1|cache_final:inst3|cache_line:inst|lpm_mux0:inst6|lpm_mux:lpm_mux_component|mux_94e:auto_generated|l1_w1_n0_mux_dataout~0     ; out0             ;
; |laba8_var1|cache_final:inst3|cache_line:inst|lpm_mux0:inst6|lpm_mux:lpm_mux_component|mux_94e:auto_generated|l1_w1_n0_mux_dataout~1     ; |laba8_var1|cache_final:inst3|cache_line:inst|lpm_mux0:inst6|lpm_mux:lpm_mux_component|mux_94e:auto_generated|l1_w1_n0_mux_dataout~1     ; out0             ;
; |laba8_var1|cache_final:inst3|cache_line:inst|lpm_mux0:inst6|lpm_mux:lpm_mux_component|mux_94e:auto_generated|l1_w1_n0_mux_dataout       ; |laba8_var1|cache_final:inst3|cache_line:inst|lpm_mux0:inst6|lpm_mux:lpm_mux_component|mux_94e:auto_generated|l1_w1_n0_mux_dataout       ; out0             ;
; |laba8_var1|cache_final:inst3|cache_line:inst|lpm_mux0:inst6|lpm_mux:lpm_mux_component|mux_94e:auto_generated|l1_w2_n0_mux_dataout~0     ; |laba8_var1|cache_final:inst3|cache_line:inst|lpm_mux0:inst6|lpm_mux:lpm_mux_component|mux_94e:auto_generated|l1_w2_n0_mux_dataout~0     ; out0             ;
; |laba8_var1|cache_final:inst3|cache_line:inst|lpm_mux0:inst6|lpm_mux:lpm_mux_component|mux_94e:auto_generated|l1_w2_n0_mux_dataout~1     ; |laba8_var1|cache_final:inst3|cache_line:inst|lpm_mux0:inst6|lpm_mux:lpm_mux_component|mux_94e:auto_generated|l1_w2_n0_mux_dataout~1     ; out0             ;
; |laba8_var1|cache_final:inst3|cache_line:inst|lpm_mux0:inst6|lpm_mux:lpm_mux_component|mux_94e:auto_generated|l1_w2_n0_mux_dataout       ; |laba8_var1|cache_final:inst3|cache_line:inst|lpm_mux0:inst6|lpm_mux:lpm_mux_component|mux_94e:auto_generated|l1_w2_n0_mux_dataout       ; out0             ;
; |laba8_var1|cache_final:inst3|cache_line:inst|lpm_mux0:inst6|lpm_mux:lpm_mux_component|mux_94e:auto_generated|l1_w3_n0_mux_dataout       ; |laba8_var1|cache_final:inst3|cache_line:inst|lpm_mux0:inst6|lpm_mux:lpm_mux_component|mux_94e:auto_generated|l1_w3_n0_mux_dataout       ; out0             ;
; |laba8_var1|cache_final:inst3|cache_line:inst|lpm_mux0:inst6|lpm_mux:lpm_mux_component|mux_94e:auto_generated|l1_w4_n0_mux_dataout~0     ; |laba8_var1|cache_final:inst3|cache_line:inst|lpm_mux0:inst6|lpm_mux:lpm_mux_component|mux_94e:auto_generated|l1_w4_n0_mux_dataout~0     ; out0             ;
; |laba8_var1|cache_final:inst3|cache_line:inst|lpm_mux0:inst6|lpm_mux:lpm_mux_component|mux_94e:auto_generated|l1_w4_n0_mux_dataout~1     ; |laba8_var1|cache_final:inst3|cache_line:inst|lpm_mux0:inst6|lpm_mux:lpm_mux_component|mux_94e:auto_generated|l1_w4_n0_mux_dataout~1     ; out0             ;
; |laba8_var1|cache_final:inst3|cache_line:inst|lpm_mux0:inst6|lpm_mux:lpm_mux_component|mux_94e:auto_generated|l1_w4_n0_mux_dataout       ; |laba8_var1|cache_final:inst3|cache_line:inst|lpm_mux0:inst6|lpm_mux:lpm_mux_component|mux_94e:auto_generated|l1_w4_n0_mux_dataout       ; out0             ;
; |laba8_var1|cache_final:inst3|cache_line:inst|lpm_mux0:inst6|lpm_mux:lpm_mux_component|mux_94e:auto_generated|l1_w5_n0_mux_dataout~0     ; |laba8_var1|cache_final:inst3|cache_line:inst|lpm_mux0:inst6|lpm_mux:lpm_mux_component|mux_94e:auto_generated|l1_w5_n0_mux_dataout~0     ; out0             ;
; |laba8_var1|cache_final:inst3|cache_line:inst|lpm_mux0:inst6|lpm_mux:lpm_mux_component|mux_94e:auto_generated|l1_w5_n0_mux_dataout~1     ; |laba8_var1|cache_final:inst3|cache_line:inst|lpm_mux0:inst6|lpm_mux:lpm_mux_component|mux_94e:auto_generated|l1_w5_n0_mux_dataout~1     ; out0             ;
; |laba8_var1|cache_final:inst3|cache_line:inst|lpm_mux0:inst6|lpm_mux:lpm_mux_component|mux_94e:auto_generated|l1_w5_n0_mux_dataout       ; |laba8_var1|cache_final:inst3|cache_line:inst|lpm_mux0:inst6|lpm_mux:lpm_mux_component|mux_94e:auto_generated|l1_w5_n0_mux_dataout       ; out0             ;
; |laba8_var1|cache_final:inst3|cache_line:inst|lpm_mux0:inst6|lpm_mux:lpm_mux_component|mux_94e:auto_generated|l1_w6_n0_mux_dataout~0     ; |laba8_var1|cache_final:inst3|cache_line:inst|lpm_mux0:inst6|lpm_mux:lpm_mux_component|mux_94e:auto_generated|l1_w6_n0_mux_dataout~0     ; out0             ;
; |laba8_var1|cache_final:inst3|cache_line:inst|lpm_mux0:inst6|lpm_mux:lpm_mux_component|mux_94e:auto_generated|l1_w6_n0_mux_dataout~1     ; |laba8_var1|cache_final:inst3|cache_line:inst|lpm_mux0:inst6|lpm_mux:lpm_mux_component|mux_94e:auto_generated|l1_w6_n0_mux_dataout~1     ; out0             ;
; |laba8_var1|cache_final:inst3|cache_line:inst|lpm_mux0:inst6|lpm_mux:lpm_mux_component|mux_94e:auto_generated|l1_w6_n0_mux_dataout       ; |laba8_var1|cache_final:inst3|cache_line:inst|lpm_mux0:inst6|lpm_mux:lpm_mux_component|mux_94e:auto_generated|l1_w6_n0_mux_dataout       ; out0             ;
; |laba8_var1|cache_final:inst3|cache_line:inst|lpm_mux0:inst6|lpm_mux:lpm_mux_component|mux_94e:auto_generated|l1_w7_n0_mux_dataout~0     ; |laba8_var1|cache_final:inst3|cache_line:inst|lpm_mux0:inst6|lpm_mux:lpm_mux_component|mux_94e:auto_generated|l1_w7_n0_mux_dataout~0     ; out0             ;
; |laba8_var1|cache_final:inst3|cache_line:inst|lpm_mux0:inst6|lpm_mux:lpm_mux_component|mux_94e:auto_generated|l1_w7_n0_mux_dataout~1     ; |laba8_var1|cache_final:inst3|cache_line:inst|lpm_mux0:inst6|lpm_mux:lpm_mux_component|mux_94e:auto_generated|l1_w7_n0_mux_dataout~1     ; out0             ;
; |laba8_var1|cache_final:inst3|cache_line:inst|lpm_mux0:inst6|lpm_mux:lpm_mux_component|mux_94e:auto_generated|l1_w7_n0_mux_dataout       ; |laba8_var1|cache_final:inst3|cache_line:inst|lpm_mux0:inst6|lpm_mux:lpm_mux_component|mux_94e:auto_generated|l1_w7_n0_mux_dataout       ; out0             ;
; |laba8_var1|cache_final:inst3|cache_line:inst|lpm_dff0:inst|lpm_ff:lpm_ff_component|dffs[4]                                              ; |laba8_var1|cache_final:inst3|cache_line:inst|lpm_dff0:inst|lpm_ff:lpm_ff_component|dffs[4]                                              ; regout           ;
; |laba8_var1|cache_final:inst3|cache_line:inst|lpm_dff0:inst|lpm_ff:lpm_ff_component|dffs[3]                                              ; |laba8_var1|cache_final:inst3|cache_line:inst|lpm_dff0:inst|lpm_ff:lpm_ff_component|dffs[3]                                              ; regout           ;
; |laba8_var1|cache_final:inst3|cache_line:inst|lpm_dff0:inst|lpm_ff:lpm_ff_component|dffs[2]                                              ; |laba8_var1|cache_final:inst3|cache_line:inst|lpm_dff0:inst|lpm_ff:lpm_ff_component|dffs[2]                                              ; regout           ;
; |laba8_var1|cache_final:inst3|cache_line:inst|lpm_dff0:inst|lpm_ff:lpm_ff_component|dffs[1]                                              ; |laba8_var1|cache_final:inst3|cache_line:inst|lpm_dff0:inst|lpm_ff:lpm_ff_component|dffs[1]                                              ; regout           ;
; |laba8_var1|cache_final:inst3|cache_line:inst|lpm_dff0:inst|lpm_ff:lpm_ff_component|dffs[0]                                              ; |laba8_var1|cache_final:inst3|cache_line:inst|lpm_dff0:inst|lpm_ff:lpm_ff_component|dffs[0]                                              ; regout           ;
; |laba8_var1|cache_final:inst3|cache_line:inst|lpm_compare0:inst8|lpm_compare:lpm_compare_component|cmpr_cig:auto_generated|data_wire[2]  ; |laba8_var1|cache_final:inst3|cache_line:inst|lpm_compare0:inst8|lpm_compare:lpm_compare_component|cmpr_cig:auto_generated|data_wire[2]  ; out0             ;
; |laba8_var1|cache_final:inst3|cache_line:inst|lpm_dff3:inst1|lpm_ff:lpm_ff_component|dffs[0]                                             ; |laba8_var1|cache_final:inst3|cache_line:inst|lpm_dff3:inst1|lpm_ff:lpm_ff_component|dffs[0]                                             ; regout           ;
; |laba8_var1|cache_final:inst3|lpm_dff4:inst10|lpm_ff:lpm_ff_component|dffs[0]                                                            ; |laba8_var1|cache_final:inst3|lpm_dff4:inst10|lpm_ff:lpm_ff_component|dffs[0]                                                            ; regout           ;
; |laba8_var1|cache_final:inst3|cache_line:inst2|inst4                                                                                     ; |laba8_var1|cache_final:inst3|cache_line:inst2|inst4                                                                                     ; out0             ;
; |laba8_var1|cache_final:inst3|cache_line:inst2|lpm_dff1:inst2|lpm_ff:lpm_ff_component|dffs[7]                                            ; |laba8_var1|cache_final:inst3|cache_line:inst2|lpm_dff1:inst2|lpm_ff:lpm_ff_component|dffs[7]                                            ; regout           ;
; |laba8_var1|cache_final:inst3|cache_line:inst2|lpm_dff1:inst2|lpm_ff:lpm_ff_component|dffs[6]                                            ; |laba8_var1|cache_final:inst3|cache_line:inst2|lpm_dff1:inst2|lpm_ff:lpm_ff_component|dffs[6]                                            ; regout           ;
; |laba8_var1|cache_final:inst3|cache_line:inst2|lpm_dff1:inst2|lpm_ff:lpm_ff_component|dffs[5]                                            ; |laba8_var1|cache_final:inst3|cache_line:inst2|lpm_dff1:inst2|lpm_ff:lpm_ff_component|dffs[5]                                            ; regout           ;
; |laba8_var1|cache_final:inst3|cache_line:inst2|lpm_dff1:inst2|lpm_ff:lpm_ff_component|dffs[4]                                            ; |laba8_var1|cache_final:inst3|cache_line:inst2|lpm_dff1:inst2|lpm_ff:lpm_ff_component|dffs[4]                                            ; regout           ;
; |laba8_var1|cache_final:inst3|cache_line:inst2|lpm_dff1:inst2|lpm_ff:lpm_ff_component|dffs[3]                                            ; |laba8_var1|cache_final:inst3|cache_line:inst2|lpm_dff1:inst2|lpm_ff:lpm_ff_component|dffs[3]                                            ; regout           ;
; |laba8_var1|cache_final:inst3|cache_line:inst2|lpm_dff1:inst2|lpm_ff:lpm_ff_component|dffs[2]                                            ; |laba8_var1|cache_final:inst3|cache_line:inst2|lpm_dff1:inst2|lpm_ff:lpm_ff_component|dffs[2]                                            ; regout           ;
; |laba8_var1|cache_final:inst3|cache_line:inst2|lpm_dff1:inst2|lpm_ff:lpm_ff_component|dffs[1]                                            ; |laba8_var1|cache_final:inst3|cache_line:inst2|lpm_dff1:inst2|lpm_ff:lpm_ff_component|dffs[1]                                            ; regout           ;
; |laba8_var1|cache_final:inst3|cache_line:inst2|lpm_dff1:inst2|lpm_ff:lpm_ff_component|dffs[0]                                            ; |laba8_var1|cache_final:inst3|cache_line:inst2|lpm_dff1:inst2|lpm_ff:lpm_ff_component|dffs[0]                                            ; regout           ;
; |laba8_var1|cache_final:inst3|cache_line:inst2|lpm_dff2:inst3|lpm_ff:lpm_ff_component|dffs[7]                                            ; |laba8_var1|cache_final:inst3|cache_line:inst2|lpm_dff2:inst3|lpm_ff:lpm_ff_component|dffs[7]                                            ; regout           ;
; |laba8_var1|cache_final:inst3|cache_line:inst2|lpm_dff2:inst3|lpm_ff:lpm_ff_component|dffs[6]                                            ; |laba8_var1|cache_final:inst3|cache_line:inst2|lpm_dff2:inst3|lpm_ff:lpm_ff_component|dffs[6]                                            ; regout           ;
; |laba8_var1|cache_final:inst3|cache_line:inst2|lpm_dff2:inst3|lpm_ff:lpm_ff_component|dffs[5]                                            ; |laba8_var1|cache_final:inst3|cache_line:inst2|lpm_dff2:inst3|lpm_ff:lpm_ff_component|dffs[5]                                            ; regout           ;
; |laba8_var1|cache_final:inst3|cache_line:inst2|lpm_dff2:inst3|lpm_ff:lpm_ff_component|dffs[4]                                            ; |laba8_var1|cache_final:inst3|cache_line:inst2|lpm_dff2:inst3|lpm_ff:lpm_ff_component|dffs[4]                                            ; regout           ;
; |laba8_var1|cache_final:inst3|cache_line:inst2|lpm_dff2:inst3|lpm_ff:lpm_ff_component|dffs[3]                                            ; |laba8_var1|cache_final:inst3|cache_line:inst2|lpm_dff2:inst3|lpm_ff:lpm_ff_component|dffs[3]                                            ; regout           ;
; |laba8_var1|cache_final:inst3|cache_line:inst2|lpm_dff2:inst3|lpm_ff:lpm_ff_component|dffs[2]                                            ; |laba8_var1|cache_final:inst3|cache_line:inst2|lpm_dff2:inst3|lpm_ff:lpm_ff_component|dffs[2]                                            ; regout           ;
; |laba8_var1|cache_final:inst3|cache_line:inst2|lpm_dff2:inst3|lpm_ff:lpm_ff_component|dffs[1]                                            ; |laba8_var1|cache_final:inst3|cache_line:inst2|lpm_dff2:inst3|lpm_ff:lpm_ff_component|dffs[1]                                            ; regout           ;
; |laba8_var1|cache_final:inst3|cache_line:inst2|lpm_dff2:inst3|lpm_ff:lpm_ff_component|dffs[0]                                            ; |laba8_var1|cache_final:inst3|cache_line:inst2|lpm_dff2:inst3|lpm_ff:lpm_ff_component|dffs[0]                                            ; regout           ;
; |laba8_var1|cache_final:inst3|cache_line:inst2|lpm_mux0:inst6|lpm_mux:lpm_mux_component|mux_94e:auto_generated|l1_w0_n0_mux_dataout~0    ; |laba8_var1|cache_final:inst3|cache_line:inst2|lpm_mux0:inst6|lpm_mux:lpm_mux_component|mux_94e:auto_generated|l1_w0_n0_mux_dataout~0    ; out0             ;
; |laba8_var1|cache_final:inst3|cache_line:inst2|lpm_mux0:inst6|lpm_mux:lpm_mux_component|mux_94e:auto_generated|l1_w0_n0_mux_dataout~1    ; |laba8_var1|cache_final:inst3|cache_line:inst2|lpm_mux0:inst6|lpm_mux:lpm_mux_component|mux_94e:auto_generated|l1_w0_n0_mux_dataout~1    ; out0             ;
; |laba8_var1|cache_final:inst3|cache_line:inst2|lpm_mux0:inst6|lpm_mux:lpm_mux_component|mux_94e:auto_generated|l1_w0_n0_mux_dataout      ; |laba8_var1|cache_final:inst3|cache_line:inst2|lpm_mux0:inst6|lpm_mux:lpm_mux_component|mux_94e:auto_generated|l1_w0_n0_mux_dataout      ; out0             ;
; |laba8_var1|cache_final:inst3|cache_line:inst2|lpm_mux0:inst6|lpm_mux:lpm_mux_component|mux_94e:auto_generated|l1_w1_n0_mux_dataout~0    ; |laba8_var1|cache_final:inst3|cache_line:inst2|lpm_mux0:inst6|lpm_mux:lpm_mux_component|mux_94e:auto_generated|l1_w1_n0_mux_dataout~0    ; out0             ;
; |laba8_var1|cache_final:inst3|cache_line:inst2|lpm_mux0:inst6|lpm_mux:lpm_mux_component|mux_94e:auto_generated|l1_w1_n0_mux_dataout~1    ; |laba8_var1|cache_final:inst3|cache_line:inst2|lpm_mux0:inst6|lpm_mux:lpm_mux_component|mux_94e:auto_generated|l1_w1_n0_mux_dataout~1    ; out0             ;
; |laba8_var1|cache_final:inst3|cache_line:inst2|lpm_mux0:inst6|lpm_mux:lpm_mux_component|mux_94e:auto_generated|l1_w1_n0_mux_dataout      ; |laba8_var1|cache_final:inst3|cache_line:inst2|lpm_mux0:inst6|lpm_mux:lpm_mux_component|mux_94e:auto_generated|l1_w1_n0_mux_dataout      ; out0             ;
; |laba8_var1|cache_final:inst3|cache_line:inst2|lpm_mux0:inst6|lpm_mux:lpm_mux_component|mux_94e:auto_generated|l1_w2_n0_mux_dataout~0    ; |laba8_var1|cache_final:inst3|cache_line:inst2|lpm_mux0:inst6|lpm_mux:lpm_mux_component|mux_94e:auto_generated|l1_w2_n0_mux_dataout~0    ; out0             ;
; |laba8_var1|cache_final:inst3|cache_line:inst2|lpm_mux0:inst6|lpm_mux:lpm_mux_component|mux_94e:auto_generated|l1_w2_n0_mux_dataout~1    ; |laba8_var1|cache_final:inst3|cache_line:inst2|lpm_mux0:inst6|lpm_mux:lpm_mux_component|mux_94e:auto_generated|l1_w2_n0_mux_dataout~1    ; out0             ;
; |laba8_var1|cache_final:inst3|cache_line:inst2|lpm_mux0:inst6|lpm_mux:lpm_mux_component|mux_94e:auto_generated|l1_w2_n0_mux_dataout      ; |laba8_var1|cache_final:inst3|cache_line:inst2|lpm_mux0:inst6|lpm_mux:lpm_mux_component|mux_94e:auto_generated|l1_w2_n0_mux_dataout      ; out0             ;
; |laba8_var1|cache_final:inst3|cache_line:inst2|lpm_mux0:inst6|lpm_mux:lpm_mux_component|mux_94e:auto_generated|l1_w3_n0_mux_dataout~0    ; |laba8_var1|cache_final:inst3|cache_line:inst2|lpm_mux0:inst6|lpm_mux:lpm_mux_component|mux_94e:auto_generated|l1_w3_n0_mux_dataout~0    ; out0             ;
; |laba8_var1|cache_final:inst3|cache_line:inst2|lpm_mux0:inst6|lpm_mux:lpm_mux_component|mux_94e:auto_generated|l1_w3_n0_mux_dataout~1    ; |laba8_var1|cache_final:inst3|cache_line:inst2|lpm_mux0:inst6|lpm_mux:lpm_mux_component|mux_94e:auto_generated|l1_w3_n0_mux_dataout~1    ; out0             ;
; |laba8_var1|cache_final:inst3|cache_line:inst2|lpm_mux0:inst6|lpm_mux:lpm_mux_component|mux_94e:auto_generated|l1_w3_n0_mux_dataout      ; |laba8_var1|cache_final:inst3|cache_line:inst2|lpm_mux0:inst6|lpm_mux:lpm_mux_component|mux_94e:auto_generated|l1_w3_n0_mux_dataout      ; out0             ;
; |laba8_var1|cache_final:inst3|cache_line:inst2|lpm_mux0:inst6|lpm_mux:lpm_mux_component|mux_94e:auto_generated|l1_w4_n0_mux_dataout~0    ; |laba8_var1|cache_final:inst3|cache_line:inst2|lpm_mux0:inst6|lpm_mux:lpm_mux_component|mux_94e:auto_generated|l1_w4_n0_mux_dataout~0    ; out0             ;
; |laba8_var1|cache_final:inst3|cache_line:inst2|lpm_mux0:inst6|lpm_mux:lpm_mux_component|mux_94e:auto_generated|l1_w4_n0_mux_dataout~1    ; |laba8_var1|cache_final:inst3|cache_line:inst2|lpm_mux0:inst6|lpm_mux:lpm_mux_component|mux_94e:auto_generated|l1_w4_n0_mux_dataout~1    ; out0             ;
; |laba8_var1|cache_final:inst3|cache_line:inst2|lpm_mux0:inst6|lpm_mux:lpm_mux_component|mux_94e:auto_generated|l1_w4_n0_mux_dataout      ; |laba8_var1|cache_final:inst3|cache_line:inst2|lpm_mux0:inst6|lpm_mux:lpm_mux_component|mux_94e:auto_generated|l1_w4_n0_mux_dataout      ; out0             ;
; |laba8_var1|cache_final:inst3|cache_line:inst2|lpm_mux0:inst6|lpm_mux:lpm_mux_component|mux_94e:auto_generated|l1_w5_n0_mux_dataout~0    ; |laba8_var1|cache_final:inst3|cache_line:inst2|lpm_mux0:inst6|lpm_mux:lpm_mux_component|mux_94e:auto_generated|l1_w5_n0_mux_dataout~0    ; out0             ;
; |laba8_var1|cache_final:inst3|cache_line:inst2|lpm_mux0:inst6|lpm_mux:lpm_mux_component|mux_94e:auto_generated|l1_w5_n0_mux_dataout~1    ; |laba8_var1|cache_final:inst3|cache_line:inst2|lpm_mux0:inst6|lpm_mux:lpm_mux_component|mux_94e:auto_generated|l1_w5_n0_mux_dataout~1    ; out0             ;
; |laba8_var1|cache_final:inst3|cache_line:inst2|lpm_mux0:inst6|lpm_mux:lpm_mux_component|mux_94e:auto_generated|l1_w5_n0_mux_dataout      ; |laba8_var1|cache_final:inst3|cache_line:inst2|lpm_mux0:inst6|lpm_mux:lpm_mux_component|mux_94e:auto_generated|l1_w5_n0_mux_dataout      ; out0             ;
; |laba8_var1|cache_final:inst3|cache_line:inst2|lpm_mux0:inst6|lpm_mux:lpm_mux_component|mux_94e:auto_generated|l1_w6_n0_mux_dataout~0    ; |laba8_var1|cache_final:inst3|cache_line:inst2|lpm_mux0:inst6|lpm_mux:lpm_mux_component|mux_94e:auto_generated|l1_w6_n0_mux_dataout~0    ; out0             ;
; |laba8_var1|cache_final:inst3|cache_line:inst2|lpm_mux0:inst6|lpm_mux:lpm_mux_component|mux_94e:auto_generated|l1_w6_n0_mux_dataout~1    ; |laba8_var1|cache_final:inst3|cache_line:inst2|lpm_mux0:inst6|lpm_mux:lpm_mux_component|mux_94e:auto_generated|l1_w6_n0_mux_dataout~1    ; out0             ;
; |laba8_var1|cache_final:inst3|cache_line:inst2|lpm_mux0:inst6|lpm_mux:lpm_mux_component|mux_94e:auto_generated|l1_w6_n0_mux_dataout      ; |laba8_var1|cache_final:inst3|cache_line:inst2|lpm_mux0:inst6|lpm_mux:lpm_mux_component|mux_94e:auto_generated|l1_w6_n0_mux_dataout      ; out0             ;
; |laba8_var1|cache_final:inst3|cache_line:inst2|lpm_mux0:inst6|lpm_mux:lpm_mux_component|mux_94e:auto_generated|l1_w7_n0_mux_dataout~0    ; |laba8_var1|cache_final:inst3|cache_line:inst2|lpm_mux0:inst6|lpm_mux:lpm_mux_component|mux_94e:auto_generated|l1_w7_n0_mux_dataout~0    ; out0             ;
; |laba8_var1|cache_final:inst3|cache_line:inst2|lpm_mux0:inst6|lpm_mux:lpm_mux_component|mux_94e:auto_generated|l1_w7_n0_mux_dataout~1    ; |laba8_var1|cache_final:inst3|cache_line:inst2|lpm_mux0:inst6|lpm_mux:lpm_mux_component|mux_94e:auto_generated|l1_w7_n0_mux_dataout~1    ; out0             ;
; |laba8_var1|cache_final:inst3|cache_line:inst2|lpm_mux0:inst6|lpm_mux:lpm_mux_component|mux_94e:auto_generated|l1_w7_n0_mux_dataout      ; |laba8_var1|cache_final:inst3|cache_line:inst2|lpm_mux0:inst6|lpm_mux:lpm_mux_component|mux_94e:auto_generated|l1_w7_n0_mux_dataout      ; out0             ;
; |laba8_var1|cache_final:inst3|cache_line:inst2|lpm_dff0:inst|lpm_ff:lpm_ff_component|dffs[4]                                             ; |laba8_var1|cache_final:inst3|cache_line:inst2|lpm_dff0:inst|lpm_ff:lpm_ff_component|dffs[4]                                             ; regout           ;
; |laba8_var1|cache_final:inst3|cache_line:inst2|lpm_dff0:inst|lpm_ff:lpm_ff_component|dffs[3]                                             ; |laba8_var1|cache_final:inst3|cache_line:inst2|lpm_dff0:inst|lpm_ff:lpm_ff_component|dffs[3]                                             ; regout           ;
; |laba8_var1|cache_final:inst3|cache_line:inst2|lpm_dff0:inst|lpm_ff:lpm_ff_component|dffs[2]                                             ; |laba8_var1|cache_final:inst3|cache_line:inst2|lpm_dff0:inst|lpm_ff:lpm_ff_component|dffs[2]                                             ; regout           ;
; |laba8_var1|cache_final:inst3|cache_line:inst2|lpm_dff0:inst|lpm_ff:lpm_ff_component|dffs[1]                                             ; |laba8_var1|cache_final:inst3|cache_line:inst2|lpm_dff0:inst|lpm_ff:lpm_ff_component|dffs[1]                                             ; regout           ;
; |laba8_var1|cache_final:inst3|cache_line:inst2|lpm_dff0:inst|lpm_ff:lpm_ff_component|dffs[0]                                             ; |laba8_var1|cache_final:inst3|cache_line:inst2|lpm_dff0:inst|lpm_ff:lpm_ff_component|dffs[0]                                             ; regout           ;
; |laba8_var1|cache_final:inst3|cache_line:inst2|lpm_compare0:inst8|lpm_compare:lpm_compare_component|cmpr_cig:auto_generated|data_wire[2] ; |laba8_var1|cache_final:inst3|cache_line:inst2|lpm_compare0:inst8|lpm_compare:lpm_compare_component|cmpr_cig:auto_generated|data_wire[2] ; out0             ;
; |laba8_var1|cache_final:inst3|cache_line:inst2|lpm_dff3:inst1|lpm_ff:lpm_ff_component|dffs[0]                                            ; |laba8_var1|cache_final:inst3|cache_line:inst2|lpm_dff3:inst1|lpm_ff:lpm_ff_component|dffs[0]                                            ; regout           ;
; |laba8_var1|cache_final:inst2|lpm_mux1:inst9|lpm_mux:lpm_mux_component|mux_94e:auto_generated|l1_w1_n0_mux_dataout~1                     ; |laba8_var1|cache_final:inst2|lpm_mux1:inst9|lpm_mux:lpm_mux_component|mux_94e:auto_generated|l1_w1_n0_mux_dataout~1                     ; out0             ;
; |laba8_var1|cache_final:inst2|lpm_mux1:inst9|lpm_mux:lpm_mux_component|mux_94e:auto_generated|l1_w2_n0_mux_dataout~1                     ; |laba8_var1|cache_final:inst2|lpm_mux1:inst9|lpm_mux:lpm_mux_component|mux_94e:auto_generated|l1_w2_n0_mux_dataout~1                     ; out0             ;
; |laba8_var1|cache_final:inst2|lpm_mux1:inst9|lpm_mux:lpm_mux_component|mux_94e:auto_generated|l1_w3_n0_mux_dataout~0                     ; |laba8_var1|cache_final:inst2|lpm_mux1:inst9|lpm_mux:lpm_mux_component|mux_94e:auto_generated|l1_w3_n0_mux_dataout~0                     ; out0             ;
; |laba8_var1|cache_final:inst2|lpm_mux1:inst9|lpm_mux:lpm_mux_component|mux_94e:auto_generated|l1_w3_n0_mux_dataout~1                     ; |laba8_var1|cache_final:inst2|lpm_mux1:inst9|lpm_mux:lpm_mux_component|mux_94e:auto_generated|l1_w3_n0_mux_dataout~1                     ; out0             ;
; |laba8_var1|cache_final:inst2|lpm_mux1:inst9|lpm_mux:lpm_mux_component|mux_94e:auto_generated|l1_w3_n0_mux_dataout                       ; |laba8_var1|cache_final:inst2|lpm_mux1:inst9|lpm_mux:lpm_mux_component|mux_94e:auto_generated|l1_w3_n0_mux_dataout                       ; out0             ;
; |laba8_var1|cache_final:inst2|lpm_mux1:inst9|lpm_mux:lpm_mux_component|mux_94e:auto_generated|l1_w4_n0_mux_dataout~0                     ; |laba8_var1|cache_final:inst2|lpm_mux1:inst9|lpm_mux:lpm_mux_component|mux_94e:auto_generated|l1_w4_n0_mux_dataout~0                     ; out0             ;
; |laba8_var1|cache_final:inst2|lpm_mux1:inst9|lpm_mux:lpm_mux_component|mux_94e:auto_generated|l1_w4_n0_mux_dataout~1                     ; |laba8_var1|cache_final:inst2|lpm_mux1:inst9|lpm_mux:lpm_mux_component|mux_94e:auto_generated|l1_w4_n0_mux_dataout~1                     ; out0             ;
; |laba8_var1|cache_final:inst2|lpm_mux1:inst9|lpm_mux:lpm_mux_component|mux_94e:auto_generated|l1_w4_n0_mux_dataout                       ; |laba8_var1|cache_final:inst2|lpm_mux1:inst9|lpm_mux:lpm_mux_component|mux_94e:auto_generated|l1_w4_n0_mux_dataout                       ; out0             ;
; |laba8_var1|cache_final:inst2|lpm_mux1:inst9|lpm_mux:lpm_mux_component|mux_94e:auto_generated|l1_w5_n0_mux_dataout~0                     ; |laba8_var1|cache_final:inst2|lpm_mux1:inst9|lpm_mux:lpm_mux_component|mux_94e:auto_generated|l1_w5_n0_mux_dataout~0                     ; out0             ;
; |laba8_var1|cache_final:inst2|lpm_mux1:inst9|lpm_mux:lpm_mux_component|mux_94e:auto_generated|l1_w6_n0_mux_dataout~0                     ; |laba8_var1|cache_final:inst2|lpm_mux1:inst9|lpm_mux:lpm_mux_component|mux_94e:auto_generated|l1_w6_n0_mux_dataout~0                     ; out0             ;
; |laba8_var1|cache_final:inst2|lpm_mux1:inst9|lpm_mux:lpm_mux_component|mux_94e:auto_generated|l1_w6_n0_mux_dataout~1                     ; |laba8_var1|cache_final:inst2|lpm_mux1:inst9|lpm_mux:lpm_mux_component|mux_94e:auto_generated|l1_w6_n0_mux_dataout~1                     ; out0             ;
; |laba8_var1|cache_final:inst2|lpm_mux1:inst9|lpm_mux:lpm_mux_component|mux_94e:auto_generated|l1_w6_n0_mux_dataout                       ; |laba8_var1|cache_final:inst2|lpm_mux1:inst9|lpm_mux:lpm_mux_component|mux_94e:auto_generated|l1_w6_n0_mux_dataout                       ; out0             ;
; |laba8_var1|cache_final:inst2|lpm_mux1:inst9|lpm_mux:lpm_mux_component|mux_94e:auto_generated|l1_w7_n0_mux_dataout~0                     ; |laba8_var1|cache_final:inst2|lpm_mux1:inst9|lpm_mux:lpm_mux_component|mux_94e:auto_generated|l1_w7_n0_mux_dataout~0                     ; out0             ;
; |laba8_var1|cache_final:inst2|lpm_mux1:inst9|lpm_mux:lpm_mux_component|mux_94e:auto_generated|l1_w7_n0_mux_dataout~1                     ; |laba8_var1|cache_final:inst2|lpm_mux1:inst9|lpm_mux:lpm_mux_component|mux_94e:auto_generated|l1_w7_n0_mux_dataout~1                     ; out0             ;
; |laba8_var1|cache_final:inst2|lpm_mux1:inst9|lpm_mux:lpm_mux_component|mux_94e:auto_generated|l1_w7_n0_mux_dataout                       ; |laba8_var1|cache_final:inst2|lpm_mux1:inst9|lpm_mux:lpm_mux_component|mux_94e:auto_generated|l1_w7_n0_mux_dataout                       ; out0             ;
; |laba8_var1|cache_final:inst2|cache_line:inst|lpm_dff1:inst2|lpm_ff:lpm_ff_component|dffs[7]                                             ; |laba8_var1|cache_final:inst2|cache_line:inst|lpm_dff1:inst2|lpm_ff:lpm_ff_component|dffs[7]                                             ; regout           ;
; |laba8_var1|cache_final:inst2|cache_line:inst|lpm_dff1:inst2|lpm_ff:lpm_ff_component|dffs[6]                                             ; |laba8_var1|cache_final:inst2|cache_line:inst|lpm_dff1:inst2|lpm_ff:lpm_ff_component|dffs[6]                                             ; regout           ;
; |laba8_var1|cache_final:inst2|cache_line:inst|lpm_dff1:inst2|lpm_ff:lpm_ff_component|dffs[5]                                             ; |laba8_var1|cache_final:inst2|cache_line:inst|lpm_dff1:inst2|lpm_ff:lpm_ff_component|dffs[5]                                             ; regout           ;
; |laba8_var1|cache_final:inst2|cache_line:inst|lpm_dff1:inst2|lpm_ff:lpm_ff_component|dffs[4]                                             ; |laba8_var1|cache_final:inst2|cache_line:inst|lpm_dff1:inst2|lpm_ff:lpm_ff_component|dffs[4]                                             ; regout           ;
; |laba8_var1|cache_final:inst2|cache_line:inst|lpm_dff1:inst2|lpm_ff:lpm_ff_component|dffs[3]                                             ; |laba8_var1|cache_final:inst2|cache_line:inst|lpm_dff1:inst2|lpm_ff:lpm_ff_component|dffs[3]                                             ; regout           ;
; |laba8_var1|cache_final:inst2|cache_line:inst|lpm_dff1:inst2|lpm_ff:lpm_ff_component|dffs[2]                                             ; |laba8_var1|cache_final:inst2|cache_line:inst|lpm_dff1:inst2|lpm_ff:lpm_ff_component|dffs[2]                                             ; regout           ;
; |laba8_var1|cache_final:inst2|cache_line:inst|lpm_dff1:inst2|lpm_ff:lpm_ff_component|dffs[1]                                             ; |laba8_var1|cache_final:inst2|cache_line:inst|lpm_dff1:inst2|lpm_ff:lpm_ff_component|dffs[1]                                             ; regout           ;
; |laba8_var1|cache_final:inst2|cache_line:inst|lpm_dff1:inst2|lpm_ff:lpm_ff_component|dffs[0]                                             ; |laba8_var1|cache_final:inst2|cache_line:inst|lpm_dff1:inst2|lpm_ff:lpm_ff_component|dffs[0]                                             ; regout           ;
; |laba8_var1|cache_final:inst2|cache_line:inst|lpm_dff2:inst3|lpm_ff:lpm_ff_component|dffs[7]                                             ; |laba8_var1|cache_final:inst2|cache_line:inst|lpm_dff2:inst3|lpm_ff:lpm_ff_component|dffs[7]                                             ; regout           ;
; |laba8_var1|cache_final:inst2|cache_line:inst|lpm_dff2:inst3|lpm_ff:lpm_ff_component|dffs[6]                                             ; |laba8_var1|cache_final:inst2|cache_line:inst|lpm_dff2:inst3|lpm_ff:lpm_ff_component|dffs[6]                                             ; regout           ;
; |laba8_var1|cache_final:inst2|cache_line:inst|lpm_dff2:inst3|lpm_ff:lpm_ff_component|dffs[5]                                             ; |laba8_var1|cache_final:inst2|cache_line:inst|lpm_dff2:inst3|lpm_ff:lpm_ff_component|dffs[5]                                             ; regout           ;
; |laba8_var1|cache_final:inst2|cache_line:inst|lpm_dff2:inst3|lpm_ff:lpm_ff_component|dffs[4]                                             ; |laba8_var1|cache_final:inst2|cache_line:inst|lpm_dff2:inst3|lpm_ff:lpm_ff_component|dffs[4]                                             ; regout           ;
; |laba8_var1|cache_final:inst2|cache_line:inst|lpm_dff2:inst3|lpm_ff:lpm_ff_component|dffs[3]                                             ; |laba8_var1|cache_final:inst2|cache_line:inst|lpm_dff2:inst3|lpm_ff:lpm_ff_component|dffs[3]                                             ; regout           ;
; |laba8_var1|cache_final:inst2|cache_line:inst|lpm_dff2:inst3|lpm_ff:lpm_ff_component|dffs[2]                                             ; |laba8_var1|cache_final:inst2|cache_line:inst|lpm_dff2:inst3|lpm_ff:lpm_ff_component|dffs[2]                                             ; regout           ;
; |laba8_var1|cache_final:inst2|cache_line:inst|lpm_dff2:inst3|lpm_ff:lpm_ff_component|dffs[1]                                             ; |laba8_var1|cache_final:inst2|cache_line:inst|lpm_dff2:inst3|lpm_ff:lpm_ff_component|dffs[1]                                             ; regout           ;
; |laba8_var1|cache_final:inst2|cache_line:inst|lpm_dff2:inst3|lpm_ff:lpm_ff_component|dffs[0]                                             ; |laba8_var1|cache_final:inst2|cache_line:inst|lpm_dff2:inst3|lpm_ff:lpm_ff_component|dffs[0]                                             ; regout           ;
; |laba8_var1|cache_final:inst2|cache_line:inst|lpm_mux0:inst6|lpm_mux:lpm_mux_component|mux_94e:auto_generated|l1_w0_n0_mux_dataout~1     ; |laba8_var1|cache_final:inst2|cache_line:inst|lpm_mux0:inst6|lpm_mux:lpm_mux_component|mux_94e:auto_generated|l1_w0_n0_mux_dataout~1     ; out0             ;
; |laba8_var1|cache_final:inst2|cache_line:inst|lpm_mux0:inst6|lpm_mux:lpm_mux_component|mux_94e:auto_generated|l1_w1_n0_mux_dataout       ; |laba8_var1|cache_final:inst2|cache_line:inst|lpm_mux0:inst6|lpm_mux:lpm_mux_component|mux_94e:auto_generated|l1_w1_n0_mux_dataout       ; out0             ;
; |laba8_var1|cache_final:inst2|cache_line:inst|lpm_mux0:inst6|lpm_mux:lpm_mux_component|mux_94e:auto_generated|l1_w2_n0_mux_dataout       ; |laba8_var1|cache_final:inst2|cache_line:inst|lpm_mux0:inst6|lpm_mux:lpm_mux_component|mux_94e:auto_generated|l1_w2_n0_mux_dataout       ; out0             ;
; |laba8_var1|cache_final:inst2|cache_line:inst|lpm_mux0:inst6|lpm_mux:lpm_mux_component|mux_94e:auto_generated|l1_w3_n0_mux_dataout~0     ; |laba8_var1|cache_final:inst2|cache_line:inst|lpm_mux0:inst6|lpm_mux:lpm_mux_component|mux_94e:auto_generated|l1_w3_n0_mux_dataout~0     ; out0             ;
; |laba8_var1|cache_final:inst2|cache_line:inst|lpm_mux0:inst6|lpm_mux:lpm_mux_component|mux_94e:auto_generated|l1_w3_n0_mux_dataout~1     ; |laba8_var1|cache_final:inst2|cache_line:inst|lpm_mux0:inst6|lpm_mux:lpm_mux_component|mux_94e:auto_generated|l1_w3_n0_mux_dataout~1     ; out0             ;
; |laba8_var1|cache_final:inst2|cache_line:inst|lpm_mux0:inst6|lpm_mux:lpm_mux_component|mux_94e:auto_generated|l1_w3_n0_mux_dataout       ; |laba8_var1|cache_final:inst2|cache_line:inst|lpm_mux0:inst6|lpm_mux:lpm_mux_component|mux_94e:auto_generated|l1_w3_n0_mux_dataout       ; out0             ;
; |laba8_var1|cache_final:inst2|cache_line:inst|lpm_mux0:inst6|lpm_mux:lpm_mux_component|mux_94e:auto_generated|l1_w4_n0_mux_dataout~0     ; |laba8_var1|cache_final:inst2|cache_line:inst|lpm_mux0:inst6|lpm_mux:lpm_mux_component|mux_94e:auto_generated|l1_w4_n0_mux_dataout~0     ; out0             ;
; |laba8_var1|cache_final:inst2|cache_line:inst|lpm_mux0:inst6|lpm_mux:lpm_mux_component|mux_94e:auto_generated|l1_w4_n0_mux_dataout~1     ; |laba8_var1|cache_final:inst2|cache_line:inst|lpm_mux0:inst6|lpm_mux:lpm_mux_component|mux_94e:auto_generated|l1_w4_n0_mux_dataout~1     ; out0             ;
; |laba8_var1|cache_final:inst2|cache_line:inst|lpm_mux0:inst6|lpm_mux:lpm_mux_component|mux_94e:auto_generated|l1_w4_n0_mux_dataout       ; |laba8_var1|cache_final:inst2|cache_line:inst|lpm_mux0:inst6|lpm_mux:lpm_mux_component|mux_94e:auto_generated|l1_w4_n0_mux_dataout       ; out0             ;
; |laba8_var1|cache_final:inst2|cache_line:inst|lpm_mux0:inst6|lpm_mux:lpm_mux_component|mux_94e:auto_generated|l1_w5_n0_mux_dataout~0     ; |laba8_var1|cache_final:inst2|cache_line:inst|lpm_mux0:inst6|lpm_mux:lpm_mux_component|mux_94e:auto_generated|l1_w5_n0_mux_dataout~0     ; out0             ;
; |laba8_var1|cache_final:inst2|cache_line:inst|lpm_mux0:inst6|lpm_mux:lpm_mux_component|mux_94e:auto_generated|l1_w5_n0_mux_dataout~1     ; |laba8_var1|cache_final:inst2|cache_line:inst|lpm_mux0:inst6|lpm_mux:lpm_mux_component|mux_94e:auto_generated|l1_w5_n0_mux_dataout~1     ; out0             ;
; |laba8_var1|cache_final:inst2|cache_line:inst|lpm_mux0:inst6|lpm_mux:lpm_mux_component|mux_94e:auto_generated|l1_w5_n0_mux_dataout       ; |laba8_var1|cache_final:inst2|cache_line:inst|lpm_mux0:inst6|lpm_mux:lpm_mux_component|mux_94e:auto_generated|l1_w5_n0_mux_dataout       ; out0             ;
; |laba8_var1|cache_final:inst2|cache_line:inst|lpm_mux0:inst6|lpm_mux:lpm_mux_component|mux_94e:auto_generated|l1_w6_n0_mux_dataout~0     ; |laba8_var1|cache_final:inst2|cache_line:inst|lpm_mux0:inst6|lpm_mux:lpm_mux_component|mux_94e:auto_generated|l1_w6_n0_mux_dataout~0     ; out0             ;
; |laba8_var1|cache_final:inst2|cache_line:inst|lpm_mux0:inst6|lpm_mux:lpm_mux_component|mux_94e:auto_generated|l1_w6_n0_mux_dataout~1     ; |laba8_var1|cache_final:inst2|cache_line:inst|lpm_mux0:inst6|lpm_mux:lpm_mux_component|mux_94e:auto_generated|l1_w6_n0_mux_dataout~1     ; out0             ;
; |laba8_var1|cache_final:inst2|cache_line:inst|lpm_mux0:inst6|lpm_mux:lpm_mux_component|mux_94e:auto_generated|l1_w6_n0_mux_dataout       ; |laba8_var1|cache_final:inst2|cache_line:inst|lpm_mux0:inst6|lpm_mux:lpm_mux_component|mux_94e:auto_generated|l1_w6_n0_mux_dataout       ; out0             ;
; |laba8_var1|cache_final:inst2|cache_line:inst|lpm_mux0:inst6|lpm_mux:lpm_mux_component|mux_94e:auto_generated|l1_w7_n0_mux_dataout~0     ; |laba8_var1|cache_final:inst2|cache_line:inst|lpm_mux0:inst6|lpm_mux:lpm_mux_component|mux_94e:auto_generated|l1_w7_n0_mux_dataout~0     ; out0             ;
; |laba8_var1|cache_final:inst2|cache_line:inst|lpm_mux0:inst6|lpm_mux:lpm_mux_component|mux_94e:auto_generated|l1_w7_n0_mux_dataout~1     ; |laba8_var1|cache_final:inst2|cache_line:inst|lpm_mux0:inst6|lpm_mux:lpm_mux_component|mux_94e:auto_generated|l1_w7_n0_mux_dataout~1     ; out0             ;
; |laba8_var1|cache_final:inst2|cache_line:inst|lpm_mux0:inst6|lpm_mux:lpm_mux_component|mux_94e:auto_generated|l1_w7_n0_mux_dataout       ; |laba8_var1|cache_final:inst2|cache_line:inst|lpm_mux0:inst6|lpm_mux:lpm_mux_component|mux_94e:auto_generated|l1_w7_n0_mux_dataout       ; out0             ;
; |laba8_var1|cache_final:inst2|cache_line:inst|lpm_dff0:inst|lpm_ff:lpm_ff_component|dffs[4]                                              ; |laba8_var1|cache_final:inst2|cache_line:inst|lpm_dff0:inst|lpm_ff:lpm_ff_component|dffs[4]                                              ; regout           ;
; |laba8_var1|cache_final:inst2|cache_line:inst|lpm_dff0:inst|lpm_ff:lpm_ff_component|dffs[3]                                              ; |laba8_var1|cache_final:inst2|cache_line:inst|lpm_dff0:inst|lpm_ff:lpm_ff_component|dffs[3]                                              ; regout           ;
; |laba8_var1|cache_final:inst2|cache_line:inst|lpm_dff0:inst|lpm_ff:lpm_ff_component|dffs[2]                                              ; |laba8_var1|cache_final:inst2|cache_line:inst|lpm_dff0:inst|lpm_ff:lpm_ff_component|dffs[2]                                              ; regout           ;
; |laba8_var1|cache_final:inst2|cache_line:inst|lpm_dff0:inst|lpm_ff:lpm_ff_component|dffs[1]                                              ; |laba8_var1|cache_final:inst2|cache_line:inst|lpm_dff0:inst|lpm_ff:lpm_ff_component|dffs[1]                                              ; regout           ;
; |laba8_var1|cache_final:inst2|cache_line:inst|lpm_dff0:inst|lpm_ff:lpm_ff_component|dffs[0]                                              ; |laba8_var1|cache_final:inst2|cache_line:inst|lpm_dff0:inst|lpm_ff:lpm_ff_component|dffs[0]                                              ; regout           ;
; |laba8_var1|cache_final:inst2|cache_line:inst|lpm_compare0:inst8|lpm_compare:lpm_compare_component|cmpr_cig:auto_generated|data_wire[2]  ; |laba8_var1|cache_final:inst2|cache_line:inst|lpm_compare0:inst8|lpm_compare:lpm_compare_component|cmpr_cig:auto_generated|data_wire[2]  ; out0             ;
; |laba8_var1|cache_final:inst2|cache_line:inst|lpm_dff3:inst1|lpm_ff:lpm_ff_component|dffs[0]                                             ; |laba8_var1|cache_final:inst2|cache_line:inst|lpm_dff3:inst1|lpm_ff:lpm_ff_component|dffs[0]                                             ; regout           ;
; |laba8_var1|cache_final:inst2|cache_line:inst2|lpm_dff1:inst2|lpm_ff:lpm_ff_component|dffs[7]                                            ; |laba8_var1|cache_final:inst2|cache_line:inst2|lpm_dff1:inst2|lpm_ff:lpm_ff_component|dffs[7]                                            ; regout           ;
; |laba8_var1|cache_final:inst2|cache_line:inst2|lpm_dff1:inst2|lpm_ff:lpm_ff_component|dffs[6]                                            ; |laba8_var1|cache_final:inst2|cache_line:inst2|lpm_dff1:inst2|lpm_ff:lpm_ff_component|dffs[6]                                            ; regout           ;
; |laba8_var1|cache_final:inst2|cache_line:inst2|lpm_dff1:inst2|lpm_ff:lpm_ff_component|dffs[5]                                            ; |laba8_var1|cache_final:inst2|cache_line:inst2|lpm_dff1:inst2|lpm_ff:lpm_ff_component|dffs[5]                                            ; regout           ;
; |laba8_var1|cache_final:inst2|cache_line:inst2|lpm_dff1:inst2|lpm_ff:lpm_ff_component|dffs[4]                                            ; |laba8_var1|cache_final:inst2|cache_line:inst2|lpm_dff1:inst2|lpm_ff:lpm_ff_component|dffs[4]                                            ; regout           ;
; |laba8_var1|cache_final:inst2|cache_line:inst2|lpm_dff1:inst2|lpm_ff:lpm_ff_component|dffs[3]                                            ; |laba8_var1|cache_final:inst2|cache_line:inst2|lpm_dff1:inst2|lpm_ff:lpm_ff_component|dffs[3]                                            ; regout           ;
; |laba8_var1|cache_final:inst2|cache_line:inst2|lpm_dff1:inst2|lpm_ff:lpm_ff_component|dffs[2]                                            ; |laba8_var1|cache_final:inst2|cache_line:inst2|lpm_dff1:inst2|lpm_ff:lpm_ff_component|dffs[2]                                            ; regout           ;
; |laba8_var1|cache_final:inst2|cache_line:inst2|lpm_dff1:inst2|lpm_ff:lpm_ff_component|dffs[1]                                            ; |laba8_var1|cache_final:inst2|cache_line:inst2|lpm_dff1:inst2|lpm_ff:lpm_ff_component|dffs[1]                                            ; regout           ;
; |laba8_var1|cache_final:inst2|cache_line:inst2|lpm_dff1:inst2|lpm_ff:lpm_ff_component|dffs[0]                                            ; |laba8_var1|cache_final:inst2|cache_line:inst2|lpm_dff1:inst2|lpm_ff:lpm_ff_component|dffs[0]                                            ; regout           ;
; |laba8_var1|cache_final:inst2|cache_line:inst2|lpm_dff2:inst3|lpm_ff:lpm_ff_component|dffs[7]                                            ; |laba8_var1|cache_final:inst2|cache_line:inst2|lpm_dff2:inst3|lpm_ff:lpm_ff_component|dffs[7]                                            ; regout           ;
; |laba8_var1|cache_final:inst2|cache_line:inst2|lpm_dff2:inst3|lpm_ff:lpm_ff_component|dffs[6]                                            ; |laba8_var1|cache_final:inst2|cache_line:inst2|lpm_dff2:inst3|lpm_ff:lpm_ff_component|dffs[6]                                            ; regout           ;
; |laba8_var1|cache_final:inst2|cache_line:inst2|lpm_dff2:inst3|lpm_ff:lpm_ff_component|dffs[5]                                            ; |laba8_var1|cache_final:inst2|cache_line:inst2|lpm_dff2:inst3|lpm_ff:lpm_ff_component|dffs[5]                                            ; regout           ;
; |laba8_var1|cache_final:inst2|cache_line:inst2|lpm_dff2:inst3|lpm_ff:lpm_ff_component|dffs[4]                                            ; |laba8_var1|cache_final:inst2|cache_line:inst2|lpm_dff2:inst3|lpm_ff:lpm_ff_component|dffs[4]                                            ; regout           ;
; |laba8_var1|cache_final:inst2|cache_line:inst2|lpm_dff2:inst3|lpm_ff:lpm_ff_component|dffs[3]                                            ; |laba8_var1|cache_final:inst2|cache_line:inst2|lpm_dff2:inst3|lpm_ff:lpm_ff_component|dffs[3]                                            ; regout           ;
; |laba8_var1|cache_final:inst2|cache_line:inst2|lpm_dff2:inst3|lpm_ff:lpm_ff_component|dffs[2]                                            ; |laba8_var1|cache_final:inst2|cache_line:inst2|lpm_dff2:inst3|lpm_ff:lpm_ff_component|dffs[2]                                            ; regout           ;
; |laba8_var1|cache_final:inst2|cache_line:inst2|lpm_dff2:inst3|lpm_ff:lpm_ff_component|dffs[1]                                            ; |laba8_var1|cache_final:inst2|cache_line:inst2|lpm_dff2:inst3|lpm_ff:lpm_ff_component|dffs[1]                                            ; regout           ;
; |laba8_var1|cache_final:inst2|cache_line:inst2|lpm_dff2:inst3|lpm_ff:lpm_ff_component|dffs[0]                                            ; |laba8_var1|cache_final:inst2|cache_line:inst2|lpm_dff2:inst3|lpm_ff:lpm_ff_component|dffs[0]                                            ; regout           ;
; |laba8_var1|cache_final:inst2|cache_line:inst2|lpm_mux0:inst6|lpm_mux:lpm_mux_component|mux_94e:auto_generated|l1_w0_n0_mux_dataout~1    ; |laba8_var1|cache_final:inst2|cache_line:inst2|lpm_mux0:inst6|lpm_mux:lpm_mux_component|mux_94e:auto_generated|l1_w0_n0_mux_dataout~1    ; out0             ;
; |laba8_var1|cache_final:inst2|cache_line:inst2|lpm_mux0:inst6|lpm_mux:lpm_mux_component|mux_94e:auto_generated|l1_w1_n0_mux_dataout      ; |laba8_var1|cache_final:inst2|cache_line:inst2|lpm_mux0:inst6|lpm_mux:lpm_mux_component|mux_94e:auto_generated|l1_w1_n0_mux_dataout      ; out0             ;
; |laba8_var1|cache_final:inst2|cache_line:inst2|lpm_mux0:inst6|lpm_mux:lpm_mux_component|mux_94e:auto_generated|l1_w2_n0_mux_dataout      ; |laba8_var1|cache_final:inst2|cache_line:inst2|lpm_mux0:inst6|lpm_mux:lpm_mux_component|mux_94e:auto_generated|l1_w2_n0_mux_dataout      ; out0             ;
; |laba8_var1|cache_final:inst2|cache_line:inst2|lpm_mux0:inst6|lpm_mux:lpm_mux_component|mux_94e:auto_generated|l1_w3_n0_mux_dataout~0    ; |laba8_var1|cache_final:inst2|cache_line:inst2|lpm_mux0:inst6|lpm_mux:lpm_mux_component|mux_94e:auto_generated|l1_w3_n0_mux_dataout~0    ; out0             ;
; |laba8_var1|cache_final:inst2|cache_line:inst2|lpm_mux0:inst6|lpm_mux:lpm_mux_component|mux_94e:auto_generated|l1_w3_n0_mux_dataout~1    ; |laba8_var1|cache_final:inst2|cache_line:inst2|lpm_mux0:inst6|lpm_mux:lpm_mux_component|mux_94e:auto_generated|l1_w3_n0_mux_dataout~1    ; out0             ;
; |laba8_var1|cache_final:inst2|cache_line:inst2|lpm_mux0:inst6|lpm_mux:lpm_mux_component|mux_94e:auto_generated|l1_w3_n0_mux_dataout      ; |laba8_var1|cache_final:inst2|cache_line:inst2|lpm_mux0:inst6|lpm_mux:lpm_mux_component|mux_94e:auto_generated|l1_w3_n0_mux_dataout      ; out0             ;
; |laba8_var1|cache_final:inst2|cache_line:inst2|lpm_mux0:inst6|lpm_mux:lpm_mux_component|mux_94e:auto_generated|l1_w4_n0_mux_dataout      ; |laba8_var1|cache_final:inst2|cache_line:inst2|lpm_mux0:inst6|lpm_mux:lpm_mux_component|mux_94e:auto_generated|l1_w4_n0_mux_dataout      ; out0             ;
; |laba8_var1|cache_final:inst2|cache_line:inst2|lpm_mux0:inst6|lpm_mux:lpm_mux_component|mux_94e:auto_generated|l1_w5_n0_mux_dataout~1    ; |laba8_var1|cache_final:inst2|cache_line:inst2|lpm_mux0:inst6|lpm_mux:lpm_mux_component|mux_94e:auto_generated|l1_w5_n0_mux_dataout~1    ; out0             ;
; |laba8_var1|cache_final:inst2|cache_line:inst2|lpm_mux0:inst6|lpm_mux:lpm_mux_component|mux_94e:auto_generated|l1_w6_n0_mux_dataout~0    ; |laba8_var1|cache_final:inst2|cache_line:inst2|lpm_mux0:inst6|lpm_mux:lpm_mux_component|mux_94e:auto_generated|l1_w6_n0_mux_dataout~0    ; out0             ;
; |laba8_var1|cache_final:inst2|cache_line:inst2|lpm_mux0:inst6|lpm_mux:lpm_mux_component|mux_94e:auto_generated|l1_w6_n0_mux_dataout~1    ; |laba8_var1|cache_final:inst2|cache_line:inst2|lpm_mux0:inst6|lpm_mux:lpm_mux_component|mux_94e:auto_generated|l1_w6_n0_mux_dataout~1    ; out0             ;
; |laba8_var1|cache_final:inst2|cache_line:inst2|lpm_mux0:inst6|lpm_mux:lpm_mux_component|mux_94e:auto_generated|l1_w6_n0_mux_dataout      ; |laba8_var1|cache_final:inst2|cache_line:inst2|lpm_mux0:inst6|lpm_mux:lpm_mux_component|mux_94e:auto_generated|l1_w6_n0_mux_dataout      ; out0             ;
; |laba8_var1|cache_final:inst2|cache_line:inst2|lpm_mux0:inst6|lpm_mux:lpm_mux_component|mux_94e:auto_generated|l1_w7_n0_mux_dataout~0    ; |laba8_var1|cache_final:inst2|cache_line:inst2|lpm_mux0:inst6|lpm_mux:lpm_mux_component|mux_94e:auto_generated|l1_w7_n0_mux_dataout~0    ; out0             ;
; |laba8_var1|cache_final:inst2|cache_line:inst2|lpm_mux0:inst6|lpm_mux:lpm_mux_component|mux_94e:auto_generated|l1_w7_n0_mux_dataout~1    ; |laba8_var1|cache_final:inst2|cache_line:inst2|lpm_mux0:inst6|lpm_mux:lpm_mux_component|mux_94e:auto_generated|l1_w7_n0_mux_dataout~1    ; out0             ;
; |laba8_var1|cache_final:inst2|cache_line:inst2|lpm_mux0:inst6|lpm_mux:lpm_mux_component|mux_94e:auto_generated|l1_w7_n0_mux_dataout      ; |laba8_var1|cache_final:inst2|cache_line:inst2|lpm_mux0:inst6|lpm_mux:lpm_mux_component|mux_94e:auto_generated|l1_w7_n0_mux_dataout      ; out0             ;
; |laba8_var1|cache_final:inst2|cache_line:inst2|lpm_dff0:inst|lpm_ff:lpm_ff_component|dffs[4]                                             ; |laba8_var1|cache_final:inst2|cache_line:inst2|lpm_dff0:inst|lpm_ff:lpm_ff_component|dffs[4]                                             ; regout           ;
; |laba8_var1|cache_final:inst2|cache_line:inst2|lpm_dff0:inst|lpm_ff:lpm_ff_component|dffs[3]                                             ; |laba8_var1|cache_final:inst2|cache_line:inst2|lpm_dff0:inst|lpm_ff:lpm_ff_component|dffs[3]                                             ; regout           ;
; |laba8_var1|cache_final:inst2|cache_line:inst2|lpm_dff0:inst|lpm_ff:lpm_ff_component|dffs[2]                                             ; |laba8_var1|cache_final:inst2|cache_line:inst2|lpm_dff0:inst|lpm_ff:lpm_ff_component|dffs[2]                                             ; regout           ;
; |laba8_var1|cache_final:inst2|cache_line:inst2|lpm_dff0:inst|lpm_ff:lpm_ff_component|dffs[1]                                             ; |laba8_var1|cache_final:inst2|cache_line:inst2|lpm_dff0:inst|lpm_ff:lpm_ff_component|dffs[1]                                             ; regout           ;
; |laba8_var1|cache_final:inst2|cache_line:inst2|lpm_dff0:inst|lpm_ff:lpm_ff_component|dffs[0]                                             ; |laba8_var1|cache_final:inst2|cache_line:inst2|lpm_dff0:inst|lpm_ff:lpm_ff_component|dffs[0]                                             ; regout           ;
; |laba8_var1|cache_final:inst2|cache_line:inst2|lpm_compare0:inst8|lpm_compare:lpm_compare_component|cmpr_cig:auto_generated|data_wire[2] ; |laba8_var1|cache_final:inst2|cache_line:inst2|lpm_compare0:inst8|lpm_compare:lpm_compare_component|cmpr_cig:auto_generated|data_wire[2] ; out0             ;
; |laba8_var1|cache_final:inst2|cache_line:inst2|lpm_dff3:inst1|lpm_ff:lpm_ff_component|dffs[0]                                            ; |laba8_var1|cache_final:inst2|cache_line:inst2|lpm_dff3:inst1|lpm_ff:lpm_ff_component|dffs[0]                                            ; regout           ;
; |laba8_var1|cache_final:inst|lpm_mux1:inst9|lpm_mux:lpm_mux_component|mux_94e:auto_generated|l1_w0_n0_mux_dataout~1                      ; |laba8_var1|cache_final:inst|lpm_mux1:inst9|lpm_mux:lpm_mux_component|mux_94e:auto_generated|l1_w0_n0_mux_dataout~1                      ; out0             ;
; |laba8_var1|cache_final:inst|lpm_mux1:inst9|lpm_mux:lpm_mux_component|mux_94e:auto_generated|l1_w1_n0_mux_dataout~1                      ; |laba8_var1|cache_final:inst|lpm_mux1:inst9|lpm_mux:lpm_mux_component|mux_94e:auto_generated|l1_w1_n0_mux_dataout~1                      ; out0             ;
; |laba8_var1|cache_final:inst|lpm_mux1:inst9|lpm_mux:lpm_mux_component|mux_94e:auto_generated|l1_w2_n0_mux_dataout~0                      ; |laba8_var1|cache_final:inst|lpm_mux1:inst9|lpm_mux:lpm_mux_component|mux_94e:auto_generated|l1_w2_n0_mux_dataout~0                      ; out0             ;
; |laba8_var1|cache_final:inst|lpm_mux1:inst9|lpm_mux:lpm_mux_component|mux_94e:auto_generated|l1_w2_n0_mux_dataout~1                      ; |laba8_var1|cache_final:inst|lpm_mux1:inst9|lpm_mux:lpm_mux_component|mux_94e:auto_generated|l1_w2_n0_mux_dataout~1                      ; out0             ;
; |laba8_var1|cache_final:inst|lpm_mux1:inst9|lpm_mux:lpm_mux_component|mux_94e:auto_generated|l1_w2_n0_mux_dataout                        ; |laba8_var1|cache_final:inst|lpm_mux1:inst9|lpm_mux:lpm_mux_component|mux_94e:auto_generated|l1_w2_n0_mux_dataout                        ; out0             ;
; |laba8_var1|cache_final:inst|lpm_mux1:inst9|lpm_mux:lpm_mux_component|mux_94e:auto_generated|l1_w3_n0_mux_dataout~0                      ; |laba8_var1|cache_final:inst|lpm_mux1:inst9|lpm_mux:lpm_mux_component|mux_94e:auto_generated|l1_w3_n0_mux_dataout~0                      ; out0             ;
; |laba8_var1|cache_final:inst|lpm_mux1:inst9|lpm_mux:lpm_mux_component|mux_94e:auto_generated|l1_w3_n0_mux_dataout~1                      ; |laba8_var1|cache_final:inst|lpm_mux1:inst9|lpm_mux:lpm_mux_component|mux_94e:auto_generated|l1_w3_n0_mux_dataout~1                      ; out0             ;
; |laba8_var1|cache_final:inst|lpm_mux1:inst9|lpm_mux:lpm_mux_component|mux_94e:auto_generated|l1_w3_n0_mux_dataout                        ; |laba8_var1|cache_final:inst|lpm_mux1:inst9|lpm_mux:lpm_mux_component|mux_94e:auto_generated|l1_w3_n0_mux_dataout                        ; out0             ;
; |laba8_var1|cache_final:inst|lpm_mux1:inst9|lpm_mux:lpm_mux_component|mux_94e:auto_generated|l1_w4_n0_mux_dataout~0                      ; |laba8_var1|cache_final:inst|lpm_mux1:inst9|lpm_mux:lpm_mux_component|mux_94e:auto_generated|l1_w4_n0_mux_dataout~0                      ; out0             ;
; |laba8_var1|cache_final:inst|lpm_mux1:inst9|lpm_mux:lpm_mux_component|mux_94e:auto_generated|l1_w4_n0_mux_dataout~1                      ; |laba8_var1|cache_final:inst|lpm_mux1:inst9|lpm_mux:lpm_mux_component|mux_94e:auto_generated|l1_w4_n0_mux_dataout~1                      ; out0             ;
; |laba8_var1|cache_final:inst|lpm_mux1:inst9|lpm_mux:lpm_mux_component|mux_94e:auto_generated|l1_w4_n0_mux_dataout                        ; |laba8_var1|cache_final:inst|lpm_mux1:inst9|lpm_mux:lpm_mux_component|mux_94e:auto_generated|l1_w4_n0_mux_dataout                        ; out0             ;
; |laba8_var1|cache_final:inst|lpm_mux1:inst9|lpm_mux:lpm_mux_component|mux_94e:auto_generated|l1_w5_n0_mux_dataout~0                      ; |laba8_var1|cache_final:inst|lpm_mux1:inst9|lpm_mux:lpm_mux_component|mux_94e:auto_generated|l1_w5_n0_mux_dataout~0                      ; out0             ;
; |laba8_var1|cache_final:inst|lpm_mux1:inst9|lpm_mux:lpm_mux_component|mux_94e:auto_generated|l1_w5_n0_mux_dataout~1                      ; |laba8_var1|cache_final:inst|lpm_mux1:inst9|lpm_mux:lpm_mux_component|mux_94e:auto_generated|l1_w5_n0_mux_dataout~1                      ; out0             ;
; |laba8_var1|cache_final:inst|lpm_mux1:inst9|lpm_mux:lpm_mux_component|mux_94e:auto_generated|l1_w5_n0_mux_dataout                        ; |laba8_var1|cache_final:inst|lpm_mux1:inst9|lpm_mux:lpm_mux_component|mux_94e:auto_generated|l1_w5_n0_mux_dataout                        ; out0             ;
; |laba8_var1|cache_final:inst|lpm_mux1:inst9|lpm_mux:lpm_mux_component|mux_94e:auto_generated|l1_w6_n0_mux_dataout~0                      ; |laba8_var1|cache_final:inst|lpm_mux1:inst9|lpm_mux:lpm_mux_component|mux_94e:auto_generated|l1_w6_n0_mux_dataout~0                      ; out0             ;
; |laba8_var1|cache_final:inst|lpm_mux1:inst9|lpm_mux:lpm_mux_component|mux_94e:auto_generated|l1_w6_n0_mux_dataout~1                      ; |laba8_var1|cache_final:inst|lpm_mux1:inst9|lpm_mux:lpm_mux_component|mux_94e:auto_generated|l1_w6_n0_mux_dataout~1                      ; out0             ;
; |laba8_var1|cache_final:inst|lpm_mux1:inst9|lpm_mux:lpm_mux_component|mux_94e:auto_generated|l1_w6_n0_mux_dataout                        ; |laba8_var1|cache_final:inst|lpm_mux1:inst9|lpm_mux:lpm_mux_component|mux_94e:auto_generated|l1_w6_n0_mux_dataout                        ; out0             ;
; |laba8_var1|cache_final:inst|lpm_mux1:inst9|lpm_mux:lpm_mux_component|mux_94e:auto_generated|l1_w7_n0_mux_dataout~0                      ; |laba8_var1|cache_final:inst|lpm_mux1:inst9|lpm_mux:lpm_mux_component|mux_94e:auto_generated|l1_w7_n0_mux_dataout~0                      ; out0             ;
; |laba8_var1|cache_final:inst|lpm_mux1:inst9|lpm_mux:lpm_mux_component|mux_94e:auto_generated|l1_w7_n0_mux_dataout~1                      ; |laba8_var1|cache_final:inst|lpm_mux1:inst9|lpm_mux:lpm_mux_component|mux_94e:auto_generated|l1_w7_n0_mux_dataout~1                      ; out0             ;
; |laba8_var1|cache_final:inst|lpm_mux1:inst9|lpm_mux:lpm_mux_component|mux_94e:auto_generated|l1_w7_n0_mux_dataout                        ; |laba8_var1|cache_final:inst|lpm_mux1:inst9|lpm_mux:lpm_mux_component|mux_94e:auto_generated|l1_w7_n0_mux_dataout                        ; out0             ;
; |laba8_var1|cache_final:inst|cache_line:inst|lpm_dff1:inst2|lpm_ff:lpm_ff_component|dffs[7]                                              ; |laba8_var1|cache_final:inst|cache_line:inst|lpm_dff1:inst2|lpm_ff:lpm_ff_component|dffs[7]                                              ; regout           ;
; |laba8_var1|cache_final:inst|cache_line:inst|lpm_dff1:inst2|lpm_ff:lpm_ff_component|dffs[6]                                              ; |laba8_var1|cache_final:inst|cache_line:inst|lpm_dff1:inst2|lpm_ff:lpm_ff_component|dffs[6]                                              ; regout           ;
; |laba8_var1|cache_final:inst|cache_line:inst|lpm_dff1:inst2|lpm_ff:lpm_ff_component|dffs[5]                                              ; |laba8_var1|cache_final:inst|cache_line:inst|lpm_dff1:inst2|lpm_ff:lpm_ff_component|dffs[5]                                              ; regout           ;
; |laba8_var1|cache_final:inst|cache_line:inst|lpm_dff1:inst2|lpm_ff:lpm_ff_component|dffs[4]                                              ; |laba8_var1|cache_final:inst|cache_line:inst|lpm_dff1:inst2|lpm_ff:lpm_ff_component|dffs[4]                                              ; regout           ;
; |laba8_var1|cache_final:inst|cache_line:inst|lpm_dff1:inst2|lpm_ff:lpm_ff_component|dffs[3]                                              ; |laba8_var1|cache_final:inst|cache_line:inst|lpm_dff1:inst2|lpm_ff:lpm_ff_component|dffs[3]                                              ; regout           ;
; |laba8_var1|cache_final:inst|cache_line:inst|lpm_dff1:inst2|lpm_ff:lpm_ff_component|dffs[2]                                              ; |laba8_var1|cache_final:inst|cache_line:inst|lpm_dff1:inst2|lpm_ff:lpm_ff_component|dffs[2]                                              ; regout           ;
; |laba8_var1|cache_final:inst|cache_line:inst|lpm_dff1:inst2|lpm_ff:lpm_ff_component|dffs[1]                                              ; |laba8_var1|cache_final:inst|cache_line:inst|lpm_dff1:inst2|lpm_ff:lpm_ff_component|dffs[1]                                              ; regout           ;
; |laba8_var1|cache_final:inst|cache_line:inst|lpm_dff1:inst2|lpm_ff:lpm_ff_component|dffs[0]                                              ; |laba8_var1|cache_final:inst|cache_line:inst|lpm_dff1:inst2|lpm_ff:lpm_ff_component|dffs[0]                                              ; regout           ;
; |laba8_var1|cache_final:inst|cache_line:inst|lpm_dff2:inst3|lpm_ff:lpm_ff_component|dffs[7]                                              ; |laba8_var1|cache_final:inst|cache_line:inst|lpm_dff2:inst3|lpm_ff:lpm_ff_component|dffs[7]                                              ; regout           ;
; |laba8_var1|cache_final:inst|cache_line:inst|lpm_dff2:inst3|lpm_ff:lpm_ff_component|dffs[6]                                              ; |laba8_var1|cache_final:inst|cache_line:inst|lpm_dff2:inst3|lpm_ff:lpm_ff_component|dffs[6]                                              ; regout           ;
; |laba8_var1|cache_final:inst|cache_line:inst|lpm_dff2:inst3|lpm_ff:lpm_ff_component|dffs[5]                                              ; |laba8_var1|cache_final:inst|cache_line:inst|lpm_dff2:inst3|lpm_ff:lpm_ff_component|dffs[5]                                              ; regout           ;
; |laba8_var1|cache_final:inst|cache_line:inst|lpm_dff2:inst3|lpm_ff:lpm_ff_component|dffs[4]                                              ; |laba8_var1|cache_final:inst|cache_line:inst|lpm_dff2:inst3|lpm_ff:lpm_ff_component|dffs[4]                                              ; regout           ;
; |laba8_var1|cache_final:inst|cache_line:inst|lpm_dff2:inst3|lpm_ff:lpm_ff_component|dffs[3]                                              ; |laba8_var1|cache_final:inst|cache_line:inst|lpm_dff2:inst3|lpm_ff:lpm_ff_component|dffs[3]                                              ; regout           ;
; |laba8_var1|cache_final:inst|cache_line:inst|lpm_dff2:inst3|lpm_ff:lpm_ff_component|dffs[2]                                              ; |laba8_var1|cache_final:inst|cache_line:inst|lpm_dff2:inst3|lpm_ff:lpm_ff_component|dffs[2]                                              ; regout           ;
; |laba8_var1|cache_final:inst|cache_line:inst|lpm_dff2:inst3|lpm_ff:lpm_ff_component|dffs[1]                                              ; |laba8_var1|cache_final:inst|cache_line:inst|lpm_dff2:inst3|lpm_ff:lpm_ff_component|dffs[1]                                              ; regout           ;
; |laba8_var1|cache_final:inst|cache_line:inst|lpm_dff2:inst3|lpm_ff:lpm_ff_component|dffs[0]                                              ; |laba8_var1|cache_final:inst|cache_line:inst|lpm_dff2:inst3|lpm_ff:lpm_ff_component|dffs[0]                                              ; regout           ;
; |laba8_var1|cache_final:inst|cache_line:inst|lpm_mux0:inst6|lpm_mux:lpm_mux_component|mux_94e:auto_generated|l1_w0_n0_mux_dataout~0      ; |laba8_var1|cache_final:inst|cache_line:inst|lpm_mux0:inst6|lpm_mux:lpm_mux_component|mux_94e:auto_generated|l1_w0_n0_mux_dataout~0      ; out0             ;
; |laba8_var1|cache_final:inst|cache_line:inst|lpm_mux0:inst6|lpm_mux:lpm_mux_component|mux_94e:auto_generated|l1_w1_n0_mux_dataout~1      ; |laba8_var1|cache_final:inst|cache_line:inst|lpm_mux0:inst6|lpm_mux:lpm_mux_component|mux_94e:auto_generated|l1_w1_n0_mux_dataout~1      ; out0             ;
; |laba8_var1|cache_final:inst|cache_line:inst|lpm_mux0:inst6|lpm_mux:lpm_mux_component|mux_94e:auto_generated|l1_w2_n0_mux_dataout~0      ; |laba8_var1|cache_final:inst|cache_line:inst|lpm_mux0:inst6|lpm_mux:lpm_mux_component|mux_94e:auto_generated|l1_w2_n0_mux_dataout~0      ; out0             ;
; |laba8_var1|cache_final:inst|cache_line:inst|lpm_mux0:inst6|lpm_mux:lpm_mux_component|mux_94e:auto_generated|l1_w2_n0_mux_dataout~1      ; |laba8_var1|cache_final:inst|cache_line:inst|lpm_mux0:inst6|lpm_mux:lpm_mux_component|mux_94e:auto_generated|l1_w2_n0_mux_dataout~1      ; out0             ;
; |laba8_var1|cache_final:inst|cache_line:inst|lpm_mux0:inst6|lpm_mux:lpm_mux_component|mux_94e:auto_generated|l1_w2_n0_mux_dataout        ; |laba8_var1|cache_final:inst|cache_line:inst|lpm_mux0:inst6|lpm_mux:lpm_mux_component|mux_94e:auto_generated|l1_w2_n0_mux_dataout        ; out0             ;
; |laba8_var1|cache_final:inst|cache_line:inst|lpm_mux0:inst6|lpm_mux:lpm_mux_component|mux_94e:auto_generated|l1_w3_n0_mux_dataout~0      ; |laba8_var1|cache_final:inst|cache_line:inst|lpm_mux0:inst6|lpm_mux:lpm_mux_component|mux_94e:auto_generated|l1_w3_n0_mux_dataout~0      ; out0             ;
; |laba8_var1|cache_final:inst|cache_line:inst|lpm_mux0:inst6|lpm_mux:lpm_mux_component|mux_94e:auto_generated|l1_w3_n0_mux_dataout~1      ; |laba8_var1|cache_final:inst|cache_line:inst|lpm_mux0:inst6|lpm_mux:lpm_mux_component|mux_94e:auto_generated|l1_w3_n0_mux_dataout~1      ; out0             ;
; |laba8_var1|cache_final:inst|cache_line:inst|lpm_mux0:inst6|lpm_mux:lpm_mux_component|mux_94e:auto_generated|l1_w3_n0_mux_dataout        ; |laba8_var1|cache_final:inst|cache_line:inst|lpm_mux0:inst6|lpm_mux:lpm_mux_component|mux_94e:auto_generated|l1_w3_n0_mux_dataout        ; out0             ;
; |laba8_var1|cache_final:inst|cache_line:inst|lpm_mux0:inst6|lpm_mux:lpm_mux_component|mux_94e:auto_generated|l1_w4_n0_mux_dataout~0      ; |laba8_var1|cache_final:inst|cache_line:inst|lpm_mux0:inst6|lpm_mux:lpm_mux_component|mux_94e:auto_generated|l1_w4_n0_mux_dataout~0      ; out0             ;
; |laba8_var1|cache_final:inst|cache_line:inst|lpm_mux0:inst6|lpm_mux:lpm_mux_component|mux_94e:auto_generated|l1_w4_n0_mux_dataout~1      ; |laba8_var1|cache_final:inst|cache_line:inst|lpm_mux0:inst6|lpm_mux:lpm_mux_component|mux_94e:auto_generated|l1_w4_n0_mux_dataout~1      ; out0             ;
; |laba8_var1|cache_final:inst|cache_line:inst|lpm_mux0:inst6|lpm_mux:lpm_mux_component|mux_94e:auto_generated|l1_w4_n0_mux_dataout        ; |laba8_var1|cache_final:inst|cache_line:inst|lpm_mux0:inst6|lpm_mux:lpm_mux_component|mux_94e:auto_generated|l1_w4_n0_mux_dataout        ; out0             ;
; |laba8_var1|cache_final:inst|cache_line:inst|lpm_mux0:inst6|lpm_mux:lpm_mux_component|mux_94e:auto_generated|l1_w5_n0_mux_dataout~0      ; |laba8_var1|cache_final:inst|cache_line:inst|lpm_mux0:inst6|lpm_mux:lpm_mux_component|mux_94e:auto_generated|l1_w5_n0_mux_dataout~0      ; out0             ;
; |laba8_var1|cache_final:inst|cache_line:inst|lpm_mux0:inst6|lpm_mux:lpm_mux_component|mux_94e:auto_generated|l1_w5_n0_mux_dataout~1      ; |laba8_var1|cache_final:inst|cache_line:inst|lpm_mux0:inst6|lpm_mux:lpm_mux_component|mux_94e:auto_generated|l1_w5_n0_mux_dataout~1      ; out0             ;
; |laba8_var1|cache_final:inst|cache_line:inst|lpm_mux0:inst6|lpm_mux:lpm_mux_component|mux_94e:auto_generated|l1_w5_n0_mux_dataout        ; |laba8_var1|cache_final:inst|cache_line:inst|lpm_mux0:inst6|lpm_mux:lpm_mux_component|mux_94e:auto_generated|l1_w5_n0_mux_dataout        ; out0             ;
; |laba8_var1|cache_final:inst|cache_line:inst|lpm_mux0:inst6|lpm_mux:lpm_mux_component|mux_94e:auto_generated|l1_w6_n0_mux_dataout~0      ; |laba8_var1|cache_final:inst|cache_line:inst|lpm_mux0:inst6|lpm_mux:lpm_mux_component|mux_94e:auto_generated|l1_w6_n0_mux_dataout~0      ; out0             ;
; |laba8_var1|cache_final:inst|cache_line:inst|lpm_mux0:inst6|lpm_mux:lpm_mux_component|mux_94e:auto_generated|l1_w6_n0_mux_dataout~1      ; |laba8_var1|cache_final:inst|cache_line:inst|lpm_mux0:inst6|lpm_mux:lpm_mux_component|mux_94e:auto_generated|l1_w6_n0_mux_dataout~1      ; out0             ;
; |laba8_var1|cache_final:inst|cache_line:inst|lpm_mux0:inst6|lpm_mux:lpm_mux_component|mux_94e:auto_generated|l1_w6_n0_mux_dataout        ; |laba8_var1|cache_final:inst|cache_line:inst|lpm_mux0:inst6|lpm_mux:lpm_mux_component|mux_94e:auto_generated|l1_w6_n0_mux_dataout        ; out0             ;
; |laba8_var1|cache_final:inst|cache_line:inst|lpm_mux0:inst6|lpm_mux:lpm_mux_component|mux_94e:auto_generated|l1_w7_n0_mux_dataout~0      ; |laba8_var1|cache_final:inst|cache_line:inst|lpm_mux0:inst6|lpm_mux:lpm_mux_component|mux_94e:auto_generated|l1_w7_n0_mux_dataout~0      ; out0             ;
; |laba8_var1|cache_final:inst|cache_line:inst|lpm_mux0:inst6|lpm_mux:lpm_mux_component|mux_94e:auto_generated|l1_w7_n0_mux_dataout~1      ; |laba8_var1|cache_final:inst|cache_line:inst|lpm_mux0:inst6|lpm_mux:lpm_mux_component|mux_94e:auto_generated|l1_w7_n0_mux_dataout~1      ; out0             ;
; |laba8_var1|cache_final:inst|cache_line:inst|lpm_mux0:inst6|lpm_mux:lpm_mux_component|mux_94e:auto_generated|l1_w7_n0_mux_dataout        ; |laba8_var1|cache_final:inst|cache_line:inst|lpm_mux0:inst6|lpm_mux:lpm_mux_component|mux_94e:auto_generated|l1_w7_n0_mux_dataout        ; out0             ;
; |laba8_var1|cache_final:inst|cache_line:inst|lpm_dff0:inst|lpm_ff:lpm_ff_component|dffs[4]                                               ; |laba8_var1|cache_final:inst|cache_line:inst|lpm_dff0:inst|lpm_ff:lpm_ff_component|dffs[4]                                               ; regout           ;
; |laba8_var1|cache_final:inst|cache_line:inst|lpm_dff0:inst|lpm_ff:lpm_ff_component|dffs[3]                                               ; |laba8_var1|cache_final:inst|cache_line:inst|lpm_dff0:inst|lpm_ff:lpm_ff_component|dffs[3]                                               ; regout           ;
; |laba8_var1|cache_final:inst|cache_line:inst|lpm_dff0:inst|lpm_ff:lpm_ff_component|dffs[2]                                               ; |laba8_var1|cache_final:inst|cache_line:inst|lpm_dff0:inst|lpm_ff:lpm_ff_component|dffs[2]                                               ; regout           ;
; |laba8_var1|cache_final:inst|cache_line:inst|lpm_dff0:inst|lpm_ff:lpm_ff_component|dffs[1]                                               ; |laba8_var1|cache_final:inst|cache_line:inst|lpm_dff0:inst|lpm_ff:lpm_ff_component|dffs[1]                                               ; regout           ;
; |laba8_var1|cache_final:inst|cache_line:inst|lpm_dff0:inst|lpm_ff:lpm_ff_component|dffs[0]                                               ; |laba8_var1|cache_final:inst|cache_line:inst|lpm_dff0:inst|lpm_ff:lpm_ff_component|dffs[0]                                               ; regout           ;
; |laba8_var1|cache_final:inst|cache_line:inst|lpm_compare0:inst8|lpm_compare:lpm_compare_component|cmpr_cig:auto_generated|data_wire[2]   ; |laba8_var1|cache_final:inst|cache_line:inst|lpm_compare0:inst8|lpm_compare:lpm_compare_component|cmpr_cig:auto_generated|data_wire[2]   ; out0             ;
; |laba8_var1|cache_final:inst|cache_line:inst|lpm_dff3:inst1|lpm_ff:lpm_ff_component|dffs[0]                                              ; |laba8_var1|cache_final:inst|cache_line:inst|lpm_dff3:inst1|lpm_ff:lpm_ff_component|dffs[0]                                              ; regout           ;
; |laba8_var1|cache_final:inst|lpm_dff4:inst10|lpm_ff:lpm_ff_component|dffs[0]                                                             ; |laba8_var1|cache_final:inst|lpm_dff4:inst10|lpm_ff:lpm_ff_component|dffs[0]                                                             ; regout           ;
; |laba8_var1|cache_final:inst|cache_line:inst2|inst4                                                                                      ; |laba8_var1|cache_final:inst|cache_line:inst2|inst4                                                                                      ; out0             ;
; |laba8_var1|cache_final:inst|cache_line:inst2|lpm_dff1:inst2|lpm_ff:lpm_ff_component|dffs[7]                                             ; |laba8_var1|cache_final:inst|cache_line:inst2|lpm_dff1:inst2|lpm_ff:lpm_ff_component|dffs[7]                                             ; regout           ;
; |laba8_var1|cache_final:inst|cache_line:inst2|lpm_dff1:inst2|lpm_ff:lpm_ff_component|dffs[6]                                             ; |laba8_var1|cache_final:inst|cache_line:inst2|lpm_dff1:inst2|lpm_ff:lpm_ff_component|dffs[6]                                             ; regout           ;
; |laba8_var1|cache_final:inst|cache_line:inst2|lpm_dff1:inst2|lpm_ff:lpm_ff_component|dffs[5]                                             ; |laba8_var1|cache_final:inst|cache_line:inst2|lpm_dff1:inst2|lpm_ff:lpm_ff_component|dffs[5]                                             ; regout           ;
; |laba8_var1|cache_final:inst|cache_line:inst2|lpm_dff1:inst2|lpm_ff:lpm_ff_component|dffs[4]                                             ; |laba8_var1|cache_final:inst|cache_line:inst2|lpm_dff1:inst2|lpm_ff:lpm_ff_component|dffs[4]                                             ; regout           ;
; |laba8_var1|cache_final:inst|cache_line:inst2|lpm_dff1:inst2|lpm_ff:lpm_ff_component|dffs[3]                                             ; |laba8_var1|cache_final:inst|cache_line:inst2|lpm_dff1:inst2|lpm_ff:lpm_ff_component|dffs[3]                                             ; regout           ;
; |laba8_var1|cache_final:inst|cache_line:inst2|lpm_dff1:inst2|lpm_ff:lpm_ff_component|dffs[2]                                             ; |laba8_var1|cache_final:inst|cache_line:inst2|lpm_dff1:inst2|lpm_ff:lpm_ff_component|dffs[2]                                             ; regout           ;
; |laba8_var1|cache_final:inst|cache_line:inst2|lpm_dff1:inst2|lpm_ff:lpm_ff_component|dffs[1]                                             ; |laba8_var1|cache_final:inst|cache_line:inst2|lpm_dff1:inst2|lpm_ff:lpm_ff_component|dffs[1]                                             ; regout           ;
; |laba8_var1|cache_final:inst|cache_line:inst2|lpm_dff1:inst2|lpm_ff:lpm_ff_component|dffs[0]                                             ; |laba8_var1|cache_final:inst|cache_line:inst2|lpm_dff1:inst2|lpm_ff:lpm_ff_component|dffs[0]                                             ; regout           ;
; |laba8_var1|cache_final:inst|cache_line:inst2|lpm_dff2:inst3|lpm_ff:lpm_ff_component|dffs[7]                                             ; |laba8_var1|cache_final:inst|cache_line:inst2|lpm_dff2:inst3|lpm_ff:lpm_ff_component|dffs[7]                                             ; regout           ;
; |laba8_var1|cache_final:inst|cache_line:inst2|lpm_dff2:inst3|lpm_ff:lpm_ff_component|dffs[6]                                             ; |laba8_var1|cache_final:inst|cache_line:inst2|lpm_dff2:inst3|lpm_ff:lpm_ff_component|dffs[6]                                             ; regout           ;
; |laba8_var1|cache_final:inst|cache_line:inst2|lpm_dff2:inst3|lpm_ff:lpm_ff_component|dffs[5]                                             ; |laba8_var1|cache_final:inst|cache_line:inst2|lpm_dff2:inst3|lpm_ff:lpm_ff_component|dffs[5]                                             ; regout           ;
; |laba8_var1|cache_final:inst|cache_line:inst2|lpm_dff2:inst3|lpm_ff:lpm_ff_component|dffs[4]                                             ; |laba8_var1|cache_final:inst|cache_line:inst2|lpm_dff2:inst3|lpm_ff:lpm_ff_component|dffs[4]                                             ; regout           ;
; |laba8_var1|cache_final:inst|cache_line:inst2|lpm_dff2:inst3|lpm_ff:lpm_ff_component|dffs[3]                                             ; |laba8_var1|cache_final:inst|cache_line:inst2|lpm_dff2:inst3|lpm_ff:lpm_ff_component|dffs[3]                                             ; regout           ;
; |laba8_var1|cache_final:inst|cache_line:inst2|lpm_dff2:inst3|lpm_ff:lpm_ff_component|dffs[2]                                             ; |laba8_var1|cache_final:inst|cache_line:inst2|lpm_dff2:inst3|lpm_ff:lpm_ff_component|dffs[2]                                             ; regout           ;
; |laba8_var1|cache_final:inst|cache_line:inst2|lpm_dff2:inst3|lpm_ff:lpm_ff_component|dffs[1]                                             ; |laba8_var1|cache_final:inst|cache_line:inst2|lpm_dff2:inst3|lpm_ff:lpm_ff_component|dffs[1]                                             ; regout           ;
; |laba8_var1|cache_final:inst|cache_line:inst2|lpm_dff2:inst3|lpm_ff:lpm_ff_component|dffs[0]                                             ; |laba8_var1|cache_final:inst|cache_line:inst2|lpm_dff2:inst3|lpm_ff:lpm_ff_component|dffs[0]                                             ; regout           ;
; |laba8_var1|cache_final:inst|cache_line:inst2|lpm_mux0:inst6|lpm_mux:lpm_mux_component|mux_94e:auto_generated|l1_w0_n0_mux_dataout~0     ; |laba8_var1|cache_final:inst|cache_line:inst2|lpm_mux0:inst6|lpm_mux:lpm_mux_component|mux_94e:auto_generated|l1_w0_n0_mux_dataout~0     ; out0             ;
; |laba8_var1|cache_final:inst|cache_line:inst2|lpm_mux0:inst6|lpm_mux:lpm_mux_component|mux_94e:auto_generated|l1_w0_n0_mux_dataout~1     ; |laba8_var1|cache_final:inst|cache_line:inst2|lpm_mux0:inst6|lpm_mux:lpm_mux_component|mux_94e:auto_generated|l1_w0_n0_mux_dataout~1     ; out0             ;
; |laba8_var1|cache_final:inst|cache_line:inst2|lpm_mux0:inst6|lpm_mux:lpm_mux_component|mux_94e:auto_generated|l1_w0_n0_mux_dataout       ; |laba8_var1|cache_final:inst|cache_line:inst2|lpm_mux0:inst6|lpm_mux:lpm_mux_component|mux_94e:auto_generated|l1_w0_n0_mux_dataout       ; out0             ;
; |laba8_var1|cache_final:inst|cache_line:inst2|lpm_mux0:inst6|lpm_mux:lpm_mux_component|mux_94e:auto_generated|l1_w1_n0_mux_dataout~0     ; |laba8_var1|cache_final:inst|cache_line:inst2|lpm_mux0:inst6|lpm_mux:lpm_mux_component|mux_94e:auto_generated|l1_w1_n0_mux_dataout~0     ; out0             ;
; |laba8_var1|cache_final:inst|cache_line:inst2|lpm_mux0:inst6|lpm_mux:lpm_mux_component|mux_94e:auto_generated|l1_w1_n0_mux_dataout~1     ; |laba8_var1|cache_final:inst|cache_line:inst2|lpm_mux0:inst6|lpm_mux:lpm_mux_component|mux_94e:auto_generated|l1_w1_n0_mux_dataout~1     ; out0             ;
; |laba8_var1|cache_final:inst|cache_line:inst2|lpm_mux0:inst6|lpm_mux:lpm_mux_component|mux_94e:auto_generated|l1_w1_n0_mux_dataout       ; |laba8_var1|cache_final:inst|cache_line:inst2|lpm_mux0:inst6|lpm_mux:lpm_mux_component|mux_94e:auto_generated|l1_w1_n0_mux_dataout       ; out0             ;
; |laba8_var1|cache_final:inst|cache_line:inst2|lpm_mux0:inst6|lpm_mux:lpm_mux_component|mux_94e:auto_generated|l1_w2_n0_mux_dataout~0     ; |laba8_var1|cache_final:inst|cache_line:inst2|lpm_mux0:inst6|lpm_mux:lpm_mux_component|mux_94e:auto_generated|l1_w2_n0_mux_dataout~0     ; out0             ;
; |laba8_var1|cache_final:inst|cache_line:inst2|lpm_mux0:inst6|lpm_mux:lpm_mux_component|mux_94e:auto_generated|l1_w2_n0_mux_dataout~1     ; |laba8_var1|cache_final:inst|cache_line:inst2|lpm_mux0:inst6|lpm_mux:lpm_mux_component|mux_94e:auto_generated|l1_w2_n0_mux_dataout~1     ; out0             ;
; |laba8_var1|cache_final:inst|cache_line:inst2|lpm_mux0:inst6|lpm_mux:lpm_mux_component|mux_94e:auto_generated|l1_w2_n0_mux_dataout       ; |laba8_var1|cache_final:inst|cache_line:inst2|lpm_mux0:inst6|lpm_mux:lpm_mux_component|mux_94e:auto_generated|l1_w2_n0_mux_dataout       ; out0             ;
; |laba8_var1|cache_final:inst|cache_line:inst2|lpm_mux0:inst6|lpm_mux:lpm_mux_component|mux_94e:auto_generated|l1_w3_n0_mux_dataout~0     ; |laba8_var1|cache_final:inst|cache_line:inst2|lpm_mux0:inst6|lpm_mux:lpm_mux_component|mux_94e:auto_generated|l1_w3_n0_mux_dataout~0     ; out0             ;
; |laba8_var1|cache_final:inst|cache_line:inst2|lpm_mux0:inst6|lpm_mux:lpm_mux_component|mux_94e:auto_generated|l1_w3_n0_mux_dataout~1     ; |laba8_var1|cache_final:inst|cache_line:inst2|lpm_mux0:inst6|lpm_mux:lpm_mux_component|mux_94e:auto_generated|l1_w3_n0_mux_dataout~1     ; out0             ;
; |laba8_var1|cache_final:inst|cache_line:inst2|lpm_mux0:inst6|lpm_mux:lpm_mux_component|mux_94e:auto_generated|l1_w3_n0_mux_dataout       ; |laba8_var1|cache_final:inst|cache_line:inst2|lpm_mux0:inst6|lpm_mux:lpm_mux_component|mux_94e:auto_generated|l1_w3_n0_mux_dataout       ; out0             ;
; |laba8_var1|cache_final:inst|cache_line:inst2|lpm_mux0:inst6|lpm_mux:lpm_mux_component|mux_94e:auto_generated|l1_w4_n0_mux_dataout~0     ; |laba8_var1|cache_final:inst|cache_line:inst2|lpm_mux0:inst6|lpm_mux:lpm_mux_component|mux_94e:auto_generated|l1_w4_n0_mux_dataout~0     ; out0             ;
; |laba8_var1|cache_final:inst|cache_line:inst2|lpm_mux0:inst6|lpm_mux:lpm_mux_component|mux_94e:auto_generated|l1_w4_n0_mux_dataout~1     ; |laba8_var1|cache_final:inst|cache_line:inst2|lpm_mux0:inst6|lpm_mux:lpm_mux_component|mux_94e:auto_generated|l1_w4_n0_mux_dataout~1     ; out0             ;
; |laba8_var1|cache_final:inst|cache_line:inst2|lpm_mux0:inst6|lpm_mux:lpm_mux_component|mux_94e:auto_generated|l1_w4_n0_mux_dataout       ; |laba8_var1|cache_final:inst|cache_line:inst2|lpm_mux0:inst6|lpm_mux:lpm_mux_component|mux_94e:auto_generated|l1_w4_n0_mux_dataout       ; out0             ;
; |laba8_var1|cache_final:inst|cache_line:inst2|lpm_mux0:inst6|lpm_mux:lpm_mux_component|mux_94e:auto_generated|l1_w5_n0_mux_dataout~0     ; |laba8_var1|cache_final:inst|cache_line:inst2|lpm_mux0:inst6|lpm_mux:lpm_mux_component|mux_94e:auto_generated|l1_w5_n0_mux_dataout~0     ; out0             ;
; |laba8_var1|cache_final:inst|cache_line:inst2|lpm_mux0:inst6|lpm_mux:lpm_mux_component|mux_94e:auto_generated|l1_w5_n0_mux_dataout~1     ; |laba8_var1|cache_final:inst|cache_line:inst2|lpm_mux0:inst6|lpm_mux:lpm_mux_component|mux_94e:auto_generated|l1_w5_n0_mux_dataout~1     ; out0             ;
; |laba8_var1|cache_final:inst|cache_line:inst2|lpm_mux0:inst6|lpm_mux:lpm_mux_component|mux_94e:auto_generated|l1_w5_n0_mux_dataout       ; |laba8_var1|cache_final:inst|cache_line:inst2|lpm_mux0:inst6|lpm_mux:lpm_mux_component|mux_94e:auto_generated|l1_w5_n0_mux_dataout       ; out0             ;
; |laba8_var1|cache_final:inst|cache_line:inst2|lpm_mux0:inst6|lpm_mux:lpm_mux_component|mux_94e:auto_generated|l1_w6_n0_mux_dataout~0     ; |laba8_var1|cache_final:inst|cache_line:inst2|lpm_mux0:inst6|lpm_mux:lpm_mux_component|mux_94e:auto_generated|l1_w6_n0_mux_dataout~0     ; out0             ;
; |laba8_var1|cache_final:inst|cache_line:inst2|lpm_mux0:inst6|lpm_mux:lpm_mux_component|mux_94e:auto_generated|l1_w6_n0_mux_dataout~1     ; |laba8_var1|cache_final:inst|cache_line:inst2|lpm_mux0:inst6|lpm_mux:lpm_mux_component|mux_94e:auto_generated|l1_w6_n0_mux_dataout~1     ; out0             ;
; |laba8_var1|cache_final:inst|cache_line:inst2|lpm_mux0:inst6|lpm_mux:lpm_mux_component|mux_94e:auto_generated|l1_w6_n0_mux_dataout       ; |laba8_var1|cache_final:inst|cache_line:inst2|lpm_mux0:inst6|lpm_mux:lpm_mux_component|mux_94e:auto_generated|l1_w6_n0_mux_dataout       ; out0             ;
; |laba8_var1|cache_final:inst|cache_line:inst2|lpm_mux0:inst6|lpm_mux:lpm_mux_component|mux_94e:auto_generated|l1_w7_n0_mux_dataout~0     ; |laba8_var1|cache_final:inst|cache_line:inst2|lpm_mux0:inst6|lpm_mux:lpm_mux_component|mux_94e:auto_generated|l1_w7_n0_mux_dataout~0     ; out0             ;
; |laba8_var1|cache_final:inst|cache_line:inst2|lpm_mux0:inst6|lpm_mux:lpm_mux_component|mux_94e:auto_generated|l1_w7_n0_mux_dataout~1     ; |laba8_var1|cache_final:inst|cache_line:inst2|lpm_mux0:inst6|lpm_mux:lpm_mux_component|mux_94e:auto_generated|l1_w7_n0_mux_dataout~1     ; out0             ;
; |laba8_var1|cache_final:inst|cache_line:inst2|lpm_mux0:inst6|lpm_mux:lpm_mux_component|mux_94e:auto_generated|l1_w7_n0_mux_dataout       ; |laba8_var1|cache_final:inst|cache_line:inst2|lpm_mux0:inst6|lpm_mux:lpm_mux_component|mux_94e:auto_generated|l1_w7_n0_mux_dataout       ; out0             ;
; |laba8_var1|cache_final:inst|cache_line:inst2|lpm_dff0:inst|lpm_ff:lpm_ff_component|dffs[4]                                              ; |laba8_var1|cache_final:inst|cache_line:inst2|lpm_dff0:inst|lpm_ff:lpm_ff_component|dffs[4]                                              ; regout           ;
; |laba8_var1|cache_final:inst|cache_line:inst2|lpm_dff0:inst|lpm_ff:lpm_ff_component|dffs[3]                                              ; |laba8_var1|cache_final:inst|cache_line:inst2|lpm_dff0:inst|lpm_ff:lpm_ff_component|dffs[3]                                              ; regout           ;
; |laba8_var1|cache_final:inst|cache_line:inst2|lpm_dff0:inst|lpm_ff:lpm_ff_component|dffs[2]                                              ; |laba8_var1|cache_final:inst|cache_line:inst2|lpm_dff0:inst|lpm_ff:lpm_ff_component|dffs[2]                                              ; regout           ;
; |laba8_var1|cache_final:inst|cache_line:inst2|lpm_dff0:inst|lpm_ff:lpm_ff_component|dffs[1]                                              ; |laba8_var1|cache_final:inst|cache_line:inst2|lpm_dff0:inst|lpm_ff:lpm_ff_component|dffs[1]                                              ; regout           ;
; |laba8_var1|cache_final:inst|cache_line:inst2|lpm_dff0:inst|lpm_ff:lpm_ff_component|dffs[0]                                              ; |laba8_var1|cache_final:inst|cache_line:inst2|lpm_dff0:inst|lpm_ff:lpm_ff_component|dffs[0]                                              ; regout           ;
; |laba8_var1|cache_final:inst|cache_line:inst2|lpm_compare0:inst8|lpm_compare:lpm_compare_component|cmpr_cig:auto_generated|data_wire[2]  ; |laba8_var1|cache_final:inst|cache_line:inst2|lpm_compare0:inst8|lpm_compare:lpm_compare_component|cmpr_cig:auto_generated|data_wire[2]  ; out0             ;
; |laba8_var1|cache_final:inst|cache_line:inst2|lpm_dff3:inst1|lpm_ff:lpm_ff_component|dffs[0]                                             ; |laba8_var1|cache_final:inst|cache_line:inst2|lpm_dff3:inst1|lpm_ff:lpm_ff_component|dffs[0]                                             ; regout           ;
+------------------------------------------------------------------------------------------------------------------------------------------+------------------------------------------------------------------------------------------------------------------------------------------+------------------+


+---------------------+
; Simulator INI Usage ;
+--------+------------+
; Option ; Usage      ;
+--------+------------+


+--------------------+
; Simulator Messages ;
+--------------------+
Info: *******************************************************************
Info: Running Quartus II Simulator
    Info: Version 9.1 Build 222 10/21/2009 SJ Web Edition
    Info: Processing started: Tue Apr 28 20:12:42 2026
Info: Command: quartus_sim --read_settings_files=on --write_settings_files=off laba8_var1 -c laba8_var1
Info: Using vector source file "C:/Users/lapshet/Desktop/LABS SIFOVM/Laba 8/laba8/laba8_var1.vwf"
Warning: Ignored node in vector source file. Can't find corresponding node name "laba8_var1|line_hit" in design.
Info: Option to preserve fewer signal transitions to reduce memory requirements is enabled
    Info: Simulation has been partitioned into sub-simulations according to the maximum transition count determined by the engine. Transitions from memory will be flushed out to disk at the end of each sub-simulation to reduce memory requirements.
Info: Simulation partitioned into 1 sub-simulations
Info: Simulation coverage is      30.58 %
Info: Number of transitions in simulation is 1487
Info: Quartus II Simulator was successful. 0 errors, 1 warning
    Info: Peak virtual memory: 167 megabytes
    Info: Processing ended: Tue Apr 28 20:12:42 2026
    Info: Elapsed time: 00:00:00
    Info: Total CPU time (on all processors): 00:00:01


