Classic Timing Analyzer report for lab4_var2_v1
Mon May 04 20:09:00 2026
Quartus II Version 9.1 Build 222 10/21/2009 SJ Web Edition


---------------------
; Table of Contents ;
---------------------
  1. Legal Notice
  2. Timing Analyzer Summary
  3. Timing Analyzer Settings
  4. Clock Settings Summary
  5. Parallel Compilation
  6. Clock Setup: 'clk'
  7. tsu
  8. tco
  9. th
 10. Timing Analyzer Messages



----------------
; Legal Notice ;
----------------
Copyright (C) 1991-2009 Altera Corporation
Your use of Altera Corporation's design tools, logic functions 
and other software and tools, and its AMPP partner logic 
functions, and any output files from any of the foregoing 
(including device programming or simulation files), and any 
associated documentation or information are expressly subject 
to the terms and conditions of the Altera Program License 
Subscription Agreement, Altera MegaCore Function License 
Agreement, or other applicable license agreement, including, 
without limitation, that your use is for the sole purpose of 
programming logic devices manufactured by Altera and sold by 
Altera or its authorized distributors.  Please refer to the 
applicable agreement for further details.



+---------------------------------------------------------------------------------------------------------------------------------------------------------------------------------------------------------------------------------------------------------------------------------------------------------------------------------+
; Timing Analyzer Summary                                                                                                                                                                                                                                                                                                         ;
+------------------------------+-------+---------------+----------------------------------+----------------------------------------------------------------------------------------------------------------------------+-------------------------------------------------------------------+------------+----------+--------------+
; Type                         ; Slack ; Required Time ; Actual Time                      ; From                                                                                                                       ; To                                                                ; From Clock ; To Clock ; Failed Paths ;
+------------------------------+-------+---------------+----------------------------------+----------------------------------------------------------------------------------------------------------------------------+-------------------------------------------------------------------+------------+----------+--------------+
; Worst-case tsu               ; N/A   ; None          ; 3.144 ns                         ; in_Z                                                                                                                       ; control_unit:inst|lpm_dff1:flag_Z|lpm_ff:lpm_ff_component|dffs[0] ; --         ; clk      ; 0            ;
; Worst-case tco               ; N/A   ; None          ; 10.862 ns                        ; clock_generator:inst1|dca_gen:inst6|lpm_counter1:inst3|lpm_counter:lpm_counter_component|cntr_6ai:auto_generated|safe_q[0] ; DCa_all[10]                                                       ; clk        ; --       ; 0            ;
; Worst-case th                ; N/A   ; None          ; -2.905 ns                        ; in_Z                                                                                                                       ; control_unit:inst|lpm_dff1:flag_Z|lpm_ff:lpm_ff_component|dffs[0] ; --         ; clk      ; 0            ;
; Clock Setup: 'clk'           ; N/A   ; None          ; 208.59 MHz ( period = 4.794 ns ) ; clock_generator:inst1|dca_gen:inst6|lpm_counter1:inst3|lpm_counter:lpm_counter_component|cntr_6ai:auto_generated|safe_q[1] ; control_unit:inst|lpm_ff3:AR|lpm_ff:lpm_ff_component|dffs[3]      ; clk        ; clk      ; 0            ;
; Total number of failed paths ;       ;               ;                                  ;                                                                                                                            ;                                                                   ;            ;          ; 0            ;
+------------------------------+-------+---------------+----------------------------------+----------------------------------------------------------------------------------------------------------------------------+-------------------------------------------------------------------+------------+----------+--------------+


+-----------------------------------------------------------------------------------------------------------------------------------------------------+
; Timing Analyzer Settings                                                                                                                            ;
+------------------------------------------------------------------------------------------------------+--------------------+------+----+-------------+
; Option                                                                                               ; Setting            ; From ; To ; Entity Name ;
+------------------------------------------------------------------------------------------------------+--------------------+------+----+-------------+
; Device Name                                                                                          ; EP2S15F484C3       ;      ;    ;             ;
; Timing Models                                                                                        ; Final              ;      ;    ;             ;
; Default hold multicycle                                                                              ; Same as Multicycle ;      ;    ;             ;
; Cut paths between unrelated clock domains                                                            ; On                 ;      ;    ;             ;
; Cut off read during write signal paths                                                               ; On                 ;      ;    ;             ;
; Cut off feedback from I/O pins                                                                       ; On                 ;      ;    ;             ;
; Report Combined Fast/Slow Timing                                                                     ; Off                ;      ;    ;             ;
; Ignore Clock Settings                                                                                ; Off                ;      ;    ;             ;
; Analyze latches as synchronous elements                                                              ; On                 ;      ;    ;             ;
; Enable Recovery/Removal analysis                                                                     ; Off                ;      ;    ;             ;
; Enable Clock Latency                                                                                 ; Off                ;      ;    ;             ;
; Use TimeQuest Timing Analyzer                                                                        ; Off                ;      ;    ;             ;
; Number of source nodes to report per destination node                                                ; 10                 ;      ;    ;             ;
; Number of destination nodes to report                                                                ; 10                 ;      ;    ;             ;
; Number of paths to report                                                                            ; 200                ;      ;    ;             ;
; Report Minimum Timing Checks                                                                         ; Off                ;      ;    ;             ;
; Use Fast Timing Models                                                                               ; Off                ;      ;    ;             ;
; Report IO Paths Separately                                                                           ; Off                ;      ;    ;             ;
; Perform Multicorner Analysis                                                                         ; On                 ;      ;    ;             ;
; Reports the worst-case path for each clock domain and analysis                                       ; Off                ;      ;    ;             ;
; Reports worst-case timing paths for each clock domain and analysis                                   ; Off                ;      ;    ;             ;
; Specifies the maximum number of worst-case timing paths to report for each clock domain and analysis ; 100                ;      ;    ;             ;
; Removes common clock path pessimism (CCPP) during slack computation                                  ; Off                ;      ;    ;             ;
; Output I/O Timing Endpoint                                                                           ; Near End           ;      ;    ;             ;
+------------------------------------------------------------------------------------------------------+--------------------+------+----+-------------+


+------------------------------------------------------------------------------------------------------------------------------------------------------------------------------------+
; Clock Settings Summary                                                                                                                                                             ;
+-----------------+--------------------+----------+------------------+---------------+--------------+----------+-----------------------+---------------------+--------+--------------+
; Clock Node Name ; Clock Setting Name ; Type     ; Fmax Requirement ; Early Latency ; Late Latency ; Based on ; Multiply Base Fmax by ; Divide Base Fmax by ; Offset ; Phase offset ;
+-----------------+--------------------+----------+------------------+---------------+--------------+----------+-----------------------+---------------------+--------+--------------+
; clk             ;                    ; User Pin ; None             ; 0.000 ns      ; 0.000 ns     ; --       ; N/A                   ; N/A                 ; N/A    ;              ;
+-----------------+--------------------+----------+------------------+---------------+--------------+----------+-----------------------+---------------------+--------+--------------+


Parallel compilation was disabled, but you have multiple processors available. Enable parallel compilation to reduce compilation time.
+-------------------------------------+
; Parallel Compilation                ;
+----------------------------+--------+
; Processors                 ; Number ;
+----------------------------+--------+
; Number detected on machine ; 6      ;
; Maximum allowed            ; 1      ;
+----------------------------+--------+


+---------------------------------------------------------------------------------------------------------------------------------------------------------------------------------------------------------------------------------------------------------------------------------------------------------------------------------------------------------------------------------------------------------------------------------------------------------------------------------------------------+
; Clock Setup: 'clk'                                                                                                                                                                                                                                                                                                                                                                                                                                                                                ;
+-----------------------------------------+-----------------------------------------------------+-------------------------------------------------------------------------------------------------------------------------------------------+-------------------------------------------------------------------------------------------------------------------------------------------+------------+----------+-----------------------------+---------------------------+-------------------------+
; Slack                                   ; Actual fmax (period)                                ; From                                                                                                                                      ; To                                                                                                                                        ; From Clock ; To Clock ; Required Setup Relationship ; Required Longest P2P Time ; Actual Longest P2P Time ;
+-----------------------------------------+-----------------------------------------------------+-------------------------------------------------------------------------------------------------------------------------------------------+-------------------------------------------------------------------------------------------------------------------------------------------+------------+----------+-----------------------------+---------------------------+-------------------------+
; N/A                                     ; 208.59 MHz ( period = 4.794 ns )                    ; clock_generator:inst1|dca_gen:inst6|lpm_counter1:inst3|lpm_counter:lpm_counter_component|cntr_6ai:auto_generated|safe_q[1]                ; control_unit:inst|lpm_ff3:AR|lpm_ff:lpm_ff_component|dffs[0]                                                                              ; clk        ; clk      ; None                        ; None                      ; 2.085 ns                ;
; N/A                                     ; 208.59 MHz ( period = 4.794 ns )                    ; clock_generator:inst1|dca_gen:inst6|lpm_counter1:inst3|lpm_counter:lpm_counter_component|cntr_6ai:auto_generated|safe_q[1]                ; control_unit:inst|lpm_ff3:AR|lpm_ff:lpm_ff_component|dffs[1]                                                                              ; clk        ; clk      ; None                        ; None                      ; 2.085 ns                ;
; N/A                                     ; 208.59 MHz ( period = 4.794 ns )                    ; clock_generator:inst1|dca_gen:inst6|lpm_counter1:inst3|lpm_counter:lpm_counter_component|cntr_6ai:auto_generated|safe_q[1]                ; control_unit:inst|lpm_ff3:AR|lpm_ff:lpm_ff_component|dffs[2]                                                                              ; clk        ; clk      ; None                        ; None                      ; 2.085 ns                ;
; N/A                                     ; 208.59 MHz ( period = 4.794 ns )                    ; clock_generator:inst1|dca_gen:inst6|lpm_counter1:inst3|lpm_counter:lpm_counter_component|cntr_6ai:auto_generated|safe_q[1]                ; control_unit:inst|lpm_ff3:AR|lpm_ff:lpm_ff_component|dffs[3]                                                                              ; clk        ; clk      ; None                        ; None                      ; 2.085 ns                ;
; N/A                                     ; 209.38 MHz ( period = 4.776 ns )                    ; clock_generator:inst1|dca_gen:inst6|lpm_counter1:inst3|lpm_counter:lpm_counter_component|cntr_6ai:auto_generated|safe_q[1]                ; control_unit:inst|lpm_counter3:IP|lpm_counter:lpm_counter_component|cntr_j9j:auto_generated|safe_q[3]                                     ; clk        ; clk      ; None                        ; None                      ; 2.072 ns                ;
; N/A                                     ; 209.38 MHz ( period = 4.776 ns )                    ; clock_generator:inst1|dca_gen:inst6|lpm_counter1:inst3|lpm_counter:lpm_counter_component|cntr_6ai:auto_generated|safe_q[1]                ; control_unit:inst|lpm_counter3:IP|lpm_counter:lpm_counter_component|cntr_j9j:auto_generated|safe_q[2]                                     ; clk        ; clk      ; None                        ; None                      ; 2.072 ns                ;
; N/A                                     ; 209.38 MHz ( period = 4.776 ns )                    ; clock_generator:inst1|dca_gen:inst6|lpm_counter1:inst3|lpm_counter:lpm_counter_component|cntr_6ai:auto_generated|safe_q[1]                ; control_unit:inst|lpm_counter3:IP|lpm_counter:lpm_counter_component|cntr_j9j:auto_generated|safe_q[1]                                     ; clk        ; clk      ; None                        ; None                      ; 2.072 ns                ;
; N/A                                     ; 209.38 MHz ( period = 4.776 ns )                    ; clock_generator:inst1|dca_gen:inst6|lpm_counter1:inst3|lpm_counter:lpm_counter_component|cntr_6ai:auto_generated|safe_q[1]                ; control_unit:inst|lpm_counter3:IP|lpm_counter:lpm_counter_component|cntr_j9j:auto_generated|safe_q[0]                                     ; clk        ; clk      ; None                        ; None                      ; 2.072 ns                ;
; N/A                                     ; 209.86 MHz ( period = 4.765 ns )                    ; clock_generator:inst1|dca_gen:inst6|lpm_counter1:inst3|lpm_counter:lpm_counter_component|cntr_6ai:auto_generated|safe_q[3]                ; rom_ram_interface:inst17|lpm_ram_io:inst2|altram:sram|altsyncram:ram_block|altsyncram_6r91:auto_generated|ram_block1a0~porta_address_reg0 ; clk        ; clk      ; None                        ; None                      ; 1.969 ns                ;
; N/A                                     ; 210.00 MHz ( period = 4.762 ns )                    ; clock_generator:inst1|dca_gen:inst6|lpm_counter1:inst3|lpm_counter:lpm_counter_component|cntr_6ai:auto_generated|safe_q[3]                ; rom_ram_interface:inst17|lpm_ram_io:inst2|altram:sram|altsyncram:ram_block|altsyncram_6r91:auto_generated|ram_block1a0~porta_address_reg1 ; clk        ; clk      ; None                        ; None                      ; 1.966 ns                ;
; N/A                                     ; 210.13 MHz ( period = 4.759 ns )                    ; clock_generator:inst1|dca_gen:inst6|lpm_counter1:inst3|lpm_counter:lpm_counter_component|cntr_6ai:auto_generated|safe_q[0]                ; control_unit:inst|lpm_dff0:DR|lpm_ff:lpm_ff_component|dffs[7]                                                                             ; clk        ; clk      ; None                        ; None                      ; 2.050 ns                ;
; N/A                                     ; 210.13 MHz ( period = 4.759 ns )                    ; clock_generator:inst1|dca_gen:inst6|lpm_counter1:inst3|lpm_counter:lpm_counter_component|cntr_6ai:auto_generated|safe_q[0]                ; control_unit:inst|lpm_dff0:DR|lpm_ff:lpm_ff_component|dffs[6]                                                                             ; clk        ; clk      ; None                        ; None                      ; 2.050 ns                ;
; N/A                                     ; 210.13 MHz ( period = 4.759 ns )                    ; clock_generator:inst1|dca_gen:inst6|lpm_counter1:inst3|lpm_counter:lpm_counter_component|cntr_6ai:auto_generated|safe_q[0]                ; control_unit:inst|lpm_dff0:DR|lpm_ff:lpm_ff_component|dffs[5]                                                                             ; clk        ; clk      ; None                        ; None                      ; 2.050 ns                ;
; N/A                                     ; 210.13 MHz ( period = 4.759 ns )                    ; clock_generator:inst1|dca_gen:inst6|lpm_counter1:inst3|lpm_counter:lpm_counter_component|cntr_6ai:auto_generated|safe_q[0]                ; control_unit:inst|lpm_dff0:DR|lpm_ff:lpm_ff_component|dffs[4]                                                                             ; clk        ; clk      ; None                        ; None                      ; 2.050 ns                ;
; N/A                                     ; 210.57 MHz ( period = 4.749 ns )                    ; clock_generator:inst1|dca_gen:inst6|lpm_counter1:inst3|lpm_counter:lpm_counter_component|cntr_6ai:auto_generated|safe_q[3]                ; rom_ram_interface:inst17|lpm_ram_io:inst2|altram:sram|altsyncram:ram_block|altsyncram_6r91:auto_generated|ram_block1a0~porta_address_reg3 ; clk        ; clk      ; None                        ; None                      ; 1.953 ns                ;
; N/A                                     ; 210.70 MHz ( period = 4.746 ns )                    ; clock_generator:inst1|dca_gen:inst6|lpm_counter1:inst3|lpm_counter:lpm_counter_component|cntr_6ai:auto_generated|safe_q[3]                ; rom_ram_interface:inst17|lpm_ram_io:inst2|altram:sram|altsyncram:ram_block|altsyncram_6r91:auto_generated|ram_block1a0~porta_address_reg2 ; clk        ; clk      ; None                        ; None                      ; 1.950 ns                ;
; N/A                                     ; 212.09 MHz ( period = 4.715 ns )                    ; clock_generator:inst1|dca_gen:inst6|lpm_counter1:inst3|lpm_counter:lpm_counter_component|cntr_6ai:auto_generated|safe_q[0]                ; control_unit:inst|lpm_counter3:IP|lpm_counter:lpm_counter_component|cntr_j9j:auto_generated|safe_q[3]                                     ; clk        ; clk      ; None                        ; None                      ; 2.011 ns                ;
; N/A                                     ; 212.09 MHz ( period = 4.715 ns )                    ; clock_generator:inst1|dca_gen:inst6|lpm_counter1:inst3|lpm_counter:lpm_counter_component|cntr_6ai:auto_generated|safe_q[0]                ; control_unit:inst|lpm_counter3:IP|lpm_counter:lpm_counter_component|cntr_j9j:auto_generated|safe_q[2]                                     ; clk        ; clk      ; None                        ; None                      ; 2.011 ns                ;
; N/A                                     ; 212.09 MHz ( period = 4.715 ns )                    ; clock_generator:inst1|dca_gen:inst6|lpm_counter1:inst3|lpm_counter:lpm_counter_component|cntr_6ai:auto_generated|safe_q[0]                ; control_unit:inst|lpm_counter3:IP|lpm_counter:lpm_counter_component|cntr_j9j:auto_generated|safe_q[1]                                     ; clk        ; clk      ; None                        ; None                      ; 2.011 ns                ;
; N/A                                     ; 212.09 MHz ( period = 4.715 ns )                    ; clock_generator:inst1|dca_gen:inst6|lpm_counter1:inst3|lpm_counter:lpm_counter_component|cntr_6ai:auto_generated|safe_q[0]                ; control_unit:inst|lpm_counter3:IP|lpm_counter:lpm_counter_component|cntr_j9j:auto_generated|safe_q[0]                                     ; clk        ; clk      ; None                        ; None                      ; 2.011 ns                ;
; N/A                                     ; 212.09 MHz ( period = 4.715 ns )                    ; clock_generator:inst1|dca_gen:inst6|lpm_counter1:inst3|lpm_counter:lpm_counter_component|cntr_6ai:auto_generated|safe_q[0]                ; control_unit:inst|lpm_dff0:DR|lpm_ff:lpm_ff_component|dffs[3]                                                                             ; clk        ; clk      ; None                        ; None                      ; 2.006 ns                ;
; N/A                                     ; 212.09 MHz ( period = 4.715 ns )                    ; clock_generator:inst1|dca_gen:inst6|lpm_counter1:inst3|lpm_counter:lpm_counter_component|cntr_6ai:auto_generated|safe_q[0]                ; control_unit:inst|lpm_dff0:DR|lpm_ff:lpm_ff_component|dffs[2]                                                                             ; clk        ; clk      ; None                        ; None                      ; 2.006 ns                ;
; N/A                                     ; 212.09 MHz ( period = 4.715 ns )                    ; clock_generator:inst1|dca_gen:inst6|lpm_counter1:inst3|lpm_counter:lpm_counter_component|cntr_6ai:auto_generated|safe_q[0]                ; control_unit:inst|lpm_dff0:DR|lpm_ff:lpm_ff_component|dffs[1]                                                                             ; clk        ; clk      ; None                        ; None                      ; 2.006 ns                ;
; N/A                                     ; 212.09 MHz ( period = 4.715 ns )                    ; clock_generator:inst1|dca_gen:inst6|lpm_counter1:inst3|lpm_counter:lpm_counter_component|cntr_6ai:auto_generated|safe_q[0]                ; control_unit:inst|lpm_dff0:DR|lpm_ff:lpm_ff_component|dffs[0]                                                                             ; clk        ; clk      ; None                        ; None                      ; 2.006 ns                ;
; N/A                                     ; 212.99 MHz ( period = 4.695 ns )                    ; clock_generator:inst1|dca_gen:inst6|lpm_counter1:inst3|lpm_counter:lpm_counter_component|cntr_6ai:auto_generated|safe_q[2]                ; control_unit:inst|lpm_dff0:DR|lpm_ff:lpm_ff_component|dffs[7]                                                                             ; clk        ; clk      ; None                        ; None                      ; 1.986 ns                ;
; N/A                                     ; 212.99 MHz ( period = 4.695 ns )                    ; clock_generator:inst1|dca_gen:inst6|lpm_counter1:inst3|lpm_counter:lpm_counter_component|cntr_6ai:auto_generated|safe_q[2]                ; control_unit:inst|lpm_dff0:DR|lpm_ff:lpm_ff_component|dffs[6]                                                                             ; clk        ; clk      ; None                        ; None                      ; 1.986 ns                ;
; N/A                                     ; 212.99 MHz ( period = 4.695 ns )                    ; clock_generator:inst1|dca_gen:inst6|lpm_counter1:inst3|lpm_counter:lpm_counter_component|cntr_6ai:auto_generated|safe_q[2]                ; control_unit:inst|lpm_dff0:DR|lpm_ff:lpm_ff_component|dffs[5]                                                                             ; clk        ; clk      ; None                        ; None                      ; 1.986 ns                ;
; N/A                                     ; 212.99 MHz ( period = 4.695 ns )                    ; clock_generator:inst1|dca_gen:inst6|lpm_counter1:inst3|lpm_counter:lpm_counter_component|cntr_6ai:auto_generated|safe_q[2]                ; control_unit:inst|lpm_dff0:DR|lpm_ff:lpm_ff_component|dffs[4]                                                                             ; clk        ; clk      ; None                        ; None                      ; 1.986 ns                ;
; N/A                                     ; 213.58 MHz ( period = 4.682 ns )                    ; clock_generator:inst1|dca_gen:inst6|lpm_counter1:inst3|lpm_counter:lpm_counter_component|cntr_6ai:auto_generated|safe_q[1]                ; rom_ram_interface:inst17|lpm_ram_io:inst2|altram:sram|altsyncram:ram_block|altsyncram_6r91:auto_generated|ram_block1a0~porta_address_reg0 ; clk        ; clk      ; None                        ; None                      ; 1.886 ns                ;
; N/A                                     ; 213.72 MHz ( period = 4.679 ns )                    ; clock_generator:inst1|dca_gen:inst6|lpm_counter1:inst3|lpm_counter:lpm_counter_component|cntr_6ai:auto_generated|safe_q[1]                ; rom_ram_interface:inst17|lpm_ram_io:inst2|altram:sram|altsyncram:ram_block|altsyncram_6r91:auto_generated|ram_block1a0~porta_address_reg1 ; clk        ; clk      ; None                        ; None                      ; 1.883 ns                ;
; N/A                                     ; 214.32 MHz ( period = 4.666 ns )                    ; clock_generator:inst1|dca_gen:inst6|lpm_counter1:inst3|lpm_counter:lpm_counter_component|cntr_6ai:auto_generated|safe_q[1]                ; rom_ram_interface:inst17|lpm_ram_io:inst2|altram:sram|altsyncram:ram_block|altsyncram_6r91:auto_generated|ram_block1a0~porta_address_reg3 ; clk        ; clk      ; None                        ; None                      ; 1.870 ns                ;
; N/A                                     ; 214.45 MHz ( period = 4.663 ns )                    ; clock_generator:inst1|dca_gen:inst6|lpm_counter1:inst3|lpm_counter:lpm_counter_component|cntr_6ai:auto_generated|safe_q[1]                ; rom_ram_interface:inst17|lpm_ram_io:inst2|altram:sram|altsyncram:ram_block|altsyncram_6r91:auto_generated|ram_block1a0~porta_address_reg2 ; clk        ; clk      ; None                        ; None                      ; 1.867 ns                ;
; N/A                                     ; 215.01 MHz ( period = 4.651 ns )                    ; clock_generator:inst1|dca_gen:inst6|lpm_counter1:inst3|lpm_counter:lpm_counter_component|cntr_6ai:auto_generated|safe_q[2]                ; control_unit:inst|lpm_counter3:IP|lpm_counter:lpm_counter_component|cntr_j9j:auto_generated|safe_q[3]                                     ; clk        ; clk      ; None                        ; None                      ; 1.947 ns                ;
; N/A                                     ; 215.01 MHz ( period = 4.651 ns )                    ; clock_generator:inst1|dca_gen:inst6|lpm_counter1:inst3|lpm_counter:lpm_counter_component|cntr_6ai:auto_generated|safe_q[2]                ; control_unit:inst|lpm_counter3:IP|lpm_counter:lpm_counter_component|cntr_j9j:auto_generated|safe_q[2]                                     ; clk        ; clk      ; None                        ; None                      ; 1.947 ns                ;
; N/A                                     ; 215.01 MHz ( period = 4.651 ns )                    ; clock_generator:inst1|dca_gen:inst6|lpm_counter1:inst3|lpm_counter:lpm_counter_component|cntr_6ai:auto_generated|safe_q[2]                ; control_unit:inst|lpm_counter3:IP|lpm_counter:lpm_counter_component|cntr_j9j:auto_generated|safe_q[1]                                     ; clk        ; clk      ; None                        ; None                      ; 1.947 ns                ;
; N/A                                     ; 215.01 MHz ( period = 4.651 ns )                    ; clock_generator:inst1|dca_gen:inst6|lpm_counter1:inst3|lpm_counter:lpm_counter_component|cntr_6ai:auto_generated|safe_q[2]                ; control_unit:inst|lpm_counter3:IP|lpm_counter:lpm_counter_component|cntr_j9j:auto_generated|safe_q[0]                                     ; clk        ; clk      ; None                        ; None                      ; 1.947 ns                ;
; N/A                                     ; 215.01 MHz ( period = 4.651 ns )                    ; clock_generator:inst1|dca_gen:inst6|lpm_counter1:inst3|lpm_counter:lpm_counter_component|cntr_6ai:auto_generated|safe_q[2]                ; control_unit:inst|lpm_dff0:DR|lpm_ff:lpm_ff_component|dffs[3]                                                                             ; clk        ; clk      ; None                        ; None                      ; 1.942 ns                ;
; N/A                                     ; 215.01 MHz ( period = 4.651 ns )                    ; clock_generator:inst1|dca_gen:inst6|lpm_counter1:inst3|lpm_counter:lpm_counter_component|cntr_6ai:auto_generated|safe_q[2]                ; control_unit:inst|lpm_dff0:DR|lpm_ff:lpm_ff_component|dffs[2]                                                                             ; clk        ; clk      ; None                        ; None                      ; 1.942 ns                ;
; N/A                                     ; 215.01 MHz ( period = 4.651 ns )                    ; clock_generator:inst1|dca_gen:inst6|lpm_counter1:inst3|lpm_counter:lpm_counter_component|cntr_6ai:auto_generated|safe_q[2]                ; control_unit:inst|lpm_dff0:DR|lpm_ff:lpm_ff_component|dffs[1]                                                                             ; clk        ; clk      ; None                        ; None                      ; 1.942 ns                ;
; N/A                                     ; 215.01 MHz ( period = 4.651 ns )                    ; clock_generator:inst1|dca_gen:inst6|lpm_counter1:inst3|lpm_counter:lpm_counter_component|cntr_6ai:auto_generated|safe_q[2]                ; control_unit:inst|lpm_dff0:DR|lpm_ff:lpm_ff_component|dffs[0]                                                                             ; clk        ; clk      ; None                        ; None                      ; 1.942 ns                ;
; N/A                                     ; 215.84 MHz ( period = 4.633 ns )                    ; clock_generator:inst1|dca_gen:inst6|lpm_counter1:inst3|lpm_counter:lpm_counter_component|cntr_6ai:auto_generated|safe_q[2]                ; control_unit:inst|lpm_ff3:AR|lpm_ff:lpm_ff_component|dffs[0]                                                                              ; clk        ; clk      ; None                        ; None                      ; 1.924 ns                ;
; N/A                                     ; 215.84 MHz ( period = 4.633 ns )                    ; clock_generator:inst1|dca_gen:inst6|lpm_counter1:inst3|lpm_counter:lpm_counter_component|cntr_6ai:auto_generated|safe_q[2]                ; control_unit:inst|lpm_ff3:AR|lpm_ff:lpm_ff_component|dffs[1]                                                                              ; clk        ; clk      ; None                        ; None                      ; 1.924 ns                ;
; N/A                                     ; 215.84 MHz ( period = 4.633 ns )                    ; clock_generator:inst1|dca_gen:inst6|lpm_counter1:inst3|lpm_counter:lpm_counter_component|cntr_6ai:auto_generated|safe_q[2]                ; control_unit:inst|lpm_ff3:AR|lpm_ff:lpm_ff_component|dffs[2]                                                                              ; clk        ; clk      ; None                        ; None                      ; 1.924 ns                ;
; N/A                                     ; 215.84 MHz ( period = 4.633 ns )                    ; clock_generator:inst1|dca_gen:inst6|lpm_counter1:inst3|lpm_counter:lpm_counter_component|cntr_6ai:auto_generated|safe_q[2]                ; control_unit:inst|lpm_ff3:AR|lpm_ff:lpm_ff_component|dffs[3]                                                                              ; clk        ; clk      ; None                        ; None                      ; 1.924 ns                ;
; N/A                                     ; 217.01 MHz ( period = 4.608 ns )                    ; clock_generator:inst1|dca_gen:inst6|lpm_counter1:inst3|lpm_counter:lpm_counter_component|cntr_6ai:auto_generated|safe_q[0]                ; control_unit:inst|lpm_ff2:IR|lpm_ff:lpm_ff_component|dffs[3]                                                                              ; clk        ; clk      ; None                        ; None                      ; 1.899 ns                ;
; N/A                                     ; 217.01 MHz ( period = 4.608 ns )                    ; clock_generator:inst1|dca_gen:inst6|lpm_counter1:inst3|lpm_counter:lpm_counter_component|cntr_6ai:auto_generated|safe_q[0]                ; control_unit:inst|lpm_ff2:IR|lpm_ff:lpm_ff_component|dffs[2]                                                                              ; clk        ; clk      ; None                        ; None                      ; 1.899 ns                ;
; N/A                                     ; 217.01 MHz ( period = 4.608 ns )                    ; clock_generator:inst1|dca_gen:inst6|lpm_counter1:inst3|lpm_counter:lpm_counter_component|cntr_6ai:auto_generated|safe_q[0]                ; control_unit:inst|lpm_ff2:IR|lpm_ff:lpm_ff_component|dffs[1]                                                                              ; clk        ; clk      ; None                        ; None                      ; 1.899 ns                ;
; N/A                                     ; 217.01 MHz ( period = 4.608 ns )                    ; clock_generator:inst1|dca_gen:inst6|lpm_counter1:inst3|lpm_counter:lpm_counter_component|cntr_6ai:auto_generated|safe_q[0]                ; control_unit:inst|lpm_ff2:IR|lpm_ff:lpm_ff_component|dffs[0]                                                                              ; clk        ; clk      ; None                        ; None                      ; 1.899 ns                ;
; N/A                                     ; 217.63 MHz ( period = 4.595 ns )                    ; clock_generator:inst1|dca_gen:inst6|lpm_counter1:inst3|lpm_counter:lpm_counter_component|cntr_6ai:auto_generated|safe_q[0]                ; control_unit:inst|lpm_ff3:AR|lpm_ff:lpm_ff_component|dffs[0]                                                                              ; clk        ; clk      ; None                        ; None                      ; 1.886 ns                ;
; N/A                                     ; 217.63 MHz ( period = 4.595 ns )                    ; clock_generator:inst1|dca_gen:inst6|lpm_counter1:inst3|lpm_counter:lpm_counter_component|cntr_6ai:auto_generated|safe_q[0]                ; control_unit:inst|lpm_ff3:AR|lpm_ff:lpm_ff_component|dffs[1]                                                                              ; clk        ; clk      ; None                        ; None                      ; 1.886 ns                ;
; N/A                                     ; 217.63 MHz ( period = 4.595 ns )                    ; clock_generator:inst1|dca_gen:inst6|lpm_counter1:inst3|lpm_counter:lpm_counter_component|cntr_6ai:auto_generated|safe_q[0]                ; control_unit:inst|lpm_ff3:AR|lpm_ff:lpm_ff_component|dffs[2]                                                                              ; clk        ; clk      ; None                        ; None                      ; 1.886 ns                ;
; N/A                                     ; 217.63 MHz ( period = 4.595 ns )                    ; clock_generator:inst1|dca_gen:inst6|lpm_counter1:inst3|lpm_counter:lpm_counter_component|cntr_6ai:auto_generated|safe_q[0]                ; control_unit:inst|lpm_ff3:AR|lpm_ff:lpm_ff_component|dffs[3]                                                                              ; clk        ; clk      ; None                        ; None                      ; 1.886 ns                ;
; N/A                                     ; 218.72 MHz ( period = 4.572 ns )                    ; clock_generator:inst1|dca_gen:inst6|lpm_counter1:inst3|lpm_counter:lpm_counter_component|cntr_6ai:auto_generated|safe_q[1]                ; control_unit:inst|lpm_dff0:DR|lpm_ff:lpm_ff_component|dffs[7]                                                                             ; clk        ; clk      ; None                        ; None                      ; 1.863 ns                ;
; N/A                                     ; 218.72 MHz ( period = 4.572 ns )                    ; clock_generator:inst1|dca_gen:inst6|lpm_counter1:inst3|lpm_counter:lpm_counter_component|cntr_6ai:auto_generated|safe_q[1]                ; control_unit:inst|lpm_dff0:DR|lpm_ff:lpm_ff_component|dffs[6]                                                                             ; clk        ; clk      ; None                        ; None                      ; 1.863 ns                ;
; N/A                                     ; 218.72 MHz ( period = 4.572 ns )                    ; clock_generator:inst1|dca_gen:inst6|lpm_counter1:inst3|lpm_counter:lpm_counter_component|cntr_6ai:auto_generated|safe_q[1]                ; control_unit:inst|lpm_dff0:DR|lpm_ff:lpm_ff_component|dffs[5]                                                                             ; clk        ; clk      ; None                        ; None                      ; 1.863 ns                ;
; N/A                                     ; 218.72 MHz ( period = 4.572 ns )                    ; clock_generator:inst1|dca_gen:inst6|lpm_counter1:inst3|lpm_counter:lpm_counter_component|cntr_6ai:auto_generated|safe_q[1]                ; control_unit:inst|lpm_dff0:DR|lpm_ff:lpm_ff_component|dffs[4]                                                                             ; clk        ; clk      ; None                        ; None                      ; 1.863 ns                ;
; N/A                                     ; 219.15 MHz ( period = 4.563 ns )                    ; clock_generator:inst1|dca_gen:inst6|lpm_counter1:inst3|lpm_counter:lpm_counter_component|cntr_6ai:auto_generated|safe_q[3]                ; rom_ram_interface:inst17|lpm_rom0:inst|altsyncram:altsyncram_component|altsyncram_9v71:auto_generated|ram_block1a0~porta_address_reg3     ; clk        ; clk      ; None                        ; None                      ; 1.761 ns                ;
; N/A                                     ; 219.54 MHz ( period = 4.555 ns )                    ; clock_generator:inst1|dca_gen:inst6|lpm_counter1:inst3|lpm_counter:lpm_counter_component|cntr_6ai:auto_generated|safe_q[3]                ; rom_ram_interface:inst17|lpm_rom0:inst|altsyncram:altsyncram_component|altsyncram_9v71:auto_generated|ram_block1a0~porta_address_reg2     ; clk        ; clk      ; None                        ; None                      ; 1.753 ns                ;
; N/A                                     ; 219.83 MHz ( period = 4.549 ns )                    ; clock_generator:inst1|dca_gen:inst6|lpm_counter1:inst3|lpm_counter:lpm_counter_component|cntr_6ai:auto_generated|safe_q[3]                ; control_unit:inst|lpm_ff2:IR|lpm_ff:lpm_ff_component|dffs[3]                                                                              ; clk        ; clk      ; None                        ; None                      ; 1.840 ns                ;
; N/A                                     ; 219.83 MHz ( period = 4.549 ns )                    ; clock_generator:inst1|dca_gen:inst6|lpm_counter1:inst3|lpm_counter:lpm_counter_component|cntr_6ai:auto_generated|safe_q[3]                ; control_unit:inst|lpm_ff2:IR|lpm_ff:lpm_ff_component|dffs[2]                                                                              ; clk        ; clk      ; None                        ; None                      ; 1.840 ns                ;
; N/A                                     ; 219.83 MHz ( period = 4.549 ns )                    ; clock_generator:inst1|dca_gen:inst6|lpm_counter1:inst3|lpm_counter:lpm_counter_component|cntr_6ai:auto_generated|safe_q[3]                ; control_unit:inst|lpm_ff2:IR|lpm_ff:lpm_ff_component|dffs[1]                                                                              ; clk        ; clk      ; None                        ; None                      ; 1.840 ns                ;
; N/A                                     ; 219.83 MHz ( period = 4.549 ns )                    ; clock_generator:inst1|dca_gen:inst6|lpm_counter1:inst3|lpm_counter:lpm_counter_component|cntr_6ai:auto_generated|safe_q[3]                ; control_unit:inst|lpm_ff2:IR|lpm_ff:lpm_ff_component|dffs[0]                                                                              ; clk        ; clk      ; None                        ; None                      ; 1.840 ns                ;
; N/A                                     ; 220.70 MHz ( period = 4.531 ns )                    ; clock_generator:inst1|dca_gen:inst6|lpm_counter1:inst3|lpm_counter:lpm_counter_component|cntr_6ai:auto_generated|safe_q[3]                ; rom_ram_interface:inst17|lpm_rom0:inst|altsyncram:altsyncram_component|altsyncram_9v71:auto_generated|ram_block1a0~porta_address_reg0     ; clk        ; clk      ; None                        ; None                      ; 1.729 ns                ;
; N/A                                     ; 220.85 MHz ( period = 4.528 ns )                    ; clock_generator:inst1|dca_gen:inst6|lpm_counter1:inst3|lpm_counter:lpm_counter_component|cntr_6ai:auto_generated|safe_q[1]                ; control_unit:inst|lpm_dff0:DR|lpm_ff:lpm_ff_component|dffs[3]                                                                             ; clk        ; clk      ; None                        ; None                      ; 1.819 ns                ;
; N/A                                     ; 220.85 MHz ( period = 4.528 ns )                    ; clock_generator:inst1|dca_gen:inst6|lpm_counter1:inst3|lpm_counter:lpm_counter_component|cntr_6ai:auto_generated|safe_q[1]                ; control_unit:inst|lpm_dff0:DR|lpm_ff:lpm_ff_component|dffs[2]                                                                             ; clk        ; clk      ; None                        ; None                      ; 1.819 ns                ;
; N/A                                     ; 220.85 MHz ( period = 4.528 ns )                    ; clock_generator:inst1|dca_gen:inst6|lpm_counter1:inst3|lpm_counter:lpm_counter_component|cntr_6ai:auto_generated|safe_q[1]                ; control_unit:inst|lpm_dff0:DR|lpm_ff:lpm_ff_component|dffs[1]                                                                             ; clk        ; clk      ; None                        ; None                      ; 1.819 ns                ;
; N/A                                     ; 220.85 MHz ( period = 4.528 ns )                    ; clock_generator:inst1|dca_gen:inst6|lpm_counter1:inst3|lpm_counter:lpm_counter_component|cntr_6ai:auto_generated|safe_q[1]                ; control_unit:inst|lpm_dff0:DR|lpm_ff:lpm_ff_component|dffs[0]                                                                             ; clk        ; clk      ; None                        ; None                      ; 1.819 ns                ;
; N/A                                     ; 220.95 MHz ( period = 4.526 ns )                    ; clock_generator:inst1|dca_gen:inst6|lpm_counter1:inst3|lpm_counter:lpm_counter_component|cntr_6ai:auto_generated|safe_q[0]                ; rom_ram_interface:inst17|lpm_ram_io:inst2|altram:sram|altsyncram:ram_block|altsyncram_6r91:auto_generated|ram_block1a0~porta_address_reg0 ; clk        ; clk      ; None                        ; None                      ; 1.730 ns                ;
; N/A                                     ; 221.09 MHz ( period = 4.523 ns )                    ; clock_generator:inst1|dca_gen:inst6|lpm_counter1:inst3|lpm_counter:lpm_counter_component|cntr_6ai:auto_generated|safe_q[3]                ; rom_ram_interface:inst17|lpm_rom0:inst|altsyncram:altsyncram_component|altsyncram_9v71:auto_generated|ram_block1a0~porta_address_reg1     ; clk        ; clk      ; None                        ; None                      ; 1.721 ns                ;
; N/A                                     ; 221.09 MHz ( period = 4.523 ns )                    ; clock_generator:inst1|dca_gen:inst6|lpm_counter1:inst3|lpm_counter:lpm_counter_component|cntr_6ai:auto_generated|safe_q[0]                ; rom_ram_interface:inst17|lpm_ram_io:inst2|altram:sram|altsyncram:ram_block|altsyncram_6r91:auto_generated|ram_block1a0~porta_address_reg1 ; clk        ; clk      ; None                        ; None                      ; 1.727 ns                ;
; N/A                                     ; 221.73 MHz ( period = 4.510 ns )                    ; clock_generator:inst1|dca_gen:inst6|lpm_counter1:inst3|lpm_counter:lpm_counter_component|cntr_6ai:auto_generated|safe_q[0]                ; rom_ram_interface:inst17|lpm_ram_io:inst2|altram:sram|altsyncram:ram_block|altsyncram_6r91:auto_generated|ram_block1a0~porta_address_reg3 ; clk        ; clk      ; None                        ; None                      ; 1.714 ns                ;
; N/A                                     ; 221.83 MHz ( period = 4.508 ns )                    ; clock_generator:inst1|dca_gen:inst6|lpm_counter1:inst3|lpm_counter:lpm_counter_component|cntr_6ai:auto_generated|safe_q[0]                ; control_unit:inst|lpm_ff2:IR|lpm_ff:lpm_ff_component|dffs[6]                                                                              ; clk        ; clk      ; None                        ; None                      ; 1.799 ns                ;
; N/A                                     ; 221.83 MHz ( period = 4.508 ns )                    ; clock_generator:inst1|dca_gen:inst6|lpm_counter1:inst3|lpm_counter:lpm_counter_component|cntr_6ai:auto_generated|safe_q[0]                ; control_unit:inst|lpm_ff2:IR|lpm_ff:lpm_ff_component|dffs[7]                                                                              ; clk        ; clk      ; None                        ; None                      ; 1.799 ns                ;
; N/A                                     ; 221.88 MHz ( period = 4.507 ns )                    ; clock_generator:inst1|dca_gen:inst6|lpm_counter1:inst3|lpm_counter:lpm_counter_component|cntr_6ai:auto_generated|safe_q[0]                ; rom_ram_interface:inst17|lpm_ram_io:inst2|altram:sram|altsyncram:ram_block|altsyncram_6r91:auto_generated|ram_block1a0~porta_address_reg2 ; clk        ; clk      ; None                        ; None                      ; 1.711 ns                ;
; N/A                                     ; 223.21 MHz ( period = 4.480 ns )                    ; clock_generator:inst1|dca_gen:inst6|lpm_counter1:inst3|lpm_counter:lpm_counter_component|cntr_6ai:auto_generated|safe_q[1]                ; rom_ram_interface:inst17|lpm_rom0:inst|altsyncram:altsyncram_component|altsyncram_9v71:auto_generated|ram_block1a0~porta_address_reg3     ; clk        ; clk      ; None                        ; None                      ; 1.678 ns                ;
; N/A                                     ; 223.61 MHz ( period = 4.472 ns )                    ; clock_generator:inst1|dca_gen:inst6|lpm_counter1:inst3|lpm_counter:lpm_counter_component|cntr_6ai:auto_generated|safe_q[1]                ; rom_ram_interface:inst17|lpm_rom0:inst|altsyncram:altsyncram_component|altsyncram_9v71:auto_generated|ram_block1a0~porta_address_reg2     ; clk        ; clk      ; None                        ; None                      ; 1.670 ns                ;
; N/A                                     ; 224.77 MHz ( period = 4.449 ns )                    ; clock_generator:inst1|dca_gen:inst6|lpm_counter1:inst3|lpm_counter:lpm_counter_component|cntr_6ai:auto_generated|safe_q[3]                ; control_unit:inst|lpm_ff2:IR|lpm_ff:lpm_ff_component|dffs[6]                                                                              ; clk        ; clk      ; None                        ; None                      ; 1.740 ns                ;
; N/A                                     ; 224.77 MHz ( period = 4.449 ns )                    ; clock_generator:inst1|dca_gen:inst6|lpm_counter1:inst3|lpm_counter:lpm_counter_component|cntr_6ai:auto_generated|safe_q[3]                ; control_unit:inst|lpm_ff2:IR|lpm_ff:lpm_ff_component|dffs[7]                                                                              ; clk        ; clk      ; None                        ; None                      ; 1.740 ns                ;
; N/A                                     ; 224.82 MHz ( period = 4.448 ns )                    ; clock_generator:inst1|dca_gen:inst6|lpm_counter1:inst3|lpm_counter:lpm_counter_component|cntr_6ai:auto_generated|safe_q[1]                ; rom_ram_interface:inst17|lpm_rom0:inst|altsyncram:altsyncram_component|altsyncram_9v71:auto_generated|ram_block1a0~porta_address_reg0     ; clk        ; clk      ; None                        ; None                      ; 1.646 ns                ;
; N/A                                     ; 225.23 MHz ( period = 4.440 ns )                    ; clock_generator:inst1|dca_gen:inst6|lpm_counter1:inst3|lpm_counter:lpm_counter_component|cntr_6ai:auto_generated|safe_q[1]                ; rom_ram_interface:inst17|lpm_rom0:inst|altsyncram:altsyncram_component|altsyncram_9v71:auto_generated|ram_block1a0~porta_address_reg1     ; clk        ; clk      ; None                        ; None                      ; 1.638 ns                ;
; N/A                                     ; 226.55 MHz ( period = 4.414 ns )                    ; clock_generator:inst1|dca_gen:inst6|lpm_counter1:inst3|lpm_counter:lpm_counter_component|cntr_6ai:auto_generated|safe_q[2]                ; rom_ram_interface:inst17|lpm_ram_io:inst2|altram:sram|altsyncram:ram_block|altsyncram_6r91:auto_generated|ram_block1a0~porta_address_reg0 ; clk        ; clk      ; None                        ; None                      ; 1.618 ns                ;
; N/A                                     ; 226.71 MHz ( period = 4.411 ns )                    ; clock_generator:inst1|dca_gen:inst6|lpm_counter1:inst3|lpm_counter:lpm_counter_component|cntr_6ai:auto_generated|safe_q[2]                ; rom_ram_interface:inst17|lpm_ram_io:inst2|altram:sram|altsyncram:ram_block|altsyncram_6r91:auto_generated|ram_block1a0~porta_address_reg1 ; clk        ; clk      ; None                        ; None                      ; 1.615 ns                ;
; N/A                                     ; 226.81 MHz ( period = 4.409 ns )                    ; clock_generator:inst1|dca_gen:inst6|lpm_counter1:inst3|lpm_counter:lpm_counter_component|cntr_6ai:auto_generated|safe_q[3]                ; control_unit:inst|lpm_ff3:AR|lpm_ff:lpm_ff_component|dffs[0]                                                                              ; clk        ; clk      ; None                        ; None                      ; 1.700 ns                ;
; N/A                                     ; 226.81 MHz ( period = 4.409 ns )                    ; clock_generator:inst1|dca_gen:inst6|lpm_counter1:inst3|lpm_counter:lpm_counter_component|cntr_6ai:auto_generated|safe_q[3]                ; control_unit:inst|lpm_ff3:AR|lpm_ff:lpm_ff_component|dffs[1]                                                                              ; clk        ; clk      ; None                        ; None                      ; 1.700 ns                ;
; N/A                                     ; 226.81 MHz ( period = 4.409 ns )                    ; clock_generator:inst1|dca_gen:inst6|lpm_counter1:inst3|lpm_counter:lpm_counter_component|cntr_6ai:auto_generated|safe_q[3]                ; control_unit:inst|lpm_ff3:AR|lpm_ff:lpm_ff_component|dffs[2]                                                                              ; clk        ; clk      ; None                        ; None                      ; 1.700 ns                ;
; N/A                                     ; 226.81 MHz ( period = 4.409 ns )                    ; clock_generator:inst1|dca_gen:inst6|lpm_counter1:inst3|lpm_counter:lpm_counter_component|cntr_6ai:auto_generated|safe_q[3]                ; control_unit:inst|lpm_ff3:AR|lpm_ff:lpm_ff_component|dffs[3]                                                                              ; clk        ; clk      ; None                        ; None                      ; 1.700 ns                ;
; N/A                                     ; 227.38 MHz ( period = 4.398 ns )                    ; clock_generator:inst1|dca_gen:inst6|lpm_counter1:inst3|lpm_counter:lpm_counter_component|cntr_6ai:auto_generated|safe_q[2]                ; rom_ram_interface:inst17|lpm_ram_io:inst2|altram:sram|altsyncram:ram_block|altsyncram_6r91:auto_generated|ram_block1a0~porta_address_reg3 ; clk        ; clk      ; None                        ; None                      ; 1.602 ns                ;
; N/A                                     ; 227.53 MHz ( period = 4.395 ns )                    ; clock_generator:inst1|dca_gen:inst6|lpm_counter1:inst3|lpm_counter:lpm_counter_component|cntr_6ai:auto_generated|safe_q[2]                ; rom_ram_interface:inst17|lpm_ram_io:inst2|altram:sram|altsyncram:ram_block|altsyncram_6r91:auto_generated|ram_block1a0~porta_address_reg2 ; clk        ; clk      ; None                        ; None                      ; 1.599 ns                ;
; N/A                                     ; 227.74 MHz ( period = 4.391 ns )                    ; clock_generator:inst1|dca_gen:inst6|lpm_counter1:inst3|lpm_counter:lpm_counter_component|cntr_6ai:auto_generated|safe_q[3]                ; control_unit:inst|lpm_counter3:IP|lpm_counter:lpm_counter_component|cntr_j9j:auto_generated|safe_q[3]                                     ; clk        ; clk      ; None                        ; None                      ; 1.687 ns                ;
; N/A                                     ; 227.74 MHz ( period = 4.391 ns )                    ; clock_generator:inst1|dca_gen:inst6|lpm_counter1:inst3|lpm_counter:lpm_counter_component|cntr_6ai:auto_generated|safe_q[3]                ; control_unit:inst|lpm_counter3:IP|lpm_counter:lpm_counter_component|cntr_j9j:auto_generated|safe_q[2]                                     ; clk        ; clk      ; None                        ; None                      ; 1.687 ns                ;
; N/A                                     ; 227.74 MHz ( period = 4.391 ns )                    ; clock_generator:inst1|dca_gen:inst6|lpm_counter1:inst3|lpm_counter:lpm_counter_component|cntr_6ai:auto_generated|safe_q[3]                ; control_unit:inst|lpm_counter3:IP|lpm_counter:lpm_counter_component|cntr_j9j:auto_generated|safe_q[1]                                     ; clk        ; clk      ; None                        ; None                      ; 1.687 ns                ;
; N/A                                     ; 227.74 MHz ( period = 4.391 ns )                    ; clock_generator:inst1|dca_gen:inst6|lpm_counter1:inst3|lpm_counter:lpm_counter_component|cntr_6ai:auto_generated|safe_q[3]                ; control_unit:inst|lpm_counter3:IP|lpm_counter:lpm_counter_component|cntr_j9j:auto_generated|safe_q[0]                                     ; clk        ; clk      ; None                        ; None                      ; 1.687 ns                ;
; N/A                                     ; 228.52 MHz ( period = 4.376 ns )                    ; clock_generator:inst1|dca_gen:inst6|lpm_counter1:inst3|lpm_counter:lpm_counter_component|cntr_6ai:auto_generated|safe_q[3]                ; control_unit:inst|lpm_dff0:DR|lpm_ff:lpm_ff_component|dffs[7]                                                                             ; clk        ; clk      ; None                        ; None                      ; 1.667 ns                ;
; N/A                                     ; 228.52 MHz ( period = 4.376 ns )                    ; clock_generator:inst1|dca_gen:inst6|lpm_counter1:inst3|lpm_counter:lpm_counter_component|cntr_6ai:auto_generated|safe_q[3]                ; control_unit:inst|lpm_dff0:DR|lpm_ff:lpm_ff_component|dffs[6]                                                                             ; clk        ; clk      ; None                        ; None                      ; 1.667 ns                ;
; N/A                                     ; 228.52 MHz ( period = 4.376 ns )                    ; clock_generator:inst1|dca_gen:inst6|lpm_counter1:inst3|lpm_counter:lpm_counter_component|cntr_6ai:auto_generated|safe_q[3]                ; control_unit:inst|lpm_dff0:DR|lpm_ff:lpm_ff_component|dffs[5]                                                                             ; clk        ; clk      ; None                        ; None                      ; 1.667 ns                ;
; N/A                                     ; 228.52 MHz ( period = 4.376 ns )                    ; clock_generator:inst1|dca_gen:inst6|lpm_counter1:inst3|lpm_counter:lpm_counter_component|cntr_6ai:auto_generated|safe_q[3]                ; control_unit:inst|lpm_dff0:DR|lpm_ff:lpm_ff_component|dffs[4]                                                                             ; clk        ; clk      ; None                        ; None                      ; 1.667 ns                ;
; N/A                                     ; 230.84 MHz ( period = 4.332 ns )                    ; clock_generator:inst1|dca_gen:inst6|lpm_counter1:inst3|lpm_counter:lpm_counter_component|cntr_6ai:auto_generated|safe_q[3]                ; control_unit:inst|lpm_dff0:DR|lpm_ff:lpm_ff_component|dffs[3]                                                                             ; clk        ; clk      ; None                        ; None                      ; 1.623 ns                ;
; N/A                                     ; 230.84 MHz ( period = 4.332 ns )                    ; clock_generator:inst1|dca_gen:inst6|lpm_counter1:inst3|lpm_counter:lpm_counter_component|cntr_6ai:auto_generated|safe_q[3]                ; control_unit:inst|lpm_dff0:DR|lpm_ff:lpm_ff_component|dffs[2]                                                                             ; clk        ; clk      ; None                        ; None                      ; 1.623 ns                ;
; N/A                                     ; 230.84 MHz ( period = 4.332 ns )                    ; clock_generator:inst1|dca_gen:inst6|lpm_counter1:inst3|lpm_counter:lpm_counter_component|cntr_6ai:auto_generated|safe_q[3]                ; control_unit:inst|lpm_dff0:DR|lpm_ff:lpm_ff_component|dffs[1]                                                                             ; clk        ; clk      ; None                        ; None                      ; 1.623 ns                ;
; N/A                                     ; 230.84 MHz ( period = 4.332 ns )                    ; clock_generator:inst1|dca_gen:inst6|lpm_counter1:inst3|lpm_counter:lpm_counter_component|cntr_6ai:auto_generated|safe_q[3]                ; control_unit:inst|lpm_dff0:DR|lpm_ff:lpm_ff_component|dffs[0]                                                                             ; clk        ; clk      ; None                        ; None                      ; 1.623 ns                ;
; N/A                                     ; 231.27 MHz ( period = 4.324 ns )                    ; clock_generator:inst1|dca_gen:inst6|lpm_counter1:inst3|lpm_counter:lpm_counter_component|cntr_6ai:auto_generated|safe_q[0]                ; rom_ram_interface:inst17|lpm_rom0:inst|altsyncram:altsyncram_component|altsyncram_9v71:auto_generated|ram_block1a0~porta_address_reg3     ; clk        ; clk      ; None                        ; None                      ; 1.522 ns                ;
; N/A                                     ; 231.70 MHz ( period = 4.316 ns )                    ; clock_generator:inst1|dca_gen:inst6|lpm_counter1:inst3|lpm_counter:lpm_counter_component|cntr_6ai:auto_generated|safe_q[0]                ; rom_ram_interface:inst17|lpm_rom0:inst|altsyncram:altsyncram_component|altsyncram_9v71:auto_generated|ram_block1a0~porta_address_reg2     ; clk        ; clk      ; None                        ; None                      ; 1.514 ns                ;
; N/A                                     ; 232.99 MHz ( period = 4.292 ns )                    ; clock_generator:inst1|dca_gen:inst6|lpm_counter1:inst3|lpm_counter:lpm_counter_component|cntr_6ai:auto_generated|safe_q[0]                ; rom_ram_interface:inst17|lpm_rom0:inst|altsyncram:altsyncram_component|altsyncram_9v71:auto_generated|ram_block1a0~porta_address_reg0     ; clk        ; clk      ; None                        ; None                      ; 1.490 ns                ;
; N/A                                     ; 233.43 MHz ( period = 4.284 ns )                    ; clock_generator:inst1|dca_gen:inst6|lpm_counter1:inst3|lpm_counter:lpm_counter_component|cntr_6ai:auto_generated|safe_q[0]                ; rom_ram_interface:inst17|lpm_rom0:inst|altsyncram:altsyncram_component|altsyncram_9v71:auto_generated|ram_block1a0~porta_address_reg1     ; clk        ; clk      ; None                        ; None                      ; 1.482 ns                ;
; N/A                                     ; 233.86 MHz ( period = 4.276 ns )                    ; clock_generator:inst1|dca_gen:inst6|lpm_counter1:inst3|lpm_counter:lpm_counter_component|cntr_6ai:auto_generated|safe_q[1]                ; control_unit:inst|lpm_ff2:IR|lpm_ff:lpm_ff_component|dffs[3]                                                                              ; clk        ; clk      ; None                        ; None                      ; 1.567 ns                ;
; N/A                                     ; 233.86 MHz ( period = 4.276 ns )                    ; clock_generator:inst1|dca_gen:inst6|lpm_counter1:inst3|lpm_counter:lpm_counter_component|cntr_6ai:auto_generated|safe_q[1]                ; control_unit:inst|lpm_ff2:IR|lpm_ff:lpm_ff_component|dffs[2]                                                                              ; clk        ; clk      ; None                        ; None                      ; 1.567 ns                ;
; N/A                                     ; 233.86 MHz ( period = 4.276 ns )                    ; clock_generator:inst1|dca_gen:inst6|lpm_counter1:inst3|lpm_counter:lpm_counter_component|cntr_6ai:auto_generated|safe_q[1]                ; control_unit:inst|lpm_ff2:IR|lpm_ff:lpm_ff_component|dffs[1]                                                                              ; clk        ; clk      ; None                        ; None                      ; 1.567 ns                ;
; N/A                                     ; 233.86 MHz ( period = 4.276 ns )                    ; clock_generator:inst1|dca_gen:inst6|lpm_counter1:inst3|lpm_counter:lpm_counter_component|cntr_6ai:auto_generated|safe_q[1]                ; control_unit:inst|lpm_ff2:IR|lpm_ff:lpm_ff_component|dffs[0]                                                                              ; clk        ; clk      ; None                        ; None                      ; 1.567 ns                ;
; N/A                                     ; 235.63 MHz ( period = 4.244 ns )                    ; clock_generator:inst1|dca_gen:inst6|lpm_counter1:inst3|lpm_counter:lpm_counter_component|cntr_6ai:auto_generated|safe_q[2]                ; control_unit:inst|lpm_ff2:IR|lpm_ff:lpm_ff_component|dffs[3]                                                                              ; clk        ; clk      ; None                        ; None                      ; 1.535 ns                ;
; N/A                                     ; 235.63 MHz ( period = 4.244 ns )                    ; clock_generator:inst1|dca_gen:inst6|lpm_counter1:inst3|lpm_counter:lpm_counter_component|cntr_6ai:auto_generated|safe_q[2]                ; control_unit:inst|lpm_ff2:IR|lpm_ff:lpm_ff_component|dffs[2]                                                                              ; clk        ; clk      ; None                        ; None                      ; 1.535 ns                ;
; N/A                                     ; 235.63 MHz ( period = 4.244 ns )                    ; clock_generator:inst1|dca_gen:inst6|lpm_counter1:inst3|lpm_counter:lpm_counter_component|cntr_6ai:auto_generated|safe_q[2]                ; control_unit:inst|lpm_ff2:IR|lpm_ff:lpm_ff_component|dffs[1]                                                                              ; clk        ; clk      ; None                        ; None                      ; 1.535 ns                ;
; N/A                                     ; 235.63 MHz ( period = 4.244 ns )                    ; clock_generator:inst1|dca_gen:inst6|lpm_counter1:inst3|lpm_counter:lpm_counter_component|cntr_6ai:auto_generated|safe_q[2]                ; control_unit:inst|lpm_ff2:IR|lpm_ff:lpm_ff_component|dffs[0]                                                                              ; clk        ; clk      ; None                        ; None                      ; 1.535 ns                ;
; N/A                                     ; 237.42 MHz ( period = 4.212 ns )                    ; clock_generator:inst1|dca_gen:inst6|lpm_counter1:inst3|lpm_counter:lpm_counter_component|cntr_6ai:auto_generated|safe_q[2]                ; rom_ram_interface:inst17|lpm_rom0:inst|altsyncram:altsyncram_component|altsyncram_9v71:auto_generated|ram_block1a0~porta_address_reg3     ; clk        ; clk      ; None                        ; None                      ; 1.410 ns                ;
; N/A                                     ; 237.87 MHz ( period = 4.204 ns )                    ; clock_generator:inst1|dca_gen:inst6|lpm_counter1:inst3|lpm_counter:lpm_counter_component|cntr_6ai:auto_generated|safe_q[2]                ; rom_ram_interface:inst17|lpm_rom0:inst|altsyncram:altsyncram_component|altsyncram_9v71:auto_generated|ram_block1a0~porta_address_reg2     ; clk        ; clk      ; None                        ; None                      ; 1.402 ns                ;
; N/A                                     ; 239.23 MHz ( period = 4.180 ns )                    ; clock_generator:inst1|dca_gen:inst6|lpm_counter1:inst3|lpm_counter:lpm_counter_component|cntr_6ai:auto_generated|safe_q[2]                ; rom_ram_interface:inst17|lpm_rom0:inst|altsyncram:altsyncram_component|altsyncram_9v71:auto_generated|ram_block1a0~porta_address_reg0     ; clk        ; clk      ; None                        ; None                      ; 1.378 ns                ;
; N/A                                     ; 239.46 MHz ( period = 4.176 ns )                    ; clock_generator:inst1|dca_gen:inst6|lpm_counter1:inst3|lpm_counter:lpm_counter_component|cntr_6ai:auto_generated|safe_q[1]                ; control_unit:inst|lpm_ff2:IR|lpm_ff:lpm_ff_component|dffs[6]                                                                              ; clk        ; clk      ; None                        ; None                      ; 1.467 ns                ;
; N/A                                     ; 239.46 MHz ( period = 4.176 ns )                    ; clock_generator:inst1|dca_gen:inst6|lpm_counter1:inst3|lpm_counter:lpm_counter_component|cntr_6ai:auto_generated|safe_q[1]                ; control_unit:inst|lpm_ff2:IR|lpm_ff:lpm_ff_component|dffs[7]                                                                              ; clk        ; clk      ; None                        ; None                      ; 1.467 ns                ;
; N/A                                     ; 239.69 MHz ( period = 4.172 ns )                    ; clock_generator:inst1|dca_gen:inst6|lpm_counter1:inst3|lpm_counter:lpm_counter_component|cntr_6ai:auto_generated|safe_q[2]                ; rom_ram_interface:inst17|lpm_rom0:inst|altsyncram:altsyncram_component|altsyncram_9v71:auto_generated|ram_block1a0~porta_address_reg1     ; clk        ; clk      ; None                        ; None                      ; 1.370 ns                ;
; N/A                                     ; 241.31 MHz ( period = 4.144 ns )                    ; clock_generator:inst1|dca_gen:inst6|lpm_counter1:inst3|lpm_counter:lpm_counter_component|cntr_6ai:auto_generated|safe_q[2]                ; control_unit:inst|lpm_ff2:IR|lpm_ff:lpm_ff_component|dffs[6]                                                                              ; clk        ; clk      ; None                        ; None                      ; 1.435 ns                ;
; N/A                                     ; 241.31 MHz ( period = 4.144 ns )                    ; clock_generator:inst1|dca_gen:inst6|lpm_counter1:inst3|lpm_counter:lpm_counter_component|cntr_6ai:auto_generated|safe_q[2]                ; control_unit:inst|lpm_ff2:IR|lpm_ff:lpm_ff_component|dffs[7]                                                                              ; clk        ; clk      ; None                        ; None                      ; 1.435 ns                ;
; N/A                                     ; 271.59 MHz ( period = 3.682 ns )                    ; rom_ram_interface:inst17|lpm_ram_io:inst2|altram:sram|altsyncram:ram_block|altsyncram_6r91:auto_generated|ram_block1a0~porta_address_reg0 ; control_unit:inst|lpm_dff0:DR|lpm_ff:lpm_ff_component|dffs[2]                                                                             ; clk        ; clk      ; None                        ; None                      ; 3.607 ns                ;
; N/A                                     ; 271.59 MHz ( period = 3.682 ns )                    ; rom_ram_interface:inst17|lpm_ram_io:inst2|altram:sram|altsyncram:ram_block|altsyncram_6r91:auto_generated|ram_block1a0~porta_address_reg1 ; control_unit:inst|lpm_dff0:DR|lpm_ff:lpm_ff_component|dffs[2]                                                                             ; clk        ; clk      ; None                        ; None                      ; 3.607 ns                ;
; N/A                                     ; 271.59 MHz ( period = 3.682 ns )                    ; rom_ram_interface:inst17|lpm_ram_io:inst2|altram:sram|altsyncram:ram_block|altsyncram_6r91:auto_generated|ram_block1a0~porta_address_reg2 ; control_unit:inst|lpm_dff0:DR|lpm_ff:lpm_ff_component|dffs[2]                                                                             ; clk        ; clk      ; None                        ; None                      ; 3.607 ns                ;
; N/A                                     ; 271.59 MHz ( period = 3.682 ns )                    ; rom_ram_interface:inst17|lpm_ram_io:inst2|altram:sram|altsyncram:ram_block|altsyncram_6r91:auto_generated|ram_block1a0~porta_address_reg3 ; control_unit:inst|lpm_dff0:DR|lpm_ff:lpm_ff_component|dffs[2]                                                                             ; clk        ; clk      ; None                        ; None                      ; 3.607 ns                ;
; N/A                                     ; 276.47 MHz ( period = 3.617 ns )                    ; rom_ram_interface:inst17|lpm_ram_io:inst2|altram:sram|altsyncram:ram_block|altsyncram_6r91:auto_generated|ram_block1a0~porta_address_reg0 ; control_unit:inst|lpm_dff0:DR|lpm_ff:lpm_ff_component|dffs[1]                                                                             ; clk        ; clk      ; None                        ; None                      ; 3.542 ns                ;
; N/A                                     ; 276.47 MHz ( period = 3.617 ns )                    ; rom_ram_interface:inst17|lpm_ram_io:inst2|altram:sram|altsyncram:ram_block|altsyncram_6r91:auto_generated|ram_block1a0~porta_address_reg1 ; control_unit:inst|lpm_dff0:DR|lpm_ff:lpm_ff_component|dffs[1]                                                                             ; clk        ; clk      ; None                        ; None                      ; 3.542 ns                ;
; N/A                                     ; 276.47 MHz ( period = 3.617 ns )                    ; rom_ram_interface:inst17|lpm_ram_io:inst2|altram:sram|altsyncram:ram_block|altsyncram_6r91:auto_generated|ram_block1a0~porta_address_reg2 ; control_unit:inst|lpm_dff0:DR|lpm_ff:lpm_ff_component|dffs[1]                                                                             ; clk        ; clk      ; None                        ; None                      ; 3.542 ns                ;
; N/A                                     ; 276.47 MHz ( period = 3.617 ns )                    ; rom_ram_interface:inst17|lpm_ram_io:inst2|altram:sram|altsyncram:ram_block|altsyncram_6r91:auto_generated|ram_block1a0~porta_address_reg3 ; control_unit:inst|lpm_dff0:DR|lpm_ff:lpm_ff_component|dffs[1]                                                                             ; clk        ; clk      ; None                        ; None                      ; 3.542 ns                ;
; N/A                                     ; 278.78 MHz ( period = 3.587 ns )                    ; rom_ram_interface:inst17|lpm_ram_io:inst2|altram:sram|altsyncram:ram_block|altsyncram_6r91:auto_generated|ram_block1a0~porta_address_reg0 ; control_unit:inst|lpm_dff0:DR|lpm_ff:lpm_ff_component|dffs[3]                                                                             ; clk        ; clk      ; None                        ; None                      ; 3.512 ns                ;
; N/A                                     ; 278.78 MHz ( period = 3.587 ns )                    ; rom_ram_interface:inst17|lpm_ram_io:inst2|altram:sram|altsyncram:ram_block|altsyncram_6r91:auto_generated|ram_block1a0~porta_address_reg1 ; control_unit:inst|lpm_dff0:DR|lpm_ff:lpm_ff_component|dffs[3]                                                                             ; clk        ; clk      ; None                        ; None                      ; 3.512 ns                ;
; N/A                                     ; 278.78 MHz ( period = 3.587 ns )                    ; rom_ram_interface:inst17|lpm_ram_io:inst2|altram:sram|altsyncram:ram_block|altsyncram_6r91:auto_generated|ram_block1a0~porta_address_reg2 ; control_unit:inst|lpm_dff0:DR|lpm_ff:lpm_ff_component|dffs[3]                                                                             ; clk        ; clk      ; None                        ; None                      ; 3.512 ns                ;
; N/A                                     ; 278.78 MHz ( period = 3.587 ns )                    ; rom_ram_interface:inst17|lpm_ram_io:inst2|altram:sram|altsyncram:ram_block|altsyncram_6r91:auto_generated|ram_block1a0~porta_address_reg3 ; control_unit:inst|lpm_dff0:DR|lpm_ff:lpm_ff_component|dffs[3]                                                                             ; clk        ; clk      ; None                        ; None                      ; 3.512 ns                ;
; N/A                                     ; 294.03 MHz ( period = 3.401 ns )                    ; rom_ram_interface:inst17|lpm_rom0:inst|altsyncram:altsyncram_component|altsyncram_9v71:auto_generated|ram_block1a0~porta_address_reg0     ; control_unit:inst|lpm_dff0:DR|lpm_ff:lpm_ff_component|dffs[3]                                                                             ; clk        ; clk      ; None                        ; None                      ; 3.332 ns                ;
; N/A                                     ; 294.03 MHz ( period = 3.401 ns )                    ; rom_ram_interface:inst17|lpm_rom0:inst|altsyncram:altsyncram_component|altsyncram_9v71:auto_generated|ram_block1a0~porta_address_reg1     ; control_unit:inst|lpm_dff0:DR|lpm_ff:lpm_ff_component|dffs[3]                                                                             ; clk        ; clk      ; None                        ; None                      ; 3.332 ns                ;
; N/A                                     ; 294.03 MHz ( period = 3.401 ns )                    ; rom_ram_interface:inst17|lpm_rom0:inst|altsyncram:altsyncram_component|altsyncram_9v71:auto_generated|ram_block1a0~porta_address_reg2     ; control_unit:inst|lpm_dff0:DR|lpm_ff:lpm_ff_component|dffs[3]                                                                             ; clk        ; clk      ; None                        ; None                      ; 3.332 ns                ;
; N/A                                     ; 294.03 MHz ( period = 3.401 ns )                    ; rom_ram_interface:inst17|lpm_rom0:inst|altsyncram:altsyncram_component|altsyncram_9v71:auto_generated|ram_block1a0~porta_address_reg3     ; control_unit:inst|lpm_dff0:DR|lpm_ff:lpm_ff_component|dffs[3]                                                                             ; clk        ; clk      ; None                        ; None                      ; 3.332 ns                ;
; N/A                                     ; 294.55 MHz ( period = 3.395 ns )                    ; rom_ram_interface:inst17|lpm_ram_io:inst2|altram:sram|altsyncram:ram_block|altsyncram_6r91:auto_generated|ram_block1a0~porta_address_reg0 ; control_unit:inst|lpm_ff2:IR|lpm_ff:lpm_ff_component|dffs[0]                                                                              ; clk        ; clk      ; None                        ; None                      ; 3.320 ns                ;
; N/A                                     ; 294.55 MHz ( period = 3.395 ns )                    ; rom_ram_interface:inst17|lpm_ram_io:inst2|altram:sram|altsyncram:ram_block|altsyncram_6r91:auto_generated|ram_block1a0~porta_address_reg1 ; control_unit:inst|lpm_ff2:IR|lpm_ff:lpm_ff_component|dffs[0]                                                                              ; clk        ; clk      ; None                        ; None                      ; 3.320 ns                ;
; N/A                                     ; 294.55 MHz ( period = 3.395 ns )                    ; rom_ram_interface:inst17|lpm_ram_io:inst2|altram:sram|altsyncram:ram_block|altsyncram_6r91:auto_generated|ram_block1a0~porta_address_reg2 ; control_unit:inst|lpm_ff2:IR|lpm_ff:lpm_ff_component|dffs[0]                                                                              ; clk        ; clk      ; None                        ; None                      ; 3.320 ns                ;
; N/A                                     ; 294.55 MHz ( period = 3.395 ns )                    ; rom_ram_interface:inst17|lpm_ram_io:inst2|altram:sram|altsyncram:ram_block|altsyncram_6r91:auto_generated|ram_block1a0~porta_address_reg3 ; control_unit:inst|lpm_ff2:IR|lpm_ff:lpm_ff_component|dffs[0]                                                                              ; clk        ; clk      ; None                        ; None                      ; 3.320 ns                ;
; N/A                                     ; 298.69 MHz ( period = 3.348 ns )                    ; rom_ram_interface:inst17|lpm_rom0:inst|altsyncram:altsyncram_component|altsyncram_9v71:auto_generated|ram_block1a0~porta_address_reg0     ; control_unit:inst|lpm_dff0:DR|lpm_ff:lpm_ff_component|dffs[1]                                                                             ; clk        ; clk      ; None                        ; None                      ; 3.279 ns                ;
; N/A                                     ; 298.69 MHz ( period = 3.348 ns )                    ; rom_ram_interface:inst17|lpm_rom0:inst|altsyncram:altsyncram_component|altsyncram_9v71:auto_generated|ram_block1a0~porta_address_reg1     ; control_unit:inst|lpm_dff0:DR|lpm_ff:lpm_ff_component|dffs[1]                                                                             ; clk        ; clk      ; None                        ; None                      ; 3.279 ns                ;
; N/A                                     ; 298.69 MHz ( period = 3.348 ns )                    ; rom_ram_interface:inst17|lpm_rom0:inst|altsyncram:altsyncram_component|altsyncram_9v71:auto_generated|ram_block1a0~porta_address_reg2     ; control_unit:inst|lpm_dff0:DR|lpm_ff:lpm_ff_component|dffs[1]                                                                             ; clk        ; clk      ; None                        ; None                      ; 3.279 ns                ;
; N/A                                     ; 298.69 MHz ( period = 3.348 ns )                    ; rom_ram_interface:inst17|lpm_rom0:inst|altsyncram:altsyncram_component|altsyncram_9v71:auto_generated|ram_block1a0~porta_address_reg3     ; control_unit:inst|lpm_dff0:DR|lpm_ff:lpm_ff_component|dffs[1]                                                                             ; clk        ; clk      ; None                        ; None                      ; 3.279 ns                ;
; N/A                                     ; 301.20 MHz ( period = 3.320 ns )                    ; rom_ram_interface:inst17|lpm_rom0:inst|altsyncram:altsyncram_component|altsyncram_9v71:auto_generated|ram_block1a0~porta_address_reg0     ; control_unit:inst|lpm_ff2:IR|lpm_ff:lpm_ff_component|dffs[0]                                                                              ; clk        ; clk      ; None                        ; None                      ; 3.251 ns                ;
; N/A                                     ; 301.20 MHz ( period = 3.320 ns )                    ; rom_ram_interface:inst17|lpm_rom0:inst|altsyncram:altsyncram_component|altsyncram_9v71:auto_generated|ram_block1a0~porta_address_reg1     ; control_unit:inst|lpm_ff2:IR|lpm_ff:lpm_ff_component|dffs[0]                                                                              ; clk        ; clk      ; None                        ; None                      ; 3.251 ns                ;
; N/A                                     ; 301.20 MHz ( period = 3.320 ns )                    ; rom_ram_interface:inst17|lpm_rom0:inst|altsyncram:altsyncram_component|altsyncram_9v71:auto_generated|ram_block1a0~porta_address_reg2     ; control_unit:inst|lpm_ff2:IR|lpm_ff:lpm_ff_component|dffs[0]                                                                              ; clk        ; clk      ; None                        ; None                      ; 3.251 ns                ;
; N/A                                     ; 301.20 MHz ( period = 3.320 ns )                    ; rom_ram_interface:inst17|lpm_rom0:inst|altsyncram:altsyncram_component|altsyncram_9v71:auto_generated|ram_block1a0~porta_address_reg3     ; control_unit:inst|lpm_ff2:IR|lpm_ff:lpm_ff_component|dffs[0]                                                                              ; clk        ; clk      ; None                        ; None                      ; 3.251 ns                ;
; N/A                                     ; 309.12 MHz ( period = 3.235 ns )                    ; rom_ram_interface:inst17|lpm_rom0:inst|altsyncram:altsyncram_component|altsyncram_9v71:auto_generated|ram_block1a0~porta_address_reg0     ; control_unit:inst|lpm_dff0:DR|lpm_ff:lpm_ff_component|dffs[2]                                                                             ; clk        ; clk      ; None                        ; None                      ; 3.166 ns                ;
; N/A                                     ; 309.12 MHz ( period = 3.235 ns )                    ; rom_ram_interface:inst17|lpm_rom0:inst|altsyncram:altsyncram_component|altsyncram_9v71:auto_generated|ram_block1a0~porta_address_reg1     ; control_unit:inst|lpm_dff0:DR|lpm_ff:lpm_ff_component|dffs[2]                                                                             ; clk        ; clk      ; None                        ; None                      ; 3.166 ns                ;
; N/A                                     ; 309.12 MHz ( period = 3.235 ns )                    ; rom_ram_interface:inst17|lpm_rom0:inst|altsyncram:altsyncram_component|altsyncram_9v71:auto_generated|ram_block1a0~porta_address_reg2     ; control_unit:inst|lpm_dff0:DR|lpm_ff:lpm_ff_component|dffs[2]                                                                             ; clk        ; clk      ; None                        ; None                      ; 3.166 ns                ;
; N/A                                     ; 309.12 MHz ( period = 3.235 ns )                    ; rom_ram_interface:inst17|lpm_rom0:inst|altsyncram:altsyncram_component|altsyncram_9v71:auto_generated|ram_block1a0~porta_address_reg3     ; control_unit:inst|lpm_dff0:DR|lpm_ff:lpm_ff_component|dffs[2]                                                                             ; clk        ; clk      ; None                        ; None                      ; 3.166 ns                ;
; N/A                                     ; 310.85 MHz ( period = 3.217 ns )                    ; rom_ram_interface:inst17|lpm_ram_io:inst2|altram:sram|altsyncram:ram_block|altsyncram_6r91:auto_generated|ram_block1a0~porta_address_reg0 ; control_unit:inst|lpm_ff2:IR|lpm_ff:lpm_ff_component|dffs[2]                                                                              ; clk        ; clk      ; None                        ; None                      ; 3.142 ns                ;
; N/A                                     ; 310.85 MHz ( period = 3.217 ns )                    ; rom_ram_interface:inst17|lpm_ram_io:inst2|altram:sram|altsyncram:ram_block|altsyncram_6r91:auto_generated|ram_block1a0~porta_address_reg1 ; control_unit:inst|lpm_ff2:IR|lpm_ff:lpm_ff_component|dffs[2]                                                                              ; clk        ; clk      ; None                        ; None                      ; 3.142 ns                ;
; N/A                                     ; 310.85 MHz ( period = 3.217 ns )                    ; rom_ram_interface:inst17|lpm_ram_io:inst2|altram:sram|altsyncram:ram_block|altsyncram_6r91:auto_generated|ram_block1a0~porta_address_reg2 ; control_unit:inst|lpm_ff2:IR|lpm_ff:lpm_ff_component|dffs[2]                                                                              ; clk        ; clk      ; None                        ; None                      ; 3.142 ns                ;
; N/A                                     ; 310.85 MHz ( period = 3.217 ns )                    ; rom_ram_interface:inst17|lpm_ram_io:inst2|altram:sram|altsyncram:ram_block|altsyncram_6r91:auto_generated|ram_block1a0~porta_address_reg3 ; control_unit:inst|lpm_ff2:IR|lpm_ff:lpm_ff_component|dffs[2]                                                                              ; clk        ; clk      ; None                        ; None                      ; 3.142 ns                ;
; N/A                                     ; 312.40 MHz ( period = 3.201 ns )                    ; rom_ram_interface:inst17|lpm_ram_io:inst2|altram:sram|altsyncram:ram_block|altsyncram_6r91:auto_generated|ram_block1a0~porta_address_reg0 ; control_unit:inst|lpm_ff2:IR|lpm_ff:lpm_ff_component|dffs[7]                                                                              ; clk        ; clk      ; None                        ; None                      ; 3.126 ns                ;
; N/A                                     ; 312.40 MHz ( period = 3.201 ns )                    ; rom_ram_interface:inst17|lpm_ram_io:inst2|altram:sram|altsyncram:ram_block|altsyncram_6r91:auto_generated|ram_block1a0~porta_address_reg1 ; control_unit:inst|lpm_ff2:IR|lpm_ff:lpm_ff_component|dffs[7]                                                                              ; clk        ; clk      ; None                        ; None                      ; 3.126 ns                ;
; N/A                                     ; 312.40 MHz ( period = 3.201 ns )                    ; rom_ram_interface:inst17|lpm_ram_io:inst2|altram:sram|altsyncram:ram_block|altsyncram_6r91:auto_generated|ram_block1a0~porta_address_reg2 ; control_unit:inst|lpm_ff2:IR|lpm_ff:lpm_ff_component|dffs[7]                                                                              ; clk        ; clk      ; None                        ; None                      ; 3.126 ns                ;
; N/A                                     ; 312.40 MHz ( period = 3.201 ns )                    ; rom_ram_interface:inst17|lpm_ram_io:inst2|altram:sram|altsyncram:ram_block|altsyncram_6r91:auto_generated|ram_block1a0~porta_address_reg3 ; control_unit:inst|lpm_ff2:IR|lpm_ff:lpm_ff_component|dffs[7]                                                                              ; clk        ; clk      ; None                        ; None                      ; 3.126 ns                ;
; N/A                                     ; 315.56 MHz ( period = 3.169 ns )                    ; rom_ram_interface:inst17|lpm_ram_io:inst2|altram:sram|altsyncram:ram_block|altsyncram_6r91:auto_generated|ram_block1a0~porta_address_reg0 ; control_unit:inst|lpm_ff2:IR|lpm_ff:lpm_ff_component|dffs[6]                                                                              ; clk        ; clk      ; None                        ; None                      ; 3.094 ns                ;
; N/A                                     ; 315.56 MHz ( period = 3.169 ns )                    ; rom_ram_interface:inst17|lpm_ram_io:inst2|altram:sram|altsyncram:ram_block|altsyncram_6r91:auto_generated|ram_block1a0~porta_address_reg1 ; control_unit:inst|lpm_ff2:IR|lpm_ff:lpm_ff_component|dffs[6]                                                                              ; clk        ; clk      ; None                        ; None                      ; 3.094 ns                ;
; N/A                                     ; 315.56 MHz ( period = 3.169 ns )                    ; rom_ram_interface:inst17|lpm_ram_io:inst2|altram:sram|altsyncram:ram_block|altsyncram_6r91:auto_generated|ram_block1a0~porta_address_reg2 ; control_unit:inst|lpm_ff2:IR|lpm_ff:lpm_ff_component|dffs[6]                                                                              ; clk        ; clk      ; None                        ; None                      ; 3.094 ns                ;
; N/A                                     ; 315.56 MHz ( period = 3.169 ns )                    ; rom_ram_interface:inst17|lpm_ram_io:inst2|altram:sram|altsyncram:ram_block|altsyncram_6r91:auto_generated|ram_block1a0~porta_address_reg3 ; control_unit:inst|lpm_ff2:IR|lpm_ff:lpm_ff_component|dffs[6]                                                                              ; clk        ; clk      ; None                        ; None                      ; 3.094 ns                ;
; N/A                                     ; 317.36 MHz ( period = 3.151 ns )                    ; rom_ram_interface:inst17|lpm_ram_io:inst2|altram:sram|altsyncram:ram_block|altsyncram_6r91:auto_generated|ram_block1a0~porta_address_reg0 ; control_unit:inst|lpm_ff2:IR|lpm_ff:lpm_ff_component|dffs[1]                                                                              ; clk        ; clk      ; None                        ; None                      ; 3.076 ns                ;
; N/A                                     ; 317.36 MHz ( period = 3.151 ns )                    ; rom_ram_interface:inst17|lpm_ram_io:inst2|altram:sram|altsyncram:ram_block|altsyncram_6r91:auto_generated|ram_block1a0~porta_address_reg1 ; control_unit:inst|lpm_ff2:IR|lpm_ff:lpm_ff_component|dffs[1]                                                                              ; clk        ; clk      ; None                        ; None                      ; 3.076 ns                ;
; N/A                                     ; 317.36 MHz ( period = 3.151 ns )                    ; rom_ram_interface:inst17|lpm_ram_io:inst2|altram:sram|altsyncram:ram_block|altsyncram_6r91:auto_generated|ram_block1a0~porta_address_reg2 ; control_unit:inst|lpm_ff2:IR|lpm_ff:lpm_ff_component|dffs[1]                                                                              ; clk        ; clk      ; None                        ; None                      ; 3.076 ns                ;
; N/A                                     ; 317.36 MHz ( period = 3.151 ns )                    ; rom_ram_interface:inst17|lpm_ram_io:inst2|altram:sram|altsyncram:ram_block|altsyncram_6r91:auto_generated|ram_block1a0~porta_address_reg3 ; control_unit:inst|lpm_ff2:IR|lpm_ff:lpm_ff_component|dffs[1]                                                                              ; clk        ; clk      ; None                        ; None                      ; 3.076 ns                ;
; N/A                                     ; 319.90 MHz ( period = 3.126 ns )                    ; rom_ram_interface:inst17|lpm_ram_io:inst2|altram:sram|altsyncram:ram_block|altsyncram_6r91:auto_generated|ram_block1a0~porta_address_reg0 ; control_unit:inst|lpm_ff2:IR|lpm_ff:lpm_ff_component|dffs[3]                                                                              ; clk        ; clk      ; None                        ; None                      ; 3.051 ns                ;
; N/A                                     ; 319.90 MHz ( period = 3.126 ns )                    ; rom_ram_interface:inst17|lpm_ram_io:inst2|altram:sram|altsyncram:ram_block|altsyncram_6r91:auto_generated|ram_block1a0~porta_address_reg1 ; control_unit:inst|lpm_ff2:IR|lpm_ff:lpm_ff_component|dffs[3]                                                                              ; clk        ; clk      ; None                        ; None                      ; 3.051 ns                ;
; N/A                                     ; 319.90 MHz ( period = 3.126 ns )                    ; rom_ram_interface:inst17|lpm_ram_io:inst2|altram:sram|altsyncram:ram_block|altsyncram_6r91:auto_generated|ram_block1a0~porta_address_reg2 ; control_unit:inst|lpm_ff2:IR|lpm_ff:lpm_ff_component|dffs[3]                                                                              ; clk        ; clk      ; None                        ; None                      ; 3.051 ns                ;
; N/A                                     ; 319.90 MHz ( period = 3.126 ns )                    ; rom_ram_interface:inst17|lpm_ram_io:inst2|altram:sram|altsyncram:ram_block|altsyncram_6r91:auto_generated|ram_block1a0~porta_address_reg3 ; control_unit:inst|lpm_ff2:IR|lpm_ff:lpm_ff_component|dffs[3]                                                                              ; clk        ; clk      ; None                        ; None                      ; 3.051 ns                ;
; N/A                                     ; 331.02 MHz ( period = 3.021 ns )                    ; rom_ram_interface:inst17|lpm_ram_io:inst2|altram:sram|altsyncram:ram_block|altsyncram_6r91:auto_generated|ram_block1a0~porta_address_reg0 ; control_unit:inst|lpm_dff0:DR|lpm_ff:lpm_ff_component|dffs[0]                                                                             ; clk        ; clk      ; None                        ; None                      ; 2.946 ns                ;
; N/A                                     ; 331.02 MHz ( period = 3.021 ns )                    ; rom_ram_interface:inst17|lpm_ram_io:inst2|altram:sram|altsyncram:ram_block|altsyncram_6r91:auto_generated|ram_block1a0~porta_address_reg1 ; control_unit:inst|lpm_dff0:DR|lpm_ff:lpm_ff_component|dffs[0]                                                                             ; clk        ; clk      ; None                        ; None                      ; 2.946 ns                ;
; N/A                                     ; 331.02 MHz ( period = 3.021 ns )                    ; rom_ram_interface:inst17|lpm_ram_io:inst2|altram:sram|altsyncram:ram_block|altsyncram_6r91:auto_generated|ram_block1a0~porta_address_reg2 ; control_unit:inst|lpm_dff0:DR|lpm_ff:lpm_ff_component|dffs[0]                                                                             ; clk        ; clk      ; None                        ; None                      ; 2.946 ns                ;
; N/A                                     ; 331.02 MHz ( period = 3.021 ns )                    ; rom_ram_interface:inst17|lpm_ram_io:inst2|altram:sram|altsyncram:ram_block|altsyncram_6r91:auto_generated|ram_block1a0~porta_address_reg3 ; control_unit:inst|lpm_dff0:DR|lpm_ff:lpm_ff_component|dffs[0]                                                                             ; clk        ; clk      ; None                        ; None                      ; 2.946 ns                ;
; N/A                                     ; 339.44 MHz ( period = 2.946 ns )                    ; rom_ram_interface:inst17|lpm_rom0:inst|altsyncram:altsyncram_component|altsyncram_9v71:auto_generated|ram_block1a0~porta_address_reg0     ; control_unit:inst|lpm_dff0:DR|lpm_ff:lpm_ff_component|dffs[0]                                                                             ; clk        ; clk      ; None                        ; None                      ; 2.877 ns                ;
; N/A                                     ; 339.44 MHz ( period = 2.946 ns )                    ; rom_ram_interface:inst17|lpm_rom0:inst|altsyncram:altsyncram_component|altsyncram_9v71:auto_generated|ram_block1a0~porta_address_reg1     ; control_unit:inst|lpm_dff0:DR|lpm_ff:lpm_ff_component|dffs[0]                                                                             ; clk        ; clk      ; None                        ; None                      ; 2.877 ns                ;
; N/A                                     ; 339.44 MHz ( period = 2.946 ns )                    ; rom_ram_interface:inst17|lpm_rom0:inst|altsyncram:altsyncram_component|altsyncram_9v71:auto_generated|ram_block1a0~porta_address_reg2     ; control_unit:inst|lpm_dff0:DR|lpm_ff:lpm_ff_component|dffs[0]                                                                             ; clk        ; clk      ; None                        ; None                      ; 2.877 ns                ;
; N/A                                     ; 339.44 MHz ( period = 2.946 ns )                    ; rom_ram_interface:inst17|lpm_rom0:inst|altsyncram:altsyncram_component|altsyncram_9v71:auto_generated|ram_block1a0~porta_address_reg3     ; control_unit:inst|lpm_dff0:DR|lpm_ff:lpm_ff_component|dffs[0]                                                                             ; clk        ; clk      ; None                        ; None                      ; 2.877 ns                ;
; N/A                                     ; 340.14 MHz ( period = 2.940 ns )                    ; rom_ram_interface:inst17|lpm_rom0:inst|altsyncram:altsyncram_component|altsyncram_9v71:auto_generated|ram_block1a0~porta_address_reg0     ; control_unit:inst|lpm_ff2:IR|lpm_ff:lpm_ff_component|dffs[3]                                                                              ; clk        ; clk      ; None                        ; None                      ; 2.871 ns                ;
; N/A                                     ; 340.14 MHz ( period = 2.940 ns )                    ; rom_ram_interface:inst17|lpm_rom0:inst|altsyncram:altsyncram_component|altsyncram_9v71:auto_generated|ram_block1a0~porta_address_reg1     ; control_unit:inst|lpm_ff2:IR|lpm_ff:lpm_ff_component|dffs[3]                                                                              ; clk        ; clk      ; None                        ; None                      ; 2.871 ns                ;
; N/A                                     ; 340.14 MHz ( period = 2.940 ns )                    ; rom_ram_interface:inst17|lpm_rom0:inst|altsyncram:altsyncram_component|altsyncram_9v71:auto_generated|ram_block1a0~porta_address_reg2     ; control_unit:inst|lpm_ff2:IR|lpm_ff:lpm_ff_component|dffs[3]                                                                              ; clk        ; clk      ; None                        ; None                      ; 2.871 ns                ;
; N/A                                     ; 340.14 MHz ( period = 2.940 ns )                    ; rom_ram_interface:inst17|lpm_rom0:inst|altsyncram:altsyncram_component|altsyncram_9v71:auto_generated|ram_block1a0~porta_address_reg3     ; control_unit:inst|lpm_ff2:IR|lpm_ff:lpm_ff_component|dffs[3]                                                                              ; clk        ; clk      ; None                        ; None                      ; 2.871 ns                ;
; N/A                                     ; 346.98 MHz ( period = 2.882 ns )                    ; rom_ram_interface:inst17|lpm_rom0:inst|altsyncram:altsyncram_component|altsyncram_9v71:auto_generated|ram_block1a0~porta_address_reg0     ; control_unit:inst|lpm_ff2:IR|lpm_ff:lpm_ff_component|dffs[1]                                                                              ; clk        ; clk      ; None                        ; None                      ; 2.813 ns                ;
; N/A                                     ; 346.98 MHz ( period = 2.882 ns )                    ; rom_ram_interface:inst17|lpm_rom0:inst|altsyncram:altsyncram_component|altsyncram_9v71:auto_generated|ram_block1a0~porta_address_reg1     ; control_unit:inst|lpm_ff2:IR|lpm_ff:lpm_ff_component|dffs[1]                                                                              ; clk        ; clk      ; None                        ; None                      ; 2.813 ns                ;
; N/A                                     ; 346.98 MHz ( period = 2.882 ns )                    ; rom_ram_interface:inst17|lpm_rom0:inst|altsyncram:altsyncram_component|altsyncram_9v71:auto_generated|ram_block1a0~porta_address_reg2     ; control_unit:inst|lpm_ff2:IR|lpm_ff:lpm_ff_component|dffs[1]                                                                              ; clk        ; clk      ; None                        ; None                      ; 2.813 ns                ;
; N/A                                     ; 346.98 MHz ( period = 2.882 ns )                    ; rom_ram_interface:inst17|lpm_rom0:inst|altsyncram:altsyncram_component|altsyncram_9v71:auto_generated|ram_block1a0~porta_address_reg3     ; control_unit:inst|lpm_ff2:IR|lpm_ff:lpm_ff_component|dffs[1]                                                                              ; clk        ; clk      ; None                        ; None                      ; 2.813 ns                ;
; N/A                                     ; 348.92 MHz ( period = 2.866 ns )                    ; rom_ram_interface:inst17|lpm_ram_io:inst2|altram:sram|altsyncram:ram_block|altsyncram_6r91:auto_generated|ram_block1a0~porta_address_reg0 ; control_unit:inst|lpm_dff0:DR|lpm_ff:lpm_ff_component|dffs[4]                                                                             ; clk        ; clk      ; None                        ; None                      ; 2.791 ns                ;
; N/A                                     ; 348.92 MHz ( period = 2.866 ns )                    ; rom_ram_interface:inst17|lpm_ram_io:inst2|altram:sram|altsyncram:ram_block|altsyncram_6r91:auto_generated|ram_block1a0~porta_address_reg1 ; control_unit:inst|lpm_dff0:DR|lpm_ff:lpm_ff_component|dffs[4]                                                                             ; clk        ; clk      ; None                        ; None                      ; 2.791 ns                ;
; N/A                                     ; 348.92 MHz ( period = 2.866 ns )                    ; rom_ram_interface:inst17|lpm_ram_io:inst2|altram:sram|altsyncram:ram_block|altsyncram_6r91:auto_generated|ram_block1a0~porta_address_reg2 ; control_unit:inst|lpm_dff0:DR|lpm_ff:lpm_ff_component|dffs[4]                                                                             ; clk        ; clk      ; None                        ; None                      ; 2.791 ns                ;
; N/A                                     ; 348.92 MHz ( period = 2.866 ns )                    ; rom_ram_interface:inst17|lpm_ram_io:inst2|altram:sram|altsyncram:ram_block|altsyncram_6r91:auto_generated|ram_block1a0~porta_address_reg3 ; control_unit:inst|lpm_dff0:DR|lpm_ff:lpm_ff_component|dffs[4]                                                                             ; clk        ; clk      ; None                        ; None                      ; 2.791 ns                ;
; N/A                                     ; 352.24 MHz ( period = 2.839 ns )                    ; rom_ram_interface:inst17|lpm_rom0:inst|altsyncram:altsyncram_component|altsyncram_9v71:auto_generated|ram_block1a0~porta_address_reg0     ; control_unit:inst|lpm_ff2:IR|lpm_ff:lpm_ff_component|dffs[7]                                                                              ; clk        ; clk      ; None                        ; None                      ; 2.770 ns                ;
; N/A                                     ; 352.24 MHz ( period = 2.839 ns )                    ; rom_ram_interface:inst17|lpm_rom0:inst|altsyncram:altsyncram_component|altsyncram_9v71:auto_generated|ram_block1a0~porta_address_reg1     ; control_unit:inst|lpm_ff2:IR|lpm_ff:lpm_ff_component|dffs[7]                                                                              ; clk        ; clk      ; None                        ; None                      ; 2.770 ns                ;
; N/A                                     ; 352.24 MHz ( period = 2.839 ns )                    ; rom_ram_interface:inst17|lpm_rom0:inst|altsyncram:altsyncram_component|altsyncram_9v71:auto_generated|ram_block1a0~porta_address_reg2     ; control_unit:inst|lpm_ff2:IR|lpm_ff:lpm_ff_component|dffs[7]                                                                              ; clk        ; clk      ; None                        ; None                      ; 2.770 ns                ;
; N/A                                     ; 352.24 MHz ( period = 2.839 ns )                    ; rom_ram_interface:inst17|lpm_rom0:inst|altsyncram:altsyncram_component|altsyncram_9v71:auto_generated|ram_block1a0~porta_address_reg3     ; control_unit:inst|lpm_ff2:IR|lpm_ff:lpm_ff_component|dffs[7]                                                                              ; clk        ; clk      ; None                        ; None                      ; 2.770 ns                ;
; N/A                                     ; 353.36 MHz ( period = 2.830 ns )                    ; clock_generator:inst1|dca_gen:inst6|lpm_counter0:inst|lpm_counter:lpm_counter_component|cntr_lej:auto_generated|safe_q[0]                 ; clock_generator:inst1|dca_gen:inst6|lpm_counter1:inst3|lpm_counter:lpm_counter_component|cntr_6ai:auto_generated|safe_q[1]                ; clk        ; clk      ; None                        ; None                      ; 2.534 ns                ;
; N/A                                     ; 353.36 MHz ( period = 2.830 ns )                    ; clock_generator:inst1|dca_gen:inst6|lpm_counter0:inst|lpm_counter:lpm_counter_component|cntr_lej:auto_generated|safe_q[0]                 ; clock_generator:inst1|dca_gen:inst6|lpm_counter1:inst3|lpm_counter:lpm_counter_component|cntr_6ai:auto_generated|safe_q[0]                ; clk        ; clk      ; None                        ; None                      ; 2.534 ns                ;
; N/A                                     ; 353.36 MHz ( period = 2.830 ns )                    ; clock_generator:inst1|dca_gen:inst6|lpm_counter0:inst|lpm_counter:lpm_counter_component|cntr_lej:auto_generated|safe_q[0]                 ; clock_generator:inst1|dca_gen:inst6|lpm_counter1:inst3|lpm_counter:lpm_counter_component|cntr_6ai:auto_generated|safe_q[3]                ; clk        ; clk      ; None                        ; None                      ; 2.534 ns                ;
; N/A                                     ; 353.36 MHz ( period = 2.830 ns )                    ; clock_generator:inst1|dca_gen:inst6|lpm_counter0:inst|lpm_counter:lpm_counter_component|cntr_lej:auto_generated|safe_q[0]                 ; clock_generator:inst1|dca_gen:inst6|lpm_counter1:inst3|lpm_counter:lpm_counter_component|cntr_6ai:auto_generated|safe_q[2]                ; clk        ; clk      ; None                        ; None                      ; 2.534 ns                ;
; Timing analysis restricted to 200 rows. ; To change the limit use Settings (Assignments menu) ;                                                                                                                                           ;                                                                                                                                           ;            ;          ;                             ;                           ;                         ;
+-----------------------------------------+-----------------------------------------------------+-------------------------------------------------------------------------------------------------------------------------------------------+-------------------------------------------------------------------------------------------------------------------------------------------+------------+----------+-----------------------------+---------------------------+-------------------------+


+-------------------------------------------------------------------------------------------------------------------------+
; tsu                                                                                                                     ;
+-------+--------------+------------+------+-------------------------------------------------------------------+----------+
; Slack ; Required tsu ; Actual tsu ; From ; To                                                                ; To Clock ;
+-------+--------------+------------+------+-------------------------------------------------------------------+----------+
; N/A   ; None         ; 3.144 ns   ; in_Z ; control_unit:inst|lpm_dff1:flag_Z|lpm_ff:lpm_ff_component|dffs[0] ; clk      ;
+-------+--------------+------------+------+-------------------------------------------------------------------+----------+


+-----------------------------------------------------------------------------------------------------------------------------------------------------------------------------------------------------------------------------------------------------------------------------------+
; tco                                                                                                                                                                                                                                                                               ;
+-----------------------------------------+-----------------------------------------------------+------------+-------------------------------------------------------------------------------------------------------------------------------------------+-------------+------------+
; Slack                                   ; Required tco                                        ; Actual tco ; From                                                                                                                                      ; To          ; From Clock ;
+-----------------------------------------+-----------------------------------------------------+------------+-------------------------------------------------------------------------------------------------------------------------------------------+-------------+------------+
; N/A                                     ; None                                                ; 10.862 ns  ; clock_generator:inst1|dca_gen:inst6|lpm_counter1:inst3|lpm_counter:lpm_counter_component|cntr_6ai:auto_generated|safe_q[0]                ; DCa_all[10] ; clk        ;
; N/A                                     ; None                                                ; 10.801 ns  ; clock_generator:inst1|dca_gen:inst6|lpm_counter1:inst3|lpm_counter:lpm_counter_component|cntr_6ai:auto_generated|safe_q[0]                ; DCa_all[15] ; clk        ;
; N/A                                     ; None                                                ; 10.732 ns  ; clock_generator:inst1|dca_gen:inst6|lpm_counter1:inst3|lpm_counter:lpm_counter_component|cntr_6ai:auto_generated|safe_q[1]                ; DCa_all[15] ; clk        ;
; N/A                                     ; None                                                ; 10.718 ns  ; clock_generator:inst1|dca_gen:inst6|lpm_counter1:inst3|lpm_counter:lpm_counter_component|cntr_6ai:auto_generated|safe_q[0]                ; DCa_all[6]  ; clk        ;
; N/A                                     ; None                                                ; 10.545 ns  ; clock_generator:inst1|dca_gen:inst6|lpm_counter1:inst3|lpm_counter:lpm_counter_component|cntr_6ai:auto_generated|safe_q[2]                ; DCa_all[15] ; clk        ;
; N/A                                     ; None                                                ; 10.523 ns  ; clock_generator:inst1|dca_gen:inst6|lpm_counter1:inst3|lpm_counter:lpm_counter_component|cntr_6ai:auto_generated|safe_q[0]                ; DCa_all[12] ; clk        ;
; N/A                                     ; None                                                ; 10.462 ns  ; clock_generator:inst1|dca_gen:inst6|lpm_counter1:inst3|lpm_counter:lpm_counter_component|cntr_6ai:auto_generated|safe_q[0]                ; DCa_all[8]  ; clk        ;
; N/A                                     ; None                                                ; 10.397 ns  ; clock_generator:inst1|dca_gen:inst6|lpm_counter1:inst3|lpm_counter:lpm_counter_component|cntr_6ai:auto_generated|safe_q[0]                ; DCa_all[5]  ; clk        ;
; N/A                                     ; None                                                ; 10.296 ns  ; clock_generator:inst1|dca_gen:inst6|lpm_counter1:inst3|lpm_counter:lpm_counter_component|cntr_6ai:auto_generated|safe_q[0]                ; DCa_all[7]  ; clk        ;
; N/A                                     ; None                                                ; 10.271 ns  ; clock_generator:inst1|dca_gen:inst6|lpm_counter1:inst3|lpm_counter:lpm_counter_component|cntr_6ai:auto_generated|safe_q[0]                ; DCa_all[14] ; clk        ;
; N/A                                     ; None                                                ; 10.232 ns  ; clock_generator:inst1|dca_gen:inst6|lpm_counter1:inst3|lpm_counter:lpm_counter_component|cntr_6ai:auto_generated|safe_q[2]                ; result[2]   ; clk        ;
; N/A                                     ; None                                                ; 10.123 ns  ; clock_generator:inst1|dca_gen:inst6|lpm_counter1:inst3|lpm_counter:lpm_counter_component|cntr_6ai:auto_generated|safe_q[3]                ; result[2]   ; clk        ;
; N/A                                     ; None                                                ; 10.059 ns  ; clock_generator:inst1|dca_gen:inst6|lpm_counter1:inst3|lpm_counter:lpm_counter_component|cntr_6ai:auto_generated|safe_q[1]                ; result[5]   ; clk        ;
; N/A                                     ; None                                                ; 10.059 ns  ; clock_generator:inst1|dca_gen:inst6|lpm_counter1:inst3|lpm_counter:lpm_counter_component|cntr_6ai:auto_generated|safe_q[0]                ; DCa_all[11] ; clk        ;
; N/A                                     ; None                                                ; 10.030 ns  ; clock_generator:inst1|dca_gen:inst6|lpm_counter1:inst3|lpm_counter:lpm_counter_component|cntr_6ai:auto_generated|safe_q[0]                ; DCa_all[13] ; clk        ;
; N/A                                     ; None                                                ; 10.011 ns  ; clock_generator:inst1|dca_gen:inst6|lpm_counter1:inst3|lpm_counter:lpm_counter_component|cntr_6ai:auto_generated|safe_q[1]                ; DCa_all[6]  ; clk        ;
; N/A                                     ; None                                                ; 9.948 ns   ; clock_generator:inst1|dca_gen:inst6|lpm_counter1:inst3|lpm_counter:lpm_counter_component|cntr_6ai:auto_generated|safe_q[1]                ; result[2]   ; clk        ;
; N/A                                     ; None                                                ; 9.929 ns   ; clock_generator:inst1|dca_gen:inst6|lpm_counter1:inst3|lpm_counter:lpm_counter_component|cntr_6ai:auto_generated|safe_q[1]                ; DCa_all[10] ; clk        ;
; N/A                                     ; None                                                ; 9.917 ns   ; clock_generator:inst1|dca_gen:inst6|lpm_counter1:inst3|lpm_counter:lpm_counter_component|cntr_6ai:auto_generated|safe_q[3]                ; DCa_all[10] ; clk        ;
; N/A                                     ; None                                                ; 9.914 ns   ; clock_generator:inst1|dca_gen:inst6|lpm_counter1:inst3|lpm_counter:lpm_counter_component|cntr_6ai:auto_generated|safe_q[2]                ; result[5]   ; clk        ;
; N/A                                     ; None                                                ; 9.909 ns   ; clock_generator:inst1|dca_gen:inst6|lpm_counter1:inst3|lpm_counter:lpm_counter_component|cntr_6ai:auto_generated|safe_q[1]                ; DCa_all[8]  ; clk        ;
; N/A                                     ; None                                                ; 9.875 ns   ; clock_generator:inst1|dca_gen:inst6|lpm_counter1:inst3|lpm_counter:lpm_counter_component|cntr_6ai:auto_generated|safe_q[2]                ; DCa_all[6]  ; clk        ;
; N/A                                     ; None                                                ; 9.872 ns   ; clock_generator:inst1|dca_gen:inst6|lpm_counter1:inst3|lpm_counter:lpm_counter_component|cntr_6ai:auto_generated|safe_q[0]                ; result[5]   ; clk        ;
; N/A                                     ; None                                                ; 9.836 ns   ; clock_generator:inst1|dca_gen:inst6|lpm_counter1:inst3|lpm_counter:lpm_counter_component|cntr_6ai:auto_generated|safe_q[0]                ; result[2]   ; clk        ;
; N/A                                     ; None                                                ; 9.833 ns   ; clock_generator:inst1|dca_gen:inst6|lpm_counter1:inst3|lpm_counter:lpm_counter_component|cntr_6ai:auto_generated|safe_q[0]                ; result[7]   ; clk        ;
; N/A                                     ; None                                                ; 9.829 ns   ; clock_generator:inst1|dca_gen:inst6|lpm_counter1:inst3|lpm_counter:lpm_counter_component|cntr_6ai:auto_generated|safe_q[1]                ; DCa_all[12] ; clk        ;
; N/A                                     ; None                                                ; 9.775 ns   ; clock_generator:inst1|dca_gen:inst6|lpm_counter1:inst3|lpm_counter:lpm_counter_component|cntr_6ai:auto_generated|safe_q[2]                ; DCa_all[8]  ; clk        ;
; N/A                                     ; None                                                ; 9.759 ns   ; clock_generator:inst1|dca_gen:inst6|lpm_counter1:inst3|lpm_counter:lpm_counter_component|cntr_6ai:auto_generated|safe_q[2]                ; result[3]   ; clk        ;
; N/A                                     ; None                                                ; 9.746 ns   ; clock_generator:inst1|dca_gen:inst6|lpm_counter1:inst3|lpm_counter:lpm_counter_component|cntr_6ai:auto_generated|safe_q[1]                ; DCa_all[5]  ; clk        ;
; N/A                                     ; None                                                ; 9.742 ns   ; clock_generator:inst1|dca_gen:inst6|lpm_counter1:inst3|lpm_counter:lpm_counter_component|cntr_6ai:auto_generated|safe_q[3]                ; result[5]   ; clk        ;
; N/A                                     ; None                                                ; 9.740 ns   ; clock_generator:inst1|dca_gen:inst6|lpm_counter1:inst3|lpm_counter:lpm_counter_component|cntr_6ai:auto_generated|safe_q[1]                ; result[7]   ; clk        ;
; N/A                                     ; None                                                ; 9.732 ns   ; clock_generator:inst1|dca_gen:inst6|lpm_counter1:inst3|lpm_counter:lpm_counter_component|cntr_6ai:auto_generated|safe_q[3]                ; result[3]   ; clk        ;
; N/A                                     ; None                                                ; 9.724 ns   ; clock_generator:inst1|dca_gen:inst6|lpm_counter1:inst3|lpm_counter:lpm_counter_component|cntr_6ai:auto_generated|safe_q[3]                ; addres[3]   ; clk        ;
; N/A                                     ; None                                                ; 9.707 ns   ; clock_generator:inst1|dca_gen:inst6|lpm_counter1:inst3|lpm_counter:lpm_counter_component|cntr_6ai:auto_generated|safe_q[2]                ; DCa_all[5]  ; clk        ;
; N/A                                     ; None                                                ; 9.702 ns   ; clock_generator:inst1|dca_gen:inst6|lpm_counter1:inst3|lpm_counter:lpm_counter_component|cntr_6ai:auto_generated|safe_q[2]                ; result[7]   ; clk        ;
; N/A                                     ; None                                                ; 9.693 ns   ; clock_generator:inst1|dca_gen:inst6|lpm_counter1:inst3|lpm_counter:lpm_counter_component|cntr_6ai:auto_generated|safe_q[2]                ; DCa_all[12] ; clk        ;
; N/A                                     ; None                                                ; 9.654 ns   ; rom_ram_interface:inst17|lpm_ram_io:inst2|altram:sram|altsyncram:ram_block|altsyncram_6r91:auto_generated|ram_block1a0~porta_address_reg0 ; result[2]   ; clk        ;
; N/A                                     ; None                                                ; 9.654 ns   ; rom_ram_interface:inst17|lpm_ram_io:inst2|altram:sram|altsyncram:ram_block|altsyncram_6r91:auto_generated|ram_block1a0~porta_address_reg1 ; result[2]   ; clk        ;
; N/A                                     ; None                                                ; 9.654 ns   ; rom_ram_interface:inst17|lpm_ram_io:inst2|altram:sram|altsyncram:ram_block|altsyncram_6r91:auto_generated|ram_block1a0~porta_address_reg2 ; result[2]   ; clk        ;
; N/A                                     ; None                                                ; 9.654 ns   ; rom_ram_interface:inst17|lpm_ram_io:inst2|altram:sram|altsyncram:ram_block|altsyncram_6r91:auto_generated|ram_block1a0~porta_address_reg3 ; result[2]   ; clk        ;
; N/A                                     ; None                                                ; 9.641 ns   ; clock_generator:inst1|dca_gen:inst6|lpm_counter1:inst3|lpm_counter:lpm_counter_component|cntr_6ai:auto_generated|safe_q[1]                ; addres[3]   ; clk        ;
; N/A                                     ; None                                                ; 9.613 ns   ; clock_generator:inst1|dca_gen:inst6|lpm_counter1:inst3|lpm_counter:lpm_counter_component|cntr_6ai:auto_generated|safe_q[0]                ; DCa_all[4]  ; clk        ;
; N/A                                     ; None                                                ; 9.610 ns   ; clock_generator:inst1|dca_gen:inst6|lpm_counter1:inst3|lpm_counter:lpm_counter_component|cntr_6ai:auto_generated|safe_q[3]                ; result[7]   ; clk        ;
; N/A                                     ; None                                                ; 9.589 ns   ; clock_generator:inst1|dca_gen:inst6|lpm_counter1:inst3|lpm_counter:lpm_counter_component|cntr_6ai:auto_generated|safe_q[1]                ; DCa_all[7]  ; clk        ;
; N/A                                     ; None                                                ; 9.577 ns   ; clock_generator:inst1|dca_gen:inst6|lpm_counter1:inst3|lpm_counter:lpm_counter_component|cntr_6ai:auto_generated|safe_q[1]                ; DCa_all[14] ; clk        ;
; N/A                                     ; None                                                ; 9.570 ns   ; clock_generator:inst1|dca_gen:inst6|lpm_counter1:inst3|lpm_counter:lpm_counter_component|cntr_6ai:auto_generated|safe_q[1]                ; result[3]   ; clk        ;
; N/A                                     ; None                                                ; 9.528 ns   ; clock_generator:inst1|dca_gen:inst6|lpm_counter1:inst3|lpm_counter:lpm_counter_component|cntr_6ai:auto_generated|safe_q[3]                ; DCa_all[6]  ; clk        ;
; N/A                                     ; None                                                ; 9.518 ns   ; clock_generator:inst1|dca_gen:inst6|lpm_counter1:inst3|lpm_counter:lpm_counter_component|cntr_6ai:auto_generated|safe_q[2]                ; DCa_all[10] ; clk        ;
; N/A                                     ; None                                                ; 9.503 ns   ; clock_generator:inst1|dca_gen:inst6|lpm_counter1:inst3|lpm_counter:lpm_counter_component|cntr_6ai:auto_generated|safe_q[0]                ; DCa_all[9]  ; clk        ;
; N/A                                     ; None                                                ; 9.485 ns   ; clock_generator:inst1|dca_gen:inst6|lpm_counter1:inst3|lpm_counter:lpm_counter_component|cntr_6ai:auto_generated|safe_q[0]                ; addres[3]   ; clk        ;
; N/A                                     ; None                                                ; 9.455 ns   ; clock_generator:inst1|dca_gen:inst6|lpm_counter1:inst3|lpm_counter:lpm_counter_component|cntr_6ai:auto_generated|safe_q[2]                ; DCa_all[7]  ; clk        ;
; N/A                                     ; None                                                ; 9.454 ns   ; clock_generator:inst1|dca_gen:inst6|lpm_counter1:inst3|lpm_counter:lpm_counter_component|cntr_6ai:auto_generated|safe_q[0]                ; result[3]   ; clk        ;
; N/A                                     ; None                                                ; 9.441 ns   ; clock_generator:inst1|dca_gen:inst6|lpm_counter1:inst3|lpm_counter:lpm_counter_component|cntr_6ai:auto_generated|safe_q[2]                ; DCa_all[14] ; clk        ;
; N/A                                     ; None                                                ; 9.432 ns   ; clock_generator:inst1|dca_gen:inst6|lpm_counter1:inst3|lpm_counter:lpm_counter_component|cntr_6ai:auto_generated|safe_q[3]                ; DCa_all[8]  ; clk        ;
; N/A                                     ; None                                                ; 9.426 ns   ; clock_generator:inst1|dca_gen:inst6|lpm_counter1:inst3|lpm_counter:lpm_counter_component|cntr_6ai:auto_generated|safe_q[0]                ; DCa_all[3]  ; clk        ;
; N/A                                     ; None                                                ; 9.412 ns   ; clock_generator:inst1|dca_gen:inst6|lpm_counter1:inst3|lpm_counter:lpm_counter_component|cntr_6ai:auto_generated|safe_q[3]                ; DCa_all[15] ; clk        ;
; N/A                                     ; None                                                ; 9.407 ns   ; clock_generator:inst1|dca_gen:inst6|lpm_counter1:inst3|lpm_counter:lpm_counter_component|cntr_6ai:auto_generated|safe_q[1]                ; DCa_all[11] ; clk        ;
; N/A                                     ; None                                                ; 9.387 ns   ; clock_generator:inst1|dca_gen:inst6|lpm_counter1:inst3|lpm_counter:lpm_counter_component|cntr_6ai:auto_generated|safe_q[2]                ; DCa_all[11] ; clk        ;
; N/A                                     ; None                                                ; 9.379 ns   ; clock_generator:inst1|dca_gen:inst6|lpm_counter1:inst3|lpm_counter:lpm_counter_component|cntr_6ai:auto_generated|safe_q[1]                ; DCa_all[13] ; clk        ;
; N/A                                     ; None                                                ; 9.373 ns   ; clock_generator:inst1|dca_gen:inst6|lpm_counter1:inst3|lpm_counter:lpm_counter_component|cntr_6ai:auto_generated|safe_q[2]                ; addres[3]   ; clk        ;
; N/A                                     ; None                                                ; 9.362 ns   ; clock_generator:inst1|dca_gen:inst6|lpm_counter1:inst3|lpm_counter:lpm_counter_component|cntr_6ai:auto_generated|safe_q[3]                ; DCa_all[5]  ; clk        ;
; N/A                                     ; None                                                ; 9.360 ns   ; clock_generator:inst1|dca_gen:inst6|lpm_counter1:inst3|lpm_counter:lpm_counter_component|cntr_6ai:auto_generated|safe_q[2]                ; DCa_all[13] ; clk        ;
; N/A                                     ; None                                                ; 9.354 ns   ; clock_generator:inst1|dca_gen:inst6|lpm_counter1:inst3|lpm_counter:lpm_counter_component|cntr_6ai:auto_generated|safe_q[3]                ; DCa_all[12] ; clk        ;
; N/A                                     ; None                                                ; 9.300 ns   ; clock_generator:inst1|dca_gen:inst6|lpm_counter1:inst3|lpm_counter:lpm_counter_component|cntr_6ai:auto_generated|safe_q[0]                ; DCa_all[0]  ; clk        ;
; N/A                                     ; None                                                ; 9.241 ns   ; clock_generator:inst1|dca_gen:inst6|lpm_counter1:inst3|lpm_counter:lpm_counter_component|cntr_6ai:auto_generated|safe_q[3]                ; DCa_all[0]  ; clk        ;
; N/A                                     ; None                                                ; 9.207 ns   ; rom_ram_interface:inst17|lpm_rom0:inst|altsyncram:altsyncram_component|altsyncram_9v71:auto_generated|ram_block1a0~porta_address_reg0     ; result[2]   ; clk        ;
; N/A                                     ; None                                                ; 9.207 ns   ; rom_ram_interface:inst17|lpm_rom0:inst|altsyncram:altsyncram_component|altsyncram_9v71:auto_generated|ram_block1a0~porta_address_reg1     ; result[2]   ; clk        ;
; N/A                                     ; None                                                ; 9.207 ns   ; rom_ram_interface:inst17|lpm_rom0:inst|altsyncram:altsyncram_component|altsyncram_9v71:auto_generated|ram_block1a0~porta_address_reg2     ; result[2]   ; clk        ;
; N/A                                     ; None                                                ; 9.207 ns   ; rom_ram_interface:inst17|lpm_rom0:inst|altsyncram:altsyncram_component|altsyncram_9v71:auto_generated|ram_block1a0~porta_address_reg3     ; result[2]   ; clk        ;
; N/A                                     ; None                                                ; 9.184 ns   ; rom_ram_interface:inst17|lpm_ram_io:inst2|altram:sram|altsyncram:ram_block|altsyncram_6r91:auto_generated|ram_block1a0~porta_address_reg0 ; result[3]   ; clk        ;
; N/A                                     ; None                                                ; 9.184 ns   ; rom_ram_interface:inst17|lpm_ram_io:inst2|altram:sram|altsyncram:ram_block|altsyncram_6r91:auto_generated|ram_block1a0~porta_address_reg1 ; result[3]   ; clk        ;
; N/A                                     ; None                                                ; 9.184 ns   ; rom_ram_interface:inst17|lpm_ram_io:inst2|altram:sram|altsyncram:ram_block|altsyncram_6r91:auto_generated|ram_block1a0~porta_address_reg2 ; result[3]   ; clk        ;
; N/A                                     ; None                                                ; 9.184 ns   ; rom_ram_interface:inst17|lpm_ram_io:inst2|altram:sram|altsyncram:ram_block|altsyncram_6r91:auto_generated|ram_block1a0~porta_address_reg3 ; result[3]   ; clk        ;
; N/A                                     ; None                                                ; 9.149 ns   ; clock_generator:inst1|dca_gen:inst6|lpm_counter1:inst3|lpm_counter:lpm_counter_component|cntr_6ai:auto_generated|safe_q[1]                ; result[4]   ; clk        ;
; N/A                                     ; None                                                ; 9.111 ns   ; clock_generator:inst1|dca_gen:inst6|lpm_counter1:inst3|lpm_counter:lpm_counter_component|cntr_6ai:auto_generated|safe_q[3]                ; DCa_all[7]  ; clk        ;
; N/A                                     ; None                                                ; 9.102 ns   ; clock_generator:inst1|dca_gen:inst6|lpm_counter1:inst3|lpm_counter:lpm_counter_component|cntr_6ai:auto_generated|safe_q[3]                ; DCa_all[14] ; clk        ;
; N/A                                     ; None                                                ; 9.077 ns   ; clock_generator:inst1|dca_gen:inst6|lpm_counter1:inst3|lpm_counter:lpm_counter_component|cntr_6ai:auto_generated|safe_q[3]                ; addres[2]   ; clk        ;
; N/A                                     ; None                                                ; 9.070 ns   ; clock_generator:inst1|dca_gen:inst6|lpm_counter1:inst3|lpm_counter:lpm_counter_component|cntr_6ai:auto_generated|safe_q[3]                ; addres[0]   ; clk        ;
; N/A                                     ; None                                                ; 9.050 ns   ; clock_generator:inst1|dca_gen:inst6|lpm_counter1:inst3|lpm_counter:lpm_counter_component|cntr_6ai:auto_generated|safe_q[3]                ; DCa_all[11] ; clk        ;
; N/A                                     ; None                                                ; 9.047 ns   ; clock_generator:inst1|dca_gen:inst6|lpm_counter1:inst3|lpm_counter:lpm_counter_component|cntr_6ai:auto_generated|safe_q[3]                ; addres[1]   ; clk        ;
; N/A                                     ; None                                                ; 9.023 ns   ; clock_generator:inst1|dca_gen:inst6|lpm_counter1:inst3|lpm_counter:lpm_counter_component|cntr_6ai:auto_generated|safe_q[3]                ; DCa_all[13] ; clk        ;
; N/A                                     ; None                                                ; 9.004 ns   ; clock_generator:inst1|dca_gen:inst6|lpm_counter1:inst3|lpm_counter:lpm_counter_component|cntr_6ai:auto_generated|safe_q[2]                ; result[4]   ; clk        ;
; N/A                                     ; None                                                ; 8.998 ns   ; rom_ram_interface:inst17|lpm_rom0:inst|altsyncram:altsyncram_component|altsyncram_9v71:auto_generated|ram_block1a0~porta_address_reg0     ; result[3]   ; clk        ;
; N/A                                     ; None                                                ; 8.998 ns   ; rom_ram_interface:inst17|lpm_rom0:inst|altsyncram:altsyncram_component|altsyncram_9v71:auto_generated|ram_block1a0~porta_address_reg1     ; result[3]   ; clk        ;
; N/A                                     ; None                                                ; 8.998 ns   ; rom_ram_interface:inst17|lpm_rom0:inst|altsyncram:altsyncram_component|altsyncram_9v71:auto_generated|ram_block1a0~porta_address_reg2     ; result[3]   ; clk        ;
; N/A                                     ; None                                                ; 8.998 ns   ; rom_ram_interface:inst17|lpm_rom0:inst|altsyncram:altsyncram_component|altsyncram_9v71:auto_generated|ram_block1a0~porta_address_reg3     ; result[3]   ; clk        ;
; N/A                                     ; None                                                ; 8.994 ns   ; clock_generator:inst1|dca_gen:inst6|lpm_counter1:inst3|lpm_counter:lpm_counter_component|cntr_6ai:auto_generated|safe_q[1]                ; addres[2]   ; clk        ;
; N/A                                     ; None                                                ; 8.987 ns   ; clock_generator:inst1|dca_gen:inst6|lpm_counter1:inst3|lpm_counter:lpm_counter_component|cntr_6ai:auto_generated|safe_q[1]                ; addres[0]   ; clk        ;
; N/A                                     ; None                                                ; 8.968 ns   ; clock_generator:inst1|dca_gen:inst6|lpm_counter1:inst3|lpm_counter:lpm_counter_component|cntr_6ai:auto_generated|safe_q[1]                ; DCa_all[0]  ; clk        ;
; N/A                                     ; None                                                ; 8.968 ns   ; clock_generator:inst1|dca_gen:inst6|lpm_counter1:inst3|lpm_counter:lpm_counter_component|cntr_6ai:auto_generated|safe_q[0]                ; DCa_all[2]  ; clk        ;
; N/A                                     ; None                                                ; 8.964 ns   ; clock_generator:inst1|dca_gen:inst6|lpm_counter1:inst3|lpm_counter:lpm_counter_component|cntr_6ai:auto_generated|safe_q[1]                ; addres[1]   ; clk        ;
; N/A                                     ; None                                                ; 8.962 ns   ; clock_generator:inst1|dca_gen:inst6|lpm_counter1:inst3|lpm_counter:lpm_counter_component|cntr_6ai:auto_generated|safe_q[0]                ; result[4]   ; clk        ;
; N/A                                     ; None                                                ; 8.936 ns   ; clock_generator:inst1|dca_gen:inst6|lpm_counter1:inst3|lpm_counter:lpm_counter_component|cntr_6ai:auto_generated|safe_q[2]                ; DCa_all[0]  ; clk        ;
; N/A                                     ; None                                                ; 8.906 ns   ; clock_generator:inst1|dca_gen:inst6|lpm_counter1:inst3|lpm_counter:lpm_counter_component|cntr_6ai:auto_generated|safe_q[1]                ; DCa_all[4]  ; clk        ;
; N/A                                     ; None                                                ; 8.905 ns   ; clock_generator:inst1|dca_gen:inst6|lpm_counter1:inst3|lpm_counter:lpm_counter_component|cntr_6ai:auto_generated|safe_q[0]                ; result[6]   ; clk        ;
; N/A                                     ; None                                                ; 8.904 ns   ; clock_generator:inst1|dca_gen:inst6|lpm_counter1:inst3|lpm_counter:lpm_counter_component|cntr_6ai:auto_generated|safe_q[2]                ; DCa_all[2]  ; clk        ;
; N/A                                     ; None                                                ; 8.860 ns   ; rom_ram_interface:inst17|lpm_ram_io:inst2|altram:sram|altsyncram:ram_block|altsyncram_6r91:auto_generated|ram_block1a0~porta_address_reg0 ; result[5]   ; clk        ;
; N/A                                     ; None                                                ; 8.860 ns   ; rom_ram_interface:inst17|lpm_ram_io:inst2|altram:sram|altsyncram:ram_block|altsyncram_6r91:auto_generated|ram_block1a0~porta_address_reg1 ; result[5]   ; clk        ;
; N/A                                     ; None                                                ; 8.860 ns   ; rom_ram_interface:inst17|lpm_ram_io:inst2|altram:sram|altsyncram:ram_block|altsyncram_6r91:auto_generated|ram_block1a0~porta_address_reg2 ; result[5]   ; clk        ;
; N/A                                     ; None                                                ; 8.860 ns   ; rom_ram_interface:inst17|lpm_ram_io:inst2|altram:sram|altsyncram:ram_block|altsyncram_6r91:auto_generated|ram_block1a0~porta_address_reg3 ; result[5]   ; clk        ;
; N/A                                     ; None                                                ; 8.844 ns   ; clock_generator:inst1|dca_gen:inst6|lpm_counter1:inst3|lpm_counter:lpm_counter_component|cntr_6ai:auto_generated|safe_q[2]                ; result[1]   ; clk        ;
; N/A                                     ; None                                                ; 8.838 ns   ; clock_generator:inst1|dca_gen:inst6|lpm_counter1:inst3|lpm_counter:lpm_counter_component|cntr_6ai:auto_generated|safe_q[0]                ; addres[2]   ; clk        ;
; N/A                                     ; None                                                ; 8.834 ns   ; clock_generator:inst1|dca_gen:inst6|lpm_counter1:inst3|lpm_counter:lpm_counter_component|cntr_6ai:auto_generated|safe_q[3]                ; result[1]   ; clk        ;
; N/A                                     ; None                                                ; 8.832 ns   ; clock_generator:inst1|dca_gen:inst6|lpm_counter1:inst3|lpm_counter:lpm_counter_component|cntr_6ai:auto_generated|safe_q[3]                ; result[4]   ; clk        ;
; N/A                                     ; None                                                ; 8.831 ns   ; clock_generator:inst1|dca_gen:inst6|lpm_counter1:inst3|lpm_counter:lpm_counter_component|cntr_6ai:auto_generated|safe_q[0]                ; addres[0]   ; clk        ;
; N/A                                     ; None                                                ; 8.812 ns   ; clock_generator:inst1|dca_gen:inst6|lpm_counter1:inst3|lpm_counter:lpm_counter_component|cntr_6ai:auto_generated|safe_q[1]                ; result[6]   ; clk        ;
; N/A                                     ; None                                                ; 8.808 ns   ; clock_generator:inst1|dca_gen:inst6|lpm_counter1:inst3|lpm_counter:lpm_counter_component|cntr_6ai:auto_generated|safe_q[0]                ; addres[1]   ; clk        ;
; N/A                                     ; None                                                ; 8.781 ns   ; clock_generator:inst1|dca_gen:inst6|lpm_counter1:inst3|lpm_counter:lpm_counter_component|cntr_6ai:auto_generated|safe_q[1]                ; DCa_all[2]  ; clk        ;
; N/A                                     ; None                                                ; 8.775 ns   ; clock_generator:inst1|dca_gen:inst6|lpm_counter1:inst3|lpm_counter:lpm_counter_component|cntr_6ai:auto_generated|safe_q[1]                ; DCa_all[3]  ; clk        ;
; N/A                                     ; None                                                ; 8.774 ns   ; clock_generator:inst1|dca_gen:inst6|lpm_counter1:inst3|lpm_counter:lpm_counter_component|cntr_6ai:auto_generated|safe_q[2]                ; result[6]   ; clk        ;
; N/A                                     ; None                                                ; 8.770 ns   ; rom_ram_interface:inst17|lpm_ram_io:inst2|altram:sram|altsyncram:ram_block|altsyncram_6r91:auto_generated|ram_block1a0~porta_address_reg0 ; result[7]   ; clk        ;
; N/A                                     ; None                                                ; 8.770 ns   ; rom_ram_interface:inst17|lpm_ram_io:inst2|altram:sram|altsyncram:ram_block|altsyncram_6r91:auto_generated|ram_block1a0~porta_address_reg1 ; result[7]   ; clk        ;
; N/A                                     ; None                                                ; 8.770 ns   ; rom_ram_interface:inst17|lpm_ram_io:inst2|altram:sram|altsyncram:ram_block|altsyncram_6r91:auto_generated|ram_block1a0~porta_address_reg2 ; result[7]   ; clk        ;
; N/A                                     ; None                                                ; 8.770 ns   ; rom_ram_interface:inst17|lpm_ram_io:inst2|altram:sram|altsyncram:ram_block|altsyncram_6r91:auto_generated|ram_block1a0~porta_address_reg3 ; result[7]   ; clk        ;
; N/A                                     ; None                                                ; 8.770 ns   ; clock_generator:inst1|dca_gen:inst6|lpm_counter1:inst3|lpm_counter:lpm_counter_component|cntr_6ai:auto_generated|safe_q[2]                ; DCa_all[4]  ; clk        ;
; N/A                                     ; None                                                ; 8.736 ns   ; clock_generator:inst1|dca_gen:inst6|lpm_counter1:inst3|lpm_counter:lpm_counter_component|cntr_6ai:auto_generated|safe_q[2]                ; DCa_all[3]  ; clk        ;
; N/A                                     ; None                                                ; 8.726 ns   ; clock_generator:inst1|dca_gen:inst6|lpm_counter1:inst3|lpm_counter:lpm_counter_component|cntr_6ai:auto_generated|safe_q[2]                ; addres[2]   ; clk        ;
; N/A                                     ; None                                                ; 8.719 ns   ; clock_generator:inst1|dca_gen:inst6|lpm_counter1:inst3|lpm_counter:lpm_counter_component|cntr_6ai:auto_generated|safe_q[2]                ; addres[0]   ; clk        ;
; N/A                                     ; None                                                ; 8.696 ns   ; clock_generator:inst1|dca_gen:inst6|lpm_counter1:inst3|lpm_counter:lpm_counter_component|cntr_6ai:auto_generated|safe_q[2]                ; addres[1]   ; clk        ;
; N/A                                     ; None                                                ; 8.682 ns   ; clock_generator:inst1|dca_gen:inst6|lpm_counter1:inst3|lpm_counter:lpm_counter_component|cntr_6ai:auto_generated|safe_q[3]                ; result[6]   ; clk        ;
; N/A                                     ; None                                                ; 8.663 ns   ; clock_generator:inst1|dca_gen:inst6|lpm_counter1:inst3|lpm_counter:lpm_counter_component|cntr_6ai:auto_generated|safe_q[1]                ; result[1]   ; clk        ;
; N/A                                     ; None                                                ; 8.656 ns   ; rom_ram_interface:inst17|lpm_rom0:inst|altsyncram:altsyncram_component|altsyncram_9v71:auto_generated|ram_block1a0~porta_address_reg0     ; ROM[6]      ; clk        ;
; N/A                                     ; None                                                ; 8.656 ns   ; rom_ram_interface:inst17|lpm_rom0:inst|altsyncram:altsyncram_component|altsyncram_9v71:auto_generated|ram_block1a0~porta_address_reg1     ; ROM[6]      ; clk        ;
; N/A                                     ; None                                                ; 8.656 ns   ; rom_ram_interface:inst17|lpm_rom0:inst|altsyncram:altsyncram_component|altsyncram_9v71:auto_generated|ram_block1a0~porta_address_reg2     ; ROM[6]      ; clk        ;
; N/A                                     ; None                                                ; 8.656 ns   ; rom_ram_interface:inst17|lpm_rom0:inst|altsyncram:altsyncram_component|altsyncram_9v71:auto_generated|ram_block1a0~porta_address_reg3     ; ROM[6]      ; clk        ;
; N/A                                     ; None                                                ; 8.655 ns   ; clock_generator:inst1|dca_gen:inst6|lpm_counter1:inst3|lpm_counter:lpm_counter_component|cntr_6ai:auto_generated|safe_q[1]                ; DCa_all[1]  ; clk        ;
; N/A                                     ; None                                                ; 8.585 ns   ; clock_generator:inst1|dca_gen:inst6|lpm_counter1:inst3|lpm_counter:lpm_counter_component|cntr_6ai:auto_generated|safe_q[0]                ; result[0]   ; clk        ;
; N/A                                     ; None                                                ; 8.585 ns   ; clock_generator:inst1|dca_gen:inst6|lpm_counter1:inst3|lpm_counter:lpm_counter_component|cntr_6ai:auto_generated|safe_q[3]                ; DCa_all[2]  ; clk        ;
; N/A                                     ; None                                                ; 8.569 ns   ; clock_generator:inst1|dca_gen:inst6|lpm_counter1:inst3|lpm_counter:lpm_counter_component|cntr_6ai:auto_generated|safe_q[1]                ; DCa_all[9]  ; clk        ;
; N/A                                     ; None                                                ; 8.558 ns   ; clock_generator:inst1|dca_gen:inst6|lpm_counter1:inst3|lpm_counter:lpm_counter_component|cntr_6ai:auto_generated|safe_q[3]                ; DCa_all[9]  ; clk        ;
; N/A                                     ; None                                                ; 8.547 ns   ; clock_generator:inst1|dca_gen:inst6|lpm_counter1:inst3|lpm_counter:lpm_counter_component|cntr_6ai:auto_generated|safe_q[0]                ; result[1]   ; clk        ;
; N/A                                     ; None                                                ; 8.516 ns   ; clock_generator:inst1|dca_gen:inst6|lpm_counter1:inst3|lpm_counter:lpm_counter_component|cntr_6ai:auto_generated|safe_q[3]                ; result[0]   ; clk        ;
; N/A                                     ; None                                                ; 8.514 ns   ; rom_ram_interface:inst17|lpm_rom0:inst|altsyncram:altsyncram_component|altsyncram_9v71:auto_generated|ram_block1a0~porta_address_reg0     ; result[5]   ; clk        ;
; N/A                                     ; None                                                ; 8.514 ns   ; rom_ram_interface:inst17|lpm_rom0:inst|altsyncram:altsyncram_component|altsyncram_9v71:auto_generated|ram_block1a0~porta_address_reg1     ; result[5]   ; clk        ;
; N/A                                     ; None                                                ; 8.514 ns   ; rom_ram_interface:inst17|lpm_rom0:inst|altsyncram:altsyncram_component|altsyncram_9v71:auto_generated|ram_block1a0~porta_address_reg2     ; result[5]   ; clk        ;
; N/A                                     ; None                                                ; 8.514 ns   ; rom_ram_interface:inst17|lpm_rom0:inst|altsyncram:altsyncram_component|altsyncram_9v71:auto_generated|ram_block1a0~porta_address_reg3     ; result[5]   ; clk        ;
; N/A                                     ; None                                                ; 8.494 ns   ; clock_generator:inst1|dca_gen:inst6|lpm_counter1:inst3|lpm_counter:lpm_counter_component|cntr_6ai:auto_generated|safe_q[2]                ; DCa_all[1]  ; clk        ;
; N/A                                     ; None                                                ; 8.456 ns   ; clock_generator:inst1|dca_gen:inst6|lpm_counter1:inst3|lpm_counter:lpm_counter_component|cntr_6ai:auto_generated|safe_q[0]                ; DCa_all[1]  ; clk        ;
; N/A                                     ; None                                                ; 8.424 ns   ; clock_generator:inst1|dca_gen:inst6|lpm_counter1:inst3|lpm_counter:lpm_counter_component|cntr_6ai:auto_generated|safe_q[3]                ; DCa_all[4]  ; clk        ;
; N/A                                     ; None                                                ; 8.408 ns   ; rom_ram_interface:inst17|lpm_rom0:inst|altsyncram:altsyncram_component|altsyncram_9v71:auto_generated|ram_block1a0~porta_address_reg0     ; result[7]   ; clk        ;
; N/A                                     ; None                                                ; 8.408 ns   ; rom_ram_interface:inst17|lpm_rom0:inst|altsyncram:altsyncram_component|altsyncram_9v71:auto_generated|ram_block1a0~porta_address_reg1     ; result[7]   ; clk        ;
; N/A                                     ; None                                                ; 8.408 ns   ; rom_ram_interface:inst17|lpm_rom0:inst|altsyncram:altsyncram_component|altsyncram_9v71:auto_generated|ram_block1a0~porta_address_reg2     ; result[7]   ; clk        ;
; N/A                                     ; None                                                ; 8.408 ns   ; rom_ram_interface:inst17|lpm_rom0:inst|altsyncram:altsyncram_component|altsyncram_9v71:auto_generated|ram_block1a0~porta_address_reg3     ; result[7]   ; clk        ;
; N/A                                     ; None                                                ; 8.391 ns   ; clock_generator:inst1|dca_gen:inst6|lpm_counter1:inst3|lpm_counter:lpm_counter_component|cntr_6ai:auto_generated|safe_q[3]                ; DCa_all[3]  ; clk        ;
; N/A                                     ; None                                                ; 8.341 ns   ; clock_generator:inst1|dca_gen:inst6|lpm_counter1:inst3|lpm_counter:lpm_counter_component|cntr_6ai:auto_generated|safe_q[1]                ; result[0]   ; clk        ;
; N/A                                     ; None                                                ; 8.300 ns   ; rom_ram_interface:inst17|lpm_ram_io:inst2|altram:sram|altsyncram:ram_block|altsyncram_6r91:auto_generated|ram_block1a0~porta_address_reg0 ; result[1]   ; clk        ;
; N/A                                     ; None                                                ; 8.300 ns   ; rom_ram_interface:inst17|lpm_ram_io:inst2|altram:sram|altsyncram:ram_block|altsyncram_6r91:auto_generated|ram_block1a0~porta_address_reg1 ; result[1]   ; clk        ;
; N/A                                     ; None                                                ; 8.300 ns   ; rom_ram_interface:inst17|lpm_ram_io:inst2|altram:sram|altsyncram:ram_block|altsyncram_6r91:auto_generated|ram_block1a0~porta_address_reg2 ; result[1]   ; clk        ;
; N/A                                     ; None                                                ; 8.300 ns   ; rom_ram_interface:inst17|lpm_ram_io:inst2|altram:sram|altsyncram:ram_block|altsyncram_6r91:auto_generated|ram_block1a0~porta_address_reg3 ; result[1]   ; clk        ;
; N/A                                     ; None                                                ; 8.270 ns   ; clock_generator:inst1|dca_gen:inst6|lpm_counter1:inst3|lpm_counter:lpm_counter_component|cntr_6ai:auto_generated|safe_q[3]                ; DCa_all[1]  ; clk        ;
; N/A                                     ; None                                                ; 8.264 ns   ; clock_generator:inst1|dca_gen:inst6|lpm_counter1:inst3|lpm_counter:lpm_counter_component|cntr_6ai:auto_generated|safe_q[2]                ; result[0]   ; clk        ;
; N/A                                     ; None                                                ; 8.214 ns   ; rom_ram_interface:inst17|lpm_ram_io:inst2|altram:sram|altsyncram:ram_block|altsyncram_6r91:auto_generated|ram_block1a0~porta_address_reg0 ; RAM[6]      ; clk        ;
; N/A                                     ; None                                                ; 8.214 ns   ; rom_ram_interface:inst17|lpm_ram_io:inst2|altram:sram|altsyncram:ram_block|altsyncram_6r91:auto_generated|ram_block1a0~porta_address_reg1 ; RAM[6]      ; clk        ;
; N/A                                     ; None                                                ; 8.214 ns   ; rom_ram_interface:inst17|lpm_ram_io:inst2|altram:sram|altsyncram:ram_block|altsyncram_6r91:auto_generated|ram_block1a0~porta_address_reg2 ; RAM[6]      ; clk        ;
; N/A                                     ; None                                                ; 8.214 ns   ; rom_ram_interface:inst17|lpm_ram_io:inst2|altram:sram|altsyncram:ram_block|altsyncram_6r91:auto_generated|ram_block1a0~porta_address_reg3 ; RAM[6]      ; clk        ;
; N/A                                     ; None                                                ; 8.171 ns   ; rom_ram_interface:inst17|lpm_rom0:inst|altsyncram:altsyncram_component|altsyncram_9v71:auto_generated|ram_block1a0~porta_address_reg0     ; ROM[2]      ; clk        ;
; N/A                                     ; None                                                ; 8.171 ns   ; rom_ram_interface:inst17|lpm_rom0:inst|altsyncram:altsyncram_component|altsyncram_9v71:auto_generated|ram_block1a0~porta_address_reg1     ; ROM[2]      ; clk        ;
; N/A                                     ; None                                                ; 8.171 ns   ; rom_ram_interface:inst17|lpm_rom0:inst|altsyncram:altsyncram_component|altsyncram_9v71:auto_generated|ram_block1a0~porta_address_reg2     ; ROM[2]      ; clk        ;
; N/A                                     ; None                                                ; 8.171 ns   ; rom_ram_interface:inst17|lpm_rom0:inst|altsyncram:altsyncram_component|altsyncram_9v71:auto_generated|ram_block1a0~porta_address_reg3     ; ROM[2]      ; clk        ;
; N/A                                     ; None                                                ; 8.160 ns   ; clock_generator:inst1|dca_gen:inst6|lpm_counter1:inst3|lpm_counter:lpm_counter_component|cntr_6ai:auto_generated|safe_q[2]                ; DCa_all[9]  ; clk        ;
; N/A                                     ; None                                                ; 8.118 ns   ; rom_ram_interface:inst17|lpm_ram_io:inst2|altram:sram|altsyncram:ram_block|altsyncram_6r91:auto_generated|ram_block1a0~porta_address_reg0 ; result[4]   ; clk        ;
; N/A                                     ; None                                                ; 8.118 ns   ; rom_ram_interface:inst17|lpm_ram_io:inst2|altram:sram|altsyncram:ram_block|altsyncram_6r91:auto_generated|ram_block1a0~porta_address_reg1 ; result[4]   ; clk        ;
; N/A                                     ; None                                                ; 8.118 ns   ; rom_ram_interface:inst17|lpm_ram_io:inst2|altram:sram|altsyncram:ram_block|altsyncram_6r91:auto_generated|ram_block1a0~porta_address_reg2 ; result[4]   ; clk        ;
; N/A                                     ; None                                                ; 8.118 ns   ; rom_ram_interface:inst17|lpm_ram_io:inst2|altram:sram|altsyncram:ram_block|altsyncram_6r91:auto_generated|ram_block1a0~porta_address_reg3 ; result[4]   ; clk        ;
; N/A                                     ; None                                                ; 8.031 ns   ; rom_ram_interface:inst17|lpm_rom0:inst|altsyncram:altsyncram_component|altsyncram_9v71:auto_generated|ram_block1a0~porta_address_reg0     ; result[1]   ; clk        ;
; N/A                                     ; None                                                ; 8.031 ns   ; rom_ram_interface:inst17|lpm_rom0:inst|altsyncram:altsyncram_component|altsyncram_9v71:auto_generated|ram_block1a0~porta_address_reg1     ; result[1]   ; clk        ;
; N/A                                     ; None                                                ; 8.031 ns   ; rom_ram_interface:inst17|lpm_rom0:inst|altsyncram:altsyncram_component|altsyncram_9v71:auto_generated|ram_block1a0~porta_address_reg2     ; result[1]   ; clk        ;
; N/A                                     ; None                                                ; 8.031 ns   ; rom_ram_interface:inst17|lpm_rom0:inst|altsyncram:altsyncram_component|altsyncram_9v71:auto_generated|ram_block1a0~porta_address_reg3     ; result[1]   ; clk        ;
; N/A                                     ; None                                                ; 7.851 ns   ; rom_ram_interface:inst17|lpm_ram_io:inst2|altram:sram|altsyncram:ram_block|altsyncram_6r91:auto_generated|ram_block1a0~porta_address_reg0 ; result[0]   ; clk        ;
; N/A                                     ; None                                                ; 7.851 ns   ; rom_ram_interface:inst17|lpm_ram_io:inst2|altram:sram|altsyncram:ram_block|altsyncram_6r91:auto_generated|ram_block1a0~porta_address_reg1 ; result[0]   ; clk        ;
; N/A                                     ; None                                                ; 7.851 ns   ; rom_ram_interface:inst17|lpm_ram_io:inst2|altram:sram|altsyncram:ram_block|altsyncram_6r91:auto_generated|ram_block1a0~porta_address_reg2 ; result[0]   ; clk        ;
; N/A                                     ; None                                                ; 7.851 ns   ; rom_ram_interface:inst17|lpm_ram_io:inst2|altram:sram|altsyncram:ram_block|altsyncram_6r91:auto_generated|ram_block1a0~porta_address_reg3 ; result[0]   ; clk        ;
; N/A                                     ; None                                                ; 7.811 ns   ; rom_ram_interface:inst17|lpm_ram_io:inst2|altram:sram|altsyncram:ram_block|altsyncram_6r91:auto_generated|ram_block1a0~porta_address_reg0 ; result[6]   ; clk        ;
; N/A                                     ; None                                                ; 7.811 ns   ; rom_ram_interface:inst17|lpm_ram_io:inst2|altram:sram|altsyncram:ram_block|altsyncram_6r91:auto_generated|ram_block1a0~porta_address_reg1 ; result[6]   ; clk        ;
; N/A                                     ; None                                                ; 7.811 ns   ; rom_ram_interface:inst17|lpm_ram_io:inst2|altram:sram|altsyncram:ram_block|altsyncram_6r91:auto_generated|ram_block1a0~porta_address_reg2 ; result[6]   ; clk        ;
; N/A                                     ; None                                                ; 7.811 ns   ; rom_ram_interface:inst17|lpm_ram_io:inst2|altram:sram|altsyncram:ram_block|altsyncram_6r91:auto_generated|ram_block1a0~porta_address_reg3 ; result[6]   ; clk        ;
; N/A                                     ; None                                                ; 7.776 ns   ; rom_ram_interface:inst17|lpm_rom0:inst|altsyncram:altsyncram_component|altsyncram_9v71:auto_generated|ram_block1a0~porta_address_reg0     ; result[0]   ; clk        ;
; N/A                                     ; None                                                ; 7.776 ns   ; rom_ram_interface:inst17|lpm_rom0:inst|altsyncram:altsyncram_component|altsyncram_9v71:auto_generated|ram_block1a0~porta_address_reg1     ; result[0]   ; clk        ;
; N/A                                     ; None                                                ; 7.776 ns   ; rom_ram_interface:inst17|lpm_rom0:inst|altsyncram:altsyncram_component|altsyncram_9v71:auto_generated|ram_block1a0~porta_address_reg2     ; result[0]   ; clk        ;
; N/A                                     ; None                                                ; 7.776 ns   ; rom_ram_interface:inst17|lpm_rom0:inst|altsyncram:altsyncram_component|altsyncram_9v71:auto_generated|ram_block1a0~porta_address_reg3     ; result[0]   ; clk        ;
; N/A                                     ; None                                                ; 7.761 ns   ; rom_ram_interface:inst17|lpm_rom0:inst|altsyncram:altsyncram_component|altsyncram_9v71:auto_generated|ram_block1a0~porta_address_reg0     ; result[4]   ; clk        ;
; N/A                                     ; None                                                ; 7.761 ns   ; rom_ram_interface:inst17|lpm_rom0:inst|altsyncram:altsyncram_component|altsyncram_9v71:auto_generated|ram_block1a0~porta_address_reg1     ; result[4]   ; clk        ;
; N/A                                     ; None                                                ; 7.761 ns   ; rom_ram_interface:inst17|lpm_rom0:inst|altsyncram:altsyncram_component|altsyncram_9v71:auto_generated|ram_block1a0~porta_address_reg2     ; result[4]   ; clk        ;
; N/A                                     ; None                                                ; 7.761 ns   ; rom_ram_interface:inst17|lpm_rom0:inst|altsyncram:altsyncram_component|altsyncram_9v71:auto_generated|ram_block1a0~porta_address_reg3     ; result[4]   ; clk        ;
; N/A                                     ; None                                                ; 7.543 ns   ; rom_ram_interface:inst17|lpm_ram_io:inst2|altram:sram|altsyncram:ram_block|altsyncram_6r91:auto_generated|ram_block1a0~porta_address_reg0 ; RAM[4]      ; clk        ;
; N/A                                     ; None                                                ; 7.543 ns   ; rom_ram_interface:inst17|lpm_ram_io:inst2|altram:sram|altsyncram:ram_block|altsyncram_6r91:auto_generated|ram_block1a0~porta_address_reg1 ; RAM[4]      ; clk        ;
; N/A                                     ; None                                                ; 7.543 ns   ; rom_ram_interface:inst17|lpm_ram_io:inst2|altram:sram|altsyncram:ram_block|altsyncram_6r91:auto_generated|ram_block1a0~porta_address_reg2 ; RAM[4]      ; clk        ;
; N/A                                     ; None                                                ; 7.543 ns   ; rom_ram_interface:inst17|lpm_ram_io:inst2|altram:sram|altsyncram:ram_block|altsyncram_6r91:auto_generated|ram_block1a0~porta_address_reg3 ; RAM[4]      ; clk        ;
; N/A                                     ; None                                                ; 7.462 ns   ; control_unit:inst|lpm_ff2:IR|lpm_ff:lpm_ff_component|dffs[7]                                                                              ; addres[3]   ; clk        ;
; N/A                                     ; None                                                ; 7.452 ns   ; rom_ram_interface:inst17|lpm_rom0:inst|altsyncram:altsyncram_component|altsyncram_9v71:auto_generated|ram_block1a0~porta_address_reg0     ; result[6]   ; clk        ;
; N/A                                     ; None                                                ; 7.452 ns   ; rom_ram_interface:inst17|lpm_rom0:inst|altsyncram:altsyncram_component|altsyncram_9v71:auto_generated|ram_block1a0~porta_address_reg1     ; result[6]   ; clk        ;
; N/A                                     ; None                                                ; 7.452 ns   ; rom_ram_interface:inst17|lpm_rom0:inst|altsyncram:altsyncram_component|altsyncram_9v71:auto_generated|ram_block1a0~porta_address_reg2     ; result[6]   ; clk        ;
; N/A                                     ; None                                                ; 7.452 ns   ; rom_ram_interface:inst17|lpm_rom0:inst|altsyncram:altsyncram_component|altsyncram_9v71:auto_generated|ram_block1a0~porta_address_reg3     ; result[6]   ; clk        ;
; N/A                                     ; None                                                ; 7.364 ns   ; control_unit:inst|lpm_ff2:IR|lpm_ff:lpm_ff_component|dffs[6]                                                                              ; addres[3]   ; clk        ;
; N/A                                     ; None                                                ; 7.336 ns   ; rom_ram_interface:inst17|lpm_rom0:inst|altsyncram:altsyncram_component|altsyncram_9v71:auto_generated|ram_block1a0~porta_address_reg0     ; ROM[1]      ; clk        ;
; N/A                                     ; None                                                ; 7.336 ns   ; rom_ram_interface:inst17|lpm_rom0:inst|altsyncram:altsyncram_component|altsyncram_9v71:auto_generated|ram_block1a0~porta_address_reg1     ; ROM[1]      ; clk        ;
; N/A                                     ; None                                                ; 7.336 ns   ; rom_ram_interface:inst17|lpm_rom0:inst|altsyncram:altsyncram_component|altsyncram_9v71:auto_generated|ram_block1a0~porta_address_reg2     ; ROM[1]      ; clk        ;
; N/A                                     ; None                                                ; 7.336 ns   ; rom_ram_interface:inst17|lpm_rom0:inst|altsyncram:altsyncram_component|altsyncram_9v71:auto_generated|ram_block1a0~porta_address_reg3     ; ROM[1]      ; clk        ;
; N/A                                     ; None                                                ; 7.278 ns   ; rom_ram_interface:inst17|lpm_rom0:inst|altsyncram:altsyncram_component|altsyncram_9v71:auto_generated|ram_block1a0~porta_address_reg0     ; ROM[0]      ; clk        ;
; N/A                                     ; None                                                ; 7.278 ns   ; rom_ram_interface:inst17|lpm_rom0:inst|altsyncram:altsyncram_component|altsyncram_9v71:auto_generated|ram_block1a0~porta_address_reg1     ; ROM[0]      ; clk        ;
; Timing analysis restricted to 200 rows. ; To change the limit use Settings (Assignments menu) ;            ;                                                                                                                                           ;             ;            ;
+-----------------------------------------+-----------------------------------------------------+------------+-------------------------------------------------------------------------------------------------------------------------------------------+-------------+------------+


+-------------------------------------------------------------------------------------------------------------------------------+
; th                                                                                                                            ;
+---------------+-------------+-----------+------+-------------------------------------------------------------------+----------+
; Minimum Slack ; Required th ; Actual th ; From ; To                                                                ; To Clock ;
+---------------+-------------+-----------+------+-------------------------------------------------------------------+----------+
; N/A           ; None        ; -2.905 ns ; in_Z ; control_unit:inst|lpm_dff1:flag_Z|lpm_ff:lpm_ff_component|dffs[0] ; clk      ;
+---------------+-------------+-----------+------+-------------------------------------------------------------------+----------+


+--------------------------+
; Timing Analyzer Messages ;
+--------------------------+
Info: *******************************************************************
Info: Running Quartus II Classic Timing Analyzer
    Info: Version 9.1 Build 222 10/21/2009 SJ Web Edition
    Info: Processing started: Mon May 04 20:08:59 2026
Info: Command: quartus_tan --read_settings_files=off --write_settings_files=off lab4_var2_v1 -c lab4_var2_v1 --timing_analysis_only
Warning: Found pins functioning as undefined clocks and/or memory enables
    Info: Assuming node "clk" is an undefined clock
Warning: Found 3 node(s) in clock paths which may be acting as ripple and/or gated clocks -- node(s) analyzed as buffer(s) resulting in clock skew
    Info: Detected ripple clock "clock_generator:inst1|single_pulse:inst|lpm_counter2:inst|lpm_counter:lpm_counter_component|cntr_plh:auto_generated|safe_q[2]" as buffer
    Info: Detected ripple clock "clock_generator:inst1|single_pulse:inst|lpm_counter2:inst|lpm_counter:lpm_counter_component|cntr_plh:auto_generated|safe_q[1]" as buffer
    Info: Detected gated clock "clock_generator:inst1|single_pulse:inst|lpm_compare0:inst5|lpm_compare:lpm_compare_component|cmpr_obj:auto_generated|ageb" as buffer
Info: Clock "clk" has Internal fmax of 208.59 MHz between source register "clock_generator:inst1|dca_gen:inst6|lpm_counter1:inst3|lpm_counter:lpm_counter_component|cntr_6ai:auto_generated|safe_q[1]" and destination register "control_unit:inst|lpm_ff3:AR|lpm_ff:lpm_ff_component|dffs[0]" (period= 4.794 ns)
    Info: + Longest register to register delay is 2.085 ns
        Info: 1: + IC(0.000 ns) + CELL(0.000 ns) = 0.000 ns; Loc. = LCFF_X38_Y7_N3; Fanout = 27; REG Node = 'clock_generator:inst1|dca_gen:inst6|lpm_counter1:inst3|lpm_counter:lpm_counter_component|cntr_6ai:auto_generated|safe_q[1]'
        Info: 2: + IC(0.307 ns) + CELL(0.366 ns) = 0.673 ns; Loc. = LCCOMB_X38_Y7_N8; Fanout = 3; COMB Node = 'clock_generator:inst1|dca_gen:inst6|lpm_decode0:inst4|lpm_decode:lpm_decode_component|decode_e9f:auto_generated|w_anode21w[3]~0'
        Info: 3: + IC(0.297 ns) + CELL(0.053 ns) = 1.023 ns; Loc. = LCCOMB_X38_Y7_N6; Fanout = 4; COMB Node = 'control_unit:inst|inst12~0'
        Info: 4: + IC(0.316 ns) + CELL(0.746 ns) = 2.085 ns; Loc. = LCFF_X38_Y7_N1; Fanout = 1; REG Node = 'control_unit:inst|lpm_ff3:AR|lpm_ff:lpm_ff_component|dffs[0]'
        Info: Total cell delay = 1.165 ns ( 55.88 % )
        Info: Total interconnect delay = 0.920 ns ( 44.12 % )
    Info: - Smallest clock skew is -2.525 ns
        Info: + Shortest clock path from clock "clk" to destination register is 2.480 ns
            Info: 1: + IC(0.000 ns) + CELL(0.854 ns) = 0.854 ns; Loc. = PIN_N20; Fanout = 3; CLK Node = 'clk'
            Info: 2: + IC(0.343 ns) + CELL(0.000 ns) = 1.197 ns; Loc. = CLKCTRL_G3; Fanout = 48; COMB Node = 'clk~clkctrl'
            Info: 3: + IC(0.665 ns) + CELL(0.618 ns) = 2.480 ns; Loc. = LCFF_X38_Y7_N1; Fanout = 1; REG Node = 'control_unit:inst|lpm_ff3:AR|lpm_ff:lpm_ff_component|dffs[0]'
            Info: Total cell delay = 1.472 ns ( 59.35 % )
            Info: Total interconnect delay = 1.008 ns ( 40.65 % )
        Info: - Longest clock path from clock "clk" to source register is 5.005 ns
            Info: 1: + IC(0.000 ns) + CELL(0.854 ns) = 0.854 ns; Loc. = PIN_N20; Fanout = 3; CLK Node = 'clk'
            Info: 2: + IC(0.818 ns) + CELL(0.712 ns) = 2.384 ns; Loc. = LCFF_X1_Y12_N3; Fanout = 3; REG Node = 'clock_generator:inst1|single_pulse:inst|lpm_counter2:inst|lpm_counter:lpm_counter_component|cntr_plh:auto_generated|safe_q[1]'
            Info: 3: + IC(0.208 ns) + CELL(0.154 ns) = 2.746 ns; Loc. = LCCOMB_X1_Y12_N28; Fanout = 1; COMB Node = 'clock_generator:inst1|single_pulse:inst|lpm_compare0:inst5|lpm_compare:lpm_compare_component|cmpr_obj:auto_generated|ageb'
            Info: 4: + IC(0.976 ns) + CELL(0.000 ns) = 3.722 ns; Loc. = CLKCTRL_G1; Fanout = 8; COMB Node = 'clock_generator:inst1|single_pulse:inst|lpm_compare0:inst5|lpm_compare:lpm_compare_component|cmpr_obj:auto_generated|ageb~clkctrl'
            Info: 5: + IC(0.665 ns) + CELL(0.618 ns) = 5.005 ns; Loc. = LCFF_X38_Y7_N3; Fanout = 27; REG Node = 'clock_generator:inst1|dca_gen:inst6|lpm_counter1:inst3|lpm_counter:lpm_counter_component|cntr_6ai:auto_generated|safe_q[1]'
            Info: Total cell delay = 2.338 ns ( 46.71 % )
            Info: Total interconnect delay = 2.667 ns ( 53.29 % )
    Info: + Micro clock to output delay of source is 0.094 ns
    Info: + Micro setup delay of destination is 0.090 ns
Info: tsu for register "control_unit:inst|lpm_dff1:flag_Z|lpm_ff:lpm_ff_component|dffs[0]" (data pin = "in_Z", clock pin = "clk") is 3.144 ns
    Info: + Longest pin to register delay is 5.538 ns
        Info: 1: + IC(0.000 ns) + CELL(0.810 ns) = 0.810 ns; Loc. = PIN_P19; Fanout = 1; PIN Node = 'in_Z'
        Info: 2: + IC(4.419 ns) + CELL(0.309 ns) = 5.538 ns; Loc. = LCFF_X38_Y8_N1; Fanout = 1; REG Node = 'control_unit:inst|lpm_dff1:flag_Z|lpm_ff:lpm_ff_component|dffs[0]'
        Info: Total cell delay = 1.119 ns ( 20.21 % )
        Info: Total interconnect delay = 4.419 ns ( 79.79 % )
    Info: + Micro setup delay of destination is 0.090 ns
    Info: - Shortest clock path from clock "clk" to destination register is 2.484 ns
        Info: 1: + IC(0.000 ns) + CELL(0.854 ns) = 0.854 ns; Loc. = PIN_N20; Fanout = 3; CLK Node = 'clk'
        Info: 2: + IC(0.343 ns) + CELL(0.000 ns) = 1.197 ns; Loc. = CLKCTRL_G3; Fanout = 48; COMB Node = 'clk~clkctrl'
        Info: 3: + IC(0.669 ns) + CELL(0.618 ns) = 2.484 ns; Loc. = LCFF_X38_Y8_N1; Fanout = 1; REG Node = 'control_unit:inst|lpm_dff1:flag_Z|lpm_ff:lpm_ff_component|dffs[0]'
        Info: Total cell delay = 1.472 ns ( 59.26 % )
        Info: Total interconnect delay = 1.012 ns ( 40.74 % )
Info: tco from clock "clk" to destination pin "DCa_all[10]" through register "clock_generator:inst1|dca_gen:inst6|lpm_counter1:inst3|lpm_counter:lpm_counter_component|cntr_6ai:auto_generated|safe_q[0]" is 10.862 ns
    Info: + Longest clock path from clock "clk" to source register is 5.005 ns
        Info: 1: + IC(0.000 ns) + CELL(0.854 ns) = 0.854 ns; Loc. = PIN_N20; Fanout = 3; CLK Node = 'clk'
        Info: 2: + IC(0.818 ns) + CELL(0.712 ns) = 2.384 ns; Loc. = LCFF_X1_Y12_N3; Fanout = 3; REG Node = 'clock_generator:inst1|single_pulse:inst|lpm_counter2:inst|lpm_counter:lpm_counter_component|cntr_plh:auto_generated|safe_q[1]'
        Info: 3: + IC(0.208 ns) + CELL(0.154 ns) = 2.746 ns; Loc. = LCCOMB_X1_Y12_N28; Fanout = 1; COMB Node = 'clock_generator:inst1|single_pulse:inst|lpm_compare0:inst5|lpm_compare:lpm_compare_component|cmpr_obj:auto_generated|ageb'
        Info: 4: + IC(0.976 ns) + CELL(0.000 ns) = 3.722 ns; Loc. = CLKCTRL_G1; Fanout = 8; COMB Node = 'clock_generator:inst1|single_pulse:inst|lpm_compare0:inst5|lpm_compare:lpm_compare_component|cmpr_obj:auto_generated|ageb~clkctrl'
        Info: 5: + IC(0.665 ns) + CELL(0.618 ns) = 5.005 ns; Loc. = LCFF_X38_Y7_N7; Fanout = 27; REG Node = 'clock_generator:inst1|dca_gen:inst6|lpm_counter1:inst3|lpm_counter:lpm_counter_component|cntr_6ai:auto_generated|safe_q[0]'
        Info: Total cell delay = 2.338 ns ( 46.71 % )
        Info: Total interconnect delay = 2.667 ns ( 53.29 % )
    Info: + Micro clock to output delay of source is 0.094 ns
    Info: + Longest register to pin delay is 5.763 ns
        Info: 1: + IC(0.000 ns) + CELL(0.000 ns) = 0.000 ns; Loc. = LCFF_X38_Y7_N7; Fanout = 27; REG Node = 'clock_generator:inst1|dca_gen:inst6|lpm_counter1:inst3|lpm_counter:lpm_counter_component|cntr_6ai:auto_generated|safe_q[0]'
        Info: 2: + IC(1.421 ns) + CELL(0.346 ns) = 1.767 ns; Loc. = LCCOMB_X37_Y7_N26; Fanout = 1; COMB Node = 'clock_generator:inst1|dca_gen:inst6|lpm_decode0:inst4|lpm_decode:lpm_decode_component|decode_e9f:auto_generated|w_anode112w[3]~0'
        Info: 3: + IC(2.044 ns) + CELL(1.952 ns) = 5.763 ns; Loc. = PIN_D8; Fanout = 0; PIN Node = 'DCa_all[10]'
        Info: Total cell delay = 2.298 ns ( 39.88 % )
        Info: Total interconnect delay = 3.465 ns ( 60.12 % )
Info: th for register "control_unit:inst|lpm_dff1:flag_Z|lpm_ff:lpm_ff_component|dffs[0]" (data pin = "in_Z", clock pin = "clk") is -2.905 ns
    Info: + Longest clock path from clock "clk" to destination register is 2.484 ns
        Info: 1: + IC(0.000 ns) + CELL(0.854 ns) = 0.854 ns; Loc. = PIN_N20; Fanout = 3; CLK Node = 'clk'
        Info: 2: + IC(0.343 ns) + CELL(0.000 ns) = 1.197 ns; Loc. = CLKCTRL_G3; Fanout = 48; COMB Node = 'clk~clkctrl'
        Info: 3: + IC(0.669 ns) + CELL(0.618 ns) = 2.484 ns; Loc. = LCFF_X38_Y8_N1; Fanout = 1; REG Node = 'control_unit:inst|lpm_dff1:flag_Z|lpm_ff:lpm_ff_component|dffs[0]'
        Info: Total cell delay = 1.472 ns ( 59.26 % )
        Info: Total interconnect delay = 1.012 ns ( 40.74 % )
    Info: + Micro hold delay of destination is 0.149 ns
    Info: - Shortest pin to register delay is 5.538 ns
        Info: 1: + IC(0.000 ns) + CELL(0.810 ns) = 0.810 ns; Loc. = PIN_P19; Fanout = 1; PIN Node = 'in_Z'
        Info: 2: + IC(4.419 ns) + CELL(0.309 ns) = 5.538 ns; Loc. = LCFF_X38_Y8_N1; Fanout = 1; REG Node = 'control_unit:inst|lpm_dff1:flag_Z|lpm_ff:lpm_ff_component|dffs[0]'
        Info: Total cell delay = 1.119 ns ( 20.21 % )
        Info: Total interconnect delay = 4.419 ns ( 79.79 % )
Info: Quartus II Classic Timing Analyzer was successful. 0 errors, 2 warnings
    Info: Peak virtual memory: 201 megabytes
    Info: Processing ended: Mon May 04 20:09:00 2026
    Info: Elapsed time: 00:00:01
    Info: Total CPU time (on all processors): 00:00:00


